[06/Aug/2026:02:34:47 +0000] 0:0:0:0:0:0:0:1 1xx8umip2hbnt1ifmk4htlnnv30.rn0 "GET /console/ HTTP/1.1" 302 - "-" "Mozilla/5.0 (Windows NT 10.0; Win64; x64; rv:153.0) Gecko/20100101 Firefox/153.0"
[06/Aug/2026:02:34:48 +0000] 0:0:0:0:0:0:0:1 1xx8umip2hbnt1ifmk4htlnnv30.rn0 "GET /console/auth/login?referrer=/ HTTP/1.1" 200 3023 "-" "Mozilla/5.0 (Windows NT 10.0; Win64; x64; rv:153.0) Gecko/20100101 Firefox/153.0"
[06/Aug/2026:02:34:48 +0000] 0:0:0:0:0:0:0:1 1xx8umip2hbnt1ifmk4htlnnv30.rn0 "GET /console/assets/css/console.css HTTP/1.1" 200 1059 "http://localhost:8082/console/auth/login?referrer=/" "Mozilla/5.0 (Windows NT 10.0; Win64; x64; rv:153.0) Gecko/20100101 Firefox/153.0"
[06/Aug/2026:02:34:57 +0000] 0:0:0:0:0:0:0:1 1xx8umip2hbnt1ifmk4htlnnv30.rn0 "POST /console/auth/login HTTP/1.1" 200 106 "http://localhost:8082/console/auth/login?referrer=/" "Mozilla/5.0 (Windows NT 10.0; Win64; x64; rv:153.0) Gecko/20100101 Firefox/153.0"
[06/Aug/2026:02:34:58 +0000] 0:0:0:0:0:0:0:1 1xx8umip2hbnt1ifmk4htlnnv30.rn0 "POST /console/auth/login HTTP/1.1" 200 106 "http://localhost:8082/console/auth/login?referrer=/" "Mozilla/5.0 (Windows NT 10.0; Win64; x64; rv:153.0) Gecko/20100101 Firefox/153.0"
[06/Aug/2026:02:35:04 +0000] 0:0:0:0:0:0:0:1 1xx8umip2hbnt1ifmk4htlnnv30.rn0 "POST /console/auth/login HTTP/1.1" 200 106 "http://localhost:8082/console/auth/login?referrer=/" "Mozilla/5.0 (Windows NT 10.0; Win64; x64; rv:153.0) Gecko/20100101 Firefox/153.0"
[06/Aug/2026:02:35:13 +0000] 0:0:0:0:0:0:0:1 1xx8umip2hbnt1ifmk4htlnnv30.rn0 "POST /console/auth/login HTTP/1.1" 200 106 "http://localhost:8082/console/auth/login?referrer=/" "Mozilla/5.0 (Windows NT 10.0; Win64; x64; rv:153.0) Gecko/20100101 Firefox/153.0"
[06/Aug/2026:02:35:20 +0000] 0:0:0:0:0:0:0:1 1xx8umip2hbnt1ifmk4htlnnv30.rn0 "POST /console/auth/login HTTP/1.1" 200 138 "http://localhost:8082/console/auth/login?referrer=/" "Mozilla/5.0 (Windows NT 10.0; Win64; x64; rv:153.0) Gecko/20100101 Firefox/153.0"
[06/Aug/2026:02:39:01 +0000] 0:0:0:0:0:0:0:1 1xx8umip2hbnt1ifmk4htlnnv30.rn0 "POST /console/auth/login HTTP/1.1" 200 125 "http://localhost:8082/console/auth/login?referrer=/" "Mozilla/5.0 (Windows NT 10.0; Win64; x64; rv:153.0) Gecko/20100101 Firefox/153.0"
[06/Aug/2026:02:39:02 +0000] 0:0:0:0:0:0:0:1 1xx8umip2hbnt1ifmk4htlnnv30.rn0 "POST /console/auth/login HTTP/1.1" 200 106 "http://localhost:8082/console/auth/login?referrer=/" "Mozilla/5.0 (Windows NT 10.0; Win64; x64; rv:153.0) Gecko/20100101 Firefox/153.0"
[06/Aug/2026:02:39:50 +0000] 0:0:0:0:0:0:0:1 1xx8umip2hbnt1ifmk4htlnnv30.rn0 "POST /console/auth/login HTTP/1.1" 200 106 "http://localhost:8082/console/auth/login?referrer=/" "Mozilla/5.0 (Windows NT 10.0; Win64; x64; rv:153.0) Gecko/20100101 Firefox/153.0"
[06/Aug/2026:02:40:11 +0000] 0:0:0:0:0:0:0:1 1xx8umip2hbnt1ifmk4htlnnv30.rn0 "POST /console/auth/login HTTP/1.1" 200 106 "http://localhost:8082/console/auth/login?referrer=/" "Mozilla/5.0 (Windows NT 10.0; Win64; x64; rv:153.0) Gecko/20100101 Firefox/153.0"
[06/Aug/2026:02:40:18 +0000] 0:0:0:0:0:0:0:1 1xx8umip2hbnt1ifmk4htlnnv30.rn0 "POST /console/auth/login HTTP/1.1" 200 138 "http://localhost:8082/console/auth/login?referrer=/" "Mozilla/5.0 (Windows NT 10.0; Win64; x64; rv:153.0) Gecko/20100101 Firefox/153.0"
[06/Aug/2026:02:41:22 +0000] 0:0:0:0:0:0:0:1 1xx8umip2hbnt1ifmk4htlnnv30.rn0 "GET /console/auth/login?referrer=/ HTTP/1.1" 200 3023 "-" "Mozilla/5.0 (Windows NT 10.0; Win64; x64; rv:153.0) Gecko/20100101 Firefox/153.0"
[06/Aug/2026:02:41:22 +0000] 0:0:0:0:0:0:0:1 1xx8umip2hbnt1ifmk4htlnnv30.rn0 "GET /console/assets/css/console.css HTTP/1.1" 304 - "http://localhost:8082/console/auth/login?referrer=/" "Mozilla/5.0 (Windows NT 10.0; Win64; x64; rv:153.0) Gecko/20100101 Firefox/153.0"
[06/Aug/2026:02:41:29 +0000] 0:0:0:0:0:0:0:1 1xx8umip2hbnt1ifmk4htlnnv30.rn0 "POST /console/auth/login HTTP/1.1" 200 125 "http://localhost:8082/console/auth/login?referrer=/" "Mozilla/5.0 (Windows NT 10.0; Win64; x64; rv:153.0) Gecko/20100101 Firefox/153.0"
[06/Aug/2026:02:41:47 +0000] 0:0:0:0:0:0:0:1 1xx8umip2hbnt1ifmk4htlnnv30.rn0 "POST /console/auth/login HTTP/1.1" 200 115 "http://localhost:8082/console/auth/login?referrer=/" "Mozilla/5.0 (Windows NT 10.0; Win64; x64; rv:153.0) Gecko/20100101 Firefox/153.0"
[06/Aug/2026:02:41:58 +0000] 0:0:0:0:0:0:0:1 1xx8umip2hbnt1ifmk4htlnnv30.rn0 "POST /console/auth/setup-password HTTP/1.1" 200 75 "http://localhost:8082/console/auth/login?referrer=/" "Mozilla/5.0 (Windows NT 10.0; Win64; x64; rv:153.0) Gecko/20100101 Firefox/153.0"
[06/Aug/2026:02:41:59 +0000] 0:0:0:0:0:0:0:1 1xx8umip2hbnt1ifmk4htlnnv30.rn0 "POST /console/auth/login HTTP/1.1" 200 53 "http://localhost:8082/console/auth/login?referrer=/" "Mozilla/5.0 (Windows NT 10.0; Win64; x64; rv:153.0) Gecko/20100101 Firefox/153.0"
[06/Aug/2026:02:41:59 +0000] 0:0:0:0:0:0:0:1 1xx8umip2hbnt1ifmk4htlnnv30.rn0 "GET /console/ HTTP/1.1" 200 5406 "http://localhost:8082/console/auth/login?referrer=/" "Mozilla/5.0 (Windows NT 10.0; Win64; x64; rv:153.0) Gecko/20100101 Firefox/153.0"
[06/Aug/2026:02:42:18 +0000] 0:0:0:0:0:0:0:1 1xx8umip2hbnt1ifmk4htlnnv30.rn0 "GET /console/appmon/dashboard/ HTTP/1.1" 200 5403 "http://localhost:8082/console/" "Mozilla/5.0 (Windows NT 10.0; Win64; x64; rv:153.0) Gecko/20100101 Firefox/153.0"
[06/Aug/2026:02:42:18 +0000] 0:0:0:0:0:0:0:1 1xx8umip2hbnt1ifmk4htlnnv30.rn0 "GET /console/assets/appmon/css/appmon.css HTTP/1.1" 200 3191 "http://localhost:8082/console/appmon/dashboard/" "Mozilla/5.0 (Windows NT 10.0; Win64; x64; rv:153.0) Gecko/20100101 Firefox/153.0"
[06/Aug/2026:02:42:18 +0000] 0:0:0:0:0:0:0:1 1xx8umip2hbnt1ifmk4htlnnv30.rn0 "GET /console/assets/appmon/css/appmon-dark.css HTTP/1.1" 200 1511 "http://localhost:8082/console/appmon/dashboard/" "Mozilla/5.0 (Windows NT 10.0; Win64; x64; rv:153.0) Gecko/20100101 Firefox/153.0"
[06/Aug/2026:02:42:18 +0000] 0:0:0:0:0:0:0:1 1xx8umip2hbnt1ifmk4htlnnv30.rn0 "GET /console/assets/appmon/js/traffic-painter.js HTTP/1.1" 200 2065 "http://localhost:8082/console/appmon/dashboard/" "Mozilla/5.0 (Windows NT 10.0; Win64; x64; rv:153.0) Gecko/20100101 Firefox/153.0"
[06/Aug/2026:02:42:18 +0000] 0:0:0:0:0:0:0:1 1xx8umip2hbnt1ifmk4htlnnv30.rn0 "GET /console/assets/appmon/js/dashboard-builder.js HTTP/1.1" 200 7850 "http://localhost:8082/console/appmon/dashboard/" "Mozilla/5.0 (Windows NT 10.0; Win64; x64; rv:153.0) Gecko/20100101 Firefox/153.0"
[06/Aug/2026:02:42:18 +0000] 0:0:0:0:0:0:0:1 1xx8umip2hbnt1ifmk4htlnnv30.rn0 "GET /console/assets/appmon/js/dashboard-chart.js HTTP/1.1" 200 2242 "http://localhost:8082/console/appmon/dashboard/" "Mozilla/5.0 (Windows NT 10.0; Win64; x64; rv:153.0) Gecko/20100101 Firefox/153.0"
[06/Aug/2026:02:42:18 +0000] 0:0:0:0:0:0:0:1 1xx8umip2hbnt1ifmk4htlnnv30.rn0 "GET /console/assets/appmon/js/dashboard-viewer.js HTTP/1.1" 200 5731 "http://localhost:8082/console/appmon/dashboard/" "Mozilla/5.0 (Windows NT 10.0; Win64; x64; rv:153.0) Gecko/20100101 Firefox/153.0"
[06/Aug/2026:02:42:18 +0000] 0:0:0:0:0:0:0:1 1xx8umip2hbnt1ifmk4htlnnv30.rn0 "GET /console/assets/appmon/js/base-client.js HTTP/1.1" 200 1673 "http://localhost:8082/console/appmon/dashboard/" "Mozilla/5.0 (Windows NT 10.0; Win64; x64; rv:153.0) Gecko/20100101 Firefox/153.0"
[06/Aug/2026:02:42:18 +0000] 0:0:0:0:0:0:0:1 1xx8umip2hbnt1ifmk4htlnnv30.rn0 "GET /console/assets/appmon/js/websocket-client.js HTTP/1.1" 200 2637 "http://localhost:8082/console/appmon/dashboard/" "Mozilla/5.0 (Windows NT 10.0; Win64; x64; rv:153.0) Gecko/20100101 Firefox/153.0"
[06/Aug/2026:02:42:18 +0000] 0:0:0:0:0:0:0:1 1xx8umip2hbnt1ifmk4htlnnv30.rn0 "GET /console/assets/appmon/js/polling-client.js HTTP/1.1" 200 2503 "http://localhost:8082/console/appmon/dashboard/" "Mozilla/5.0 (Windows NT 10.0; Win64; x64; rv:153.0) Gecko/20100101 Firefox/153.0"
[06/Aug/2026:02:42:18 +0000] 0:0:0:0:0:0:0:1 1xx8umip2hbnt1ifmk4htlnnv30.rn0 "GET /console/appmon/config/data?appsToSubscribe= HTTP/1.1" 200 483 "http://localhost:8082/console/appmon/dashboard/" "Mozilla/5.0 (Windows NT 10.0; Win64; x64; rv:153.0) Gecko/20100101 Firefox/153.0"
[06/Aug/2026:02:44:21 +0000] 0:0:0:0:0:0:0:1 1xx8umip2hbnt1ifmk4htlnnv30.rn0 "GET /console/appmon/dashboard/ HTTP/1.1" 200 5403 "http://localhost:8082/console/" "Mozilla/5.0 (Windows NT 10.0; Win64; x64; rv:153.0) Gecko/20100101 Firefox/153.0"
[06/Aug/2026:02:44:21 +0000] 0:0:0:0:0:0:0:1 1xx8umip2hbnt1ifmk4htlnnv30.rn0 "GET /console/assets/appmon/js/dashboard-builder.js HTTP/1.1" 304 - "http://localhost:8082/console/appmon/dashboard/" "Mozilla/5.0 (Windows NT 10.0; Win64; x64; rv:153.0) Gecko/20100101 Firefox/153.0"
[06/Aug/2026:02:44:21 +0000] 0:0:0:0:0:0:0:1 1xx8umip2hbnt1ifmk4htlnnv30.rn0 "GET /console/assets/appmon/js/dashboard-chart.js HTTP/1.1" 304 - "http://localhost:8082/console/appmon/dashboard/" "Mozilla/5.0 (Windows NT 10.0; Win64; x64; rv:153.0) Gecko/20100101 Firefox/153.0"
[06/Aug/2026:02:44:21 +0000] 0:0:0:0:0:0:0:1 1xx8umip2hbnt1ifmk4htlnnv30.rn0 "GET /console/assets/appmon/js/dashboard-viewer.js HTTP/1.1" 304 - "http://localhost:8082/console/appmon/dashboard/" "Mozilla/5.0 (Windows NT 10.0; Win64; x64; rv:153.0) Gecko/20100101 Firefox/153.0"
[06/Aug/2026:02:44:21 +0000] 0:0:0:0:0:0:0:1 1xx8umip2hbnt1ifmk4htlnnv30.rn0 "GET /console/assets/appmon/js/websocket-client.js HTTP/1.1" 304 - "http://localhost:8082/console/appmon/dashboard/" "Mozilla/5.0 (Windows NT 10.0; Win64; x64; rv:153.0) Gecko/20100101 Firefox/153.0"
[06/Aug/2026:02:44:21 +0000] 0:0:0:0:0:0:0:1 1xx8umip2hbnt1ifmk4htlnnv30.rn0 "GET /console/assets/appmon/js/base-client.js HTTP/1.1" 304 - "http://localhost:8082/console/appmon/dashboard/" "Mozilla/5.0 (Windows NT 10.0; Win64; x64; rv:153.0) Gecko/20100101 Firefox/153.0"
[06/Aug/2026:02:44:21 +0000] 0:0:0:0:0:0:0:1 1xx8umip2hbnt1ifmk4htlnnv30.rn0 "GET /console/assets/appmon/js/traffic-painter.js HTTP/1.1" 304 - "http://localhost:8082/console/appmon/dashboard/" "Mozilla/5.0 (Windows NT 10.0; Win64; x64; rv:153.0) Gecko/20100101 Firefox/153.0"
[06/Aug/2026:02:44:21 +0000] 0:0:0:0:0:0:0:1 1xx8umip2hbnt1ifmk4htlnnv30.rn0 "GET /console/assets/appmon/js/polling-client.js HTTP/1.1" 304 - "http://localhost:8082/console/appmon/dashboard/" "Mozilla/5.0 (Windows NT 10.0; Win64; x64; rv:153.0) Gecko/20100101 Firefox/153.0"
[06/Aug/2026:02:44:21 +0000] 0:0:0:0:0:0:0:1 1xx8umip2hbnt1ifmk4htlnnv30.rn0 "GET /console/assets/css/console.css HTTP/1.1" 304 - "http://localhost:8082/console/appmon/dashboard/" "Mozilla/5.0 (Windows NT 10.0; Win64; x64; rv:153.0) Gecko/20100101 Firefox/153.0"
[06/Aug/2026:02:44:21 +0000] 0:0:0:0:0:0:0:1 1xx8umip2hbnt1ifmk4htlnnv30.rn0 "GET /console/assets/appmon/css/appmon.css HTTP/1.1" 304 - "http://localhost:8082/console/appmon/dashboard/" "Mozilla/5.0 (Windows NT 10.0; Win64; x64; rv:153.0) Gecko/20100101 Firefox/153.0"
[06/Aug/2026:02:44:21 +0000] 0:0:0:0:0:0:0:1 1xx8umip2hbnt1ifmk4htlnnv30.rn0 "GET /console/assets/appmon/css/appmon-dark.css HTTP/1.1" 304 - "http://localhost:8082/console/appmon/dashboard/" "Mozilla/5.0 (Windows NT 10.0; Win64; x64; rv:153.0) Gecko/20100101 Firefox/153.0"
[06/Aug/2026:02:44:21 +0000] 0:0:0:0:0:0:0:1 1xx8umip2hbnt1ifmk4htlnnv30.rn0 "GET /console/appmon/config/data?appsToSubscribe= HTTP/1.1" 200 1201 "http://localhost:8082/console/appmon/dashboard/" "Mozilla/5.0 (Windows NT 10.0; Win64; x64; rv:153.0) Gecko/20100101 Firefox/153.0"
[06/Aug/2026:02:44:21 +0000] 0:0:0:0:0:0:0:1 1xx8umip2hbnt1ifmk4htlnnv30.rn0 "GET /console/nodes/localhost-console1/appmon/websocket/A9NyB7KNuaDN9h93NIptkG9_WAupdacudAxrJzpjIsLwM1WJqwTQvtOIGNjCR_lhxpVjTvMhIAA HTTP/1.1" 101 - "-" "Mozilla/5.0 (Windows NT 10.0; Win64; x64; rv:153.0) Gecko/20100101 Firefox/153.0"
[06/Aug/2026:02:45:18 +0000] 0:0:0:0:0:0:0:1 1xx8umip2hbnt1ifmk4htlnnv30.rn0 "GET /console/nodes/localhost-console1/appmon/websocket/A9NyB7KNuaDN9h93NIptkG9_WAupdacudAxrJzpjIsLwM1WJqwTQvtOIGNjCR_lhxpVjTvMhIAA HTTP/1.1" 404 73 "-" "Mozilla/5.0 (Windows NT 10.0; Win64; x64; rv:153.0) Gecko/20100101 Firefox/153.0"
[06/Aug/2026:02:45:32 +0000] 0:0:0:0:0:0:0:1 1xx8umip2hbnt1ifmk4htlnnv30.rn0 "GET /console/nodes/localhost-console1/appmon/websocket/A9NyB7KNuaDN9h93NIptkG9_WAupdacudAxrJzpjIsLwM1WJqwTQvtOIGNjCR_lhxpVjTvMhIAA HTTP/1.1" 101 - "-" "Mozilla/5.0 (Windows NT 10.0; Win64; x64; rv:153.0) Gecko/20100101 Firefox/153.0"
[06/Aug/2026:02:45:34 +0000] 0:0:0:0:0:0:0:1 1xx8umip2hbnt1ifmk4htlnnv30.rn0 "GET /console/appmon/config/data?appsToSubscribe= HTTP/1.1" 200 1423 "http://localhost:8082/console/appmon/dashboard/" "Mozilla/5.0 (Windows NT 10.0; Win64; x64; rv:153.0) Gecko/20100101 Firefox/153.0"
[06/Aug/2026:02:45:34 +0000] 0:0:0:0:0:0:0:1 1xx8umip2hbnt1ifmk4htlnnv30.rn0 "GET /console/nodes/localhost/appmon/websocket/Gp_P_bFGGVAT6URBRcrYgDtE1TwNW_d7wpBSktNQ7rqMXNfyqxbzu9ucbJ_V6-Dd7FC6kMydFRY HTTP/1.1" 101 - "-" "Mozilla/5.0 (Windows NT 10.0; Win64; x64; rv:153.0) Gecko/20100101 Firefox/153.0"
[06/Aug/2026:02:45:40 +0000] 0:0:0:0:0:0:0:1 1xx8umip2hbnt1ifmk4htlnnv30.rn0 "GET /console/appmon/dashboard/ HTTP/1.1" 200 5403 "http://localhost:8082/console/" "Mozilla/5.0 (Windows NT 10.0; Win64; x64; rv:153.0) Gecko/20100101 Firefox/153.0"
[06/Aug/2026:02:45:40 +0000] 0:0:0:0:0:0:0:1 1xx8umip2hbnt1ifmk4htlnnv30.rn0 "GET /console/appmon/config/data?appsToSubscribe= HTTP/1.1" 200 1421 "http://localhost:8082/console/appmon/dashboard/" "Mozilla/5.0 (Windows NT 10.0; Win64; x64; rv:153.0) Gecko/20100101 Firefox/153.0"
[06/Aug/2026:02:45:40 +0000] 0:0:0:0:0:0:0:1 1xx8umip2hbnt1ifmk4htlnnv30.rn0 "GET /console/nodes/localhost/appmon/websocket/b2vAeFevHRf_Dl5uDX2d6fGDIwqe-DXrgLoY0WwJORmLnwpmqCAcxQC8IDHjSLQc0zKx2Qnn6dw HTTP/1.1" 101 - "-" "Mozilla/5.0 (Windows NT 10.0; Win64; x64; rv:153.0) Gecko/20100101 Firefox/153.0"
[06/Aug/2026:02:46:02 +0000] 0:0:0:0:0:0:0:1 1xx8umip2hbnt1ifmk4htlnnv30.rn0 "GET /console/cluster/scheduler/ HTTP/1.1" 200 17659 "http://localhost:8082/console/appmon/dashboard/" "Mozilla/5.0 (Windows NT 10.0; Win64; x64; rv:153.0) Gecko/20100101 Firefox/153.0"
[06/Aug/2026:02:46:02 +0000] 0:0:0:0:0:0:0:1 1xx8umip2hbnt1ifmk4htlnnv30.rn0 "GET /console/assets/css/console.css HTTP/1.1" 304 - "http://localhost:8082/console/cluster/scheduler/" "Mozilla/5.0 (Windows NT 10.0; Win64; x64; rv:153.0) Gecko/20100101 Firefox/153.0"
[06/Aug/2026:02:46:02 +0000] 0:0:0:0:0:0:0:1 1xx8umip2hbnt1ifmk4htlnnv30.rn0 "GET /console/assets/js/console-client.js HTTP/1.1" 200 3652 "http://localhost:8082/console/cluster/scheduler/" "Mozilla/5.0 (Windows NT 10.0; Win64; x64; rv:153.0) Gecko/20100101 Firefox/153.0"
[06/Aug/2026:02:46:02 +0000] 0:0:0:0:0:0:0:1 1xx8umip2hbnt1ifmk4htlnnv30.rn0 "GET /console/cluster/token HTTP/1.1" 200 126 "http://localhost:8082/console/cluster/scheduler/" "Mozilla/5.0 (Windows NT 10.0; Win64; x64; rv:153.0) Gecko/20100101 Firefox/153.0"
[06/Aug/2026:02:46:02 +0000] 0:0:0:0:0:0:0:1 1xx8umip2hbnt1ifmk4htlnnv30.rn0 "GET /console/cluster/token HTTP/1.1" 200 126 "http://localhost:8082/console/cluster/scheduler/" "Mozilla/5.0 (Windows NT 10.0; Win64; x64; rv:153.0) Gecko/20100101 Firefox/153.0"
[06/Aug/2026:02:46:02 +0000] 0:0:0:0:0:0:0:1 1xx8umip2hbnt1ifmk4htlnnv30.rn0 "GET /console/nodes/localhost-console1/scheduler/websocket/eLLqm6n62ieKyZ8d2rtIqYq_KYKIfwkAKOrSEp2GyK4Qg9Ilo72rrOLsq9sT5N2z4_FSEXX7czk HTTP/1.1" 101 - "-" "Mozilla/5.0 (Windows NT 10.0; Win64; x64; rv:153.0) Gecko/20100101 Firefox/153.0"
[06/Aug/2026:02:46:03 +0000] 0:0:0:0:0:0:0:1 1xx8umip2hbnt1ifmk4htlnnv30.rn0 "GET /console/appmon/dashboard/ HTTP/1.1" 200 5403 "http://localhost:8082/console/cluster/scheduler/" "Mozilla/5.0 (Windows NT 10.0; Win64; x64; rv:153.0) Gecko/20100101 Firefox/153.0"
[06/Aug/2026:02:46:03 +0000] 0:0:0:0:0:0:0:1 1xx8umip2hbnt1ifmk4htlnnv30.rn0 "GET /console/assets/appmon/js/dashboard-builder.js HTTP/1.1" 304 - "http://localhost:8082/console/appmon/dashboard/" "Mozilla/5.0 (Windows NT 10.0; Win64; x64; rv:153.0) Gecko/20100101 Firefox/153.0"
[06/Aug/2026:02:46:03 +0000] 0:0:0:0:0:0:0:1 1xx8umip2hbnt1ifmk4htlnnv30.rn0 "GET /console/assets/appmon/js/dashboard-viewer.js HTTP/1.1" 304 - "http://localhost:8082/console/appmon/dashboard/" "Mozilla/5.0 (Windows NT 10.0; Win64; x64; rv:153.0) Gecko/20100101 Firefox/153.0"
[06/Aug/2026:02:46:03 +0000] 0:0:0:0:0:0:0:1 1xx8umip2hbnt1ifmk4htlnnv30.rn0 "GET /console/assets/appmon/js/traffic-painter.js HTTP/1.1" 304 - "http://localhost:8082/console/appmon/dashboard/" "Mozilla/5.0 (Windows NT 10.0; Win64; x64; rv:153.0) Gecko/20100101 Firefox/153.0"
[06/Aug/2026:02:46:03 +0000] 0:0:0:0:0:0:0:1 1xx8umip2hbnt1ifmk4htlnnv30.rn0 "GET /console/assets/appmon/js/dashboard-chart.js HTTP/1.1" 304 - "http://localhost:8082/console/appmon/dashboard/" "Mozilla/5.0 (Windows NT 10.0; Win64; x64; rv:153.0) Gecko/20100101 Firefox/153.0"
[06/Aug/2026:02:46:03 +0000] 0:0:0:0:0:0:0:1 1xx8umip2hbnt1ifmk4htlnnv30.rn0 "GET /console/assets/appmon/js/base-client.js HTTP/1.1" 304 - "http://localhost:8082/console/appmon/dashboard/" "Mozilla/5.0 (Windows NT 10.0; Win64; x64; rv:153.0) Gecko/20100101 Firefox/153.0"
[06/Aug/2026:02:46:03 +0000] 0:0:0:0:0:0:0:1 1xx8umip2hbnt1ifmk4htlnnv30.rn0 "GET /console/assets/appmon/js/websocket-client.js HTTP/1.1" 304 - "http://localhost:8082/console/appmon/dashboard/" "Mozilla/5.0 (Windows NT 10.0; Win64; x64; rv:153.0) Gecko/20100101 Firefox/153.0"
[06/Aug/2026:02:46:03 +0000] 0:0:0:0:0:0:0:1 1xx8umip2hbnt1ifmk4htlnnv30.rn0 "GET /console/assets/appmon/css/appmon.css HTTP/1.1" 304 - "http://localhost:8082/console/appmon/dashboard/" "Mozilla/5.0 (Windows NT 10.0; Win64; x64; rv:153.0) Gecko/20100101 Firefox/153.0"
[06/Aug/2026:02:46:03 +0000] 0:0:0:0:0:0:0:1 1xx8umip2hbnt1ifmk4htlnnv30.rn0 "GET /console/assets/appmon/js/polling-client.js HTTP/1.1" 304 - "http://localhost:8082/console/appmon/dashboard/" "Mozilla/5.0 (Windows NT 10.0; Win64; x64; rv:153.0) Gecko/20100101 Firefox/153.0"
[06/Aug/2026:02:46:03 +0000] 0:0:0:0:0:0:0:1 1xx8umip2hbnt1ifmk4htlnnv30.rn0 "GET /console/assets/appmon/css/appmon-dark.css HTTP/1.1" 304 - "http://localhost:8082/console/appmon/dashboard/" "Mozilla/5.0 (Windows NT 10.0; Win64; x64; rv:153.0) Gecko/20100101 Firefox/153.0"
[06/Aug/2026:02:46:03 +0000] 0:0:0:0:0:0:0:1 1xx8umip2hbnt1ifmk4htlnnv30.rn0 "GET /console/appmon/config/data?appsToSubscribe= HTTP/1.1" 200 1419 "http://localhost:8082/console/appmon/dashboard/" "Mozilla/5.0 (Windows NT 10.0; Win64; x64; rv:153.0) Gecko/20100101 Firefox/153.0"
[06/Aug/2026:02:46:03 +0000] 0:0:0:0:0:0:0:1 1xx8umip2hbnt1ifmk4htlnnv30.rn0 "GET /console/nodes/localhost/appmon/websocket/T6HNWnRQ-uSZGZSxYPY00SAQbUQCt6sGahQzvtbY4Iwdqj1Sd4oUdFXaMRvIl2NMxwZz5KyQiOU HTTP/1.1" 101 - "-" "Mozilla/5.0 (Windows NT 10.0; Win64; x64; rv:153.0) Gecko/20100101 Firefox/153.0"
[06/Aug/2026:02:46:20 +0000] 0:0:0:0:0:0:0:1 1xx8umip2hbnt1ifmk4htlnnv30.rn0 "GET /console/appmon/dashboard/ HTTP/1.1" 200 26590 "-" "Mozilla/5.0 (Windows NT 10.0; Win64; x64; rv:153.0) Gecko/20100101 Firefox/153.0"
[06/Aug/2026:02:48:04 +0000] 0:0:0:0:0:0:0:1 1xx8umip2hbnt1ifmk4htlnnv30.rn0 "GET /console/appmon/dashboard/ HTTP/1.1" 200 5403 "http://localhost:8082/console/cluster/scheduler/" "Mozilla/5.0 (Windows NT 10.0; Win64; x64; rv:153.0) Gecko/20100101 Firefox/153.0"
[06/Aug/2026:02:48:04 +0000] 0:0:0:0:0:0:0:1 1xx8umip2hbnt1ifmk4htlnnv30.rn0 "GET /console/assets/css/console.css HTTP/1.1" 200 1059 "http://localhost:8082/console/appmon/dashboard/" "Mozilla/5.0 (Windows NT 10.0; Win64; x64; rv:153.0) Gecko/20100101 Firefox/153.0"
[06/Aug/2026:02:48:04 +0000] 0:0:0:0:0:0:0:1 1xx8umip2hbnt1ifmk4htlnnv30.rn0 "GET /console/assets/appmon/css/appmon.css HTTP/1.1" 200 3191 "http://localhost:8082/console/appmon/dashboard/" "Mozilla/5.0 (Windows NT 10.0; Win64; x64; rv:153.0) Gecko/20100101 Firefox/153.0"
[06/Aug/2026:02:48:04 +0000] 0:0:0:0:0:0:0:1 1xx8umip2hbnt1ifmk4htlnnv30.rn0 "GET /console/assets/appmon/css/appmon-dark.css HTTP/1.1" 200 1511 "http://localhost:8082/console/appmon/dashboard/" "Mozilla/5.0 (Windows NT 10.0; Win64; x64; rv:153.0) Gecko/20100101 Firefox/153.0"
[06/Aug/2026:02:48:04 +0000] 0:0:0:0:0:0:0:1 1xx8umip2hbnt1ifmk4htlnnv30.rn0 "GET /console/assets/appmon/js/dashboard-viewer.js HTTP/1.1" 200 5731 "http://localhost:8082/console/appmon/dashboard/" "Mozilla/5.0 (Windows NT 10.0; Win64; x64; rv:153.0) Gecko/20100101 Firefox/153.0"
[06/Aug/2026:02:48:04 +0000] 0:0:0:0:0:0:0:1 1xx8umip2hbnt1ifmk4htlnnv30.rn0 "GET /console/assets/appmon/js/traffic-painter.js HTTP/1.1" 200 2065 "http://localhost:8082/console/appmon/dashboard/" "Mozilla/5.0 (Windows NT 10.0; Win64; x64; rv:153.0) Gecko/20100101 Firefox/153.0"
[06/Aug/2026:02:48:04 +0000] 0:0:0:0:0:0:0:1 1xx8umip2hbnt1ifmk4htlnnv30.rn0 "GET /console/assets/appmon/js/dashboard-builder.js HTTP/1.1" 200 7850 "http://localhost:8082/console/appmon/dashboard/" "Mozilla/5.0 (Windows NT 10.0; Win64; x64; rv:153.0) Gecko/20100101 Firefox/153.0"
[06/Aug/2026:02:48:04 +0000] 0:0:0:0:0:0:0:1 1xx8umip2hbnt1ifmk4htlnnv30.rn0 "GET /console/assets/appmon/js/base-client.js HTTP/1.1" 200 1673 "http://localhost:8082/console/appmon/dashboard/" "Mozilla/5.0 (Windows NT 10.0; Win64; x64; rv:153.0) Gecko/20100101 Firefox/153.0"
[06/Aug/2026:02:48:04 +0000] 0:0:0:0:0:0:0:1 1xx8umip2hbnt1ifmk4htlnnv30.rn0 "GET /console/assets/appmon/js/dashboard-chart.js HTTP/1.1" 200 2242 "http://localhost:8082/console/appmon/dashboard/" "Mozilla/5.0 (Windows NT 10.0; Win64; x64; rv:153.0) Gecko/20100101 Firefox/153.0"
[06/Aug/2026:02:48:04 +0000] 0:0:0:0:0:0:0:1 1xx8umip2hbnt1ifmk4htlnnv30.rn0 "GET /console/assets/appmon/js/polling-client.js HTTP/1.1" 200 2503 "http://localhost:8082/console/appmon/dashboard/" "Mozilla/5.0 (Windows NT 10.0; Win64; x64; rv:153.0) Gecko/20100101 Firefox/153.0"
[06/Aug/2026:02:48:04 +0000] 0:0:0:0:0:0:0:1 1xx8umip2hbnt1ifmk4htlnnv30.rn0 "GET /console/assets/appmon/js/websocket-client.js HTTP/1.1" 200 2637 "http://localhost:8082/console/appmon/dashboard/" "Mozilla/5.0 (Windows NT 10.0; Win64; x64; rv:153.0) Gecko/20100101 Firefox/153.0"
[06/Aug/2026:02:48:07 +0000] 0:0:0:0:0:0:0:1 1xx8umip2hbnt1ifmk4htlnnv30.rn0 "GET /console/appmon/config/data?appsToSubscribe= HTTP/1.1" 200 1421 "http://localhost:8082/console/appmon/dashboard/" "Mozilla/5.0 (Windows NT 10.0; Win64; x64; rv:153.0) Gecko/20100101 Firefox/153.0"
[06/Aug/2026:02:48:07 +0000] 0:0:0:0:0:0:0:1 1xx8umip2hbnt1ifmk4htlnnv30.rn0 "GET /console/nodes/localhost/appmon/websocket/URS8lWTiFfJPCLwDLmfLnXcWHCCI7bFIwyYGnXz6S74X_1IuZYz_Q05VivnAkuDM_VutNlFZsLs HTTP/1.1" 101 - "-" "Mozilla/5.0 (Windows NT 10.0; Win64; x64; rv:153.0) Gecko/20100101 Firefox/153.0"
[06/Aug/2026:02:48:48 +0000] 0:0:0:0:0:0:0:1 1xx8umip2hbnt1ifmk4htlnnv30.rn0 "GET /console/nodes/localhost/appmon/websocket/URS8lWTiFfJPCLwDLmfLnXcWHCCI7bFIwyYGnXz6S74X_1IuZYz_Q05VivnAkuDM_VutNlFZsLs HTTP/1.1" 404 73 "-" "Mozilla/5.0 (Windows NT 10.0; Win64; x64; rv:153.0) Gecko/20100101 Firefox/153.0"
[06/Aug/2026:02:49:00 +0000] 0:0:0:0:0:0:0:1 1xx8umip2hbnt1ifmk4htlnnv30.rn0 "GET /console/nodes/localhost/appmon/websocket/URS8lWTiFfJPCLwDLmfLnXcWHCCI7bFIwyYGnXz6S74X_1IuZYz_Q05VivnAkuDM_VutNlFZsLs HTTP/1.1" 101 - "-" "Mozilla/5.0 (Windows NT 10.0; Win64; x64; rv:153.0) Gecko/20100101 Firefox/153.0"
[06/Aug/2026:02:49:00 +0000] 0:0:0:0:0:0:0:1 1xx8umip2hbnt1ifmk4htlnnv30.rn0 "GET /console/appmon/dashboard/ HTTP/1.1" 200 5403 "http://localhost:8082/console/cluster/scheduler/" "Mozilla/5.0 (Windows NT 10.0; Win64; x64; rv:153.0) Gecko/20100101 Firefox/153.0"
[06/Aug/2026:02:49:01 +0000] 0:0:0:0:0:0:0:1 1xx8umip2hbnt1ifmk4htlnnv30.rn0 "GET /console/assets/appmon/css/appmon.css HTTP/1.1" 200 3191 "http://localhost:8082/console/appmon/dashboard/" "Mozilla/5.0 (Windows NT 10.0; Win64; x64; rv:153.0) Gecko/20100101 Firefox/153.0"
[06/Aug/2026:02:49:01 +0000] 0:0:0:0:0:0:0:1 1xx8umip2hbnt1ifmk4htlnnv30.rn0 "GET /console/assets/css/console.css HTTP/1.1" 200 1059 "http://localhost:8082/console/appmon/dashboard/" "Mozilla/5.0 (Windows NT 10.0; Win64; x64; rv:153.0) Gecko/20100101 Firefox/153.0"
[06/Aug/2026:02:49:01 +0000] 0:0:0:0:0:0:0:1 1xx8umip2hbnt1ifmk4htlnnv30.rn0 "GET /console/assets/appmon/js/base-client.js HTTP/1.1" 200 1673 "http://localhost:8082/console/appmon/dashboard/" "Mozilla/5.0 (Windows NT 10.0; Win64; x64; rv:153.0) Gecko/20100101 Firefox/153.0"
[06/Aug/2026:02:49:01 +0000] 0:0:0:0:0:0:0:1 1xx8umip2hbnt1ifmk4htlnnv30.rn0 "GET /console/assets/appmon/css/appmon-dark.css HTTP/1.1" 200 1511 "http://localhost:8082/console/appmon/dashboard/" "Mozilla/5.0 (Windows NT 10.0; Win64; x64; rv:153.0) Gecko/20100101 Firefox/153.0"
[06/Aug/2026:02:49:01 +0000] 0:0:0:0:0:0:0:1 1xx8umip2hbnt1ifmk4htlnnv30.rn0 "GET /console/assets/appmon/js/traffic-painter.js HTTP/1.1" 200 2065 "http://localhost:8082/console/appmon/dashboard/" "Mozilla/5.0 (Windows NT 10.0; Win64; x64; rv:153.0) Gecko/20100101 Firefox/153.0"
[06/Aug/2026:02:49:01 +0000] 0:0:0:0:0:0:0:1 1xx8umip2hbnt1ifmk4htlnnv30.rn0 "GET /console/assets/appmon/js/dashboard-builder.js HTTP/1.1" 200 7850 "http://localhost:8082/console/appmon/dashboard/" "Mozilla/5.0 (Windows NT 10.0; Win64; x64; rv:153.0) Gecko/20100101 Firefox/153.0"
[06/Aug/2026:02:49:01 +0000] 0:0:0:0:0:0:0:1 1xx8umip2hbnt1ifmk4htlnnv30.rn0 "GET /console/assets/appmon/js/dashboard-chart.js HTTP/1.1" 200 2242 "http://localhost:8082/console/appmon/dashboard/" "Mozilla/5.0 (Windows NT 10.0; Win64; x64; rv:153.0) Gecko/20100101 Firefox/153.0"
[06/Aug/2026:02:49:01 +0000] 0:0:0:0:0:0:0:1 1xx8umip2hbnt1ifmk4htlnnv30.rn0 "GET /console/assets/appmon/js/dashboard-viewer.js HTTP/1.1" 200 5731 "http://localhost:8082/console/appmon/dashboard/" "Mozilla/5.0 (Windows NT 10.0; Win64; x64; rv:153.0) Gecko/20100101 Firefox/153.0"
[06/Aug/2026:02:49:01 +0000] 0:0:0:0:0:0:0:1 1xx8umip2hbnt1ifmk4htlnnv30.rn0 "GET /console/assets/appmon/js/websocket-client.js HTTP/1.1" 200 2637 "http://localhost:8082/console/appmon/dashboard/" "Mozilla/5.0 (Windows NT 10.0; Win64; x64; rv:153.0) Gecko/20100101 Firefox/153.0"
[06/Aug/2026:02:49:01 +0000] 0:0:0:0:0:0:0:1 1xx8umip2hbnt1ifmk4htlnnv30.rn0 "GET /console/assets/appmon/js/polling-client.js HTTP/1.1" 200 2503 "http://localhost:8082/console/appmon/dashboard/" "Mozilla/5.0 (Windows NT 10.0; Win64; x64; rv:153.0) Gecko/20100101 Firefox/153.0"
[06/Aug/2026:02:49:01 +0000] 0:0:0:0:0:0:0:1 1xx8umip2hbnt1ifmk4htlnnv30.rn0 "GET /console/appmon/config/data?appsToSubscribe= HTTP/1.1" 200 1342 "http://localhost:8082/console/appmon/dashboard/" "Mozilla/5.0 (Windows NT 10.0; Win64; x64; rv:153.0) Gecko/20100101 Firefox/153.0"
[06/Aug/2026:02:49:01 +0000] 0:0:0:0:0:0:0:1 1xx8umip2hbnt1ifmk4htlnnv30.rn0 "GET /console/nodes/localhost/appmon/websocket/jzA5OCzOvaQBX0UO6ph63hgAJ5bkNWRwAZRyPMskQLReasw4Kw1sueC61bw7Y85fdP_PgKfgJQ0 HTTP/1.1" 101 - "-" "Mozilla/5.0 (Windows NT 10.0; Win64; x64; rv:153.0) Gecko/20100101 Firefox/153.0"
[06/Aug/2026:02:50:11 +0000] 0:0:0:0:0:0:0:1 1xx8umip2hbnt1ifmk4htlnnv30.rn0 "GET /console/nodes/localhost/appmon/websocket/Uen6uchlctqYTZeAOjYkMfXPzkJkKgVkZoQmJXcZXecNTqtu2IOp-mFyvWsf25NOoH0FZfnywOg HTTP/1.1" 101 - "-" "Mozilla/5.0 (Windows NT 10.0; Win64; x64; rv:153.0) Gecko/20100101 Firefox/153.0"
[06/Aug/2026:02:50:11 +0000] 0:0:0:0:0:0:0:1 1xx8umip2hbnt1ifmk4htlnnv30.rn0 "GET /console/appmon/config/data?appsToSubscribe= HTTP/1.1" 200 1351 "http://localhost:8082/console/appmon/dashboard/" "Mozilla/5.0 (Windows NT 10.0; Win64; x64; rv:153.0) Gecko/20100101 Firefox/153.0"
[06/Aug/2026:02:50:11 +0000] 0:0:0:0:0:0:0:1 1xx8umip2hbnt1ifmk4htlnnv30.rn0 "GET /console/nodes/localhost/appmon/websocket/RwqtVbFzKbOUHPzQxR0AXSgS3sXNB1Ar1tso45jXwfJv4pFwGK0SxsZO0FlpU_3BAap9yBcIVzU HTTP/1.1" 101 - "-" "Mozilla/5.0 (Windows NT 10.0; Win64; x64; rv:153.0) Gecko/20100101 Firefox/153.0"
[06/Aug/2026:02:53:33 +0000] 0:0:0:0:0:0:0:1 1xx8umip2hbnt1ifmk4htlnnv30.rn0 "GET /console/appmon/dashboard/ HTTP/1.1" 200 5403 "http://localhost:8082/console/cluster/scheduler/" "Mozilla/5.0 (Windows NT 10.0; Win64; x64; rv:153.0) Gecko/20100101 Firefox/153.0"
[06/Aug/2026:02:53:33 +0000] 0:0:0:0:0:0:0:1 1xx8umip2hbnt1ifmk4htlnnv30.rn0 "GET /console/assets/css/console.css HTTP/1.1" 200 1059 "http://localhost:8082/console/appmon/dashboard/" "Mozilla/5.0 (Windows NT 10.0; Win64; x64; rv:153.0) Gecko/20100101 Firefox/153.0"
[06/Aug/2026:02:53:33 +0000] 0:0:0:0:0:0:0:1 1xx8umip2hbnt1ifmk4htlnnv30.rn0 "GET /console/assets/appmon/css/appmon.css HTTP/1.1" 200 3191 "http://localhost:8082/console/appmon/dashboard/" "Mozilla/5.0 (Windows NT 10.0; Win64; x64; rv:153.0) Gecko/20100101 Firefox/153.0"
[06/Aug/2026:02:53:33 +0000] 0:0:0:0:0:0:0:1 1xx8umip2hbnt1ifmk4htlnnv30.rn0 "GET /console/assets/appmon/css/appmon-dark.css HTTP/1.1" 200 1511 "http://localhost:8082/console/appmon/dashboard/" "Mozilla/5.0 (Windows NT 10.0; Win64; x64; rv:153.0) Gecko/20100101 Firefox/153.0"
[06/Aug/2026:02:53:33 +0000] 0:0:0:0:0:0:0:1 1xx8umip2hbnt1ifmk4htlnnv30.rn0 "GET /console/assets/appmon/js/traffic-painter.js HTTP/1.1" 200 2065 "http://localhost:8082/console/appmon/dashboard/" "Mozilla/5.0 (Windows NT 10.0; Win64; x64; rv:153.0) Gecko/20100101 Firefox/153.0"
[06/Aug/2026:02:53:33 +0000] 0:0:0:0:0:0:0:1 1xx8umip2hbnt1ifmk4htlnnv30.rn0 "GET /console/assets/appmon/js/dashboard-builder.js HTTP/1.1" 200 7850 "http://localhost:8082/console/appmon/dashboard/" "Mozilla/5.0 (Windows NT 10.0; Win64; x64; rv:153.0) Gecko/20100101 Firefox/153.0"
[06/Aug/2026:02:53:33 +0000] 0:0:0:0:0:0:0:1 1xx8umip2hbnt1ifmk4htlnnv30.rn0 "GET /console/assets/appmon/js/dashboard-viewer.js HTTP/1.1" 200 5731 "http://localhost:8082/console/appmon/dashboard/" "Mozilla/5.0 (Windows NT 10.0; Win64; x64; rv:153.0) Gecko/20100101 Firefox/153.0"
[06/Aug/2026:02:53:33 +0000] 0:0:0:0:0:0:0:1 1xx8umip2hbnt1ifmk4htlnnv30.rn0 "GET /console/assets/appmon/js/base-client.js HTTP/1.1" 200 1673 "http://localhost:8082/console/appmon/dashboard/" "Mozilla/5.0 (Windows NT 10.0; Win64; x64; rv:153.0) Gecko/20100101 Firefox/153.0"
[06/Aug/2026:02:53:33 +0000] 0:0:0:0:0:0:0:1 1xx8umip2hbnt1ifmk4htlnnv30.rn0 "GET /console/assets/appmon/js/websocket-client.js HTTP/1.1" 200 2637 "http://localhost:8082/console/appmon/dashboard/" "Mozilla/5.0 (Windows NT 10.0; Win64; x64; rv:153.0) Gecko/20100101 Firefox/153.0"
[06/Aug/2026:02:53:33 +0000] 0:0:0:0:0:0:0:1 1xx8umip2hbnt1ifmk4htlnnv30.rn0 "GET /console/assets/appmon/js/polling-client.js HTTP/1.1" 200 2503 "http://localhost:8082/console/appmon/dashboard/" "Mozilla/5.0 (Windows NT 10.0; Win64; x64; rv:153.0) Gecko/20100101 Firefox/153.0"
[06/Aug/2026:02:53:33 +0000] 0:0:0:0:0:0:0:1 1xx8umip2hbnt1ifmk4htlnnv30.rn0 "GET /console/assets/appmon/js/dashboard-chart.js HTTP/1.1" 200 2242 "http://localhost:8082/console/appmon/dashboard/" "Mozilla/5.0 (Windows NT 10.0; Win64; x64; rv:153.0) Gecko/20100101 Firefox/153.0"
[06/Aug/2026:02:53:34 +0000] 0:0:0:0:0:0:0:1 1xx8umip2hbnt1ifmk4htlnnv30.rn0 "GET /console/appmon/config/data?appsToSubscribe= HTTP/1.1" 200 1347 "http://localhost:8082/console/appmon/dashboard/" "Mozilla/5.0 (Windows NT 10.0; Win64; x64; rv:153.0) Gecko/20100101 Firefox/153.0"
[06/Aug/2026:02:53:34 +0000] 0:0:0:0:0:0:0:1 1xx8umip2hbnt1ifmk4htlnnv30.rn0 "GET /console/nodes/localhost/appmon/websocket/lrBzaeqccITgIszuI7RaiZ3UWLEOZNovSjQ_CnenoX3I_gSspZM1HumQwtwfrv7l-nddSljMsaM HTTP/1.1" 101 - "-" "Mozilla/5.0 (Windows NT 10.0; Win64; x64; rv:153.0) Gecko/20100101 Firefox/153.0"
[06/Aug/2026:02:54:14 +0000] 0:0:0:0:0:0:0:1 1xx8umip2hbnt1ifmk4htlnnv30.rn0 "GET /console/nodes/localhost/appmon/websocket/lrBzaeqccITgIszuI7RaiZ3UWLEOZNovSjQ_CnenoX3I_gSspZM1HumQwtwfrv7l-nddSljMsaM HTTP/1.1" 404 73 "-" "Mozilla/5.0 (Windows NT 10.0; Win64; x64; rv:153.0) Gecko/20100101 Firefox/153.0"
[06/Aug/2026:02:54:16 +0000] 0:0:0:0:0:0:0:1 1xx8umip2hbnt1ifmk4htlnnv30.rn0 "GET /console/appmon/dashboard/ HTTP/1.1" 200 5403 "http://localhost:8082/console/cluster/scheduler/" "Mozilla/5.0 (Windows NT 10.0; Win64; x64; rv:153.0) Gecko/20100101 Firefox/153.0"
[06/Aug/2026:02:54:17 +0000] 0:0:0:0:0:0:0:1 1xx8umip2hbnt1ifmk4htlnnv30.rn0 "GET /console/assets/css/console.css HTTP/1.1" 200 1059 "http://localhost:8082/console/appmon/dashboard/" "Mozilla/5.0 (Windows NT 10.0; Win64; x64; rv:153.0) Gecko/20100101 Firefox/153.0"
[06/Aug/2026:02:54:17 +0000] 0:0:0:0:0:0:0:1 1xx8umip2hbnt1ifmk4htlnnv30.rn0 "GET /console/assets/appmon/css/appmon.css HTTP/1.1" 200 3191 "http://localhost:8082/console/appmon/dashboard/" "Mozilla/5.0 (Windows NT 10.0; Win64; x64; rv:153.0) Gecko/20100101 Firefox/153.0"
[06/Aug/2026:02:54:17 +0000] 0:0:0:0:0:0:0:1 1xx8umip2hbnt1ifmk4htlnnv30.rn0 "GET /console/assets/appmon/css/appmon-dark.css HTTP/1.1" 200 1511 "http://localhost:8082/console/appmon/dashboard/" "Mozilla/5.0 (Windows NT 10.0; Win64; x64; rv:153.0) Gecko/20100101 Firefox/153.0"
[06/Aug/2026:02:54:17 +0000] 0:0:0:0:0:0:0:1 1xx8umip2hbnt1ifmk4htlnnv30.rn0 "GET /console/assets/appmon/js/traffic-painter.js HTTP/1.1" 200 2065 "http://localhost:8082/console/appmon/dashboard/" "Mozilla/5.0 (Windows NT 10.0; Win64; x64; rv:153.0) Gecko/20100101 Firefox/153.0"
[06/Aug/2026:02:54:17 +0000] 0:0:0:0:0:0:0:1 1xx8umip2hbnt1ifmk4htlnnv30.rn0 "GET /console/assets/appmon/js/dashboard-viewer.js HTTP/1.1" 200 5731 "http://localhost:8082/console/appmon/dashboard/" "Mozilla/5.0 (Windows NT 10.0; Win64; x64; rv:153.0) Gecko/20100101 Firefox/153.0"
[06/Aug/2026:02:54:17 +0000] 0:0:0:0:0:0:0:1 1xx8umip2hbnt1ifmk4htlnnv30.rn0 "GET /console/assets/appmon/js/base-client.js HTTP/1.1" 200 1673 "http://localhost:8082/console/appmon/dashboard/" "Mozilla/5.0 (Windows NT 10.0; Win64; x64; rv:153.0) Gecko/20100101 Firefox/153.0"
[06/Aug/2026:02:54:17 +0000] 0:0:0:0:0:0:0:1 1xx8umip2hbnt1ifmk4htlnnv30.rn0 "GET /console/assets/appmon/js/dashboard-builder.js HTTP/1.1" 200 7850 "http://localhost:8082/console/appmon/dashboard/" "Mozilla/5.0 (Windows NT 10.0; Win64; x64; rv:153.0) Gecko/20100101 Firefox/153.0"
[06/Aug/2026:02:54:17 +0000] 0:0:0:0:0:0:0:1 1xx8umip2hbnt1ifmk4htlnnv30.rn0 "GET /console/assets/appmon/js/websocket-client.js HTTP/1.1" 200 2637 "http://localhost:8082/console/appmon/dashboard/" "Mozilla/5.0 (Windows NT 10.0; Win64; x64; rv:153.0) Gecko/20100101 Firefox/153.0"
[06/Aug/2026:02:54:17 +0000] 0:0:0:0:0:0:0:1 1xx8umip2hbnt1ifmk4htlnnv30.rn0 "GET /console/assets/appmon/js/dashboard-chart.js HTTP/1.1" 200 2242 "http://localhost:8082/console/appmon/dashboard/" "Mozilla/5.0 (Windows NT 10.0; Win64; x64; rv:153.0) Gecko/20100101 Firefox/153.0"
[06/Aug/2026:02:54:17 +0000] 0:0:0:0:0:0:0:1 1xx8umip2hbnt1ifmk4htlnnv30.rn0 "GET /console/assets/appmon/js/polling-client.js HTTP/1.1" 200 2503 "http://localhost:8082/console/appmon/dashboard/" "Mozilla/5.0 (Windows NT 10.0; Win64; x64; rv:153.0) Gecko/20100101 Firefox/153.0"
[06/Aug/2026:02:54:17 +0000] 0:0:0:0:0:0:0:1 1xx8umip2hbnt1ifmk4htlnnv30.rn0 "GET /console/appmon/config/data?appsToSubscribe= HTTP/1.1" 200 1296 "http://localhost:8082/console/appmon/dashboard/" "Mozilla/5.0 (Windows NT 10.0; Win64; x64; rv:153.0) Gecko/20100101 Firefox/153.0"
[06/Aug/2026:02:54:17 +0000] 0:0:0:0:0:0:0:1 1xx8umip2hbnt1ifmk4htlnnv30.rn0 "GET /console/nodes/localhost/appmon/websocket/aj4V8PcOW00ZbDGPGuNM0BAJiDy_Utzh9qHkul-JDci0dq4rf2NbegEUPD24ZGVlujla4SQnh48 HTTP/1.1" 101 - "-" "Mozilla/5.0 (Windows NT 10.0; Win64; x64; rv:153.0) Gecko/20100101 Firefox/153.0"
[06/Aug/2026:02:54:20 +0000] 0:0:0:0:0:0:0:1 1xx8umip2hbnt1ifmk4htlnnv30.rn0 "GET /console/appmon/dashboard/ HTTP/1.1" 200 5403 "http://localhost:8082/console/cluster/scheduler/" "Mozilla/5.0 (Windows NT 10.0; Win64; x64; rv:153.0) Gecko/20100101 Firefox/153.0"
[06/Aug/2026:02:54:20 +0000] 0:0:0:0:0:0:0:1 1xx8umip2hbnt1ifmk4htlnnv30.rn0 "GET /console/assets/css/console.css HTTP/1.1" 200 1059 "http://localhost:8082/console/appmon/dashboard/" "Mozilla/5.0 (Windows NT 10.0; Win64; x64; rv:153.0) Gecko/20100101 Firefox/153.0"
[06/Aug/2026:02:54:20 +0000] 0:0:0:0:0:0:0:1 1xx8umip2hbnt1ifmk4htlnnv30.rn0 "GET /console/assets/appmon/css/appmon-dark.css HTTP/1.1" 200 1511 "http://localhost:8082/console/appmon/dashboard/" "Mozilla/5.0 (Windows NT 10.0; Win64; x64; rv:153.0) Gecko/20100101 Firefox/153.0"
[06/Aug/2026:02:54:20 +0000] 0:0:0:0:0:0:0:1 1xx8umip2hbnt1ifmk4htlnnv30.rn0 "GET /console/assets/appmon/css/appmon.css HTTP/1.1" 200 3191 "http://localhost:8082/console/appmon/dashboard/" "Mozilla/5.0 (Windows NT 10.0; Win64; x64; rv:153.0) Gecko/20100101 Firefox/153.0"
[06/Aug/2026:02:54:20 +0000] 0:0:0:0:0:0:0:1 1xx8umip2hbnt1ifmk4htlnnv30.rn0 "GET /console/assets/appmon/js/dashboard-viewer.js HTTP/1.1" 200 5731 "http://localhost:8082/console/appmon/dashboard/" "Mozilla/5.0 (Windows NT 10.0; Win64; x64; rv:153.0) Gecko/20100101 Firefox/153.0"
[06/Aug/2026:02:54:20 +0000] 0:0:0:0:0:0:0:1 1xx8umip2hbnt1ifmk4htlnnv30.rn0 "GET /console/assets/appmon/js/dashboard-chart.js HTTP/1.1" 200 2242 "http://localhost:8082/console/appmon/dashboard/" "Mozilla/5.0 (Windows NT 10.0; Win64; x64; rv:153.0) Gecko/20100101 Firefox/153.0"
[06/Aug/2026:02:54:20 +0000] 0:0:0:0:0:0:0:1 1xx8umip2hbnt1ifmk4htlnnv30.rn0 "GET /console/assets/appmon/js/dashboard-builder.js HTTP/1.1" 200 7850 "http://localhost:8082/console/appmon/dashboard/" "Mozilla/5.0 (Windows NT 10.0; Win64; x64; rv:153.0) Gecko/20100101 Firefox/153.0"
[06/Aug/2026:02:54:20 +0000] 0:0:0:0:0:0:0:1 1xx8umip2hbnt1ifmk4htlnnv30.rn0 "GET /console/assets/appmon/js/traffic-painter.js HTTP/1.1" 200 2065 "http://localhost:8082/console/appmon/dashboard/" "Mozilla/5.0 (Windows NT 10.0; Win64; x64; rv:153.0) Gecko/20100101 Firefox/153.0"
[06/Aug/2026:02:54:20 +0000] 0:0:0:0:0:0:0:1 1xx8umip2hbnt1ifmk4htlnnv30.rn0 "GET /console/assets/appmon/js/base-client.js HTTP/1.1" 200 1673 "http://localhost:8082/console/appmon/dashboard/" "Mozilla/5.0 (Windows NT 10.0; Win64; x64; rv:153.0) Gecko/20100101 Firefox/153.0"
[06/Aug/2026:02:54:21 +0000] 0:0:0:0:0:0:0:1 1xx8umip2hbnt1ifmk4htlnnv30.rn0 "GET /console/assets/appmon/js/websocket-client.js HTTP/1.1" 200 2637 "http://localhost:8082/console/appmon/dashboard/" "Mozilla/5.0 (Windows NT 10.0; Win64; x64; rv:153.0) Gecko/20100101 Firefox/153.0"
[06/Aug/2026:02:54:21 +0000] 0:0:0:0:0:0:0:1 1xx8umip2hbnt1ifmk4htlnnv30.rn0 "GET /console/assets/appmon/js/polling-client.js HTTP/1.1" 200 2503 "http://localhost:8082/console/appmon/dashboard/" "Mozilla/5.0 (Windows NT 10.0; Win64; x64; rv:153.0) Gecko/20100101 Firefox/153.0"
[06/Aug/2026:02:54:21 +0000] 0:0:0:0:0:0:0:1 1xx8umip2hbnt1ifmk4htlnnv30.rn0 "GET /console/appmon/config/data?appsToSubscribe= HTTP/1.1" 200 1297 "http://localhost:8082/console/appmon/dashboard/" "Mozilla/5.0 (Windows NT 10.0; Win64; x64; rv:153.0) Gecko/20100101 Firefox/153.0"
[06/Aug/2026:02:54:21 +0000] 0:0:0:0:0:0:0:1 1xx8umip2hbnt1ifmk4htlnnv30.rn0 "GET /console/nodes/localhost/appmon/websocket/g3Z5Q0MpdoQCy18lyh8D1zdlO545wIKXVvoFJ31GVXU8m9zduNaYplZ1CrxwgIYjV8mC0R7COUM HTTP/1.1" 101 - "-" "Mozilla/5.0 (Windows NT 10.0; Win64; x64; rv:153.0) Gecko/20100101 Firefox/153.0"
[06/Aug/2026:02:58:04 +0000] 0:0:0:0:0:0:0:1 1xx8umip2hbnt1ifmk4htlnnv30.rn0 "GET /console/cluster/nodes/ HTTP/1.1" 200 9674 "http://localhost:8082/console/appmon/dashboard/" "Mozilla/5.0 (Windows NT 10.0; Win64; x64; rv:153.0) Gecko/20100101 Firefox/153.0"
[06/Aug/2026:02:58:05 +0000] 0:0:0:0:0:0:0:1 1xx8umip2hbnt1ifmk4htlnnv30.rn0 "GET /console/assets/js/console-client.js HTTP/1.1" 200 3652 "http://localhost:8082/console/cluster/nodes/" "Mozilla/5.0 (Windows NT 10.0; Win64; x64; rv:153.0) Gecko/20100101 Firefox/153.0"
[06/Aug/2026:02:58:05 +0000] 0:0:0:0:0:0:0:1 1xx8umip2hbnt1ifmk4htlnnv30.rn0 "GET /console/assets/css/console.css HTTP/1.1" 200 1059 "http://localhost:8082/console/cluster/nodes/" "Mozilla/5.0 (Windows NT 10.0; Win64; x64; rv:153.0) Gecko/20100101 Firefox/153.0"
[06/Aug/2026:02:58:05 +0000] 0:0:0:0:0:0:0:1 1xx8umip2hbnt1ifmk4htlnnv30.rn0 "GET /console/cluster/token HTTP/1.1" 200 126 "http://localhost:8082/console/cluster/nodes/" "Mozilla/5.0 (Windows NT 10.0; Win64; x64; rv:153.0) Gecko/20100101 Firefox/153.0"
[06/Aug/2026:02:58:07 +0000] 0:0:0:0:0:0:0:1 1xx8umip2hbnt1ifmk4htlnnv30.rn0 "GET /console/cluster/commands/ HTTP/1.1" 200 10824 "http://localhost:8082/console/cluster/nodes/" "Mozilla/5.0 (Windows NT 10.0; Win64; x64; rv:153.0) Gecko/20100101 Firefox/153.0"
[06/Aug/2026:02:58:07 +0000] 0:0:0:0:0:0:0:1 1xx8umip2hbnt1ifmk4htlnnv30.rn0 "GET /console/assets/css/console.css HTTP/1.1" 200 1059 "http://localhost:8082/console/cluster/commands/" "Mozilla/5.0 (Windows NT 10.0; Win64; x64; rv:153.0) Gecko/20100101 Firefox/153.0"
[06/Aug/2026:02:58:07 +0000] 0:0:0:0:0:0:0:1 1xx8umip2hbnt1ifmk4htlnnv30.rn0 "GET /console/assets/js/console-client.js HTTP/1.1" 200 3652 "http://localhost:8082/console/cluster/commands/" "Mozilla/5.0 (Windows NT 10.0; Win64; x64; rv:153.0) Gecko/20100101 Firefox/153.0"
[06/Aug/2026:02:58:07 +0000] 0:0:0:0:0:0:0:1 1xx8umip2hbnt1ifmk4htlnnv30.rn0 "GET /console/cluster/token HTTP/1.1" 200 126 "http://localhost:8082/console/cluster/commands/" "Mozilla/5.0 (Windows NT 10.0; Win64; x64; rv:153.0) Gecko/20100101 Firefox/153.0"
[06/Aug/2026:02:58:07 +0000] 0:0:0:0:0:0:0:1 1xx8umip2hbnt1ifmk4htlnnv30.rn0 "GET /console/cluster/token HTTP/1.1" 200 126 "http://localhost:8082/console/cluster/commands/" "Mozilla/5.0 (Windows NT 10.0; Win64; x64; rv:153.0) Gecko/20100101 Firefox/153.0"
[06/Aug/2026:02:58:07 +0000] 0:0:0:0:0:0:0:1 1xx8umip2hbnt1ifmk4htlnnv30.rn0 "GET /console/nodes/localhost-console1/websocket/vg87Luno_yE6cRJXdcAyXxqAqOTYzpTu2zQBKKoooVuXeUV30QyVzg58BOy6L8_nR2uO0Kwp5eE HTTP/1.1" 101 - "-" "Mozilla/5.0 (Windows NT 10.0; Win64; x64; rv:153.0) Gecko/20100101 Firefox/153.0"
[06/Aug/2026:02:58:07 +0000] 0:0:0:0:0:0:0:1 1xx8umip2hbnt1ifmk4htlnnv30.rn0 "GET /console/nodes/localhost-console1/commands/websocket/9ISHmCWU7R0aZhP0F6SLJlFrRmL_1EMK0RFhIB0mQn2lp8Bz2GXW1_BdIoZIzi5XAac0EH8XM_U HTTP/1.1" 101 - "-" "Mozilla/5.0 (Windows NT 10.0; Win64; x64; rv:153.0) Gecko/20100101 Firefox/153.0"
[06/Aug/2026:02:59:26 +0000] 0:0:0:0:0:0:0:1 1xx8umip2hbnt1ifmk4htlnnv30.rn0 "GET /console/cluster/scheduler/ HTTP/1.1" 200 17659 "http://localhost:8082/console/cluster/commands/" "Mozilla/5.0 (Windows NT 10.0; Win64; x64; rv:153.0) Gecko/20100101 Firefox/153.0"
[06/Aug/2026:02:59:26 +0000] 0:0:0:0:0:0:0:1 1xx8umip2hbnt1ifmk4htlnnv30.rn0 "GET /console/assets/css/console.css HTTP/1.1" 200 1059 "http://localhost:8082/console/cluster/scheduler/" "Mozilla/5.0 (Windows NT 10.0; Win64; x64; rv:153.0) Gecko/20100101 Firefox/153.0"
[06/Aug/2026:02:59:26 +0000] 0:0:0:0:0:0:0:1 1xx8umip2hbnt1ifmk4htlnnv30.rn0 "GET /console/assets/js/console-client.js HTTP/1.1" 200 3652 "http://localhost:8082/console/cluster/scheduler/" "Mozilla/5.0 (Windows NT 10.0; Win64; x64; rv:153.0) Gecko/20100101 Firefox/153.0"
[06/Aug/2026:02:59:26 +0000] 0:0:0:0:0:0:0:1 1xx8umip2hbnt1ifmk4htlnnv30.rn0 "GET /console/cluster/token HTTP/1.1" 200 126 "http://localhost:8082/console/cluster/scheduler/" "Mozilla/5.0 (Windows NT 10.0; Win64; x64; rv:153.0) Gecko/20100101 Firefox/153.0"
[06/Aug/2026:02:59:27 +0000] 0:0:0:0:0:0:0:1 1xx8umip2hbnt1ifmk4htlnnv30.rn0 "GET /console/cluster/token HTTP/1.1" 200 126 "http://localhost:8082/console/cluster/scheduler/" "Mozilla/5.0 (Windows NT 10.0; Win64; x64; rv:153.0) Gecko/20100101 Firefox/153.0"
[06/Aug/2026:02:59:27 +0000] 0:0:0:0:0:0:0:1 1xx8umip2hbnt1ifmk4htlnnv30.rn0 "GET /console/nodes/localhost-console1/scheduler/websocket/0JZEtX7PyX2yj7Y9NYEQ9_K4w39LcplCAh-Ni3jWFVBulTZq9YeHUtTPr-JnMXgCJyLaVETjR50 HTTP/1.1" 101 - "-" "Mozilla/5.0 (Windows NT 10.0; Win64; x64; rv:153.0) Gecko/20100101 Firefox/153.0"
[06/Aug/2026:02:59:42 +0000] 0:0:0:0:0:0:0:1 1xx8umip2hbnt1ifmk4htlnnv30.rn0 "GET /console/vault/ HTTP/1.1" 200 8344 "http://localhost:8082/console/cluster/scheduler/?nodeId=localhost-console1" "Mozilla/5.0 (Windows NT 10.0; Win64; x64; rv:153.0) Gecko/20100101 Firefox/153.0"
[06/Aug/2026:02:59:42 +0000] 0:0:0:0:0:0:0:1 1xx8umip2hbnt1ifmk4htlnnv30.rn0 "GET /console/assets/css/console.css HTTP/1.1" 200 1059 "http://localhost:8082/console/vault/" "Mozilla/5.0 (Windows NT 10.0; Win64; x64; rv:153.0) Gecko/20100101 Firefox/153.0"
[06/Aug/2026:02:59:46 +0000] 0:0:0:0:0:0:0:1 1xx8umip2hbnt1ifmk4htlnnv30.rn0 "GET /console/assets/css/console.css HTTP/1.1" 200 1059 "http://localhost:8082/console/user/login-history" "Mozilla/5.0 (Windows NT 10.0; Win64; x64; rv:153.0) Gecko/20100101 Firefox/153.0"
[06/Aug/2026:02:59:46 +0000] 0:0:0:0:0:0:0:1 1xx8umip2hbnt1ifmk4htlnnv30.rn0 "GET /console/user/login-history HTTP/1.1" 200 6293 "http://localhost:8082/console/vault/" "Mozilla/5.0 (Windows NT 10.0; Win64; x64; rv:153.0) Gecko/20100101 Firefox/153.0"
[06/Aug/2026:03:00:11 +0000] 0:0:0:0:0:0:0:1 1xx8umip2hbnt1ifmk4htlnnv30.rn0 "GET /console/cluster/nodes/ HTTP/1.1" 200 9674 "http://localhost:8082/console/user/login-history" "Mozilla/5.0 (Windows NT 10.0; Win64; x64; rv:153.0) Gecko/20100101 Firefox/153.0"
[06/Aug/2026:03:00:11 +0000] 0:0:0:0:0:0:0:1 1xx8umip2hbnt1ifmk4htlnnv30.rn0 "GET /console/assets/css/console.css HTTP/1.1" 200 1059 "http://localhost:8082/console/cluster/nodes/" "Mozilla/5.0 (Windows NT 10.0; Win64; x64; rv:153.0) Gecko/20100101 Firefox/153.0"
[06/Aug/2026:03:00:11 +0000] 0:0:0:0:0:0:0:1 1xx8umip2hbnt1ifmk4htlnnv30.rn0 "GET /console/assets/js/console-client.js HTTP/1.1" 200 3652 "http://localhost:8082/console/cluster/nodes/" "Mozilla/5.0 (Windows NT 10.0; Win64; x64; rv:153.0) Gecko/20100101 Firefox/153.0"
[06/Aug/2026:03:00:11 +0000] 0:0:0:0:0:0:0:1 1xx8umip2hbnt1ifmk4htlnnv30.rn0 "GET /console/cluster/token HTTP/1.1" 200 126 "http://localhost:8082/console/cluster/nodes/" "Mozilla/5.0 (Windows NT 10.0; Win64; x64; rv:153.0) Gecko/20100101 Firefox/153.0"
[06/Aug/2026:03:00:11 +0000] 0:0:0:0:0:0:0:1 1xx8umip2hbnt1ifmk4htlnnv30.rn0 "GET /console/nodes/localhost-console1/websocket/Nm07OhXcm-b2zefF6WSdXae2BN9l8umTAY5eYttSS2iwllZwHMvkrDNCJqw87Ap86vc41bOhg40 HTTP/1.1" 101 - "-" "Mozilla/5.0 (Windows NT 10.0; Win64; x64; rv:153.0) Gecko/20100101 Firefox/153.0"
[06/Aug/2026:03:00:13 +0000] 0:0:0:0:0:0:0:1 1xx8umip2hbnt1ifmk4htlnnv30.rn0 "GET /console/cluster/scheduler/ HTTP/1.1" 200 17659 "http://localhost:8082/console/cluster/nodes/" "Mozilla/5.0 (Windows NT 10.0; Win64; x64; rv:153.0) Gecko/20100101 Firefox/153.0"
[06/Aug/2026:03:00:13 +0000] 0:0:0:0:0:0:0:1 1xx8umip2hbnt1ifmk4htlnnv30.rn0 "GET /console/assets/css/console.css HTTP/1.1" 200 1059 "http://localhost:8082/console/cluster/scheduler/" "Mozilla/5.0 (Windows NT 10.0; Win64; x64; rv:153.0) Gecko/20100101 Firefox/153.0"
[06/Aug/2026:03:00:13 +0000] 0:0:0:0:0:0:0:1 1xx8umip2hbnt1ifmk4htlnnv30.rn0 "GET /console/assets/js/console-client.js HTTP/1.1" 200 3652 "http://localhost:8082/console/cluster/scheduler/" "Mozilla/5.0 (Windows NT 10.0; Win64; x64; rv:153.0) Gecko/20100101 Firefox/153.0"
[06/Aug/2026:03:00:13 +0000] 0:0:0:0:0:0:0:1 1xx8umip2hbnt1ifmk4htlnnv30.rn0 "GET /console/cluster/token HTTP/1.1" 200 126 "http://localhost:8082/console/cluster/scheduler/" "Mozilla/5.0 (Windows NT 10.0; Win64; x64; rv:153.0) Gecko/20100101 Firefox/153.0"
[06/Aug/2026:03:00:13 +0000] 0:0:0:0:0:0:0:1 1xx8umip2hbnt1ifmk4htlnnv30.rn0 "GET /console/cluster/token HTTP/1.1" 200 126 "http://localhost:8082/console/cluster/scheduler/" "Mozilla/5.0 (Windows NT 10.0; Win64; x64; rv:153.0) Gecko/20100101 Firefox/153.0"
[06/Aug/2026:03:00:13 +0000] 0:0:0:0:0:0:0:1 1xx8umip2hbnt1ifmk4htlnnv30.rn0 "GET /console/nodes/localhost-console1/scheduler/websocket/OlFS9o2kksgUvyXBTW_MJ-bgB_cyHuWCHYAtpKa5X2nuVGh4oPZGF0U2d9F9xRIorKF_flsDzoQ HTTP/1.1" 101 - "-" "Mozilla/5.0 (Windows NT 10.0; Win64; x64; rv:153.0) Gecko/20100101 Firefox/153.0"
[06/Aug/2026:03:00:13 +0000] 0:0:0:0:0:0:0:1 1xx8umip2hbnt1ifmk4htlnnv30.rn0 "GET /console/appmon/dashboard/ HTTP/1.1" 200 5403 "http://localhost:8082/console/cluster/scheduler/" "Mozilla/5.0 (Windows NT 10.0; Win64; x64; rv:153.0) Gecko/20100101 Firefox/153.0"
[06/Aug/2026:03:00:13 +0000] 0:0:0:0:0:0:0:1 1xx8umip2hbnt1ifmk4htlnnv30.rn0 "GET /console/assets/css/console.css HTTP/1.1" 200 1059 "http://localhost:8082/console/appmon/dashboard/" "Mozilla/5.0 (Windows NT 10.0; Win64; x64; rv:153.0) Gecko/20100101 Firefox/153.0"
[06/Aug/2026:03:00:13 +0000] 0:0:0:0:0:0:0:1 1xx8umip2hbnt1ifmk4htlnnv30.rn0 "GET /console/assets/appmon/css/appmon.css HTTP/1.1" 200 3191 "http://localhost:8082/console/appmon/dashboard/" "Mozilla/5.0 (Windows NT 10.0; Win64; x64; rv:153.0) Gecko/20100101 Firefox/153.0"
[06/Aug/2026:03:00:13 +0000] 0:0:0:0:0:0:0:1 1xx8umip2hbnt1ifmk4htlnnv30.rn0 "GET /console/assets/appmon/css/appmon-dark.css HTTP/1.1" 200 1511 "http://localhost:8082/console/appmon/dashboard/" "Mozilla/5.0 (Windows NT 10.0; Win64; x64; rv:153.0) Gecko/20100101 Firefox/153.0"
[06/Aug/2026:03:00:13 +0000] 0:0:0:0:0:0:0:1 1xx8umip2hbnt1ifmk4htlnnv30.rn0 "GET /console/assets/appmon/js/dashboard-builder.js HTTP/1.1" 200 7850 "http://localhost:8082/console/appmon/dashboard/" "Mozilla/5.0 (Windows NT 10.0; Win64; x64; rv:153.0) Gecko/20100101 Firefox/153.0"
[06/Aug/2026:03:00:13 +0000] 0:0:0:0:0:0:0:1 1xx8umip2hbnt1ifmk4htlnnv30.rn0 "GET /console/assets/appmon/js/dashboard-viewer.js HTTP/1.1" 200 5731 "http://localhost:8082/console/appmon/dashboard/" "Mozilla/5.0 (Windows NT 10.0; Win64; x64; rv:153.0) Gecko/20100101 Firefox/153.0"
[06/Aug/2026:03:00:13 +0000] 0:0:0:0:0:0:0:1 1xx8umip2hbnt1ifmk4htlnnv30.rn0 "GET /console/assets/appmon/js/traffic-painter.js HTTP/1.1" 200 2065 "http://localhost:8082/console/appmon/dashboard/" "Mozilla/5.0 (Windows NT 10.0; Win64; x64; rv:153.0) Gecko/20100101 Firefox/153.0"
[06/Aug/2026:03:00:13 +0000] 0:0:0:0:0:0:0:1 1xx8umip2hbnt1ifmk4htlnnv30.rn0 "GET /console/assets/appmon/js/dashboard-chart.js HTTP/1.1" 200 2242 "http://localhost:8082/console/appmon/dashboard/" "Mozilla/5.0 (Windows NT 10.0; Win64; x64; rv:153.0) Gecko/20100101 Firefox/153.0"
[06/Aug/2026:03:00:13 +0000] 0:0:0:0:0:0:0:1 1xx8umip2hbnt1ifmk4htlnnv30.rn0 "GET /console/assets/appmon/js/base-client.js HTTP/1.1" 200 1673 "http://localhost:8082/console/appmon/dashboard/" "Mozilla/5.0 (Windows NT 10.0; Win64; x64; rv:153.0) Gecko/20100101 Firefox/153.0"
[06/Aug/2026:03:00:13 +0000] 0:0:0:0:0:0:0:1 1xx8umip2hbnt1ifmk4htlnnv30.rn0 "GET /console/assets/appmon/js/websocket-client.js HTTP/1.1" 200 2637 "http://localhost:8082/console/appmon/dashboard/" "Mozilla/5.0 (Windows NT 10.0; Win64; x64; rv:153.0) Gecko/20100101 Firefox/153.0"
[06/Aug/2026:03:00:13 +0000] 0:0:0:0:0:0:0:1 1xx8umip2hbnt1ifmk4htlnnv30.rn0 "GET /console/assets/appmon/js/polling-client.js HTTP/1.1" 200 2503 "http://localhost:8082/console/appmon/dashboard/" "Mozilla/5.0 (Windows NT 10.0; Win64; x64; rv:153.0) Gecko/20100101 Firefox/153.0"
[06/Aug/2026:03:00:14 +0000] 0:0:0:0:0:0:0:1 1xx8umip2hbnt1ifmk4htlnnv30.rn0 "GET /console/appmon/config/data?appsToSubscribe= HTTP/1.1" 200 1295 "http://localhost:8082/console/appmon/dashboard/" "Mozilla/5.0 (Windows NT 10.0; Win64; x64; rv:153.0) Gecko/20100101 Firefox/153.0"
[06/Aug/2026:03:00:14 +0000] 0:0:0:0:0:0:0:1 1xx8umip2hbnt1ifmk4htlnnv30.rn0 "GET /console/nodes/localhost/appmon/websocket/f3s5tfUE5v_YUKi3VZnhKZVtEI24ngxsGVL5KTdry6aW79ctxjpRLvCxyMF2qkWleF671aUKgZU HTTP/1.1" 101 - "-" "Mozilla/5.0 (Windows NT 10.0; Win64; x64; rv:153.0) Gecko/20100101 Firefox/153.0"
[06/Aug/2026:03:01:41 +0000] 0:0:0:0:0:0:0:1 1xx8umip2hbnt1ifmk4htlnnv30.rn0 "GET /console/appmon/dashboard/ HTTP/1.1" 200 5403 "http://localhost:8082/console/cluster/scheduler/" "Mozilla/5.0 (Windows NT 10.0; Win64; x64; rv:153.0) Gecko/20100101 Firefox/153.0"
[06/Aug/2026:03:01:41 +0000] 0:0:0:0:0:0:0:1 1xx8umip2hbnt1ifmk4htlnnv30.rn0 "GET /console/assets/css/console.css HTTP/1.1" 200 1059 "http://localhost:8082/console/appmon/dashboard/" "Mozilla/5.0 (Windows NT 10.0; Win64; x64; rv:153.0) Gecko/20100101 Firefox/153.0"
[06/Aug/2026:03:01:41 +0000] 0:0:0:0:0:0:0:1 1xx8umip2hbnt1ifmk4htlnnv30.rn0 "GET /console/assets/appmon/css/appmon.css HTTP/1.1" 200 3191 "http://localhost:8082/console/appmon/dashboard/" "Mozilla/5.0 (Windows NT 10.0; Win64; x64; rv:153.0) Gecko/20100101 Firefox/153.0"
[06/Aug/2026:03:01:41 +0000] 0:0:0:0:0:0:0:1 1xx8umip2hbnt1ifmk4htlnnv30.rn0 "GET /console/assets/appmon/js/dashboard-builder.js HTTP/1.1" 200 7850 "http://localhost:8082/console/appmon/dashboard/" "Mozilla/5.0 (Windows NT 10.0; Win64; x64; rv:153.0) Gecko/20100101 Firefox/153.0"
[06/Aug/2026:03:01:41 +0000] 0:0:0:0:0:0:0:1 1xx8umip2hbnt1ifmk4htlnnv30.rn0 "GET /console/assets/appmon/js/dashboard-chart.js HTTP/1.1" 200 2242 "http://localhost:8082/console/appmon/dashboard/" "Mozilla/5.0 (Windows NT 10.0; Win64; x64; rv:153.0) Gecko/20100101 Firefox/153.0"
[06/Aug/2026:03:01:41 +0000] 0:0:0:0:0:0:0:1 1xx8umip2hbnt1ifmk4htlnnv30.rn0 "GET /console/assets/appmon/css/appmon-dark.css HTTP/1.1" 200 1511 "http://localhost:8082/console/appmon/dashboard/" "Mozilla/5.0 (Windows NT 10.0; Win64; x64; rv:153.0) Gecko/20100101 Firefox/153.0"
[06/Aug/2026:03:01:41 +0000] 0:0:0:0:0:0:0:1 1xx8umip2hbnt1ifmk4htlnnv30.rn0 "GET /console/assets/appmon/js/traffic-painter.js HTTP/1.1" 200 2065 "http://localhost:8082/console/appmon/dashboard/" "Mozilla/5.0 (Windows NT 10.0; Win64; x64; rv:153.0) Gecko/20100101 Firefox/153.0"
[06/Aug/2026:03:01:41 +0000] 0:0:0:0:0:0:0:1 1xx8umip2hbnt1ifmk4htlnnv30.rn0 "GET /console/assets/appmon/js/dashboard-viewer.js HTTP/1.1" 200 5731 "http://localhost:8082/console/appmon/dashboard/" "Mozilla/5.0 (Windows NT 10.0; Win64; x64; rv:153.0) Gecko/20100101 Firefox/153.0"
[06/Aug/2026:03:01:41 +0000] 0:0:0:0:0:0:0:1 1xx8umip2hbnt1ifmk4htlnnv30.rn0 "GET /console/assets/appmon/js/base-client.js HTTP/1.1" 200 1673 "http://localhost:8082/console/appmon/dashboard/" "Mozilla/5.0 (Windows NT 10.0; Win64; x64; rv:153.0) Gecko/20100101 Firefox/153.0"
[06/Aug/2026:03:01:41 +0000] 0:0:0:0:0:0:0:1 1xx8umip2hbnt1ifmk4htlnnv30.rn0 "GET /console/assets/appmon/js/websocket-client.js HTTP/1.1" 200 2637 "http://localhost:8082/console/appmon/dashboard/" "Mozilla/5.0 (Windows NT 10.0; Win64; x64; rv:153.0) Gecko/20100101 Firefox/153.0"
[06/Aug/2026:03:01:41 +0000] 0:0:0:0:0:0:0:1 1xx8umip2hbnt1ifmk4htlnnv30.rn0 "GET /console/assets/appmon/js/polling-client.js HTTP/1.1" 200 2503 "http://localhost:8082/console/appmon/dashboard/" "Mozilla/5.0 (Windows NT 10.0; Win64; x64; rv:153.0) Gecko/20100101 Firefox/153.0"
[06/Aug/2026:03:01:42 +0000] 0:0:0:0:0:0:0:1 1xx8umip2hbnt1ifmk4htlnnv30.rn0 "GET /console/appmon/config/data?appsToSubscribe= HTTP/1.1" 200 1295 "http://localhost:8082/console/appmon/dashboard/" "Mozilla/5.0 (Windows NT 10.0; Win64; x64; rv:153.0) Gecko/20100101 Firefox/153.0"
[06/Aug/2026:03:01:42 +0000] 0:0:0:0:0:0:0:1 1xx8umip2hbnt1ifmk4htlnnv30.rn0 "GET /console/nodes/localhost/appmon/websocket/AMXLFHvDrotdQCEUW3M0woXcgXpkbKgcda6LdNBgj2PFkXRwiQe36UeRL_URngAqVyUVCa-U22I HTTP/1.1" 101 - "-" "Mozilla/5.0 (Windows NT 10.0; Win64; x64; rv:153.0) Gecko/20100101 Firefox/153.0"
[06/Aug/2026:03:02:52 +0000] 0:0:0:0:0:0:0:1 1xx8umip2hbnt1ifmk4htlnnv30.rn0 "GET /console/assets/css/console.css HTTP/1.1" 200 1059 "http://localhost:8082/console/vault/" "Mozilla/5.0 (Windows NT 10.0; Win64; x64; rv:153.0) Gecko/20100101 Firefox/153.0"
[06/Aug/2026:03:02:52 +0000] 0:0:0:0:0:0:0:1 1xx8umip2hbnt1ifmk4htlnnv30.rn0 "GET /console/vault/ HTTP/1.1" 200 8344 "http://localhost:8082/console/appmon/dashboard/" "Mozilla/5.0 (Windows NT 10.0; Win64; x64; rv:153.0) Gecko/20100101 Firefox/153.0"
[06/Aug/2026:03:02:58 +0000] 0:0:0:0:0:0:0:1 1xx8umip2hbnt1ifmk4htlnnv30.rn0 "GET /console/user/ HTTP/1.1" 200 7721 "http://localhost:8082/console/vault/" "Mozilla/5.0 (Windows NT 10.0; Win64; x64; rv:153.0) Gecko/20100101 Firefox/153.0"
[06/Aug/2026:03:02:58 +0000] 0:0:0:0:0:0:0:1 1xx8umip2hbnt1ifmk4htlnnv30.rn0 "GET /console/assets/css/console.css HTTP/1.1" 200 1059 "http://localhost:8082/console/user/" "Mozilla/5.0 (Windows NT 10.0; Win64; x64; rv:153.0) Gecko/20100101 Firefox/153.0"
[06/Aug/2026:03:03:54 +0000] 0:0:0:0:0:0:0:1 1xx8umip2hbnt1ifmk4htlnnv30.rn0 "GET /console/assets/css/console.css HTTP/1.1" 200 1059 "http://localhost:8082/console/user/" "Mozilla/5.0 (Windows NT 10.0; Win64; x64; rv:153.0) Gecko/20100101 Firefox/153.0"
[06/Aug/2026:03:03:54 +0000] 0:0:0:0:0:0:0:1 1xx8umip2hbnt1ifmk4htlnnv30.rn0 "GET /console/user/ HTTP/1.1" 200 7693 "http://localhost:8082/console/vault/" "Mozilla/5.0 (Windows NT 10.0; Win64; x64; rv:153.0) Gecko/20100101 Firefox/153.0"
[06/Aug/2026:03:03:57 +0000] 0:0:0:0:0:0:0:1 1xx8umip2hbnt1ifmk4htlnnv30.rn0 "GET /console/appmon/dashboard/ HTTP/1.1" 200 5370 "http://localhost:8082/console/user/" "Mozilla/5.0 (Windows NT 10.0; Win64; x64; rv:153.0) Gecko/20100101 Firefox/153.0"
[06/Aug/2026:03:03:57 +0000] 0:0:0:0:0:0:0:1 1xx8umip2hbnt1ifmk4htlnnv30.rn0 "GET /console/assets/css/console.css HTTP/1.1" 200 1059 "http://localhost:8082/console/appmon/dashboard/" "Mozilla/5.0 (Windows NT 10.0; Win64; x64; rv:153.0) Gecko/20100101 Firefox/153.0"
[06/Aug/2026:03:03:57 +0000] 0:0:0:0:0:0:0:1 1xx8umip2hbnt1ifmk4htlnnv30.rn0 "GET /console/assets/appmon/css/appmon.css HTTP/1.1" 200 3191 "http://localhost:8082/console/appmon/dashboard/" "Mozilla/5.0 (Windows NT 10.0; Win64; x64; rv:153.0) Gecko/20100101 Firefox/153.0"
[06/Aug/2026:03:03:57 +0000] 0:0:0:0:0:0:0:1 1xx8umip2hbnt1ifmk4htlnnv30.rn0 "GET /console/assets/appmon/js/dashboard-builder.js HTTP/1.1" 200 7850 "http://localhost:8082/console/appmon/dashboard/" "Mozilla/5.0 (Windows NT 10.0; Win64; x64; rv:153.0) Gecko/20100101 Firefox/153.0"
[06/Aug/2026:03:03:57 +0000] 0:0:0:0:0:0:0:1 1xx8umip2hbnt1ifmk4htlnnv30.rn0 "GET /console/assets/appmon/css/appmon-dark.css HTTP/1.1" 200 1511 "http://localhost:8082/console/appmon/dashboard/" "Mozilla/5.0 (Windows NT 10.0; Win64; x64; rv:153.0) Gecko/20100101 Firefox/153.0"
[06/Aug/2026:03:03:57 +0000] 0:0:0:0:0:0:0:1 1xx8umip2hbnt1ifmk4htlnnv30.rn0 "GET /console/assets/appmon/js/websocket-client.js HTTP/1.1" 200 2637 "http://localhost:8082/console/appmon/dashboard/" "Mozilla/5.0 (Windows NT 10.0; Win64; x64; rv:153.0) Gecko/20100101 Firefox/153.0"
[06/Aug/2026:03:03:57 +0000] 0:0:0:0:0:0:0:1 1xx8umip2hbnt1ifmk4htlnnv30.rn0 "GET /console/assets/appmon/js/dashboard-viewer.js HTTP/1.1" 200 5731 "http://localhost:8082/console/appmon/dashboard/" "Mozilla/5.0 (Windows NT 10.0; Win64; x64; rv:153.0) Gecko/20100101 Firefox/153.0"
[06/Aug/2026:03:03:57 +0000] 0:0:0:0:0:0:0:1 1xx8umip2hbnt1ifmk4htlnnv30.rn0 "GET /console/assets/appmon/js/base-client.js HTTP/1.1" 200 1673 "http://localhost:8082/console/appmon/dashboard/" "Mozilla/5.0 (Windows NT 10.0; Win64; x64; rv:153.0) Gecko/20100101 Firefox/153.0"
[06/Aug/2026:03:03:57 +0000] 0:0:0:0:0:0:0:1 1xx8umip2hbnt1ifmk4htlnnv30.rn0 "GET /console/assets/appmon/js/dashboard-chart.js HTTP/1.1" 200 2242 "http://localhost:8082/console/appmon/dashboard/" "Mozilla/5.0 (Windows NT 10.0; Win64; x64; rv:153.0) Gecko/20100101 Firefox/153.0"
[06/Aug/2026:03:03:57 +0000] 0:0:0:0:0:0:0:1 1xx8umip2hbnt1ifmk4htlnnv30.rn0 "GET /console/assets/appmon/js/polling-client.js HTTP/1.1" 200 2503 "http://localhost:8082/console/appmon/dashboard/" "Mozilla/5.0 (Windows NT 10.0; Win64; x64; rv:153.0) Gecko/20100101 Firefox/153.0"
[06/Aug/2026:03:03:57 +0000] 0:0:0:0:0:0:0:1 1xx8umip2hbnt1ifmk4htlnnv30.rn0 "GET /console/assets/appmon/js/traffic-painter.js HTTP/1.1" 200 2065 "http://localhost:8082/console/appmon/dashboard/" "Mozilla/5.0 (Windows NT 10.0; Win64; x64; rv:153.0) Gecko/20100101 Firefox/153.0"
[06/Aug/2026:03:03:57 +0000] 0:0:0:0:0:0:0:1 1xx8umip2hbnt1ifmk4htlnnv30.rn0 "GET /console/appmon/config/data?appsToSubscribe= HTTP/1.1" 200 1293 "http://localhost:8082/console/appmon/dashboard/" "Mozilla/5.0 (Windows NT 10.0; Win64; x64; rv:153.0) Gecko/20100101 Firefox/153.0"
[06/Aug/2026:03:03:57 +0000] 0:0:0:0:0:0:0:1 1xx8umip2hbnt1ifmk4htlnnv30.rn0 "GET /console/nodes/localhost/appmon/websocket/JRzHMxe1FBnH7TSaQO4Un4rV8cNkyEw0pFC7MxoNzQcEgroYqjnZETw5ZrkD366sAubkoyBvBqo HTTP/1.1" 101 - "-" "Mozilla/5.0 (Windows NT 10.0; Win64; x64; rv:153.0) Gecko/20100101 Firefox/153.0"
[06/Aug/2026:03:07:05 +0000] 0:0:0:0:0:0:0:1 1xx8umip2hbnt1ifmk4htlnnv30.rn0 "GET /console/cluster/nodes/ HTTP/1.1" 200 9638 "http://localhost:8082/console/appmon/dashboard/" "Mozilla/5.0 (Windows NT 10.0; Win64; x64; rv:153.0) Gecko/20100101 Firefox/153.0"
[06/Aug/2026:03:07:05 +0000] 0:0:0:0:0:0:0:1 1xx8umip2hbnt1ifmk4htlnnv30.rn0 "GET /console/assets/css/console.css HTTP/1.1" 200 1059 "http://localhost:8082/console/cluster/nodes/" "Mozilla/5.0 (Windows NT 10.0; Win64; x64; rv:153.0) Gecko/20100101 Firefox/153.0"
[06/Aug/2026:03:07:05 +0000] 0:0:0:0:0:0:0:1 1xx8umip2hbnt1ifmk4htlnnv30.rn0 "GET /console/assets/js/console-client.js HTTP/1.1" 200 3652 "http://localhost:8082/console/cluster/nodes/" "Mozilla/5.0 (Windows NT 10.0; Win64; x64; rv:153.0) Gecko/20100101 Firefox/153.0"
[06/Aug/2026:03:07:05 +0000] 0:0:0:0:0:0:0:1 1xx8umip2hbnt1ifmk4htlnnv30.rn0 "GET /console/cluster/token HTTP/1.1" 200 126 "http://localhost:8082/console/cluster/nodes/" "Mozilla/5.0 (Windows NT 10.0; Win64; x64; rv:153.0) Gecko/20100101 Firefox/153.0"
[06/Aug/2026:03:07:07 +0000] 0:0:0:0:0:0:0:1 1xx8umip2hbnt1ifmk4htlnnv30.rn0 "GET /console/nodes/localhost-console1/websocket/hJO_bgrYGYDGN3t5IWW9_ixEuTclHAQ3gQaUigp6D0Kixb-AqrbTQGcfH28Wn_jcbNS3ID4Z7Yg HTTP/1.1" 101 - "-" "Mozilla/5.0 (Windows NT 10.0; Win64; x64; rv:153.0) Gecko/20100101 Firefox/153.0"
[06/Aug/2026:03:08:22 +0000] 0:0:0:0:0:0:0:1 1xx8umip2hbnt1ifmk4htlnnv30.rn0 "GET /console/appmon/dashboard/ HTTP/1.1" 200 5370 "http://localhost:8082/console/cluster/nodes/" "Mozilla/5.0 (Windows NT 10.0; Win64; x64; rv:153.0) Gecko/20100101 Firefox/153.0"
[06/Aug/2026:03:08:22 +0000] 0:0:0:0:0:0:0:1 1xx8umip2hbnt1ifmk4htlnnv30.rn0 "GET /console/assets/css/console.css HTTP/1.1" 200 1059 "http://localhost:8082/console/appmon/dashboard/" "Mozilla/5.0 (Windows NT 10.0; Win64; x64; rv:153.0) Gecko/20100101 Firefox/153.0"
[06/Aug/2026:03:08:22 +0000] 0:0:0:0:0:0:0:1 1xx8umip2hbnt1ifmk4htlnnv30.rn0 "GET /console/assets/appmon/css/appmon.css HTTP/1.1" 200 3191 "http://localhost:8082/console/appmon/dashboard/" "Mozilla/5.0 (Windows NT 10.0; Win64; x64; rv:153.0) Gecko/20100101 Firefox/153.0"
[06/Aug/2026:03:08:22 +0000] 0:0:0:0:0:0:0:1 1xx8umip2hbnt1ifmk4htlnnv30.rn0 "GET /console/assets/appmon/js/websocket-client.js HTTP/1.1" 200 2637 "http://localhost:8082/console/appmon/dashboard/" "Mozilla/5.0 (Windows NT 10.0; Win64; x64; rv:153.0) Gecko/20100101 Firefox/153.0"
[06/Aug/2026:03:08:22 +0000] 0:0:0:0:0:0:0:1 1xx8umip2hbnt1ifmk4htlnnv30.rn0 "GET /console/assets/appmon/js/dashboard-viewer.js HTTP/1.1" 200 5731 "http://localhost:8082/console/appmon/dashboard/" "Mozilla/5.0 (Windows NT 10.0; Win64; x64; rv:153.0) Gecko/20100101 Firefox/153.0"
[06/Aug/2026:03:08:22 +0000] 0:0:0:0:0:0:0:1 1xx8umip2hbnt1ifmk4htlnnv30.rn0 "GET /console/assets/appmon/js/dashboard-chart.js HTTP/1.1" 200 2242 "http://localhost:8082/console/appmon/dashboard/" "Mozilla/5.0 (Windows NT 10.0; Win64; x64; rv:153.0) Gecko/20100101 Firefox/153.0"
[06/Aug/2026:03:08:22 +0000] 0:0:0:0:0:0:0:1 1xx8umip2hbnt1ifmk4htlnnv30.rn0 "GET /console/assets/appmon/css/appmon-dark.css HTTP/1.1" 200 1511 "http://localhost:8082/console/appmon/dashboard/" "Mozilla/5.0 (Windows NT 10.0; Win64; x64; rv:153.0) Gecko/20100101 Firefox/153.0"
[06/Aug/2026:03:08:22 +0000] 0:0:0:0:0:0:0:1 1xx8umip2hbnt1ifmk4htlnnv30.rn0 "GET /console/assets/appmon/js/dashboard-builder.js HTTP/1.1" 200 7850 "http://localhost:8082/console/appmon/dashboard/" "Mozilla/5.0 (Windows NT 10.0; Win64; x64; rv:153.0) Gecko/20100101 Firefox/153.0"
[06/Aug/2026:03:08:22 +0000] 0:0:0:0:0:0:0:1 1xx8umip2hbnt1ifmk4htlnnv30.rn0 "GET /console/assets/appmon/js/traffic-painter.js HTTP/1.1" 200 2065 "http://localhost:8082/console/appmon/dashboard/" "Mozilla/5.0 (Windows NT 10.0; Win64; x64; rv:153.0) Gecko/20100101 Firefox/153.0"
[06/Aug/2026:03:08:22 +0000] 0:0:0:0:0:0:0:1 1xx8umip2hbnt1ifmk4htlnnv30.rn0 "GET /console/assets/appmon/js/base-client.js HTTP/1.1" 200 1673 "http://localhost:8082/console/appmon/dashboard/" "Mozilla/5.0 (Windows NT 10.0; Win64; x64; rv:153.0) Gecko/20100101 Firefox/153.0"
[06/Aug/2026:03:08:22 +0000] 0:0:0:0:0:0:0:1 1xx8umip2hbnt1ifmk4htlnnv30.rn0 "GET /console/assets/appmon/js/polling-client.js HTTP/1.1" 200 2503 "http://localhost:8082/console/appmon/dashboard/" "Mozilla/5.0 (Windows NT 10.0; Win64; x64; rv:153.0) Gecko/20100101 Firefox/153.0"
[06/Aug/2026:03:08:22 +0000] 0:0:0:0:0:0:0:1 1xx8umip2hbnt1ifmk4htlnnv30.rn0 "GET /console/appmon/config/data?appsToSubscribe= HTTP/1.1" 200 1295 "http://localhost:8082/console/appmon/dashboard/" "Mozilla/5.0 (Windows NT 10.0; Win64; x64; rv:153.0) Gecko/20100101 Firefox/153.0"
[06/Aug/2026:03:08:22 +0000] 0:0:0:0:0:0:0:1 1xx8umip2hbnt1ifmk4htlnnv30.rn0 "GET /console/nodes/localhost/appmon/websocket/SyzHOyN6qv961cWfLR9_odgIgy6VthhnUSVLZ14n667UnsC8td7gNjR7ZmwloSSYxga2x9_vTYQ HTTP/1.1" 101 - "-" "Mozilla/5.0 (Windows NT 10.0; Win64; x64; rv:153.0) Gecko/20100101 Firefox/153.0"
[06/Aug/2026:03:12:31 +0000] 0:0:0:0:0:0:0:1 1xx8umip2hbnt1ifmk4htlnnv30.rn0 "GET /console/cluster/scheduler/ HTTP/1.1" 200 17624 "http://localhost:8082/console/appmon/dashboard/" "Mozilla/5.0 (Windows NT 10.0; Win64; x64; rv:153.0) Gecko/20100101 Firefox/153.0"
[06/Aug/2026:03:12:31 +0000] 0:0:0:0:0:0:0:1 1xx8umip2hbnt1ifmk4htlnnv30.rn0 "GET /console/assets/css/console.css HTTP/1.1" 200 1059 "http://localhost:8082/console/cluster/scheduler/" "Mozilla/5.0 (Windows NT 10.0; Win64; x64; rv:153.0) Gecko/20100101 Firefox/153.0"
[06/Aug/2026:03:12:31 +0000] 0:0:0:0:0:0:0:1 1xx8umip2hbnt1ifmk4htlnnv30.rn0 "GET /console/assets/js/console-client.js HTTP/1.1" 200 3652 "http://localhost:8082/console/cluster/scheduler/" "Mozilla/5.0 (Windows NT 10.0; Win64; x64; rv:153.0) Gecko/20100101 Firefox/153.0"
[06/Aug/2026:03:12:31 +0000] 0:0:0:0:0:0:0:1 1xx8umip2hbnt1ifmk4htlnnv30.rn0 "GET /console/cluster/token HTTP/1.1" 200 126 "http://localhost:8082/console/cluster/scheduler/" "Mozilla/5.0 (Windows NT 10.0; Win64; x64; rv:153.0) Gecko/20100101 Firefox/153.0"
[06/Aug/2026:03:12:31 +0000] 0:0:0:0:0:0:0:1 1xx8umip2hbnt1ifmk4htlnnv30.rn0 "GET /console/cluster/token HTTP/1.1" 200 126 "http://localhost:8082/console/cluster/scheduler/" "Mozilla/5.0 (Windows NT 10.0; Win64; x64; rv:153.0) Gecko/20100101 Firefox/153.0"
[06/Aug/2026:03:12:31 +0000] 0:0:0:0:0:0:0:1 1xx8umip2hbnt1ifmk4htlnnv30.rn0 "GET /console/nodes/localhost-console1/scheduler/websocket/d40K4jnLswJLja4vD4VC9Y2X8-UJI61plW2pjVm__sMktENq91u7G642KAQtvq0SdUpqvTzKb8g HTTP/1.1" 101 - "-" "Mozilla/5.0 (Windows NT 10.0; Win64; x64; rv:153.0) Gecko/20100101 Firefox/153.0"
[06/Aug/2026:03:12:38 +0000] 0:0:0:0:0:0:0:1 1xx8umip2hbnt1ifmk4htlnnv30.rn0 "GET /console/user/audit-log HTTP/1.1" 200 4974 "http://localhost:8082/console/cluster/scheduler/" "Mozilla/5.0 (Windows NT 10.0; Win64; x64; rv:153.0) Gecko/20100101 Firefox/153.0"
[06/Aug/2026:03:12:38 +0000] 0:0:0:0:0:0:0:1 1xx8umip2hbnt1ifmk4htlnnv30.rn0 "GET /console/assets/css/console.css HTTP/1.1" 200 1059 "http://localhost:8082/console/user/audit-log" "Mozilla/5.0 (Windows NT 10.0; Win64; x64; rv:153.0) Gecko/20100101 Firefox/153.0"
[06/Aug/2026:03:12:48 +0000] 0:0:0:0:0:0:0:1 1xx8umip2hbnt1ifmk4htlnnv30.rn0 "GET /console/appmon/dashboard/ HTTP/1.1" 200 5370 "http://localhost:8082/console/user/audit-log" "Mozilla/5.0 (Windows NT 10.0; Win64; x64; rv:153.0) Gecko/20100101 Firefox/153.0"
[06/Aug/2026:03:12:48 +0000] 0:0:0:0:0:0:0:1 1xx8umip2hbnt1ifmk4htlnnv30.rn0 "GET /console/assets/css/console.css HTTP/1.1" 200 1059 "http://localhost:8082/console/appmon/dashboard/" "Mozilla/5.0 (Windows NT 10.0; Win64; x64; rv:153.0) Gecko/20100101 Firefox/153.0"
[06/Aug/2026:03:12:48 +0000] 0:0:0:0:0:0:0:1 1xx8umip2hbnt1ifmk4htlnnv30.rn0 "GET /console/assets/appmon/css/appmon.css HTTP/1.1" 200 3191 "http://localhost:8082/console/appmon/dashboard/" "Mozilla/5.0 (Windows NT 10.0; Win64; x64; rv:153.0) Gecko/20100101 Firefox/153.0"
[06/Aug/2026:03:12:48 +0000] 0:0:0:0:0:0:0:1 1xx8umip2hbnt1ifmk4htlnnv30.rn0 "GET /console/assets/appmon/css/appmon-dark.css HTTP/1.1" 200 1511 "http://localhost:8082/console/appmon/dashboard/" "Mozilla/5.0 (Windows NT 10.0; Win64; x64; rv:153.0) Gecko/20100101 Firefox/153.0"
[06/Aug/2026:03:12:48 +0000] 0:0:0:0:0:0:0:1 1xx8umip2hbnt1ifmk4htlnnv30.rn0 "GET /console/assets/appmon/js/dashboard-builder.js HTTP/1.1" 200 7850 "http://localhost:8082/console/appmon/dashboard/" "Mozilla/5.0 (Windows NT 10.0; Win64; x64; rv:153.0) Gecko/20100101 Firefox/153.0"
[06/Aug/2026:03:12:48 +0000] 0:0:0:0:0:0:0:1 1xx8umip2hbnt1ifmk4htlnnv30.rn0 "GET /console/assets/appmon/js/dashboard-viewer.js HTTP/1.1" 200 5731 "http://localhost:8082/console/appmon/dashboard/" "Mozilla/5.0 (Windows NT 10.0; Win64; x64; rv:153.0) Gecko/20100101 Firefox/153.0"
[06/Aug/2026:03:12:48 +0000] 0:0:0:0:0:0:0:1 1xx8umip2hbnt1ifmk4htlnnv30.rn0 "GET /console/assets/appmon/js/traffic-painter.js HTTP/1.1" 200 2065 "http://localhost:8082/console/appmon/dashboard/" "Mozilla/5.0 (Windows NT 10.0; Win64; x64; rv:153.0) Gecko/20100101 Firefox/153.0"
[06/Aug/2026:03:12:48 +0000] 0:0:0:0:0:0:0:1 1xx8umip2hbnt1ifmk4htlnnv30.rn0 "GET /console/assets/appmon/js/dashboard-chart.js HTTP/1.1" 200 2242 "http://localhost:8082/console/appmon/dashboard/" "Mozilla/5.0 (Windows NT 10.0; Win64; x64; rv:153.0) Gecko/20100101 Firefox/153.0"
[06/Aug/2026:03:12:48 +0000] 0:0:0:0:0:0:0:1 1xx8umip2hbnt1ifmk4htlnnv30.rn0 "GET /console/assets/appmon/js/polling-client.js HTTP/1.1" 200 2503 "http://localhost:8082/console/appmon/dashboard/" "Mozilla/5.0 (Windows NT 10.0; Win64; x64; rv:153.0) Gecko/20100101 Firefox/153.0"
[06/Aug/2026:03:12:48 +0000] 0:0:0:0:0:0:0:1 1xx8umip2hbnt1ifmk4htlnnv30.rn0 "GET /console/assets/appmon/js/websocket-client.js HTTP/1.1" 200 2637 "http://localhost:8082/console/appmon/dashboard/" "Mozilla/5.0 (Windows NT 10.0; Win64; x64; rv:153.0) Gecko/20100101 Firefox/153.0"
[06/Aug/2026:03:12:48 +0000] 0:0:0:0:0:0:0:1 1xx8umip2hbnt1ifmk4htlnnv30.rn0 "GET /console/assets/appmon/js/base-client.js HTTP/1.1" 200 1673 "http://localhost:8082/console/appmon/dashboard/" "Mozilla/5.0 (Windows NT 10.0; Win64; x64; rv:153.0) Gecko/20100101 Firefox/153.0"
[06/Aug/2026:03:12:48 +0000] 0:0:0:0:0:0:0:1 1xx8umip2hbnt1ifmk4htlnnv30.rn0 "GET /console/appmon/config/data?appsToSubscribe= HTTP/1.1" 200 1295 "http://localhost:8082/console/appmon/dashboard/" "Mozilla/5.0 (Windows NT 10.0; Win64; x64; rv:153.0) Gecko/20100101 Firefox/153.0"
[06/Aug/2026:03:12:48 +0000] 0:0:0:0:0:0:0:1 1xx8umip2hbnt1ifmk4htlnnv30.rn0 "GET /console/nodes/localhost/appmon/websocket/Z3CwHgLtSFYR2bMXYeUFcsOl-R3xKZOtibFBIfwAHWrqFFE-ZnSlJNyY9NqD5SPt3v-qk0bb1o8 HTTP/1.1" 101 - "-" "Mozilla/5.0 (Windows NT 10.0; Win64; x64; rv:153.0) Gecko/20100101 Firefox/153.0"
[06/Aug/2026:03:12:54 +0000] 0:0:0:0:0:0:0:1 1xx8umip2hbnt1ifmk4htlnnv30.rn0 "GET /console/cluster/commands/ HTTP/1.1" 200 10795 "http://localhost:8082/console/appmon/dashboard/" "Mozilla/5.0 (Windows NT 10.0; Win64; x64; rv:153.0) Gecko/20100101 Firefox/153.0"
[06/Aug/2026:03:12:54 +0000] 0:0:0:0:0:0:0:1 1xx8umip2hbnt1ifmk4htlnnv30.rn0 "GET /console/assets/css/console.css HTTP/1.1" 200 1059 "http://localhost:8082/console/cluster/commands/" "Mozilla/5.0 (Windows NT 10.0; Win64; x64; rv:153.0) Gecko/20100101 Firefox/153.0"
[06/Aug/2026:03:12:54 +0000] 0:0:0:0:0:0:0:1 1xx8umip2hbnt1ifmk4htlnnv30.rn0 "GET /console/assets/js/console-client.js HTTP/1.1" 200 3652 "http://localhost:8082/console/cluster/commands/" "Mozilla/5.0 (Windows NT 10.0; Win64; x64; rv:153.0) Gecko/20100101 Firefox/153.0"
[06/Aug/2026:03:12:56 +0000] 0:0:0:0:0:0:0:1 1xx8umip2hbnt1ifmk4htlnnv30.rn0 "GET /console/cluster/token HTTP/1.1" 200 126 "http://localhost:8082/console/cluster/commands/" "Mozilla/5.0 (Windows NT 10.0; Win64; x64; rv:153.0) Gecko/20100101 Firefox/153.0"
[06/Aug/2026:03:12:56 +0000] 0:0:0:0:0:0:0:1 1xx8umip2hbnt1ifmk4htlnnv30.rn0 "GET /console/cluster/token HTTP/1.1" 200 126 "http://localhost:8082/console/cluster/commands/" "Mozilla/5.0 (Windows NT 10.0; Win64; x64; rv:153.0) Gecko/20100101 Firefox/153.0"
[06/Aug/2026:03:12:56 +0000] 0:0:0:0:0:0:0:1 1xx8umip2hbnt1ifmk4htlnnv30.rn0 "GET /console/nodes/localhost-console1/commands/websocket/aHMtlTVbkPVtDhAc-sPOpHeXOKh1kI9aWIWB5SlaHYZLKEPqYJ_ikdqfJOOX1WQC15mtoqvozQ8 HTTP/1.1" 101 - "-" "Mozilla/5.0 (Windows NT 10.0; Win64; x64; rv:153.0) Gecko/20100101 Firefox/153.0"
[06/Aug/2026:03:13:25 +0000] 0:0:0:0:0:0:0:1 1xx8umip2hbnt1ifmk4htlnnv30.rn0 "GET /console/appmon/dashboard/ HTTP/1.1" 200 5370 "http://localhost:8082/console/cluster/commands/" "Mozilla/5.0 (Windows NT 10.0; Win64; x64; rv:153.0) Gecko/20100101 Firefox/153.0"
[06/Aug/2026:03:13:25 +0000] 0:0:0:0:0:0:0:1 1xx8umip2hbnt1ifmk4htlnnv30.rn0 "GET /console/assets/css/console.css HTTP/1.1" 200 1059 "http://localhost:8082/console/appmon/dashboard/" "Mozilla/5.0 (Windows NT 10.0; Win64; x64; rv:153.0) Gecko/20100101 Firefox/153.0"
[06/Aug/2026:03:13:25 +0000] 0:0:0:0:0:0:0:1 1xx8umip2hbnt1ifmk4htlnnv30.rn0 "GET /console/assets/appmon/css/appmon.css HTTP/1.1" 200 3191 "http://localhost:8082/console/appmon/dashboard/" "Mozilla/5.0 (Windows NT 10.0; Win64; x64; rv:153.0) Gecko/20100101 Firefox/153.0"
[06/Aug/2026:03:13:25 +0000] 0:0:0:0:0:0:0:1 1xx8umip2hbnt1ifmk4htlnnv30.rn0 "GET /console/assets/appmon/css/appmon-dark.css HTTP/1.1" 200 1511 "http://localhost:8082/console/appmon/dashboard/" "Mozilla/5.0 (Windows NT 10.0; Win64; x64; rv:153.0) Gecko/20100101 Firefox/153.0"
[06/Aug/2026:03:13:25 +0000] 0:0:0:0:0:0:0:1 1xx8umip2hbnt1ifmk4htlnnv30.rn0 "GET /console/assets/appmon/js/dashboard-builder.js HTTP/1.1" 200 7850 "http://localhost:8082/console/appmon/dashboard/" "Mozilla/5.0 (Windows NT 10.0; Win64; x64; rv:153.0) Gecko/20100101 Firefox/153.0"
[06/Aug/2026:03:13:25 +0000] 0:0:0:0:0:0:0:1 1xx8umip2hbnt1ifmk4htlnnv30.rn0 "GET /console/assets/appmon/js/dashboard-viewer.js HTTP/1.1" 200 5731 "http://localhost:8082/console/appmon/dashboard/" "Mozilla/5.0 (Windows NT 10.0; Win64; x64; rv:153.0) Gecko/20100101 Firefox/153.0"
[06/Aug/2026:03:13:25 +0000] 0:0:0:0:0:0:0:1 1xx8umip2hbnt1ifmk4htlnnv30.rn0 "GET /console/assets/appmon/js/dashboard-chart.js HTTP/1.1" 200 2242 "http://localhost:8082/console/appmon/dashboard/" "Mozilla/5.0 (Windows NT 10.0; Win64; x64; rv:153.0) Gecko/20100101 Firefox/153.0"
[06/Aug/2026:03:13:25 +0000] 0:0:0:0:0:0:0:1 1xx8umip2hbnt1ifmk4htlnnv30.rn0 "GET /console/assets/appmon/js/traffic-painter.js HTTP/1.1" 200 2065 "http://localhost:8082/console/appmon/dashboard/" "Mozilla/5.0 (Windows NT 10.0; Win64; x64; rv:153.0) Gecko/20100101 Firefox/153.0"
[06/Aug/2026:03:13:25 +0000] 0:0:0:0:0:0:0:1 1xx8umip2hbnt1ifmk4htlnnv30.rn0 "GET /console/assets/appmon/js/base-client.js HTTP/1.1" 200 1673 "http://localhost:8082/console/appmon/dashboard/" "Mozilla/5.0 (Windows NT 10.0; Win64; x64; rv:153.0) Gecko/20100101 Firefox/153.0"
[06/Aug/2026:03:13:25 +0000] 0:0:0:0:0:0:0:1 1xx8umip2hbnt1ifmk4htlnnv30.rn0 "GET /console/assets/appmon/js/websocket-client.js HTTP/1.1" 200 2637 "http://localhost:8082/console/appmon/dashboard/" "Mozilla/5.0 (Windows NT 10.0; Win64; x64; rv:153.0) Gecko/20100101 Firefox/153.0"
[06/Aug/2026:03:13:25 +0000] 0:0:0:0:0:0:0:1 1xx8umip2hbnt1ifmk4htlnnv30.rn0 "GET /console/assets/appmon/js/polling-client.js HTTP/1.1" 200 2503 "http://localhost:8082/console/appmon/dashboard/" "Mozilla/5.0 (Windows NT 10.0; Win64; x64; rv:153.0) Gecko/20100101 Firefox/153.0"
[06/Aug/2026:03:13:25 +0000] 0:0:0:0:0:0:0:1 1xx8umip2hbnt1ifmk4htlnnv30.rn0 "GET /console/appmon/config/data?appsToSubscribe= HTTP/1.1" 200 1292 "http://localhost:8082/console/appmon/dashboard/" "Mozilla/5.0 (Windows NT 10.0; Win64; x64; rv:153.0) Gecko/20100101 Firefox/153.0"
[06/Aug/2026:03:13:25 +0000] 0:0:0:0:0:0:0:1 1xx8umip2hbnt1ifmk4htlnnv30.rn0 "GET /console/nodes/localhost/appmon/websocket/77ntmwnnacLViDjkNpCtScdqyH3zXz098n6ENFhM6XxuC-g-UXXdnkiayFM52TAZEXbitCf5ZFE HTTP/1.1" 101 - "-" "Mozilla/5.0 (Windows NT 10.0; Win64; x64; rv:153.0) Gecko/20100101 Firefox/153.0"
[06/Aug/2026:03:19:27 +0000] 0:0:0:0:0:0:0:1 1xx8umip2hbnt1ifmk4htlnnv30.rn0 "GET /console/nodes/localhost/appmon/websocket/rb2k2zj2KoNH-wUOUehoX6_KaUe4fW1ZosG2kESnH6SmSzSpLMeMcYL5ww___fKfX45tJim4eoU HTTP/1.1" 404 73 "-" "Mozilla/5.0 (Windows NT 10.0; Win64; x64; rv:153.0) Gecko/20100101 Firefox/153.0"
[06/Aug/2026:03:19:35 +0000] 0:0:0:0:0:0:0:1 1xx8umip2hbnt1ifmk4htlnnv30.rn0 "GET /console/appmon/dashboard/ HTTP/1.1" 200 5370 "http://localhost:8082/console/cluster/commands/" "Mozilla/5.0 (Windows NT 10.0; Win64; x64; rv:153.0) Gecko/20100101 Firefox/153.0"
[06/Aug/2026:03:19:35 +0000] 0:0:0:0:0:0:0:1 1xx8umip2hbnt1ifmk4htlnnv30.rn0 "GET /console/assets/css/console.css HTTP/1.1" 200 1059 "http://localhost:8082/console/appmon/dashboard/" "Mozilla/5.0 (Windows NT 10.0; Win64; x64; rv:153.0) Gecko/20100101 Firefox/153.0"
[06/Aug/2026:03:19:35 +0000] 0:0:0:0:0:0:0:1 1xx8umip2hbnt1ifmk4htlnnv30.rn0 "GET /console/assets/appmon/css/appmon.css HTTP/1.1" 200 3191 "http://localhost:8082/console/appmon/dashboard/" "Mozilla/5.0 (Windows NT 10.0; Win64; x64; rv:153.0) Gecko/20100101 Firefox/153.0"
[06/Aug/2026:03:19:35 +0000] 0:0:0:0:0:0:0:1 1xx8umip2hbnt1ifmk4htlnnv30.rn0 "GET /console/assets/appmon/css/appmon-dark.css HTTP/1.1" 200 1511 "http://localhost:8082/console/appmon/dashboard/" "Mozilla/5.0 (Windows NT 10.0; Win64; x64; rv:153.0) Gecko/20100101 Firefox/153.0"
[06/Aug/2026:03:19:35 +0000] 0:0:0:0:0:0:0:1 1xx8umip2hbnt1ifmk4htlnnv30.rn0 "GET /console/assets/appmon/js/traffic-painter.js HTTP/1.1" 200 2065 "http://localhost:8082/console/appmon/dashboard/" "Mozilla/5.0 (Windows NT 10.0; Win64; x64; rv:153.0) Gecko/20100101 Firefox/153.0"
[06/Aug/2026:03:19:35 +0000] 0:0:0:0:0:0:0:1 1xx8umip2hbnt1ifmk4htlnnv30.rn0 "GET /console/assets/appmon/js/dashboard-chart.js HTTP/1.1" 200 2242 "http://localhost:8082/console/appmon/dashboard/" "Mozilla/5.0 (Windows NT 10.0; Win64; x64; rv:153.0) Gecko/20100101 Firefox/153.0"
[06/Aug/2026:03:19:35 +0000] 0:0:0:0:0:0:0:1 1xx8umip2hbnt1ifmk4htlnnv30.rn0 "GET /console/assets/appmon/js/dashboard-builder.js HTTP/1.1" 200 7850 "http://localhost:8082/console/appmon/dashboard/" "Mozilla/5.0 (Windows NT 10.0; Win64; x64; rv:153.0) Gecko/20100101 Firefox/153.0"
[06/Aug/2026:03:19:35 +0000] 0:0:0:0:0:0:0:1 1xx8umip2hbnt1ifmk4htlnnv30.rn0 "GET /console/assets/appmon/js/websocket-client.js HTTP/1.1" 200 2637 "http://localhost:8082/console/appmon/dashboard/" "Mozilla/5.0 (Windows NT 10.0; Win64; x64; rv:153.0) Gecko/20100101 Firefox/153.0"
[06/Aug/2026:03:19:35 +0000] 0:0:0:0:0:0:0:1 1xx8umip2hbnt1ifmk4htlnnv30.rn0 "GET /console/assets/appmon/js/polling-client.js HTTP/1.1" 200 2503 "http://localhost:8082/console/appmon/dashboard/" "Mozilla/5.0 (Windows NT 10.0; Win64; x64; rv:153.0) Gecko/20100101 Firefox/153.0"
[06/Aug/2026:03:19:35 +0000] 0:0:0:0:0:0:0:1 1xx8umip2hbnt1ifmk4htlnnv30.rn0 "GET /console/assets/appmon/js/base-client.js HTTP/1.1" 200 1673 "http://localhost:8082/console/appmon/dashboard/" "Mozilla/5.0 (Windows NT 10.0; Win64; x64; rv:153.0) Gecko/20100101 Firefox/153.0"
[06/Aug/2026:03:19:35 +0000] 0:0:0:0:0:0:0:1 1xx8umip2hbnt1ifmk4htlnnv30.rn0 "GET /console/assets/appmon/js/dashboard-viewer.js HTTP/1.1" 200 5731 "http://localhost:8082/console/appmon/dashboard/" "Mozilla/5.0 (Windows NT 10.0; Win64; x64; rv:153.0) Gecko/20100101 Firefox/153.0"
[06/Aug/2026:03:19:35 +0000] 0:0:0:0:0:0:0:1 1xx8umip2hbnt1ifmk4htlnnv30.rn0 "GET /console/appmon/config/data?appsToSubscribe= HTTP/1.1" 200 1300 "http://localhost:8082/console/appmon/dashboard/" "Mozilla/5.0 (Windows NT 10.0; Win64; x64; rv:153.0) Gecko/20100101 Firefox/153.0"
[06/Aug/2026:03:19:35 +0000] 0:0:0:0:0:0:0:1 1xx8umip2hbnt1ifmk4htlnnv30.rn0 "GET /console/nodes/localhost/appmon/websocket/Mb5UXAupq0rcNRGJRUz32AGUGCphztp7NvPoLkb4LIjqICfRWZoQKdr-ChkS2fFjT-ryIK9jK5A HTTP/1.1" 101 - "-" "Mozilla/5.0 (Windows NT 10.0; Win64; x64; rv:153.0) Gecko/20100101 Firefox/153.0"
[06/Aug/2026:03:20:25 +0000] 0:0:0:0:0:0:0:1 1xx8umip2hbnt1ifmk4htlnnv30.rn0 "GET /console/nodes/localhost/appmon/websocket/Mb5UXAupq0rcNRGJRUz32AGUGCphztp7NvPoLkb4LIjqICfRWZoQKdr-ChkS2fFjT-ryIK9jK5A HTTP/1.1" 404 73 "-" "Mozilla/5.0 (Windows NT 10.0; Win64; x64; rv:153.0) Gecko/20100101 Firefox/153.0"
[06/Aug/2026:03:20:39 +0000] 0:0:0:0:0:0:0:1 1xx8umip2hbnt1ifmk4htlnnv30.rn0 "GET /console/nodes/localhost/appmon/websocket/Mb5UXAupq0rcNRGJRUz32AGUGCphztp7NvPoLkb4LIjqICfRWZoQKdr-ChkS2fFjT-ryIK9jK5A HTTP/1.1" 101 - "-" "Mozilla/5.0 (Windows NT 10.0; Win64; x64; rv:153.0) Gecko/20100101 Firefox/153.0"
[06/Aug/2026:03:20:39 +0000] 0:0:0:0:0:0:0:1 1xx8umip2hbnt1ifmk4htlnnv30.rn0 "GET /console/appmon/dashboard/ HTTP/1.1" 200 5370 "http://localhost:8082/console/cluster/commands/" "Mozilla/5.0 (Windows NT 10.0; Win64; x64; rv:153.0) Gecko/20100101 Firefox/153.0"
[06/Aug/2026:03:20:39 +0000] 0:0:0:0:0:0:0:1 1xx8umip2hbnt1ifmk4htlnnv30.rn0 "GET /console/assets/css/console.css HTTP/1.1" 200 1059 "http://localhost:8082/console/appmon/dashboard/" "Mozilla/5.0 (Windows NT 10.0; Win64; x64; rv:153.0) Gecko/20100101 Firefox/153.0"
[06/Aug/2026:03:20:39 +0000] 0:0:0:0:0:0:0:1 1xx8umip2hbnt1ifmk4htlnnv30.rn0 "GET /console/assets/appmon/css/appmon.css HTTP/1.1" 200 3191 "http://localhost:8082/console/appmon/dashboard/" "Mozilla/5.0 (Windows NT 10.0; Win64; x64; rv:153.0) Gecko/20100101 Firefox/153.0"
[06/Aug/2026:03:20:39 +0000] 0:0:0:0:0:0:0:1 1xx8umip2hbnt1ifmk4htlnnv30.rn0 "GET /console/assets/appmon/css/appmon-dark.css HTTP/1.1" 200 1511 "http://localhost:8082/console/appmon/dashboard/" "Mozilla/5.0 (Windows NT 10.0; Win64; x64; rv:153.0) Gecko/20100101 Firefox/153.0"
[06/Aug/2026:03:20:39 +0000] 0:0:0:0:0:0:0:1 1xx8umip2hbnt1ifmk4htlnnv30.rn0 "GET /console/assets/appmon/js/dashboard-builder.js HTTP/1.1" 200 7850 "http://localhost:8082/console/appmon/dashboard/" "Mozilla/5.0 (Windows NT 10.0; Win64; x64; rv:153.0) Gecko/20100101 Firefox/153.0"
[06/Aug/2026:03:20:39 +0000] 0:0:0:0:0:0:0:1 1xx8umip2hbnt1ifmk4htlnnv30.rn0 "GET /console/assets/appmon/js/dashboard-viewer.js HTTP/1.1" 200 5731 "http://localhost:8082/console/appmon/dashboard/" "Mozilla/5.0 (Windows NT 10.0; Win64; x64; rv:153.0) Gecko/20100101 Firefox/153.0"
[06/Aug/2026:03:20:39 +0000] 0:0:0:0:0:0:0:1 1xx8umip2hbnt1ifmk4htlnnv30.rn0 "GET /console/assets/appmon/js/dashboard-chart.js HTTP/1.1" 200 2242 "http://localhost:8082/console/appmon/dashboard/" "Mozilla/5.0 (Windows NT 10.0; Win64; x64; rv:153.0) Gecko/20100101 Firefox/153.0"
[06/Aug/2026:03:20:39 +0000] 0:0:0:0:0:0:0:1 1xx8umip2hbnt1ifmk4htlnnv30.rn0 "GET /console/assets/appmon/js/traffic-painter.js HTTP/1.1" 200 2065 "http://localhost:8082/console/appmon/dashboard/" "Mozilla/5.0 (Windows NT 10.0; Win64; x64; rv:153.0) Gecko/20100101 Firefox/153.0"
[06/Aug/2026:03:20:39 +0000] 0:0:0:0:0:0:0:1 1xx8umip2hbnt1ifmk4htlnnv30.rn0 "GET /console/assets/appmon/js/base-client.js HTTP/1.1" 200 1673 "http://localhost:8082/console/appmon/dashboard/" "Mozilla/5.0 (Windows NT 10.0; Win64; x64; rv:153.0) Gecko/20100101 Firefox/153.0"
[06/Aug/2026:03:20:39 +0000] 0:0:0:0:0:0:0:1 1xx8umip2hbnt1ifmk4htlnnv30.rn0 "GET /console/assets/appmon/js/websocket-client.js HTTP/1.1" 200 2637 "http://localhost:8082/console/appmon/dashboard/" "Mozilla/5.0 (Windows NT 10.0; Win64; x64; rv:153.0) Gecko/20100101 Firefox/153.0"
[06/Aug/2026:03:20:39 +0000] 0:0:0:0:0:0:0:1 1xx8umip2hbnt1ifmk4htlnnv30.rn0 "GET /console/assets/appmon/js/polling-client.js HTTP/1.1" 200 2503 "http://localhost:8082/console/appmon/dashboard/" "Mozilla/5.0 (Windows NT 10.0; Win64; x64; rv:153.0) Gecko/20100101 Firefox/153.0"
[06/Aug/2026:03:20:39 +0000] 0:0:0:0:0:0:0:1 1xx8umip2hbnt1ifmk4htlnnv30.rn0 "GET /console/appmon/config/data?appsToSubscribe= HTTP/1.1" 200 1292 "http://localhost:8082/console/appmon/dashboard/" "Mozilla/5.0 (Windows NT 10.0; Win64; x64; rv:153.0) Gecko/20100101 Firefox/153.0"
[06/Aug/2026:03:20:39 +0000] 0:0:0:0:0:0:0:1 1xx8umip2hbnt1ifmk4htlnnv30.rn0 "GET /console/nodes/localhost/appmon/websocket/Mdwbt4JkA1_QnyT9BdO_3s8R3WeVw3xX5_r_cO3PuhMLueQcIzzdlbgYs6pGban3Zh01VcOh9o8 HTTP/1.1" 101 - "-" "Mozilla/5.0 (Windows NT 10.0; Win64; x64; rv:153.0) Gecko/20100101 Firefox/153.0"
[06/Aug/2026:03:20:46 +0000] 0:0:0:0:0:0:0:1 1xx8umip2hbnt1ifmk4htlnnv30.rn0 "GET /console/appmon/dashboard/ HTTP/1.1" 200 5370 "http://localhost:8082/console/appmon/dashboard/" "Mozilla/5.0 (Windows NT 10.0; Win64; x64; rv:153.0) Gecko/20100101 Firefox/153.0"
[06/Aug/2026:03:20:46 +0000] 0:0:0:0:0:0:0:1 1xx8umip2hbnt1ifmk4htlnnv30.rn0 "GET /console/assets/css/console.css HTTP/1.1" 200 1059 "http://localhost:8082/console/appmon/dashboard/" "Mozilla/5.0 (Windows NT 10.0; Win64; x64; rv:153.0) Gecko/20100101 Firefox/153.0"
[06/Aug/2026:03:20:46 +0000] 0:0:0:0:0:0:0:1 1xx8umip2hbnt1ifmk4htlnnv30.rn0 "GET /console/assets/appmon/css/appmon.css HTTP/1.1" 200 3191 "http://localhost:8082/console/appmon/dashboard/" "Mozilla/5.0 (Windows NT 10.0; Win64; x64; rv:153.0) Gecko/20100101 Firefox/153.0"
[06/Aug/2026:03:20:46 +0000] 0:0:0:0:0:0:0:1 1xx8umip2hbnt1ifmk4htlnnv30.rn0 "GET /console/assets/appmon/css/appmon-dark.css HTTP/1.1" 200 1511 "http://localhost:8082/console/appmon/dashboard/" "Mozilla/5.0 (Windows NT 10.0; Win64; x64; rv:153.0) Gecko/20100101 Firefox/153.0"
[06/Aug/2026:03:20:46 +0000] 0:0:0:0:0:0:0:1 1xx8umip2hbnt1ifmk4htlnnv30.rn0 "GET /console/assets/appmon/js/dashboard-builder.js HTTP/1.1" 200 7850 "http://localhost:8082/console/appmon/dashboard/" "Mozilla/5.0 (Windows NT 10.0; Win64; x64; rv:153.0) Gecko/20100101 Firefox/153.0"
[06/Aug/2026:03:20:46 +0000] 0:0:0:0:0:0:0:1 1xx8umip2hbnt1ifmk4htlnnv30.rn0 "GET /console/assets/appmon/js/dashboard-viewer.js HTTP/1.1" 200 5731 "http://localhost:8082/console/appmon/dashboard/" "Mozilla/5.0 (Windows NT 10.0; Win64; x64; rv:153.0) Gecko/20100101 Firefox/153.0"
[06/Aug/2026:03:20:46 +0000] 0:0:0:0:0:0:0:1 1xx8umip2hbnt1ifmk4htlnnv30.rn0 "GET /console/assets/appmon/js/dashboard-chart.js HTTP/1.1" 200 2242 "http://localhost:8082/console/appmon/dashboard/" "Mozilla/5.0 (Windows NT 10.0; Win64; x64; rv:153.0) Gecko/20100101 Firefox/153.0"
[06/Aug/2026:03:20:46 +0000] 0:0:0:0:0:0:0:1 1xx8umip2hbnt1ifmk4htlnnv30.rn0 "GET /console/assets/appmon/js/traffic-painter.js HTTP/1.1" 200 2065 "http://localhost:8082/console/appmon/dashboard/" "Mozilla/5.0 (Windows NT 10.0; Win64; x64; rv:153.0) Gecko/20100101 Firefox/153.0"
[06/Aug/2026:03:20:46 +0000] 0:0:0:0:0:0:0:1 1xx8umip2hbnt1ifmk4htlnnv30.rn0 "GET /console/assets/appmon/js/base-client.js HTTP/1.1" 200 1673 "http://localhost:8082/console/appmon/dashboard/" "Mozilla/5.0 (Windows NT 10.0; Win64; x64; rv:153.0) Gecko/20100101 Firefox/153.0"
[06/Aug/2026:03:20:46 +0000] 0:0:0:0:0:0:0:1 1xx8umip2hbnt1ifmk4htlnnv30.rn0 "GET /console/assets/appmon/js/websocket-client.js HTTP/1.1" 200 2637 "http://localhost:8082/console/appmon/dashboard/" "Mozilla/5.0 (Windows NT 10.0; Win64; x64; rv:153.0) Gecko/20100101 Firefox/153.0"
[06/Aug/2026:03:20:46 +0000] 0:0:0:0:0:0:0:1 1xx8umip2hbnt1ifmk4htlnnv30.rn0 "GET /console/assets/appmon/js/polling-client.js HTTP/1.1" 200 2503 "http://localhost:8082/console/appmon/dashboard/" "Mozilla/5.0 (Windows NT 10.0; Win64; x64; rv:153.0) Gecko/20100101 Firefox/153.0"
[06/Aug/2026:03:20:47 +0000] 0:0:0:0:0:0:0:1 1xx8umip2hbnt1ifmk4htlnnv30.rn0 "GET /console/appmon/config/data?appsToSubscribe= HTTP/1.1" 200 1293 "http://localhost:8082/console/appmon/dashboard/" "Mozilla/5.0 (Windows NT 10.0; Win64; x64; rv:153.0) Gecko/20100101 Firefox/153.0"
[06/Aug/2026:03:20:47 +0000] 0:0:0:0:0:0:0:1 1xx8umip2hbnt1ifmk4htlnnv30.rn0 "GET /console/nodes/localhost/appmon/websocket/mDUJ2gLZQcOmP3mNMDvG7MyxGRsSw9ouV3sHdgsobKZgNXeXsFgOyG7agRxMUD9kBtgVF_qPXNw HTTP/1.1" 101 - "-" "Mozilla/5.0 (Windows NT 10.0; Win64; x64; rv:153.0) Gecko/20100101 Firefox/153.0"
[06/Aug/2026:03:21:20 +0000] 0:0:0:0:0:0:0:1 1xx8umip2hbnt1ifmk4htlnnv30.rn0 "GET /console/appmon/dashboard/ HTTP/1.1" 200 5370 "http://localhost:8082/console/appmon/dashboard/" "Mozilla/5.0 (Windows NT 10.0; Win64; x64; rv:153.0) Gecko/20100101 Firefox/153.0"
[06/Aug/2026:03:21:20 +0000] 0:0:0:0:0:0:0:1 1xx8umip2hbnt1ifmk4htlnnv30.rn0 "GET /console/assets/css/console.css HTTP/1.1" 200 1059 "http://localhost:8082/console/appmon/dashboard/" "Mozilla/5.0 (Windows NT 10.0; Win64; x64; rv:153.0) Gecko/20100101 Firefox/153.0"
[06/Aug/2026:03:21:20 +0000] 0:0:0:0:0:0:0:1 1xx8umip2hbnt1ifmk4htlnnv30.rn0 "GET /console/assets/appmon/css/appmon.css HTTP/1.1" 200 3191 "http://localhost:8082/console/appmon/dashboard/" "Mozilla/5.0 (Windows NT 10.0; Win64; x64; rv:153.0) Gecko/20100101 Firefox/153.0"
[06/Aug/2026:03:21:20 +0000] 0:0:0:0:0:0:0:1 1xx8umip2hbnt1ifmk4htlnnv30.rn0 "GET /console/assets/appmon/css/appmon-dark.css HTTP/1.1" 200 1511 "http://localhost:8082/console/appmon/dashboard/" "Mozilla/5.0 (Windows NT 10.0; Win64; x64; rv:153.0) Gecko/20100101 Firefox/153.0"
[06/Aug/2026:03:21:20 +0000] 0:0:0:0:0:0:0:1 1xx8umip2hbnt1ifmk4htlnnv30.rn0 "GET /console/assets/appmon/js/dashboard-builder.js HTTP/1.1" 200 7850 "http://localhost:8082/console/appmon/dashboard/" "Mozilla/5.0 (Windows NT 10.0; Win64; x64; rv:153.0) Gecko/20100101 Firefox/153.0"
[06/Aug/2026:03:21:20 +0000] 0:0:0:0:0:0:0:1 1xx8umip2hbnt1ifmk4htlnnv30.rn0 "GET /console/assets/appmon/js/dashboard-viewer.js HTTP/1.1" 200 5731 "http://localhost:8082/console/appmon/dashboard/" "Mozilla/5.0 (Windows NT 10.0; Win64; x64; rv:153.0) Gecko/20100101 Firefox/153.0"
[06/Aug/2026:03:21:20 +0000] 0:0:0:0:0:0:0:1 1xx8umip2hbnt1ifmk4htlnnv30.rn0 "GET /console/assets/appmon/js/dashboard-chart.js HTTP/1.1" 200 2242 "http://localhost:8082/console/appmon/dashboard/" "Mozilla/5.0 (Windows NT 10.0; Win64; x64; rv:153.0) Gecko/20100101 Firefox/153.0"
[06/Aug/2026:03:21:20 +0000] 0:0:0:0:0:0:0:1 1xx8umip2hbnt1ifmk4htlnnv30.rn0 "GET /console/assets/appmon/js/traffic-painter.js HTTP/1.1" 200 2065 "http://localhost:8082/console/appmon/dashboard/" "Mozilla/5.0 (Windows NT 10.0; Win64; x64; rv:153.0) Gecko/20100101 Firefox/153.0"
[06/Aug/2026:03:21:20 +0000] 0:0:0:0:0:0:0:1 1xx8umip2hbnt1ifmk4htlnnv30.rn0 "GET /console/assets/appmon/js/base-client.js HTTP/1.1" 200 1673 "http://localhost:8082/console/appmon/dashboard/" "Mozilla/5.0 (Windows NT 10.0; Win64; x64; rv:153.0) Gecko/20100101 Firefox/153.0"
[06/Aug/2026:03:21:20 +0000] 0:0:0:0:0:0:0:1 1xx8umip2hbnt1ifmk4htlnnv30.rn0 "GET /console/assets/appmon/js/websocket-client.js HTTP/1.1" 200 2637 "http://localhost:8082/console/appmon/dashboard/" "Mozilla/5.0 (Windows NT 10.0; Win64; x64; rv:153.0) Gecko/20100101 Firefox/153.0"
[06/Aug/2026:03:21:20 +0000] 0:0:0:0:0:0:0:1 1xx8umip2hbnt1ifmk4htlnnv30.rn0 "GET /console/assets/appmon/js/polling-client.js HTTP/1.1" 200 2503 "http://localhost:8082/console/appmon/dashboard/" "Mozilla/5.0 (Windows NT 10.0; Win64; x64; rv:153.0) Gecko/20100101 Firefox/153.0"
[06/Aug/2026:03:21:22 +0000] 0:0:0:0:0:0:0:1 1xx8umip2hbnt1ifmk4htlnnv30.rn0 "GET /console/appmon/config/data?appsToSubscribe= HTTP/1.1" 200 1293 "http://localhost:8082/console/appmon/dashboard/" "Mozilla/5.0 (Windows NT 10.0; Win64; x64; rv:153.0) Gecko/20100101 Firefox/153.0"
[06/Aug/2026:03:21:22 +0000] 0:0:0:0:0:0:0:1 1xx8umip2hbnt1ifmk4htlnnv30.rn0 "GET /console/nodes/localhost/appmon/websocket/1MFqY7wFuyMBXd6n-BU217PlRxLoHnfQpe0Bzk6fuSiFPOLl_n7VH_26xZKTl4LTPL3WpWEehGo HTTP/1.1" 101 - "-" "Mozilla/5.0 (Windows NT 10.0; Win64; x64; rv:153.0) Gecko/20100101 Firefox/153.0"
[06/Aug/2026:03:24:04 +0000] 0:0:0:0:0:0:0:1 1xx8umip2hbnt1ifmk4htlnnv30.rn0 "GET /console/appmon/dashboard/ HTTP/1.1" 200 5370 "http://localhost:8082/console/appmon/dashboard/" "Mozilla/5.0 (Windows NT 10.0; Win64; x64; rv:153.0) Gecko/20100101 Firefox/153.0"
[06/Aug/2026:03:24:04 +0000] 0:0:0:0:0:0:0:1 1xx8umip2hbnt1ifmk4htlnnv30.rn0 "GET /console/assets/appmon/css/appmon.css HTTP/1.1" 200 3191 "http://localhost:8082/console/appmon/dashboard/" "Mozilla/5.0 (Windows NT 10.0; Win64; x64; rv:153.0) Gecko/20100101 Firefox/153.0"
[06/Aug/2026:03:24:04 +0000] 0:0:0:0:0:0:0:1 1xx8umip2hbnt1ifmk4htlnnv30.rn0 "GET /console/assets/css/console.css HTTP/1.1" 200 1059 "http://localhost:8082/console/appmon/dashboard/" "Mozilla/5.0 (Windows NT 10.0; Win64; x64; rv:153.0) Gecko/20100101 Firefox/153.0"
[06/Aug/2026:03:24:04 +0000] 0:0:0:0:0:0:0:1 1xx8umip2hbnt1ifmk4htlnnv30.rn0 "GET /console/assets/appmon/js/traffic-painter.js HTTP/1.1" 200 2065 "http://localhost:8082/console/appmon/dashboard/" "Mozilla/5.0 (Windows NT 10.0; Win64; x64; rv:153.0) Gecko/20100101 Firefox/153.0"
[06/Aug/2026:03:24:04 +0000] 0:0:0:0:0:0:0:1 1xx8umip2hbnt1ifmk4htlnnv30.rn0 "GET /console/assets/appmon/js/base-client.js HTTP/1.1" 200 1673 "http://localhost:8082/console/appmon/dashboard/" "Mozilla/5.0 (Windows NT 10.0; Win64; x64; rv:153.0) Gecko/20100101 Firefox/153.0"
[06/Aug/2026:03:24:04 +0000] 0:0:0:0:0:0:0:1 1xx8umip2hbnt1ifmk4htlnnv30.rn0 "GET /console/assets/appmon/js/dashboard-builder.js HTTP/1.1" 200 7850 "http://localhost:8082/console/appmon/dashboard/" "Mozilla/5.0 (Windows NT 10.0; Win64; x64; rv:153.0) Gecko/20100101 Firefox/153.0"
[06/Aug/2026:03:24:04 +0000] 0:0:0:0:0:0:0:1 1xx8umip2hbnt1ifmk4htlnnv30.rn0 "GET /console/assets/appmon/js/websocket-client.js HTTP/1.1" 200 2637 "http://localhost:8082/console/appmon/dashboard/" "Mozilla/5.0 (Windows NT 10.0; Win64; x64; rv:153.0) Gecko/20100101 Firefox/153.0"
[06/Aug/2026:03:24:04 +0000] 0:0:0:0:0:0:0:1 1xx8umip2hbnt1ifmk4htlnnv30.rn0 "GET /console/assets/appmon/css/appmon-dark.css HTTP/1.1" 200 1511 "http://localhost:8082/console/appmon/dashboard/" "Mozilla/5.0 (Windows NT 10.0; Win64; x64; rv:153.0) Gecko/20100101 Firefox/153.0"
[06/Aug/2026:03:24:04 +0000] 0:0:0:0:0:0:0:1 1xx8umip2hbnt1ifmk4htlnnv30.rn0 "GET /console/assets/appmon/js/polling-client.js HTTP/1.1" 200 2503 "http://localhost:8082/console/appmon/dashboard/" "Mozilla/5.0 (Windows NT 10.0; Win64; x64; rv:153.0) Gecko/20100101 Firefox/153.0"
[06/Aug/2026:03:24:04 +0000] 0:0:0:0:0:0:0:1 1xx8umip2hbnt1ifmk4htlnnv30.rn0 "GET /console/assets/appmon/js/dashboard-chart.js HTTP/1.1" 200 2242 "http://localhost:8082/console/appmon/dashboard/" "Mozilla/5.0 (Windows NT 10.0; Win64; x64; rv:153.0) Gecko/20100101 Firefox/153.0"
[06/Aug/2026:03:24:04 +0000] 0:0:0:0:0:0:0:1 1xx8umip2hbnt1ifmk4htlnnv30.rn0 "GET /console/assets/appmon/js/dashboard-viewer.js HTTP/1.1" 200 5731 "http://localhost:8082/console/appmon/dashboard/" "Mozilla/5.0 (Windows NT 10.0; Win64; x64; rv:153.0) Gecko/20100101 Firefox/153.0"
[06/Aug/2026:03:24:04 +0000] 0:0:0:0:0:0:0:1 1xx8umip2hbnt1ifmk4htlnnv30.rn0 "GET /console/appmon/config/data?appsToSubscribe= HTTP/1.1" 200 1188 "http://localhost:8082/console/appmon/dashboard/" "Mozilla/5.0 (Windows NT 10.0; Win64; x64; rv:153.0) Gecko/20100101 Firefox/153.0"
[06/Aug/2026:03:24:04 +0000] 0:0:0:0:0:0:0:1 1xx8umip2hbnt1ifmk4htlnnv30.rn0 "GET /console/nodes/localhost/appmon/websocket/GnhphdL5iiU4r6NhQU1Nd7KJBtIYXZnQs1aWMM-KNolHtgyQOJvLvBjWyRbPEcQi5UDQa1U0HGs HTTP/1.1" 101 - "-" "Mozilla/5.0 (Windows NT 10.0; Win64; x64; rv:153.0) Gecko/20100101 Firefox/153.0"
[06/Aug/2026:03:25:15 +0000] 0:0:0:0:0:0:0:1 1xx8umip2hbnt1ifmk4htlnnv30.rn0 "GET /console/assets/css/console.css HTTP/1.1" 200 1059 "http://localhost:8082/console/cluster/nodes/" "Mozilla/5.0 (Windows NT 10.0; Win64; x64; rv:153.0) Gecko/20100101 Firefox/153.0"
[06/Aug/2026:03:25:15 +0000] 0:0:0:0:0:0:0:1 1xx8umip2hbnt1ifmk4htlnnv30.rn0 "GET /console/cluster/nodes/ HTTP/1.1" 200 9638 "http://localhost:8082/console/appmon/dashboard/" "Mozilla/5.0 (Windows NT 10.0; Win64; x64; rv:153.0) Gecko/20100101 Firefox/153.0"
[06/Aug/2026:03:25:15 +0000] 0:0:0:0:0:0:0:1 1xx8umip2hbnt1ifmk4htlnnv30.rn0 "GET /console/assets/js/console-client.js HTTP/1.1" 200 3652 "http://localhost:8082/console/cluster/nodes/" "Mozilla/5.0 (Windows NT 10.0; Win64; x64; rv:153.0) Gecko/20100101 Firefox/153.0"
[06/Aug/2026:03:25:15 +0000] 0:0:0:0:0:0:0:1 1xx8umip2hbnt1ifmk4htlnnv30.rn0 "GET /console/cluster/token HTTP/1.1" 200 126 "http://localhost:8082/console/cluster/nodes/" "Mozilla/5.0 (Windows NT 10.0; Win64; x64; rv:153.0) Gecko/20100101 Firefox/153.0"
[06/Aug/2026:03:25:16 +0000] 0:0:0:0:0:0:0:1 1xx8umip2hbnt1ifmk4htlnnv30.rn0 "GET /console/nodes/localhost-console1/websocket/GNui_zoE9PWFX-JT2WdKwalDQWO_2DV2aBWOrWU8LpF8Ga8qcFgKLv_q32DtHVT8uECI6sni8zk HTTP/1.1" 101 - "-" "Mozilla/5.0 (Windows NT 10.0; Win64; x64; rv:153.0) Gecko/20100101 Firefox/153.0"
[06/Aug/2026:03:25:20 +0000] 0:0:0:0:0:0:0:1 1xx8umip2hbnt1ifmk4htlnnv30.rn0 "GET /console/cluster/commands/ HTTP/1.1" 200 10795 "http://localhost:8082/console/cluster/nodes/" "Mozilla/5.0 (Windows NT 10.0; Win64; x64; rv:153.0) Gecko/20100101 Firefox/153.0"
[06/Aug/2026:03:25:20 +0000] 0:0:0:0:0:0:0:1 1xx8umip2hbnt1ifmk4htlnnv30.rn0 "GET /console/assets/css/console.css HTTP/1.1" 200 1059 "http://localhost:8082/console/cluster/commands/" "Mozilla/5.0 (Windows NT 10.0; Win64; x64; rv:153.0) Gecko/20100101 Firefox/153.0"
[06/Aug/2026:03:25:20 +0000] 0:0:0:0:0:0:0:1 1xx8umip2hbnt1ifmk4htlnnv30.rn0 "GET /console/assets/js/console-client.js HTTP/1.1" 200 3652 "http://localhost:8082/console/cluster/commands/" "Mozilla/5.0 (Windows NT 10.0; Win64; x64; rv:153.0) Gecko/20100101 Firefox/153.0"
[06/Aug/2026:03:25:20 +0000] 0:0:0:0:0:0:0:1 1xx8umip2hbnt1ifmk4htlnnv30.rn0 "GET /console/cluster/token HTTP/1.1" 200 126 "http://localhost:8082/console/cluster/commands/" "Mozilla/5.0 (Windows NT 10.0; Win64; x64; rv:153.0) Gecko/20100101 Firefox/153.0"
[06/Aug/2026:03:25:20 +0000] 0:0:0:0:0:0:0:1 1xx8umip2hbnt1ifmk4htlnnv30.rn0 "GET /console/cluster/token HTTP/1.1" 200 126 "http://localhost:8082/console/cluster/commands/" "Mozilla/5.0 (Windows NT 10.0; Win64; x64; rv:153.0) Gecko/20100101 Firefox/153.0"
[06/Aug/2026:03:25:20 +0000] 0:0:0:0:0:0:0:1 1xx8umip2hbnt1ifmk4htlnnv30.rn0 "GET /console/nodes/localhost-console1/commands/websocket/bqOls7tDFKNT-vstX2YIxNHMdbPqTFBs1_BXeb4qOUmOk06qdo1E9sjKzzfCAgIdIpG9mDRTLRU HTTP/1.1" 101 - "-" "Mozilla/5.0 (Windows NT 10.0; Win64; x64; rv:153.0) Gecko/20100101 Firefox/153.0"
[06/Aug/2026:03:25:24 +0000] 0:0:0:0:0:0:0:1 1xx8umip2hbnt1ifmk4htlnnv30.rn0 "GET /console/cluster/commands/ HTTP/1.1" 200 10795 "http://localhost:8082/console/cluster/commands/" "Mozilla/5.0 (Windows NT 10.0; Win64; x64; rv:153.0) Gecko/20100101 Firefox/153.0"
[06/Aug/2026:03:25:24 +0000] 0:0:0:0:0:0:0:1 1xx8umip2hbnt1ifmk4htlnnv30.rn0 "GET /console/assets/css/console.css HTTP/1.1" 200 1059 "http://localhost:8082/console/cluster/commands/" "Mozilla/5.0 (Windows NT 10.0; Win64; x64; rv:153.0) Gecko/20100101 Firefox/153.0"
[06/Aug/2026:03:25:24 +0000] 0:0:0:0:0:0:0:1 1xx8umip2hbnt1ifmk4htlnnv30.rn0 "GET /console/assets/js/console-client.js HTTP/1.1" 200 3652 "http://localhost:8082/console/cluster/commands/" "Mozilla/5.0 (Windows NT 10.0; Win64; x64; rv:153.0) Gecko/20100101 Firefox/153.0"
[06/Aug/2026:03:25:24 +0000] 0:0:0:0:0:0:0:1 1xx8umip2hbnt1ifmk4htlnnv30.rn0 "GET /console/cluster/token HTTP/1.1" 200 126 "http://localhost:8082/console/cluster/commands/" "Mozilla/5.0 (Windows NT 10.0; Win64; x64; rv:153.0) Gecko/20100101 Firefox/153.0"
[06/Aug/2026:03:25:24 +0000] 0:0:0:0:0:0:0:1 1xx8umip2hbnt1ifmk4htlnnv30.rn0 "GET /console/cluster/token HTTP/1.1" 200 126 "http://localhost:8082/console/cluster/commands/" "Mozilla/5.0 (Windows NT 10.0; Win64; x64; rv:153.0) Gecko/20100101 Firefox/153.0"
[06/Aug/2026:03:25:24 +0000] 0:0:0:0:0:0:0:1 1xx8umip2hbnt1ifmk4htlnnv30.rn0 "GET /console/nodes/localhost-console1/commands/websocket/j5hC08Q3EAkfvB9qL7IivY0VWNEGhK0zDGGPx9mwiRXpOikIj2oOoGJo5S0nsC-M4Nvk6a9j-I0 HTTP/1.1" 101 - "-" "Mozilla/5.0 (Windows NT 10.0; Win64; x64; rv:153.0) Gecko/20100101 Firefox/153.0"
[06/Aug/2026:03:25:39 +0000] 0:0:0:0:0:0:0:1 1xx8umip2hbnt1ifmk4htlnnv30.rn0 "GET /console/cluster/nodes/ HTTP/1.1" 200 9638 "http://localhost:8082/console/cluster/commands/" "Mozilla/5.0 (Windows NT 10.0; Win64; x64; rv:153.0) Gecko/20100101 Firefox/153.0"
[06/Aug/2026:03:25:39 +0000] 0:0:0:0:0:0:0:1 1xx8umip2hbnt1ifmk4htlnnv30.rn0 "GET /console/assets/css/console.css HTTP/1.1" 200 1059 "http://localhost:8082/console/cluster/nodes/" "Mozilla/5.0 (Windows NT 10.0; Win64; x64; rv:153.0) Gecko/20100101 Firefox/153.0"
[06/Aug/2026:03:25:39 +0000] 0:0:0:0:0:0:0:1 1xx8umip2hbnt1ifmk4htlnnv30.rn0 "GET /console/assets/js/console-client.js HTTP/1.1" 200 3652 "http://localhost:8082/console/cluster/nodes/" "Mozilla/5.0 (Windows NT 10.0; Win64; x64; rv:153.0) Gecko/20100101 Firefox/153.0"
[06/Aug/2026:03:25:39 +0000] 0:0:0:0:0:0:0:1 1xx8umip2hbnt1ifmk4htlnnv30.rn0 "GET /console/cluster/token HTTP/1.1" 200 126 "http://localhost:8082/console/cluster/nodes/" "Mozilla/5.0 (Windows NT 10.0; Win64; x64; rv:153.0) Gecko/20100101 Firefox/153.0"
[06/Aug/2026:03:25:39 +0000] 0:0:0:0:0:0:0:1 1xx8umip2hbnt1ifmk4htlnnv30.rn0 "GET /console/nodes/localhost-console1/websocket/IVJ9aYl39zGxJfBdC4UMynAinpOhdumVXwVcwI2kZnB7qlPieoTxdJDM7LzEXCPFLbNmIskpbQA HTTP/1.1" 101 - "-" "Mozilla/5.0 (Windows NT 10.0; Win64; x64; rv:153.0) Gecko/20100101 Firefox/153.0"
[06/Aug/2026:03:27:07 +0000] 0:0:0:0:0:0:0:1 1xx8umip2hbnt1ifmk4htlnnv30.rn0 "GET /console/appmon/dashboard/ HTTP/1.1" 200 5370 "http://localhost:8082/console/cluster/nodes/" "Mozilla/5.0 (Windows NT 10.0; Win64; x64; rv:153.0) Gecko/20100101 Firefox/153.0"
[06/Aug/2026:03:27:07 +0000] 0:0:0:0:0:0:0:1 1xx8umip2hbnt1ifmk4htlnnv30.rn0 "GET /console/assets/css/console.css HTTP/1.1" 200 1059 "http://localhost:8082/console/appmon/dashboard/" "Mozilla/5.0 (Windows NT 10.0; Win64; x64; rv:153.0) Gecko/20100101 Firefox/153.0"
[06/Aug/2026:03:27:07 +0000] 0:0:0:0:0:0:0:1 1xx8umip2hbnt1ifmk4htlnnv30.rn0 "GET /console/assets/appmon/js/dashboard-viewer.js HTTP/1.1" 200 5731 "http://localhost:8082/console/appmon/dashboard/" "Mozilla/5.0 (Windows NT 10.0; Win64; x64; rv:153.0) Gecko/20100101 Firefox/153.0"
[06/Aug/2026:03:27:07 +0000] 0:0:0:0:0:0:0:1 1xx8umip2hbnt1ifmk4htlnnv30.rn0 "GET /console/assets/appmon/css/appmon.css HTTP/1.1" 200 3191 "http://localhost:8082/console/appmon/dashboard/" "Mozilla/5.0 (Windows NT 10.0; Win64; x64; rv:153.0) Gecko/20100101 Firefox/153.0"
[06/Aug/2026:03:27:07 +0000] 0:0:0:0:0:0:0:1 1xx8umip2hbnt1ifmk4htlnnv30.rn0 "GET /console/assets/appmon/js/base-client.js HTTP/1.1" 200 1673 "http://localhost:8082/console/appmon/dashboard/" "Mozilla/5.0 (Windows NT 10.0; Win64; x64; rv:153.0) Gecko/20100101 Firefox/153.0"
[06/Aug/2026:03:27:07 +0000] 0:0:0:0:0:0:0:1 1xx8umip2hbnt1ifmk4htlnnv30.rn0 "GET /console/assets/appmon/js/dashboard-builder.js HTTP/1.1" 200 7850 "http://localhost:8082/console/appmon/dashboard/" "Mozilla/5.0 (Windows NT 10.0; Win64; x64; rv:153.0) Gecko/20100101 Firefox/153.0"
[06/Aug/2026:03:27:07 +0000] 0:0:0:0:0:0:0:1 1xx8umip2hbnt1ifmk4htlnnv30.rn0 "GET /console/assets/appmon/js/polling-client.js HTTP/1.1" 200 2503 "http://localhost:8082/console/appmon/dashboard/" "Mozilla/5.0 (Windows NT 10.0; Win64; x64; rv:153.0) Gecko/20100101 Firefox/153.0"
[06/Aug/2026:03:27:07 +0000] 0:0:0:0:0:0:0:1 1xx8umip2hbnt1ifmk4htlnnv30.rn0 "GET /console/assets/appmon/css/appmon-dark.css HTTP/1.1" 200 1511 "http://localhost:8082/console/appmon/dashboard/" "Mozilla/5.0 (Windows NT 10.0; Win64; x64; rv:153.0) Gecko/20100101 Firefox/153.0"
[06/Aug/2026:03:27:07 +0000] 0:0:0:0:0:0:0:1 1xx8umip2hbnt1ifmk4htlnnv30.rn0 "GET /console/assets/appmon/js/websocket-client.js HTTP/1.1" 200 2637 "http://localhost:8082/console/appmon/dashboard/" "Mozilla/5.0 (Windows NT 10.0; Win64; x64; rv:153.0) Gecko/20100101 Firefox/153.0"
[06/Aug/2026:03:27:07 +0000] 0:0:0:0:0:0:0:1 1xx8umip2hbnt1ifmk4htlnnv30.rn0 "GET /console/assets/appmon/js/dashboard-chart.js HTTP/1.1" 200 2242 "http://localhost:8082/console/appmon/dashboard/" "Mozilla/5.0 (Windows NT 10.0; Win64; x64; rv:153.0) Gecko/20100101 Firefox/153.0"
[06/Aug/2026:03:27:07 +0000] 0:0:0:0:0:0:0:1 1xx8umip2hbnt1ifmk4htlnnv30.rn0 "GET /console/assets/appmon/js/traffic-painter.js HTTP/1.1" 200 2065 "http://localhost:8082/console/appmon/dashboard/" "Mozilla/5.0 (Windows NT 10.0; Win64; x64; rv:153.0) Gecko/20100101 Firefox/153.0"
[06/Aug/2026:03:27:07 +0000] 0:0:0:0:0:0:0:1 1xx8umip2hbnt1ifmk4htlnnv30.rn0 "GET /console/appmon/config/data?appsToSubscribe= HTTP/1.1" 200 1189 "http://localhost:8082/console/appmon/dashboard/" "Mozilla/5.0 (Windows NT 10.0; Win64; x64; rv:153.0) Gecko/20100101 Firefox/153.0"
[06/Aug/2026:03:27:07 +0000] 0:0:0:0:0:0:0:1 1xx8umip2hbnt1ifmk4htlnnv30.rn0 "GET /console/nodes/localhost/appmon/websocket/vFj0ZsErEbV5pnROU1ucpwsC-gDZ4qqL_QoTS1DVGEeqeWuy0aB6D-SawPxuFb6yR_DYjc0XDt8 HTTP/1.1" 101 - "-" "Mozilla/5.0 (Windows NT 10.0; Win64; x64; rv:153.0) Gecko/20100101 Firefox/153.0"
[06/Aug/2026:03:27:22 +0000] 0:0:0:0:0:0:0:1 1xx8umip2hbnt1ifmk4htlnnv30.rn0 "GET /console/ HTTP/1.1" 200 5443 "http://localhost:8082/console/appmon/dashboard/" "Mozilla/5.0 (Windows NT 10.0; Win64; x64; rv:153.0) Gecko/20100101 Firefox/153.0"
[06/Aug/2026:03:27:22 +0000] 0:0:0:0:0:0:0:1 1xx8umip2hbnt1ifmk4htlnnv30.rn0 "GET /console/assets/css/console.css HTTP/1.1" 200 1059 "http://localhost:8082/console/" "Mozilla/5.0 (Windows NT 10.0; Win64; x64; rv:153.0) Gecko/20100101 Firefox/153.0"
[06/Aug/2026:03:27:24 +0000] 0:0:0:0:0:0:0:1 1xx8umip2hbnt1ifmk4htlnnv30.rn0 "GET /console/appmon/dashboard/ HTTP/1.1" 200 5370 "-" "Mozilla/5.0 (Windows NT 10.0; Win64; x64; rv:153.0) Gecko/20100101 Firefox/153.0"
[06/Aug/2026:03:27:24 +0000] 0:0:0:0:0:0:0:1 1xx8umip2hbnt1ifmk4htlnnv30.rn0 "GET /console/assets/css/console.css HTTP/1.1" 200 1059 "http://localhost:8082/console/appmon/dashboard/" "Mozilla/5.0 (Windows NT 10.0; Win64; x64; rv:153.0) Gecko/20100101 Firefox/153.0"
[06/Aug/2026:03:27:24 +0000] 0:0:0:0:0:0:0:1 1xx8umip2hbnt1ifmk4htlnnv30.rn0 "GET /console/assets/appmon/css/appmon.css HTTP/1.1" 200 3191 "http://localhost:8082/console/appmon/dashboard/" "Mozilla/5.0 (Windows NT 10.0; Win64; x64; rv:153.0) Gecko/20100101 Firefox/153.0"
[06/Aug/2026:03:27:24 +0000] 0:0:0:0:0:0:0:1 1xx8umip2hbnt1ifmk4htlnnv30.rn0 "GET /console/assets/appmon/css/appmon-dark.css HTTP/1.1" 200 1511 "http://localhost:8082/console/appmon/dashboard/" "Mozilla/5.0 (Windows NT 10.0; Win64; x64; rv:153.0) Gecko/20100101 Firefox/153.0"
[06/Aug/2026:03:27:24 +0000] 0:0:0:0:0:0:0:1 1xx8umip2hbnt1ifmk4htlnnv30.rn0 "GET /console/assets/appmon/js/dashboard-builder.js HTTP/1.1" 200 7850 "http://localhost:8082/console/appmon/dashboard/" "Mozilla/5.0 (Windows NT 10.0; Win64; x64; rv:153.0) Gecko/20100101 Firefox/153.0"
[06/Aug/2026:03:27:24 +0000] 0:0:0:0:0:0:0:1 1xx8umip2hbnt1ifmk4htlnnv30.rn0 "GET /console/assets/appmon/js/dashboard-viewer.js HTTP/1.1" 200 5731 "http://localhost:8082/console/appmon/dashboard/" "Mozilla/5.0 (Windows NT 10.0; Win64; x64; rv:153.0) Gecko/20100101 Firefox/153.0"
[06/Aug/2026:03:27:24 +0000] 0:0:0:0:0:0:0:1 1xx8umip2hbnt1ifmk4htlnnv30.rn0 "GET /console/assets/appmon/js/dashboard-chart.js HTTP/1.1" 200 2242 "http://localhost:8082/console/appmon/dashboard/" "Mozilla/5.0 (Windows NT 10.0; Win64; x64; rv:153.0) Gecko/20100101 Firefox/153.0"
[06/Aug/2026:03:27:24 +0000] 0:0:0:0:0:0:0:1 1xx8umip2hbnt1ifmk4htlnnv30.rn0 "GET /console/assets/appmon/js/traffic-painter.js HTTP/1.1" 200 2065 "http://localhost:8082/console/appmon/dashboard/" "Mozilla/5.0 (Windows NT 10.0; Win64; x64; rv:153.0) Gecko/20100101 Firefox/153.0"
[06/Aug/2026:03:27:24 +0000] 0:0:0:0:0:0:0:1 1xx8umip2hbnt1ifmk4htlnnv30.rn0 "GET /console/assets/appmon/js/base-client.js HTTP/1.1" 200 1673 "http://localhost:8082/console/appmon/dashboard/" "Mozilla/5.0 (Windows NT 10.0; Win64; x64; rv:153.0) Gecko/20100101 Firefox/153.0"
[06/Aug/2026:03:27:24 +0000] 0:0:0:0:0:0:0:1 1xx8umip2hbnt1ifmk4htlnnv30.rn0 "GET /console/assets/appmon/js/websocket-client.js HTTP/1.1" 200 2637 "http://localhost:8082/console/appmon/dashboard/" "Mozilla/5.0 (Windows NT 10.0; Win64; x64; rv:153.0) Gecko/20100101 Firefox/153.0"
[06/Aug/2026:03:27:24 +0000] 0:0:0:0:0:0:0:1 1xx8umip2hbnt1ifmk4htlnnv30.rn0 "GET /console/assets/appmon/js/polling-client.js HTTP/1.1" 200 2503 "http://localhost:8082/console/appmon/dashboard/" "Mozilla/5.0 (Windows NT 10.0; Win64; x64; rv:153.0) Gecko/20100101 Firefox/153.0"
[06/Aug/2026:03:27:24 +0000] 0:0:0:0:0:0:0:1 1xx8umip2hbnt1ifmk4htlnnv30.rn0 "GET /console/appmon/config/data?appsToSubscribe= HTTP/1.1" 200 1189 "http://localhost:8082/console/appmon/dashboard/" "Mozilla/5.0 (Windows NT 10.0; Win64; x64; rv:153.0) Gecko/20100101 Firefox/153.0"
[06/Aug/2026:03:27:25 +0000] 0:0:0:0:0:0:0:1 1xx8umip2hbnt1ifmk4htlnnv30.rn0 "GET /console/nodes/localhost/appmon/websocket/adG9iV1QWE-VJMdFOX70IjN4-Pnhn0tl5Y1Mi5TG5Xy2mVgv44IAHpLu5omnkYbnhTFsO70hRVY HTTP/1.1" 101 - "-" "Mozilla/5.0 (Windows NT 10.0; Win64; x64; rv:153.0) Gecko/20100101 Firefox/153.0"
[06/Aug/2026:03:29:32 +0000] 0:0:0:0:0:0:0:1 1xx8umip2hbnt1ifmk4htlnnv30.rn0 "GET /console/appmon/dashboard/ HTTP/1.1" 200 5370 "http://localhost:8082/console/appmon/dashboard/" "Mozilla/5.0 (Windows NT 10.0; Win64; x64; rv:153.0) Gecko/20100101 Firefox/153.0"
[06/Aug/2026:03:29:32 +0000] 0:0:0:0:0:0:0:1 1xx8umip2hbnt1ifmk4htlnnv30.rn0 "GET /console/assets/appmon/js/dashboard-builder.js HTTP/1.1" 200 7850 "http://localhost:8082/console/appmon/dashboard/" "Mozilla/5.0 (Windows NT 10.0; Win64; x64; rv:153.0) Gecko/20100101 Firefox/153.0"
[06/Aug/2026:03:29:32 +0000] 0:0:0:0:0:0:0:1 1xx8umip2hbnt1ifmk4htlnnv30.rn0 "GET /console/assets/css/console.css HTTP/1.1" 200 1059 "http://localhost:8082/console/appmon/dashboard/" "Mozilla/5.0 (Windows NT 10.0; Win64; x64; rv:153.0) Gecko/20100101 Firefox/153.0"
[06/Aug/2026:03:29:32 +0000] 0:0:0:0:0:0:0:1 1xx8umip2hbnt1ifmk4htlnnv30.rn0 "GET /console/assets/appmon/js/dashboard-viewer.js HTTP/1.1" 200 5731 "http://localhost:8082/console/appmon/dashboard/" "Mozilla/5.0 (Windows NT 10.0; Win64; x64; rv:153.0) Gecko/20100101 Firefox/153.0"
[06/Aug/2026:03:29:32 +0000] 0:0:0:0:0:0:0:1 1xx8umip2hbnt1ifmk4htlnnv30.rn0 "GET /console/assets/appmon/css/appmon.css HTTP/1.1" 200 3191 "http://localhost:8082/console/appmon/dashboard/" "Mozilla/5.0 (Windows NT 10.0; Win64; x64; rv:153.0) Gecko/20100101 Firefox/153.0"
[06/Aug/2026:03:29:32 +0000] 0:0:0:0:0:0:0:1 1xx8umip2hbnt1ifmk4htlnnv30.rn0 "GET /console/assets/appmon/js/dashboard-chart.js HTTP/1.1" 200 2242 "http://localhost:8082/console/appmon/dashboard/" "Mozilla/5.0 (Windows NT 10.0; Win64; x64; rv:153.0) Gecko/20100101 Firefox/153.0"
[06/Aug/2026:03:29:32 +0000] 0:0:0:0:0:0:0:1 1xx8umip2hbnt1ifmk4htlnnv30.rn0 "GET /console/assets/appmon/js/base-client.js HTTP/1.1" 200 1673 "http://localhost:8082/console/appmon/dashboard/" "Mozilla/5.0 (Windows NT 10.0; Win64; x64; rv:153.0) Gecko/20100101 Firefox/153.0"
[06/Aug/2026:03:29:32 +0000] 0:0:0:0:0:0:0:1 1xx8umip2hbnt1ifmk4htlnnv30.rn0 "GET /console/assets/appmon/js/websocket-client.js HTTP/1.1" 200 2637 "http://localhost:8082/console/appmon/dashboard/" "Mozilla/5.0 (Windows NT 10.0; Win64; x64; rv:153.0) Gecko/20100101 Firefox/153.0"
[06/Aug/2026:03:29:32 +0000] 0:0:0:0:0:0:0:1 1xx8umip2hbnt1ifmk4htlnnv30.rn0 "GET /console/assets/appmon/css/appmon-dark.css HTTP/1.1" 200 1511 "http://localhost:8082/console/appmon/dashboard/" "Mozilla/5.0 (Windows NT 10.0; Win64; x64; rv:153.0) Gecko/20100101 Firefox/153.0"
[06/Aug/2026:03:29:32 +0000] 0:0:0:0:0:0:0:1 1xx8umip2hbnt1ifmk4htlnnv30.rn0 "GET /console/assets/appmon/js/traffic-painter.js HTTP/1.1" 200 2065 "http://localhost:8082/console/appmon/dashboard/" "Mozilla/5.0 (Windows NT 10.0; Win64; x64; rv:153.0) Gecko/20100101 Firefox/153.0"
[06/Aug/2026:03:29:32 +0000] 0:0:0:0:0:0:0:1 1xx8umip2hbnt1ifmk4htlnnv30.rn0 "GET /console/assets/appmon/js/polling-client.js HTTP/1.1" 200 2503 "http://localhost:8082/console/appmon/dashboard/" "Mozilla/5.0 (Windows NT 10.0; Win64; x64; rv:153.0) Gecko/20100101 Firefox/153.0"
[06/Aug/2026:03:29:32 +0000] 0:0:0:0:0:0:0:1 1xx8umip2hbnt1ifmk4htlnnv30.rn0 "GET /console/appmon/config/data?appsToSubscribe= HTTP/1.1" 200 1189 "http://localhost:8082/console/appmon/dashboard/" "Mozilla/5.0 (Windows NT 10.0; Win64; x64; rv:153.0) Gecko/20100101 Firefox/153.0"
[06/Aug/2026:03:29:34 +0000] 0:0:0:0:0:0:0:1 1xx8umip2hbnt1ifmk4htlnnv30.rn0 "GET /console/nodes/localhost/appmon/websocket/uGK8-89UfA2EcC2DXsiZIilZgMH9z7WI0wl5hfenBfyFf_W1Fdf5bXeYD39fNYBEf2eTAgNUgjQ HTTP/1.1" 101 - "-" "Mozilla/5.0 (Windows NT 10.0; Win64; x64; rv:153.0) Gecko/20100101 Firefox/153.0"
[06/Aug/2026:03:29:58 +0000] 0:0:0:0:0:0:0:1 1xx8umip2hbnt1ifmk4htlnnv30.rn0 "GET /console/appmon/dashboard/ HTTP/1.1" 200 5370 "http://localhost:8082/console/appmon/dashboard/" "Mozilla/5.0 (Windows NT 10.0; Win64; x64; rv:153.0) Gecko/20100101 Firefox/153.0"
[06/Aug/2026:03:29:58 +0000] 0:0:0:0:0:0:0:1 1xx8umip2hbnt1ifmk4htlnnv30.rn0 "GET /console/assets/css/console.css HTTP/1.1" 200 1059 "http://localhost:8082/console/appmon/dashboard/" "Mozilla/5.0 (Windows NT 10.0; Win64; x64; rv:153.0) Gecko/20100101 Firefox/153.0"
[06/Aug/2026:03:29:58 +0000] 0:0:0:0:0:0:0:1 1xx8umip2hbnt1ifmk4htlnnv30.rn0 "GET /console/assets/appmon/css/appmon.css HTTP/1.1" 200 3191 "http://localhost:8082/console/appmon/dashboard/" "Mozilla/5.0 (Windows NT 10.0; Win64; x64; rv:153.0) Gecko/20100101 Firefox/153.0"
[06/Aug/2026:03:29:58 +0000] 0:0:0:0:0:0:0:1 1xx8umip2hbnt1ifmk4htlnnv30.rn0 "GET /console/assets/appmon/css/appmon-dark.css HTTP/1.1" 200 1511 "http://localhost:8082/console/appmon/dashboard/" "Mozilla/5.0 (Windows NT 10.0; Win64; x64; rv:153.0) Gecko/20100101 Firefox/153.0"
[06/Aug/2026:03:29:58 +0000] 0:0:0:0:0:0:0:1 1xx8umip2hbnt1ifmk4htlnnv30.rn0 "GET /console/assets/appmon/js/dashboard-builder.js HTTP/1.1" 200 7850 "http://localhost:8082/console/appmon/dashboard/" "Mozilla/5.0 (Windows NT 10.0; Win64; x64; rv:153.0) Gecko/20100101 Firefox/153.0"
[06/Aug/2026:03:29:58 +0000] 0:0:0:0:0:0:0:1 1xx8umip2hbnt1ifmk4htlnnv30.rn0 "GET /console/assets/appmon/js/dashboard-viewer.js HTTP/1.1" 200 5731 "http://localhost:8082/console/appmon/dashboard/" "Mozilla/5.0 (Windows NT 10.0; Win64; x64; rv:153.0) Gecko/20100101 Firefox/153.0"
[06/Aug/2026:03:29:58 +0000] 0:0:0:0:0:0:0:1 1xx8umip2hbnt1ifmk4htlnnv30.rn0 "GET /console/assets/appmon/js/dashboard-chart.js HTTP/1.1" 200 2242 "http://localhost:8082/console/appmon/dashboard/" "Mozilla/5.0 (Windows NT 10.0; Win64; x64; rv:153.0) Gecko/20100101 Firefox/153.0"
[06/Aug/2026:03:29:58 +0000] 0:0:0:0:0:0:0:1 1xx8umip2hbnt1ifmk4htlnnv30.rn0 "GET /console/assets/appmon/js/base-client.js HTTP/1.1" 200 1673 "http://localhost:8082/console/appmon/dashboard/" "Mozilla/5.0 (Windows NT 10.0; Win64; x64; rv:153.0) Gecko/20100101 Firefox/153.0"
[06/Aug/2026:03:29:58 +0000] 0:0:0:0:0:0:0:1 1xx8umip2hbnt1ifmk4htlnnv30.rn0 "GET /console/assets/appmon/js/websocket-client.js HTTP/1.1" 200 2637 "http://localhost:8082/console/appmon/dashboard/" "Mozilla/5.0 (Windows NT 10.0; Win64; x64; rv:153.0) Gecko/20100101 Firefox/153.0"
[06/Aug/2026:03:29:58 +0000] 0:0:0:0:0:0:0:1 1xx8umip2hbnt1ifmk4htlnnv30.rn0 "GET /console/assets/appmon/js/traffic-painter.js HTTP/1.1" 200 2065 "http://localhost:8082/console/appmon/dashboard/" "Mozilla/5.0 (Windows NT 10.0; Win64; x64; rv:153.0) Gecko/20100101 Firefox/153.0"
[06/Aug/2026:03:29:58 +0000] 0:0:0:0:0:0:0:1 1xx8umip2hbnt1ifmk4htlnnv30.rn0 "GET /console/assets/appmon/js/polling-client.js HTTP/1.1" 200 2503 "http://localhost:8082/console/appmon/dashboard/" "Mozilla/5.0 (Windows NT 10.0; Win64; x64; rv:153.0) Gecko/20100101 Firefox/153.0"
[06/Aug/2026:03:29:58 +0000] 0:0:0:0:0:0:0:1 1xx8umip2hbnt1ifmk4htlnnv30.rn0 "GET /console/appmon/config/data?appsToSubscribe= HTTP/1.1" 200 1188 "http://localhost:8082/console/appmon/dashboard/" "Mozilla/5.0 (Windows NT 10.0; Win64; x64; rv:153.0) Gecko/20100101 Firefox/153.0"
[06/Aug/2026:03:29:59 +0000] 0:0:0:0:0:0:0:1 1xx8umip2hbnt1ifmk4htlnnv30.rn0 "GET /console/nodes/localhost/appmon/websocket/G4DtzB7B-ansfLkwcXlKGvwgeWoBGoQ0fKtLl-F-0OU917x-oVLGdJ83hhb4f0rOlHgSLU0t2W4 HTTP/1.1" 101 - "-" "Mozilla/5.0 (Windows NT 10.0; Win64; x64; rv:153.0) Gecko/20100101 Firefox/153.0"
[06/Aug/2026:03:30:28 +0000] 0:0:0:0:0:0:0:1 1xx8umip2hbnt1ifmk4htlnnv30.rn0 "GET /console/appmon/dashboard/ HTTP/1.1" 200 5370 "http://localhost:8082/console/appmon/dashboard/" "Mozilla/5.0 (Windows NT 10.0; Win64; x64; rv:153.0) Gecko/20100101 Firefox/153.0"
[06/Aug/2026:03:30:28 +0000] 0:0:0:0:0:0:0:1 1xx8umip2hbnt1ifmk4htlnnv30.rn0 "GET /console/assets/css/console.css HTTP/1.1" 200 1059 "http://localhost:8082/console/appmon/dashboard/" "Mozilla/5.0 (Windows NT 10.0; Win64; x64; rv:153.0) Gecko/20100101 Firefox/153.0"
[06/Aug/2026:03:30:28 +0000] 0:0:0:0:0:0:0:1 1xx8umip2hbnt1ifmk4htlnnv30.rn0 "GET /console/assets/appmon/css/appmon.css HTTP/1.1" 200 3191 "http://localhost:8082/console/appmon/dashboard/" "Mozilla/5.0 (Windows NT 10.0; Win64; x64; rv:153.0) Gecko/20100101 Firefox/153.0"
[06/Aug/2026:03:30:28 +0000] 0:0:0:0:0:0:0:1 1xx8umip2hbnt1ifmk4htlnnv30.rn0 "GET /console/assets/appmon/css/appmon-dark.css HTTP/1.1" 200 1511 "http://localhost:8082/console/appmon/dashboard/" "Mozilla/5.0 (Windows NT 10.0; Win64; x64; rv:153.0) Gecko/20100101 Firefox/153.0"
[06/Aug/2026:03:30:28 +0000] 0:0:0:0:0:0:0:1 1xx8umip2hbnt1ifmk4htlnnv30.rn0 "GET /console/assets/appmon/js/dashboard-builder.js HTTP/1.1" 200 7850 "http://localhost:8082/console/appmon/dashboard/" "Mozilla/5.0 (Windows NT 10.0; Win64; x64; rv:153.0) Gecko/20100101 Firefox/153.0"
[06/Aug/2026:03:30:28 +0000] 0:0:0:0:0:0:0:1 1xx8umip2hbnt1ifmk4htlnnv30.rn0 "GET /console/assets/appmon/js/dashboard-viewer.js HTTP/1.1" 200 5731 "http://localhost:8082/console/appmon/dashboard/" "Mozilla/5.0 (Windows NT 10.0; Win64; x64; rv:153.0) Gecko/20100101 Firefox/153.0"
[06/Aug/2026:03:30:28 +0000] 0:0:0:0:0:0:0:1 1xx8umip2hbnt1ifmk4htlnnv30.rn0 "GET /console/assets/appmon/js/dashboard-chart.js HTTP/1.1" 200 2242 "http://localhost:8082/console/appmon/dashboard/" "Mozilla/5.0 (Windows NT 10.0; Win64; x64; rv:153.0) Gecko/20100101 Firefox/153.0"
[06/Aug/2026:03:30:28 +0000] 0:0:0:0:0:0:0:1 1xx8umip2hbnt1ifmk4htlnnv30.rn0 "GET /console/assets/appmon/js/traffic-painter.js HTTP/1.1" 200 2065 "http://localhost:8082/console/appmon/dashboard/" "Mozilla/5.0 (Windows NT 10.0; Win64; x64; rv:153.0) Gecko/20100101 Firefox/153.0"
[06/Aug/2026:03:30:28 +0000] 0:0:0:0:0:0:0:1 1xx8umip2hbnt1ifmk4htlnnv30.rn0 "GET /console/assets/appmon/js/base-client.js HTTP/1.1" 200 1673 "http://localhost:8082/console/appmon/dashboard/" "Mozilla/5.0 (Windows NT 10.0; Win64; x64; rv:153.0) Gecko/20100101 Firefox/153.0"
[06/Aug/2026:03:30:28 +0000] 0:0:0:0:0:0:0:1 1xx8umip2hbnt1ifmk4htlnnv30.rn0 "GET /console/assets/appmon/js/websocket-client.js HTTP/1.1" 200 2637 "http://localhost:8082/console/appmon/dashboard/" "Mozilla/5.0 (Windows NT 10.0; Win64; x64; rv:153.0) Gecko/20100101 Firefox/153.0"
[06/Aug/2026:03:30:28 +0000] 0:0:0:0:0:0:0:1 1xx8umip2hbnt1ifmk4htlnnv30.rn0 "GET /console/assets/appmon/js/polling-client.js HTTP/1.1" 200 2503 "http://localhost:8082/console/appmon/dashboard/" "Mozilla/5.0 (Windows NT 10.0; Win64; x64; rv:153.0) Gecko/20100101 Firefox/153.0"
[06/Aug/2026:03:30:28 +0000] 0:0:0:0:0:0:0:1 1xx8umip2hbnt1ifmk4htlnnv30.rn0 "GET /console/appmon/config/data?appsToSubscribe= HTTP/1.1" 200 1189 "http://localhost:8082/console/appmon/dashboard/" "Mozilla/5.0 (Windows NT 10.0; Win64; x64; rv:153.0) Gecko/20100101 Firefox/153.0"
[06/Aug/2026:03:30:28 +0000] 0:0:0:0:0:0:0:1 1xx8umip2hbnt1ifmk4htlnnv30.rn0 "GET /console/nodes/localhost/appmon/websocket/sjnwXlzdiFx9XUKoXBmv6pqS4XH8sLiW2H-2Gwji7DLFgCMDB7Zc3bvf-HtWkkm44zrgfAmomSY HTTP/1.1" 101 - "-" "Mozilla/5.0 (Windows NT 10.0; Win64; x64; rv:153.0) Gecko/20100101 Firefox/153.0"
[06/Aug/2026:03:35:04 +0000] 0:0:0:0:0:0:0:1 1xx8umip2hbnt1ifmk4htlnnv30.rn0 "GET /console/appmon/dashboard/ HTTP/1.1" 200 5370 "http://localhost:8082/console/appmon/dashboard/" "Mozilla/5.0 (Windows NT 10.0; Win64; x64; rv:153.0) Gecko/20100101 Firefox/153.0"
[06/Aug/2026:03:35:04 +0000] 0:0:0:0:0:0:0:1 1xx8umip2hbnt1ifmk4htlnnv30.rn0 "GET /console/assets/css/console.css HTTP/1.1" 200 1059 "http://localhost:8082/console/appmon/dashboard/" "Mozilla/5.0 (Windows NT 10.0; Win64; x64; rv:153.0) Gecko/20100101 Firefox/153.0"
[06/Aug/2026:03:35:04 +0000] 0:0:0:0:0:0:0:1 1xx8umip2hbnt1ifmk4htlnnv30.rn0 "GET /console/assets/appmon/css/appmon.css HTTP/1.1" 200 3191 "http://localhost:8082/console/appmon/dashboard/" "Mozilla/5.0 (Windows NT 10.0; Win64; x64; rv:153.0) Gecko/20100101 Firefox/153.0"
[06/Aug/2026:03:35:04 +0000] 0:0:0:0:0:0:0:1 1xx8umip2hbnt1ifmk4htlnnv30.rn0 "GET /console/assets/appmon/js/dashboard-viewer.js HTTP/1.1" 200 5731 "http://localhost:8082/console/appmon/dashboard/" "Mozilla/5.0 (Windows NT 10.0; Win64; x64; rv:153.0) Gecko/20100101 Firefox/153.0"
[06/Aug/2026:03:35:04 +0000] 0:0:0:0:0:0:0:1 1xx8umip2hbnt1ifmk4htlnnv30.rn0 "GET /console/assets/appmon/css/appmon-dark.css HTTP/1.1" 200 1511 "http://localhost:8082/console/appmon/dashboard/" "Mozilla/5.0 (Windows NT 10.0; Win64; x64; rv:153.0) Gecko/20100101 Firefox/153.0"
[06/Aug/2026:03:35:04 +0000] 0:0:0:0:0:0:0:1 1xx8umip2hbnt1ifmk4htlnnv30.rn0 "GET /console/assets/appmon/js/dashboard-builder.js HTTP/1.1" 200 7850 "http://localhost:8082/console/appmon/dashboard/" "Mozilla/5.0 (Windows NT 10.0; Win64; x64; rv:153.0) Gecko/20100101 Firefox/153.0"
[06/Aug/2026:03:35:04 +0000] 0:0:0:0:0:0:0:1 1xx8umip2hbnt1ifmk4htlnnv30.rn0 "GET /console/assets/appmon/js/websocket-client.js HTTP/1.1" 200 2637 "http://localhost:8082/console/appmon/dashboard/" "Mozilla/5.0 (Windows NT 10.0; Win64; x64; rv:153.0) Gecko/20100101 Firefox/153.0"
[06/Aug/2026:03:35:04 +0000] 0:0:0:0:0:0:0:1 1xx8umip2hbnt1ifmk4htlnnv30.rn0 "GET /console/assets/appmon/js/dashboard-chart.js HTTP/1.1" 200 2242 "http://localhost:8082/console/appmon/dashboard/" "Mozilla/5.0 (Windows NT 10.0; Win64; x64; rv:153.0) Gecko/20100101 Firefox/153.0"
[06/Aug/2026:03:35:04 +0000] 0:0:0:0:0:0:0:1 1xx8umip2hbnt1ifmk4htlnnv30.rn0 "GET /console/assets/appmon/js/traffic-painter.js HTTP/1.1" 200 2065 "http://localhost:8082/console/appmon/dashboard/" "Mozilla/5.0 (Windows NT 10.0; Win64; x64; rv:153.0) Gecko/20100101 Firefox/153.0"
[06/Aug/2026:03:35:04 +0000] 0:0:0:0:0:0:0:1 1xx8umip2hbnt1ifmk4htlnnv30.rn0 "GET /console/assets/appmon/js/base-client.js HTTP/1.1" 200 1673 "http://localhost:8082/console/appmon/dashboard/" "Mozilla/5.0 (Windows NT 10.0; Win64; x64; rv:153.0) Gecko/20100101 Firefox/153.0"
[06/Aug/2026:03:35:04 +0000] 0:0:0:0:0:0:0:1 1xx8umip2hbnt1ifmk4htlnnv30.rn0 "GET /console/assets/appmon/js/polling-client.js HTTP/1.1" 200 2503 "http://localhost:8082/console/appmon/dashboard/" "Mozilla/5.0 (Windows NT 10.0; Win64; x64; rv:153.0) Gecko/20100101 Firefox/153.0"
[06/Aug/2026:03:35:05 +0000] 0:0:0:0:0:0:0:1 1xx8umip2hbnt1ifmk4htlnnv30.rn0 "GET /console/appmon/config/data?appsToSubscribe= HTTP/1.1" 200 1188 "http://localhost:8082/console/appmon/dashboard/" "Mozilla/5.0 (Windows NT 10.0; Win64; x64; rv:153.0) Gecko/20100101 Firefox/153.0"
[06/Aug/2026:03:35:05 +0000] 0:0:0:0:0:0:0:1 1xx8umip2hbnt1ifmk4htlnnv30.rn0 "GET /console/nodes/localhost/appmon/websocket/qf0f44sry9sOMsKElcpPEtxSeoH3PjHXvOf8M9fR3dxIQL6NhUxULQTTPpc1mj0sSIDpoecYmds HTTP/1.1" 101 - "-" "Mozilla/5.0 (Windows NT 10.0; Win64; x64; rv:153.0) Gecko/20100101 Firefox/153.0"
[06/Aug/2026:03:35:16 +0000] 0:0:0:0:0:0:0:1 1xx8umip2hbnt1ifmk4htlnnv30.rn0 "GET /console/appmon/dashboard/ HTTP/1.1" 200 5370 "http://localhost:8082/console/appmon/dashboard/" "Mozilla/5.0 (Windows NT 10.0; Win64; x64; rv:153.0) Gecko/20100101 Firefox/153.0"
[06/Aug/2026:03:35:16 +0000] 0:0:0:0:0:0:0:1 1xx8umip2hbnt1ifmk4htlnnv30.rn0 "GET /console/assets/css/console.css HTTP/1.1" 200 1059 "http://localhost:8082/console/appmon/dashboard/" "Mozilla/5.0 (Windows NT 10.0; Win64; x64; rv:153.0) Gecko/20100101 Firefox/153.0"
[06/Aug/2026:03:35:16 +0000] 0:0:0:0:0:0:0:1 1xx8umip2hbnt1ifmk4htlnnv30.rn0 "GET /console/assets/appmon/css/appmon.css HTTP/1.1" 200 3191 "http://localhost:8082/console/appmon/dashboard/" "Mozilla/5.0 (Windows NT 10.0; Win64; x64; rv:153.0) Gecko/20100101 Firefox/153.0"
[06/Aug/2026:03:35:16 +0000] 0:0:0:0:0:0:0:1 1xx8umip2hbnt1ifmk4htlnnv30.rn0 "GET /console/assets/appmon/css/appmon-dark.css HTTP/1.1" 200 1511 "http://localhost:8082/console/appmon/dashboard/" "Mozilla/5.0 (Windows NT 10.0; Win64; x64; rv:153.0) Gecko/20100101 Firefox/153.0"
[06/Aug/2026:03:35:16 +0000] 0:0:0:0:0:0:0:1 1xx8umip2hbnt1ifmk4htlnnv30.rn0 "GET /console/assets/appmon/js/dashboard-builder.js HTTP/1.1" 200 7850 "http://localhost:8082/console/appmon/dashboard/" "Mozilla/5.0 (Windows NT 10.0; Win64; x64; rv:153.0) Gecko/20100101 Firefox/153.0"
[06/Aug/2026:03:35:16 +0000] 0:0:0:0:0:0:0:1 1xx8umip2hbnt1ifmk4htlnnv30.rn0 "GET /console/assets/appmon/js/dashboard-viewer.js HTTP/1.1" 200 5731 "http://localhost:8082/console/appmon/dashboard/" "Mozilla/5.0 (Windows NT 10.0; Win64; x64; rv:153.0) Gecko/20100101 Firefox/153.0"
[06/Aug/2026:03:35:16 +0000] 0:0:0:0:0:0:0:1 1xx8umip2hbnt1ifmk4htlnnv30.rn0 "GET /console/assets/appmon/js/dashboard-chart.js HTTP/1.1" 200 2242 "http://localhost:8082/console/appmon/dashboard/" "Mozilla/5.0 (Windows NT 10.0; Win64; x64; rv:153.0) Gecko/20100101 Firefox/153.0"
[06/Aug/2026:03:35:16 +0000] 0:0:0:0:0:0:0:1 1xx8umip2hbnt1ifmk4htlnnv30.rn0 "GET /console/assets/appmon/js/traffic-painter.js HTTP/1.1" 200 2065 "http://localhost:8082/console/appmon/dashboard/" "Mozilla/5.0 (Windows NT 10.0; Win64; x64; rv:153.0) Gecko/20100101 Firefox/153.0"
[06/Aug/2026:03:35:16 +0000] 0:0:0:0:0:0:0:1 1xx8umip2hbnt1ifmk4htlnnv30.rn0 "GET /console/assets/appmon/js/base-client.js HTTP/1.1" 200 1673 "http://localhost:8082/console/appmon/dashboard/" "Mozilla/5.0 (Windows NT 10.0; Win64; x64; rv:153.0) Gecko/20100101 Firefox/153.0"
[06/Aug/2026:03:35:16 +0000] 0:0:0:0:0:0:0:1 1xx8umip2hbnt1ifmk4htlnnv30.rn0 "GET /console/assets/appmon/js/websocket-client.js HTTP/1.1" 200 2637 "http://localhost:8082/console/appmon/dashboard/" "Mozilla/5.0 (Windows NT 10.0; Win64; x64; rv:153.0) Gecko/20100101 Firefox/153.0"
[06/Aug/2026:03:35:16 +0000] 0:0:0:0:0:0:0:1 1xx8umip2hbnt1ifmk4htlnnv30.rn0 "GET /console/assets/appmon/js/polling-client.js HTTP/1.1" 200 2503 "http://localhost:8082/console/appmon/dashboard/" "Mozilla/5.0 (Windows NT 10.0; Win64; x64; rv:153.0) Gecko/20100101 Firefox/153.0"
[06/Aug/2026:03:35:16 +0000] 0:0:0:0:0:0:0:1 1xx8umip2hbnt1ifmk4htlnnv30.rn0 "GET /console/appmon/config/data?appsToSubscribe= HTTP/1.1" 200 1186 "http://localhost:8082/console/appmon/dashboard/" "Mozilla/5.0 (Windows NT 10.0; Win64; x64; rv:153.0) Gecko/20100101 Firefox/153.0"
[06/Aug/2026:03:35:16 +0000] 0:0:0:0:0:0:0:1 1xx8umip2hbnt1ifmk4htlnnv30.rn0 "GET /console/nodes/localhost/appmon/websocket/J9-wlns2wPD4rBshDGCgEj_I7XmWo2V0mDwtKGsNKV8mSkfrDmtneTMGW0SUgTYIKn1ajpJcHLI HTTP/1.1" 101 - "-" "Mozilla/5.0 (Windows NT 10.0; Win64; x64; rv:153.0) Gecko/20100101 Firefox/153.0"
[06/Aug/2026:03:35:29 +0000] 0:0:0:0:0:0:0:1 1xx8umip2hbnt1ifmk4htlnnv30.rn0 "GET /console/appmon/dashboard/ HTTP/1.1" 200 5370 "http://localhost:8082/console/appmon/dashboard/" "Mozilla/5.0 (Windows NT 10.0; Win64; x64; rv:153.0) Gecko/20100101 Firefox/153.0"
[06/Aug/2026:03:35:29 +0000] 0:0:0:0:0:0:0:1 1xx8umip2hbnt1ifmk4htlnnv30.rn0 "GET /console/assets/css/console.css HTTP/1.1" 200 1059 "http://localhost:8082/console/appmon/dashboard/" "Mozilla/5.0 (Windows NT 10.0; Win64; x64; rv:153.0) Gecko/20100101 Firefox/153.0"
[06/Aug/2026:03:35:29 +0000] 0:0:0:0:0:0:0:1 1xx8umip2hbnt1ifmk4htlnnv30.rn0 "GET /console/assets/appmon/css/appmon.css HTTP/1.1" 200 3191 "http://localhost:8082/console/appmon/dashboard/" "Mozilla/5.0 (Windows NT 10.0; Win64; x64; rv:153.0) Gecko/20100101 Firefox/153.0"
[06/Aug/2026:03:35:29 +0000] 0:0:0:0:0:0:0:1 1xx8umip2hbnt1ifmk4htlnnv30.rn0 "GET /console/assets/appmon/css/appmon-dark.css HTTP/1.1" 200 1511 "http://localhost:8082/console/appmon/dashboard/" "Mozilla/5.0 (Windows NT 10.0; Win64; x64; rv:153.0) Gecko/20100101 Firefox/153.0"
[06/Aug/2026:03:35:29 +0000] 0:0:0:0:0:0:0:1 1xx8umip2hbnt1ifmk4htlnnv30.rn0 "GET /console/assets/appmon/js/dashboard-builder.js HTTP/1.1" 200 7850 "http://localhost:8082/console/appmon/dashboard/" "Mozilla/5.0 (Windows NT 10.0; Win64; x64; rv:153.0) Gecko/20100101 Firefox/153.0"
[06/Aug/2026:03:35:29 +0000] 0:0:0:0:0:0:0:1 1xx8umip2hbnt1ifmk4htlnnv30.rn0 "GET /console/assets/appmon/js/dashboard-viewer.js HTTP/1.1" 200 5731 "http://localhost:8082/console/appmon/dashboard/" "Mozilla/5.0 (Windows NT 10.0; Win64; x64; rv:153.0) Gecko/20100101 Firefox/153.0"
[06/Aug/2026:03:35:29 +0000] 0:0:0:0:0:0:0:1 1xx8umip2hbnt1ifmk4htlnnv30.rn0 "GET /console/assets/appmon/js/dashboard-chart.js HTTP/1.1" 200 2242 "http://localhost:8082/console/appmon/dashboard/" "Mozilla/5.0 (Windows NT 10.0; Win64; x64; rv:153.0) Gecko/20100101 Firefox/153.0"
[06/Aug/2026:03:35:29 +0000] 0:0:0:0:0:0:0:1 1xx8umip2hbnt1ifmk4htlnnv30.rn0 "GET /console/assets/appmon/js/traffic-painter.js HTTP/1.1" 200 2065 "http://localhost:8082/console/appmon/dashboard/" "Mozilla/5.0 (Windows NT 10.0; Win64; x64; rv:153.0) Gecko/20100101 Firefox/153.0"
[06/Aug/2026:03:35:29 +0000] 0:0:0:0:0:0:0:1 1xx8umip2hbnt1ifmk4htlnnv30.rn0 "GET /console/assets/appmon/js/base-client.js HTTP/1.1" 200 1673 "http://localhost:8082/console/appmon/dashboard/" "Mozilla/5.0 (Windows NT 10.0; Win64; x64; rv:153.0) Gecko/20100101 Firefox/153.0"
[06/Aug/2026:03:35:29 +0000] 0:0:0:0:0:0:0:1 1xx8umip2hbnt1ifmk4htlnnv30.rn0 "GET /console/assets/appmon/js/websocket-client.js HTTP/1.1" 200 2637 "http://localhost:8082/console/appmon/dashboard/" "Mozilla/5.0 (Windows NT 10.0; Win64; x64; rv:153.0) Gecko/20100101 Firefox/153.0"
[06/Aug/2026:03:35:29 +0000] 0:0:0:0:0:0:0:1 1xx8umip2hbnt1ifmk4htlnnv30.rn0 "GET /console/assets/appmon/js/polling-client.js HTTP/1.1" 200 2503 "http://localhost:8082/console/appmon/dashboard/" "Mozilla/5.0 (Windows NT 10.0; Win64; x64; rv:153.0) Gecko/20100101 Firefox/153.0"
[06/Aug/2026:03:35:29 +0000] 0:0:0:0:0:0:0:1 1xx8umip2hbnt1ifmk4htlnnv30.rn0 "GET /console/appmon/config/data?appsToSubscribe= HTTP/1.1" 200 1190 "http://localhost:8082/console/appmon/dashboard/" "Mozilla/5.0 (Windows NT 10.0; Win64; x64; rv:153.0) Gecko/20100101 Firefox/153.0"
[06/Aug/2026:03:35:29 +0000] 0:0:0:0:0:0:0:1 1xx8umip2hbnt1ifmk4htlnnv30.rn0 "GET /console/nodes/localhost/appmon/websocket/mckD2TqxHnKnE_DP1NYvWhoMXeQqg6IM8n1Oaqlo5XJupzCk1wMFSjHmw6FA8FlzVSxI23x1CQ8 HTTP/1.1" 101 - "-" "Mozilla/5.0 (Windows NT 10.0; Win64; x64; rv:153.0) Gecko/20100101 Firefox/153.0"
[06/Aug/2026:03:36:18 +0000] 0:0:0:0:0:0:0:1 1xx8umip2hbnt1ifmk4htlnnv30.rn0 "GET /console/appmon/dashboard/ HTTP/1.1" 200 5370 "http://localhost:8082/console/appmon/dashboard/" "Mozilla/5.0 (Windows NT 10.0; Win64; x64; rv:153.0) Gecko/20100101 Firefox/153.0"
[06/Aug/2026:03:36:18 +0000] 0:0:0:0:0:0:0:1 1xx8umip2hbnt1ifmk4htlnnv30.rn0 "GET /console/assets/css/console.css HTTP/1.1" 200 1059 "http://localhost:8082/console/appmon/dashboard/" "Mozilla/5.0 (Windows NT 10.0; Win64; x64; rv:153.0) Gecko/20100101 Firefox/153.0"
[06/Aug/2026:03:36:18 +0000] 0:0:0:0:0:0:0:1 1xx8umip2hbnt1ifmk4htlnnv30.rn0 "GET /console/assets/appmon/css/appmon.css HTTP/1.1" 200 3191 "http://localhost:8082/console/appmon/dashboard/" "Mozilla/5.0 (Windows NT 10.0; Win64; x64; rv:153.0) Gecko/20100101 Firefox/153.0"
[06/Aug/2026:03:36:18 +0000] 0:0:0:0:0:0:0:1 1xx8umip2hbnt1ifmk4htlnnv30.rn0 "GET /console/assets/appmon/css/appmon-dark.css HTTP/1.1" 200 1511 "http://localhost:8082/console/appmon/dashboard/" "Mozilla/5.0 (Windows NT 10.0; Win64; x64; rv:153.0) Gecko/20100101 Firefox/153.0"
[06/Aug/2026:03:36:18 +0000] 0:0:0:0:0:0:0:1 1xx8umip2hbnt1ifmk4htlnnv30.rn0 "GET /console/assets/appmon/js/dashboard-builder.js HTTP/1.1" 200 7850 "http://localhost:8082/console/appmon/dashboard/" "Mozilla/5.0 (Windows NT 10.0; Win64; x64; rv:153.0) Gecko/20100101 Firefox/153.0"
[06/Aug/2026:03:36:18 +0000] 0:0:0:0:0:0:0:1 1xx8umip2hbnt1ifmk4htlnnv30.rn0 "GET /console/assets/appmon/js/dashboard-viewer.js HTTP/1.1" 200 5731 "http://localhost:8082/console/appmon/dashboard/" "Mozilla/5.0 (Windows NT 10.0; Win64; x64; rv:153.0) Gecko/20100101 Firefox/153.0"
[06/Aug/2026:03:36:18 +0000] 0:0:0:0:0:0:0:1 1xx8umip2hbnt1ifmk4htlnnv30.rn0 "GET /console/assets/appmon/js/dashboard-chart.js HTTP/1.1" 200 2242 "http://localhost:8082/console/appmon/dashboard/" "Mozilla/5.0 (Windows NT 10.0; Win64; x64; rv:153.0) Gecko/20100101 Firefox/153.0"
[06/Aug/2026:03:36:18 +0000] 0:0:0:0:0:0:0:1 1xx8umip2hbnt1ifmk4htlnnv30.rn0 "GET /console/assets/appmon/js/traffic-painter.js HTTP/1.1" 200 2065 "http://localhost:8082/console/appmon/dashboard/" "Mozilla/5.0 (Windows NT 10.0; Win64; x64; rv:153.0) Gecko/20100101 Firefox/153.0"
[06/Aug/2026:03:36:18 +0000] 0:0:0:0:0:0:0:1 1xx8umip2hbnt1ifmk4htlnnv30.rn0 "GET /console/assets/appmon/js/base-client.js HTTP/1.1" 200 1673 "http://localhost:8082/console/appmon/dashboard/" "Mozilla/5.0 (Windows NT 10.0; Win64; x64; rv:153.0) Gecko/20100101 Firefox/153.0"
[06/Aug/2026:03:36:18 +0000] 0:0:0:0:0:0:0:1 1xx8umip2hbnt1ifmk4htlnnv30.rn0 "GET /console/assets/appmon/js/websocket-client.js HTTP/1.1" 200 2637 "http://localhost:8082/console/appmon/dashboard/" "Mozilla/5.0 (Windows NT 10.0; Win64; x64; rv:153.0) Gecko/20100101 Firefox/153.0"
[06/Aug/2026:03:36:18 +0000] 0:0:0:0:0:0:0:1 1xx8umip2hbnt1ifmk4htlnnv30.rn0 "GET /console/assets/appmon/js/polling-client.js HTTP/1.1" 200 2503 "http://localhost:8082/console/appmon/dashboard/" "Mozilla/5.0 (Windows NT 10.0; Win64; x64; rv:153.0) Gecko/20100101 Firefox/153.0"
[06/Aug/2026:03:36:18 +0000] 0:0:0:0:0:0:0:1 1xx8umip2hbnt1ifmk4htlnnv30.rn0 "GET /console/appmon/config/data?appsToSubscribe= HTTP/1.1" 200 1188 "http://localhost:8082/console/appmon/dashboard/" "Mozilla/5.0 (Windows NT 10.0; Win64; x64; rv:153.0) Gecko/20100101 Firefox/153.0"
[06/Aug/2026:03:36:18 +0000] 0:0:0:0:0:0:0:1 1xx8umip2hbnt1ifmk4htlnnv30.rn0 "GET /console/nodes/localhost/appmon/websocket/zXbFD_eZCAkOAWOTdG7XiZ-wtM0oLfNfsf40ZnM6BrbgJptg5CDdRP-TkpLGklsAq8kmUAnVpeQ HTTP/1.1" 101 - "-" "Mozilla/5.0 (Windows NT 10.0; Win64; x64; rv:153.0) Gecko/20100101 Firefox/153.0"
[06/Aug/2026:03:36:45 +0000] 0:0:0:0:0:0:0:1 1xx8umip2hbnt1ifmk4htlnnv30.rn0 "GET /console/appmon/dashboard/ HTTP/1.1" 200 5370 "http://localhost:8082/console/appmon/dashboard/" "Mozilla/5.0 (Windows NT 10.0; Win64; x64; rv:153.0) Gecko/20100101 Firefox/153.0"
[06/Aug/2026:03:36:45 +0000] 0:0:0:0:0:0:0:1 1xx8umip2hbnt1ifmk4htlnnv30.rn0 "GET /console/assets/css/console.css HTTP/1.1" 200 1059 "http://localhost:8082/console/appmon/dashboard/" "Mozilla/5.0 (Windows NT 10.0; Win64; x64; rv:153.0) Gecko/20100101 Firefox/153.0"
[06/Aug/2026:03:36:45 +0000] 0:0:0:0:0:0:0:1 1xx8umip2hbnt1ifmk4htlnnv30.rn0 "GET /console/assets/appmon/css/appmon.css HTTP/1.1" 200 3191 "http://localhost:8082/console/appmon/dashboard/" "Mozilla/5.0 (Windows NT 10.0; Win64; x64; rv:153.0) Gecko/20100101 Firefox/153.0"
[06/Aug/2026:03:36:45 +0000] 0:0:0:0:0:0:0:1 1xx8umip2hbnt1ifmk4htlnnv30.rn0 "GET /console/assets/appmon/css/appmon-dark.css HTTP/1.1" 200 1511 "http://localhost:8082/console/appmon/dashboard/" "Mozilla/5.0 (Windows NT 10.0; Win64; x64; rv:153.0) Gecko/20100101 Firefox/153.0"
[06/Aug/2026:03:36:45 +0000] 0:0:0:0:0:0:0:1 1xx8umip2hbnt1ifmk4htlnnv30.rn0 "GET /console/assets/appmon/js/dashboard-builder.js HTTP/1.1" 200 7850 "http://localhost:8082/console/appmon/dashboard/" "Mozilla/5.0 (Windows NT 10.0; Win64; x64; rv:153.0) Gecko/20100101 Firefox/153.0"
[06/Aug/2026:03:36:45 +0000] 0:0:0:0:0:0:0:1 1xx8umip2hbnt1ifmk4htlnnv30.rn0 "GET /console/assets/appmon/js/dashboard-viewer.js HTTP/1.1" 200 5731 "http://localhost:8082/console/appmon/dashboard/" "Mozilla/5.0 (Windows NT 10.0; Win64; x64; rv:153.0) Gecko/20100101 Firefox/153.0"
[06/Aug/2026:03:36:45 +0000] 0:0:0:0:0:0:0:1 1xx8umip2hbnt1ifmk4htlnnv30.rn0 "GET /console/assets/appmon/js/dashboard-chart.js HTTP/1.1" 200 2242 "http://localhost:8082/console/appmon/dashboard/" "Mozilla/5.0 (Windows NT 10.0; Win64; x64; rv:153.0) Gecko/20100101 Firefox/153.0"
[06/Aug/2026:03:36:45 +0000] 0:0:0:0:0:0:0:1 1xx8umip2hbnt1ifmk4htlnnv30.rn0 "GET /console/assets/appmon/js/traffic-painter.js HTTP/1.1" 200 2065 "http://localhost:8082/console/appmon/dashboard/" "Mozilla/5.0 (Windows NT 10.0; Win64; x64; rv:153.0) Gecko/20100101 Firefox/153.0"
[06/Aug/2026:03:36:45 +0000] 0:0:0:0:0:0:0:1 1xx8umip2hbnt1ifmk4htlnnv30.rn0 "GET /console/assets/appmon/js/base-client.js HTTP/1.1" 200 1673 "http://localhost:8082/console/appmon/dashboard/" "Mozilla/5.0 (Windows NT 10.0; Win64; x64; rv:153.0) Gecko/20100101 Firefox/153.0"
[06/Aug/2026:03:36:45 +0000] 0:0:0:0:0:0:0:1 1xx8umip2hbnt1ifmk4htlnnv30.rn0 "GET /console/assets/appmon/js/websocket-client.js HTTP/1.1" 200 2637 "http://localhost:8082/console/appmon/dashboard/" "Mozilla/5.0 (Windows NT 10.0; Win64; x64; rv:153.0) Gecko/20100101 Firefox/153.0"
[06/Aug/2026:03:36:45 +0000] 0:0:0:0:0:0:0:1 1xx8umip2hbnt1ifmk4htlnnv30.rn0 "GET /console/assets/appmon/js/polling-client.js HTTP/1.1" 200 2503 "http://localhost:8082/console/appmon/dashboard/" "Mozilla/5.0 (Windows NT 10.0; Win64; x64; rv:153.0) Gecko/20100101 Firefox/153.0"
[06/Aug/2026:03:36:46 +0000] 0:0:0:0:0:0:0:1 1xx8umip2hbnt1ifmk4htlnnv30.rn0 "GET /console/appmon/config/data?appsToSubscribe= HTTP/1.1" 200 1189 "http://localhost:8082/console/appmon/dashboard/" "Mozilla/5.0 (Windows NT 10.0; Win64; x64; rv:153.0) Gecko/20100101 Firefox/153.0"
[06/Aug/2026:03:36:46 +0000] 0:0:0:0:0:0:0:1 1xx8umip2hbnt1ifmk4htlnnv30.rn0 "GET /console/nodes/localhost/appmon/websocket/1D7iT7Y45SqLC3j3hfH9bWN6QXpfzqaZO_VgXNhapmoc0292eUkvi5NXety5UdifQsNLcEs5r4I HTTP/1.1" 101 - "-" "Mozilla/5.0 (Windows NT 10.0; Win64; x64; rv:153.0) Gecko/20100101 Firefox/153.0"
[06/Aug/2026:03:36:48 +0000] 0:0:0:0:0:0:0:1 1xx8umip2hbnt1ifmk4htlnnv30.rn0 "GET /console/appmon/dashboard/ HTTP/1.1" 200 5370 "http://localhost:8082/console/appmon/dashboard/" "Mozilla/5.0 (Windows NT 10.0; Win64; x64; rv:153.0) Gecko/20100101 Firefox/153.0"
[06/Aug/2026:03:36:48 +0000] 0:0:0:0:0:0:0:1 1xx8umip2hbnt1ifmk4htlnnv30.rn0 "GET /console/assets/css/console.css HTTP/1.1" 200 1059 "http://localhost:8082/console/appmon/dashboard/" "Mozilla/5.0 (Windows NT 10.0; Win64; x64; rv:153.0) Gecko/20100101 Firefox/153.0"
[06/Aug/2026:03:36:48 +0000] 0:0:0:0:0:0:0:1 1xx8umip2hbnt1ifmk4htlnnv30.rn0 "GET /console/assets/appmon/css/appmon.css HTTP/1.1" 200 3191 "http://localhost:8082/console/appmon/dashboard/" "Mozilla/5.0 (Windows NT 10.0; Win64; x64; rv:153.0) Gecko/20100101 Firefox/153.0"
[06/Aug/2026:03:36:48 +0000] 0:0:0:0:0:0:0:1 1xx8umip2hbnt1ifmk4htlnnv30.rn0 "GET /console/assets/appmon/css/appmon-dark.css HTTP/1.1" 200 1511 "http://localhost:8082/console/appmon/dashboard/" "Mozilla/5.0 (Windows NT 10.0; Win64; x64; rv:153.0) Gecko/20100101 Firefox/153.0"
[06/Aug/2026:03:36:48 +0000] 0:0:0:0:0:0:0:1 1xx8umip2hbnt1ifmk4htlnnv30.rn0 "GET /console/assets/appmon/js/dashboard-builder.js HTTP/1.1" 200 7850 "http://localhost:8082/console/appmon/dashboard/" "Mozilla/5.0 (Windows NT 10.0; Win64; x64; rv:153.0) Gecko/20100101 Firefox/153.0"
[06/Aug/2026:03:36:48 +0000] 0:0:0:0:0:0:0:1 1xx8umip2hbnt1ifmk4htlnnv30.rn0 "GET /console/assets/appmon/js/dashboard-viewer.js HTTP/1.1" 200 5731 "http://localhost:8082/console/appmon/dashboard/" "Mozilla/5.0 (Windows NT 10.0; Win64; x64; rv:153.0) Gecko/20100101 Firefox/153.0"
[06/Aug/2026:03:36:48 +0000] 0:0:0:0:0:0:0:1 1xx8umip2hbnt1ifmk4htlnnv30.rn0 "GET /console/assets/appmon/js/dashboard-chart.js HTTP/1.1" 200 2242 "http://localhost:8082/console/appmon/dashboard/" "Mozilla/5.0 (Windows NT 10.0; Win64; x64; rv:153.0) Gecko/20100101 Firefox/153.0"
[06/Aug/2026:03:36:48 +0000] 0:0:0:0:0:0:0:1 1xx8umip2hbnt1ifmk4htlnnv30.rn0 "GET /console/assets/appmon/js/traffic-painter.js HTTP/1.1" 200 2065 "http://localhost:8082/console/appmon/dashboard/" "Mozilla/5.0 (Windows NT 10.0; Win64; x64; rv:153.0) Gecko/20100101 Firefox/153.0"
[06/Aug/2026:03:36:48 +0000] 0:0:0:0:0:0:0:1 1xx8umip2hbnt1ifmk4htlnnv30.rn0 "GET /console/assets/appmon/js/base-client.js HTTP/1.1" 200 1673 "http://localhost:8082/console/appmon/dashboard/" "Mozilla/5.0 (Windows NT 10.0; Win64; x64; rv:153.0) Gecko/20100101 Firefox/153.0"
[06/Aug/2026:03:36:48 +0000] 0:0:0:0:0:0:0:1 1xx8umip2hbnt1ifmk4htlnnv30.rn0 "GET /console/assets/appmon/js/websocket-client.js HTTP/1.1" 200 2637 "http://localhost:8082/console/appmon/dashboard/" "Mozilla/5.0 (Windows NT 10.0; Win64; x64; rv:153.0) Gecko/20100101 Firefox/153.0"
[06/Aug/2026:03:36:48 +0000] 0:0:0:0:0:0:0:1 1xx8umip2hbnt1ifmk4htlnnv30.rn0 "GET /console/assets/appmon/js/polling-client.js HTTP/1.1" 200 2503 "http://localhost:8082/console/appmon/dashboard/" "Mozilla/5.0 (Windows NT 10.0; Win64; x64; rv:153.0) Gecko/20100101 Firefox/153.0"
[06/Aug/2026:03:36:48 +0000] 0:0:0:0:0:0:0:1 1xx8umip2hbnt1ifmk4htlnnv30.rn0 "GET /console/appmon/config/data?appsToSubscribe= HTTP/1.1" 200 1190 "http://localhost:8082/console/appmon/dashboard/" "Mozilla/5.0 (Windows NT 10.0; Win64; x64; rv:153.0) Gecko/20100101 Firefox/153.0"
[06/Aug/2026:03:36:48 +0000] 0:0:0:0:0:0:0:1 1xx8umip2hbnt1ifmk4htlnnv30.rn0 "GET /console/nodes/localhost/appmon/websocket/YQ5RKhfWwFYyTCS6XW5j9WiidPfJE38yKlKrJxx1uj0C4bInyPJWA7Gl3djS5tB0gR5pes9kpM8 HTTP/1.1" 101 - "-" "Mozilla/5.0 (Windows NT 10.0; Win64; x64; rv:153.0) Gecko/20100101 Firefox/153.0"
[06/Aug/2026:03:40:03 +0000] 0:0:0:0:0:0:0:1 1xx8umip2hbnt1ifmk4htlnnv30.rn0 "GET /console/appmon/dashboard/ HTTP/1.1" 200 5370 "http://localhost:8082/console/appmon/dashboard/" "Mozilla/5.0 (Windows NT 10.0; Win64; x64; rv:153.0) Gecko/20100101 Firefox/153.0"
[06/Aug/2026:03:40:03 +0000] 0:0:0:0:0:0:0:1 1xx8umip2hbnt1ifmk4htlnnv30.rn0 "GET /console/assets/css/console.css HTTP/1.1" 200 1059 "http://localhost:8082/console/appmon/dashboard/" "Mozilla/5.0 (Windows NT 10.0; Win64; x64; rv:153.0) Gecko/20100101 Firefox/153.0"
[06/Aug/2026:03:40:03 +0000] 0:0:0:0:0:0:0:1 1xx8umip2hbnt1ifmk4htlnnv30.rn0 "GET /console/assets/appmon/css/appmon.css HTTP/1.1" 200 3191 "http://localhost:8082/console/appmon/dashboard/" "Mozilla/5.0 (Windows NT 10.0; Win64; x64; rv:153.0) Gecko/20100101 Firefox/153.0"
[06/Aug/2026:03:40:03 +0000] 0:0:0:0:0:0:0:1 1xx8umip2hbnt1ifmk4htlnnv30.rn0 "GET /console/assets/appmon/js/dashboard-viewer.js HTTP/1.1" 200 5731 "http://localhost:8082/console/appmon/dashboard/" "Mozilla/5.0 (Windows NT 10.0; Win64; x64; rv:153.0) Gecko/20100101 Firefox/153.0"
[06/Aug/2026:03:40:04 +0000] 0:0:0:0:0:0:0:1 1xx8umip2hbnt1ifmk4htlnnv30.rn0 "GET /console/assets/appmon/css/appmon-dark.css HTTP/1.1" 200 1511 "http://localhost:8082/console/appmon/dashboard/" "Mozilla/5.0 (Windows NT 10.0; Win64; x64; rv:153.0) Gecko/20100101 Firefox/153.0"
[06/Aug/2026:03:40:04 +0000] 0:0:0:0:0:0:0:1 1xx8umip2hbnt1ifmk4htlnnv30.rn0 "GET /console/assets/appmon/js/dashboard-chart.js HTTP/1.1" 200 2242 "http://localhost:8082/console/appmon/dashboard/" "Mozilla/5.0 (Windows NT 10.0; Win64; x64; rv:153.0) Gecko/20100101 Firefox/153.0"
[06/Aug/2026:03:40:04 +0000] 0:0:0:0:0:0:0:1 1xx8umip2hbnt1ifmk4htlnnv30.rn0 "GET /console/assets/appmon/js/dashboard-builder.js HTTP/1.1" 200 7850 "http://localhost:8082/console/appmon/dashboard/" "Mozilla/5.0 (Windows NT 10.0; Win64; x64; rv:153.0) Gecko/20100101 Firefox/153.0"
[06/Aug/2026:03:40:04 +0000] 0:0:0:0:0:0:0:1 1xx8umip2hbnt1ifmk4htlnnv30.rn0 "GET /console/assets/appmon/js/polling-client.js HTTP/1.1" 200 2503 "http://localhost:8082/console/appmon/dashboard/" "Mozilla/5.0 (Windows NT 10.0; Win64; x64; rv:153.0) Gecko/20100101 Firefox/153.0"
[06/Aug/2026:03:40:04 +0000] 0:0:0:0:0:0:0:1 1xx8umip2hbnt1ifmk4htlnnv30.rn0 "GET /console/assets/appmon/js/traffic-painter.js HTTP/1.1" 200 2065 "http://localhost:8082/console/appmon/dashboard/" "Mozilla/5.0 (Windows NT 10.0; Win64; x64; rv:153.0) Gecko/20100101 Firefox/153.0"
[06/Aug/2026:03:40:04 +0000] 0:0:0:0:0:0:0:1 1xx8umip2hbnt1ifmk4htlnnv30.rn0 "GET /console/assets/appmon/js/base-client.js HTTP/1.1" 200 1673 "http://localhost:8082/console/appmon/dashboard/" "Mozilla/5.0 (Windows NT 10.0; Win64; x64; rv:153.0) Gecko/20100101 Firefox/153.0"
[06/Aug/2026:03:40:04 +0000] 0:0:0:0:0:0:0:1 1xx8umip2hbnt1ifmk4htlnnv30.rn0 "GET /console/assets/appmon/js/websocket-client.js HTTP/1.1" 200 2637 "http://localhost:8082/console/appmon/dashboard/" "Mozilla/5.0 (Windows NT 10.0; Win64; x64; rv:153.0) Gecko/20100101 Firefox/153.0"
[06/Aug/2026:03:40:04 +0000] 0:0:0:0:0:0:0:1 1xx8umip2hbnt1ifmk4htlnnv30.rn0 "GET /console/appmon/config/data?appsToSubscribe= HTTP/1.1" 200 1188 "http://localhost:8082/console/appmon/dashboard/" "Mozilla/5.0 (Windows NT 10.0; Win64; x64; rv:153.0) Gecko/20100101 Firefox/153.0"
[06/Aug/2026:03:40:04 +0000] 0:0:0:0:0:0:0:1 1xx8umip2hbnt1ifmk4htlnnv30.rn0 "GET /console/nodes/localhost/appmon/websocket/thVbaitcEzf7AWFYsRqS-KPLS0UBJBpJ8RTTqx2sHd0bcRAUhvPBlnP8C2yPAV8ISWRGk318t1Y HTTP/1.1" 101 - "-" "Mozilla/5.0 (Windows NT 10.0; Win64; x64; rv:153.0) Gecko/20100101 Firefox/153.0"
[06/Aug/2026:03:48:11 +0000] 0:0:0:0:0:0:0:1 1xx8umip2hbnt1ifmk4htlnnv30.rn0 "GET /console/nodes/localhost/appmon/websocket/thVbaitcEzf7AWFYsRqS-KPLS0UBJBpJ8RTTqx2sHd0bcRAUhvPBlnP8C2yPAV8ISWRGk318t1Y HTTP/1.1" 101 - "-" "Mozilla/5.0 (Windows NT 10.0; Win64; x64; rv:153.0) Gecko/20100101 Firefox/153.0"
[06/Aug/2026:03:48:13 +0000] 0:0:0:0:0:0:0:1 1xx8umip2hbnt1ifmk4htlnnv30.rn0 "GET /console/appmon/config/data?appsToSubscribe= HTTP/1.1" 200 1281 "http://localhost:8082/console/appmon/dashboard/" "Mozilla/5.0 (Windows NT 10.0; Win64; x64; rv:153.0) Gecko/20100101 Firefox/153.0"
[06/Aug/2026:03:48:13 +0000] 0:0:0:0:0:0:0:1 1xx8umip2hbnt1ifmk4htlnnv30.rn0 "GET /console/nodes/localhost/appmon/websocket/qyyqp4UTLyE7k6oHvpc5x0j2JImPNwd2qyl4YA8D0Iyc5Himks-MKoCQiOwqqzQS0T89AJACvzM HTTP/1.1" 101 - "-" "Mozilla/5.0 (Windows NT 10.0; Win64; x64; rv:153.0) Gecko/20100101 Firefox/153.0"
[06/Aug/2026:03:48:27 +0000] 0:0:0:0:0:0:0:1 1xx8umip2hbnt1ifmk4htlnnv30.rn0 "GET /console/appmon/dashboard/ HTTP/1.1" 200 5370 "http://localhost:8082/console/appmon/dashboard/" "Mozilla/5.0 (Windows NT 10.0; Win64; x64; rv:153.0) Gecko/20100101 Firefox/153.0"
[06/Aug/2026:03:48:28 +0000] 0:0:0:0:0:0:0:1 1xx8umip2hbnt1ifmk4htlnnv30.rn0 "GET /console/assets/css/console.css HTTP/1.1" 200 1059 "http://localhost:8082/console/appmon/dashboard/" "Mozilla/5.0 (Windows NT 10.0; Win64; x64; rv:153.0) Gecko/20100101 Firefox/153.0"
[06/Aug/2026:03:48:28 +0000] 0:0:0:0:0:0:0:1 1xx8umip2hbnt1ifmk4htlnnv30.rn0 "GET /console/assets/appmon/js/dashboard-viewer.js HTTP/1.1" 200 5731 "http://localhost:8082/console/appmon/dashboard/" "Mozilla/5.0 (Windows NT 10.0; Win64; x64; rv:153.0) Gecko/20100101 Firefox/153.0"
[06/Aug/2026:03:48:28 +0000] 0:0:0:0:0:0:0:1 1xx8umip2hbnt1ifmk4htlnnv30.rn0 "GET /console/assets/appmon/css/appmon.css HTTP/1.1" 200 3191 "http://localhost:8082/console/appmon/dashboard/" "Mozilla/5.0 (Windows NT 10.0; Win64; x64; rv:153.0) Gecko/20100101 Firefox/153.0"
[06/Aug/2026:03:48:28 +0000] 0:0:0:0:0:0:0:1 1xx8umip2hbnt1ifmk4htlnnv30.rn0 "GET /console/assets/appmon/css/appmon-dark.css HTTP/1.1" 200 1511 "http://localhost:8082/console/appmon/dashboard/" "Mozilla/5.0 (Windows NT 10.0; Win64; x64; rv:153.0) Gecko/20100101 Firefox/153.0"
[06/Aug/2026:03:48:28 +0000] 0:0:0:0:0:0:0:1 1xx8umip2hbnt1ifmk4htlnnv30.rn0 "GET /console/assets/appmon/js/traffic-painter.js HTTP/1.1" 200 2065 "http://localhost:8082/console/appmon/dashboard/" "Mozilla/5.0 (Windows NT 10.0; Win64; x64; rv:153.0) Gecko/20100101 Firefox/153.0"
[06/Aug/2026:03:48:28 +0000] 0:0:0:0:0:0:0:1 1xx8umip2hbnt1ifmk4htlnnv30.rn0 "GET /console/assets/appmon/js/base-client.js HTTP/1.1" 200 1673 "http://localhost:8082/console/appmon/dashboard/" "Mozilla/5.0 (Windows NT 10.0; Win64; x64; rv:153.0) Gecko/20100101 Firefox/153.0"
[06/Aug/2026:03:48:28 +0000] 0:0:0:0:0:0:0:1 1xx8umip2hbnt1ifmk4htlnnv30.rn0 "GET /console/assets/appmon/js/websocket-client.js HTTP/1.1" 200 2637 "http://localhost:8082/console/appmon/dashboard/" "Mozilla/5.0 (Windows NT 10.0; Win64; x64; rv:153.0) Gecko/20100101 Firefox/153.0"
[06/Aug/2026:03:48:28 +0000] 0:0:0:0:0:0:0:1 1xx8umip2hbnt1ifmk4htlnnv30.rn0 "GET /console/assets/appmon/js/polling-client.js HTTP/1.1" 200 2503 "http://localhost:8082/console/appmon/dashboard/" "Mozilla/5.0 (Windows NT 10.0; Win64; x64; rv:153.0) Gecko/20100101 Firefox/153.0"
[06/Aug/2026:03:48:28 +0000] 0:0:0:0:0:0:0:1 1xx8umip2hbnt1ifmk4htlnnv30.rn0 "GET /console/assets/appmon/js/dashboard-chart.js HTTP/1.1" 200 2242 "http://localhost:8082/console/appmon/dashboard/" "Mozilla/5.0 (Windows NT 10.0; Win64; x64; rv:153.0) Gecko/20100101 Firefox/153.0"
[06/Aug/2026:03:48:28 +0000] 0:0:0:0:0:0:0:1 1xx8umip2hbnt1ifmk4htlnnv30.rn0 "GET /console/assets/appmon/js/dashboard-builder.js HTTP/1.1" 200 7850 "http://localhost:8082/console/appmon/dashboard/" "Mozilla/5.0 (Windows NT 10.0; Win64; x64; rv:153.0) Gecko/20100101 Firefox/153.0"
[06/Aug/2026:03:48:28 +0000] 0:0:0:0:0:0:0:1 1xx8umip2hbnt1ifmk4htlnnv30.rn0 "GET /console/appmon/config/data?appsToSubscribe= HTTP/1.1" 200 1280 "http://localhost:8082/console/appmon/dashboard/" "Mozilla/5.0 (Windows NT 10.0; Win64; x64; rv:153.0) Gecko/20100101 Firefox/153.0"
[06/Aug/2026:03:48:28 +0000] 0:0:0:0:0:0:0:1 1xx8umip2hbnt1ifmk4htlnnv30.rn0 "GET /console/nodes/localhost/appmon/websocket/_V9R-j3pK-08kbjiwdx3rOXt5fWBaaJrW1mazJ8Rd9IqzFwYPigPvq-LMkmiel-Phy4Bxq3dr9k HTTP/1.1" 101 - "-" "Mozilla/5.0 (Windows NT 10.0; Win64; x64; rv:153.0) Gecko/20100101 Firefox/153.0"
[06/Aug/2026:03:49:51 +0000] 0:0:0:0:0:0:0:1 1xx8umip2hbnt1ifmk4htlnnv30.rn0 "GET /console/appmon/dashboard/demo HTTP/1.1" 200 5373 "-" "Mozilla/5.0 (Windows NT 10.0; Win64; x64; rv:153.0) Gecko/20100101 Firefox/153.0"
[06/Aug/2026:03:49:51 +0000] 0:0:0:0:0:0:0:1 1xx8umip2hbnt1ifmk4htlnnv30.rn0 "GET /console/assets/css/console.css HTTP/1.1" 200 1059 "http://localhost:8082/console/appmon/dashboard/demo" "Mozilla/5.0 (Windows NT 10.0; Win64; x64; rv:153.0) Gecko/20100101 Firefox/153.0"
[06/Aug/2026:03:49:51 +0000] 0:0:0:0:0:0:0:1 1xx8umip2hbnt1ifmk4htlnnv30.rn0 "GET /console/assets/appmon/css/appmon.css HTTP/1.1" 200 3191 "http://localhost:8082/console/appmon/dashboard/demo" "Mozilla/5.0 (Windows NT 10.0; Win64; x64; rv:153.0) Gecko/20100101 Firefox/153.0"
[06/Aug/2026:03:49:51 +0000] 0:0:0:0:0:0:0:1 1xx8umip2hbnt1ifmk4htlnnv30.rn0 "GET /console/assets/appmon/css/appmon-dark.css HTTP/1.1" 200 1511 "http://localhost:8082/console/appmon/dashboard/demo" "Mozilla/5.0 (Windows NT 10.0; Win64; x64; rv:153.0) Gecko/20100101 Firefox/153.0"
[06/Aug/2026:03:49:51 +0000] 0:0:0:0:0:0:0:1 1xx8umip2hbnt1ifmk4htlnnv30.rn0 "GET /console/assets/appmon/js/dashboard-builder.js HTTP/1.1" 200 7850 "http://localhost:8082/console/appmon/dashboard/demo" "Mozilla/5.0 (Windows NT 10.0; Win64; x64; rv:153.0) Gecko/20100101 Firefox/153.0"
[06/Aug/2026:03:49:51 +0000] 0:0:0:0:0:0:0:1 1xx8umip2hbnt1ifmk4htlnnv30.rn0 "GET /console/assets/appmon/js/dashboard-viewer.js HTTP/1.1" 200 5731 "http://localhost:8082/console/appmon/dashboard/demo" "Mozilla/5.0 (Windows NT 10.0; Win64; x64; rv:153.0) Gecko/20100101 Firefox/153.0"
[06/Aug/2026:03:49:51 +0000] 0:0:0:0:0:0:0:1 1xx8umip2hbnt1ifmk4htlnnv30.rn0 "GET /console/assets/appmon/js/dashboard-chart.js HTTP/1.1" 200 2242 "http://localhost:8082/console/appmon/dashboard/demo" "Mozilla/5.0 (Windows NT 10.0; Win64; x64; rv:153.0) Gecko/20100101 Firefox/153.0"
[06/Aug/2026:03:49:51 +0000] 0:0:0:0:0:0:0:1 1xx8umip2hbnt1ifmk4htlnnv30.rn0 "GET /console/assets/appmon/js/traffic-painter.js HTTP/1.1" 200 2065 "http://localhost:8082/console/appmon/dashboard/demo" "Mozilla/5.0 (Windows NT 10.0; Win64; x64; rv:153.0) Gecko/20100101 Firefox/153.0"
[06/Aug/2026:03:49:51 +0000] 0:0:0:0:0:0:0:1 1xx8umip2hbnt1ifmk4htlnnv30.rn0 "GET /console/assets/appmon/js/polling-client.js HTTP/1.1" 200 2503 "http://localhost:8082/console/appmon/dashboard/demo" "Mozilla/5.0 (Windows NT 10.0; Win64; x64; rv:153.0) Gecko/20100101 Firefox/153.0"
[06/Aug/2026:03:49:51 +0000] 0:0:0:0:0:0:0:1 1xx8umip2hbnt1ifmk4htlnnv30.rn0 "GET /console/assets/appmon/js/websocket-client.js HTTP/1.1" 200 2637 "http://localhost:8082/console/appmon/dashboard/demo" "Mozilla/5.0 (Windows NT 10.0; Win64; x64; rv:153.0) Gecko/20100101 Firefox/153.0"
[06/Aug/2026:03:49:51 +0000] 0:0:0:0:0:0:0:1 1xx8umip2hbnt1ifmk4htlnnv30.rn0 "GET /console/assets/appmon/js/base-client.js HTTP/1.1" 200 1673 "http://localhost:8082/console/appmon/dashboard/demo" "Mozilla/5.0 (Windows NT 10.0; Win64; x64; rv:153.0) Gecko/20100101 Firefox/153.0"
[06/Aug/2026:03:49:51 +0000] 0:0:0:0:0:0:0:1 1xx8umip2hbnt1ifmk4htlnnv30.rn0 "GET /console/appmon/config/data?appsToSubscribe=demo HTTP/1.1" 200 759 "http://localhost:8082/console/appmon/dashboard/demo" "Mozilla/5.0 (Windows NT 10.0; Win64; x64; rv:153.0) Gecko/20100101 Firefox/153.0"
[06/Aug/2026:03:49:51 +0000] 0:0:0:0:0:0:0:1 1xx8umip2hbnt1ifmk4htlnnv30.rn0 "GET /console/nodes/localhost/appmon/websocket/rXMpm33T72-GQVTiR6EqSXLTzIFcxZk1TH7lzGp5svwVzcA5mHJsOBN1u8bCUBqwG0k7K8XgR20 HTTP/1.1" 101 - "-" "Mozilla/5.0 (Windows NT 10.0; Win64; x64; rv:153.0) Gecko/20100101 Firefox/153.0"
[06/Aug/2026:03:50:24 +0000] 0:0:0:0:0:0:0:1 1xx8umip2hbnt1ifmk4htlnnv30.rn0 "GET /console/appmon/dashboard/demo HTTP/1.1" 200 5373 "-" "Mozilla/5.0 (Windows NT 10.0; Win64; x64; rv:153.0) Gecko/20100101 Firefox/153.0"
[06/Aug/2026:03:50:24 +0000] 0:0:0:0:0:0:0:1 1xx8umip2hbnt1ifmk4htlnnv30.rn0 "GET /console/assets/css/console.css HTTP/1.1" 200 1059 "http://localhost:8082/console/appmon/dashboard/demo" "Mozilla/5.0 (Windows NT 10.0; Win64; x64; rv:153.0) Gecko/20100101 Firefox/153.0"
[06/Aug/2026:03:50:24 +0000] 0:0:0:0:0:0:0:1 1xx8umip2hbnt1ifmk4htlnnv30.rn0 "GET /console/assets/appmon/css/appmon-dark.css HTTP/1.1" 200 1511 "http://localhost:8082/console/appmon/dashboard/demo" "Mozilla/5.0 (Windows NT 10.0; Win64; x64; rv:153.0) Gecko/20100101 Firefox/153.0"
[06/Aug/2026:03:50:24 +0000] 0:0:0:0:0:0:0:1 1xx8umip2hbnt1ifmk4htlnnv30.rn0 "GET /console/assets/appmon/css/appmon.css HTTP/1.1" 200 3191 "http://localhost:8082/console/appmon/dashboard/demo" "Mozilla/5.0 (Windows NT 10.0; Win64; x64; rv:153.0) Gecko/20100101 Firefox/153.0"
[06/Aug/2026:03:50:24 +0000] 0:0:0:0:0:0:0:1 1xx8umip2hbnt1ifmk4htlnnv30.rn0 "GET /console/assets/appmon/js/dashboard-builder.js HTTP/1.1" 200 7850 "http://localhost:8082/console/appmon/dashboard/demo" "Mozilla/5.0 (Windows NT 10.0; Win64; x64; rv:153.0) Gecko/20100101 Firefox/153.0"
[06/Aug/2026:03:50:24 +0000] 0:0:0:0:0:0:0:1 1xx8umip2hbnt1ifmk4htlnnv30.rn0 "GET /console/assets/appmon/js/dashboard-viewer.js HTTP/1.1" 200 5731 "http://localhost:8082/console/appmon/dashboard/demo" "Mozilla/5.0 (Windows NT 10.0; Win64; x64; rv:153.0) Gecko/20100101 Firefox/153.0"
[06/Aug/2026:03:50:24 +0000] 0:0:0:0:0:0:0:1 1xx8umip2hbnt1ifmk4htlnnv30.rn0 "GET /console/assets/appmon/js/dashboard-chart.js HTTP/1.1" 200 2242 "http://localhost:8082/console/appmon/dashboard/demo" "Mozilla/5.0 (Windows NT 10.0; Win64; x64; rv:153.0) Gecko/20100101 Firefox/153.0"
[06/Aug/2026:03:50:24 +0000] 0:0:0:0:0:0:0:1 1xx8umip2hbnt1ifmk4htlnnv30.rn0 "GET /console/assets/appmon/js/traffic-painter.js HTTP/1.1" 200 2065 "http://localhost:8082/console/appmon/dashboard/demo" "Mozilla/5.0 (Windows NT 10.0; Win64; x64; rv:153.0) Gecko/20100101 Firefox/153.0"
[06/Aug/2026:03:50:24 +0000] 0:0:0:0:0:0:0:1 1xx8umip2hbnt1ifmk4htlnnv30.rn0 "GET /console/assets/appmon/js/base-client.js HTTP/1.1" 200 1673 "http://localhost:8082/console/appmon/dashboard/demo" "Mozilla/5.0 (Windows NT 10.0; Win64; x64; rv:153.0) Gecko/20100101 Firefox/153.0"
[06/Aug/2026:03:50:24 +0000] 0:0:0:0:0:0:0:1 1xx8umip2hbnt1ifmk4htlnnv30.rn0 "GET /console/assets/appmon/js/websocket-client.js HTTP/1.1" 200 2637 "http://localhost:8082/console/appmon/dashboard/demo" "Mozilla/5.0 (Windows NT 10.0; Win64; x64; rv:153.0) Gecko/20100101 Firefox/153.0"
[06/Aug/2026:03:50:24 +0000] 0:0:0:0:0:0:0:1 1xx8umip2hbnt1ifmk4htlnnv30.rn0 "GET /console/assets/appmon/js/polling-client.js HTTP/1.1" 200 2503 "http://localhost:8082/console/appmon/dashboard/demo" "Mozilla/5.0 (Windows NT 10.0; Win64; x64; rv:153.0) Gecko/20100101 Firefox/153.0"
[06/Aug/2026:03:50:24 +0000] 0:0:0:0:0:0:0:1 1xx8umip2hbnt1ifmk4htlnnv30.rn0 "GET /console/appmon/config/data?appsToSubscribe=demo HTTP/1.1" 200 757 "http://localhost:8082/console/appmon/dashboard/demo" "Mozilla/5.0 (Windows NT 10.0; Win64; x64; rv:153.0) Gecko/20100101 Firefox/153.0"
[06/Aug/2026:03:50:24 +0000] 0:0:0:0:0:0:0:1 1xx8umip2hbnt1ifmk4htlnnv30.rn0 "GET /console/nodes/localhost/appmon/websocket/f4z9QG4axaCZrFDOaLNCrTKGtusVtl4T-Z3lvSr2RGpdzdQj72ltGMXiyrlgm70SoZAMhSZ2ASM HTTP/1.1" 101 - "-" "Mozilla/5.0 (Windows NT 10.0; Win64; x64; rv:153.0) Gecko/20100101 Firefox/153.0"
[06/Aug/2026:03:50:25 +0000] 0:0:0:0:0:0:0:1 1xx8umip2hbnt1ifmk4htlnnv30.rn0 "GET /console/appmon/dashboard/ HTTP/1.1" 200 5370 "http://localhost:8082/console/appmon/dashboard/demo" "Mozilla/5.0 (Windows NT 10.0; Win64; x64; rv:153.0) Gecko/20100101 Firefox/153.0"
[06/Aug/2026:03:50:25 +0000] 0:0:0:0:0:0:0:1 1xx8umip2hbnt1ifmk4htlnnv30.rn0 "GET /console/assets/css/console.css HTTP/1.1" 200 1059 "http://localhost:8082/console/appmon/dashboard/" "Mozilla/5.0 (Windows NT 10.0; Win64; x64; rv:153.0) Gecko/20100101 Firefox/153.0"
[06/Aug/2026:03:50:25 +0000] 0:0:0:0:0:0:0:1 1xx8umip2hbnt1ifmk4htlnnv30.rn0 "GET /console/assets/appmon/css/appmon.css HTTP/1.1" 200 3191 "http://localhost:8082/console/appmon/dashboard/" "Mozilla/5.0 (Windows NT 10.0; Win64; x64; rv:153.0) Gecko/20100101 Firefox/153.0"
[06/Aug/2026:03:50:25 +0000] 0:0:0:0:0:0:0:1 1xx8umip2hbnt1ifmk4htlnnv30.rn0 "GET /console/assets/appmon/css/appmon-dark.css HTTP/1.1" 200 1511 "http://localhost:8082/console/appmon/dashboard/" "Mozilla/5.0 (Windows NT 10.0; Win64; x64; rv:153.0) Gecko/20100101 Firefox/153.0"
[06/Aug/2026:03:50:25 +0000] 0:0:0:0:0:0:0:1 1xx8umip2hbnt1ifmk4htlnnv30.rn0 "GET /console/assets/appmon/js/dashboard-builder.js HTTP/1.1" 200 7850 "http://localhost:8082/console/appmon/dashboard/" "Mozilla/5.0 (Windows NT 10.0; Win64; x64; rv:153.0) Gecko/20100101 Firefox/153.0"
[06/Aug/2026:03:50:25 +0000] 0:0:0:0:0:0:0:1 1xx8umip2hbnt1ifmk4htlnnv30.rn0 "GET /console/assets/appmon/js/dashboard-viewer.js HTTP/1.1" 200 5731 "http://localhost:8082/console/appmon/dashboard/" "Mozilla/5.0 (Windows NT 10.0; Win64; x64; rv:153.0) Gecko/20100101 Firefox/153.0"
[06/Aug/2026:03:50:25 +0000] 0:0:0:0:0:0:0:1 1xx8umip2hbnt1ifmk4htlnnv30.rn0 "GET /console/assets/appmon/js/dashboard-chart.js HTTP/1.1" 200 2242 "http://localhost:8082/console/appmon/dashboard/" "Mozilla/5.0 (Windows NT 10.0; Win64; x64; rv:153.0) Gecko/20100101 Firefox/153.0"
[06/Aug/2026:03:50:25 +0000] 0:0:0:0:0:0:0:1 1xx8umip2hbnt1ifmk4htlnnv30.rn0 "GET /console/assets/appmon/js/traffic-painter.js HTTP/1.1" 200 2065 "http://localhost:8082/console/appmon/dashboard/" "Mozilla/5.0 (Windows NT 10.0; Win64; x64; rv:153.0) Gecko/20100101 Firefox/153.0"
[06/Aug/2026:03:50:25 +0000] 0:0:0:0:0:0:0:1 1xx8umip2hbnt1ifmk4htlnnv30.rn0 "GET /console/assets/appmon/js/base-client.js HTTP/1.1" 200 1673 "http://localhost:8082/console/appmon/dashboard/" "Mozilla/5.0 (Windows NT 10.0; Win64; x64; rv:153.0) Gecko/20100101 Firefox/153.0"
[06/Aug/2026:03:50:25 +0000] 0:0:0:0:0:0:0:1 1xx8umip2hbnt1ifmk4htlnnv30.rn0 "GET /console/assets/appmon/js/websocket-client.js HTTP/1.1" 200 2637 "http://localhost:8082/console/appmon/dashboard/" "Mozilla/5.0 (Windows NT 10.0; Win64; x64; rv:153.0) Gecko/20100101 Firefox/153.0"
[06/Aug/2026:03:50:25 +0000] 0:0:0:0:0:0:0:1 1xx8umip2hbnt1ifmk4htlnnv30.rn0 "GET /console/assets/appmon/js/polling-client.js HTTP/1.1" 200 2503 "http://localhost:8082/console/appmon/dashboard/" "Mozilla/5.0 (Windows NT 10.0; Win64; x64; rv:153.0) Gecko/20100101 Firefox/153.0"
[06/Aug/2026:03:50:25 +0000] 0:0:0:0:0:0:0:1 1xx8umip2hbnt1ifmk4htlnnv30.rn0 "GET /console/appmon/config/data?appsToSubscribe= HTTP/1.1" 200 1281 "http://localhost:8082/console/appmon/dashboard/" "Mozilla/5.0 (Windows NT 10.0; Win64; x64; rv:153.0) Gecko/20100101 Firefox/153.0"
[06/Aug/2026:03:50:26 +0000] 0:0:0:0:0:0:0:1 1xx8umip2hbnt1ifmk4htlnnv30.rn0 "GET /console/nodes/localhost/appmon/websocket/EOW6vD9J4pOO4NQSCaWSoO8v3FYabJ9W1imMtaKof0u5GlZlr3Ut-zRUIzY9gkuDsrjKsj62r48 HTTP/1.1" 101 - "-" "Mozilla/5.0 (Windows NT 10.0; Win64; x64; rv:153.0) Gecko/20100101 Firefox/153.0"
[06/Aug/2026:03:50:30 +0000] 0:0:0:0:0:0:0:1 1xx8umip2hbnt1ifmk4htlnnv30.rn0 "GET /console/appmon/dashboard/ HTTP/1.1" 200 5370 "http://localhost:8082/console/appmon/dashboard/demo" "Mozilla/5.0 (Windows NT 10.0; Win64; x64; rv:153.0) Gecko/20100101 Firefox/153.0"
[06/Aug/2026:03:50:31 +0000] 0:0:0:0:0:0:0:1 1xx8umip2hbnt1ifmk4htlnnv30.rn0 "GET /console/assets/css/console.css HTTP/1.1" 200 1059 "http://localhost:8082/console/appmon/dashboard/" "Mozilla/5.0 (Windows NT 10.0; Win64; x64; rv:153.0) Gecko/20100101 Firefox/153.0"
[06/Aug/2026:03:50:31 +0000] 0:0:0:0:0:0:0:1 1xx8umip2hbnt1ifmk4htlnnv30.rn0 "GET /console/assets/appmon/css/appmon.css HTTP/1.1" 200 3191 "http://localhost:8082/console/appmon/dashboard/" "Mozilla/5.0 (Windows NT 10.0; Win64; x64; rv:153.0) Gecko/20100101 Firefox/153.0"
[06/Aug/2026:03:50:31 +0000] 0:0:0:0:0:0:0:1 1xx8umip2hbnt1ifmk4htlnnv30.rn0 "GET /console/assets/appmon/css/appmon-dark.css HTTP/1.1" 200 1511 "http://localhost:8082/console/appmon/dashboard/" "Mozilla/5.0 (Windows NT 10.0; Win64; x64; rv:153.0) Gecko/20100101 Firefox/153.0"
[06/Aug/2026:03:50:31 +0000] 0:0:0:0:0:0:0:1 1xx8umip2hbnt1ifmk4htlnnv30.rn0 "GET /console/assets/appmon/js/dashboard-builder.js HTTP/1.1" 200 7850 "http://localhost:8082/console/appmon/dashboard/" "Mozilla/5.0 (Windows NT 10.0; Win64; x64; rv:153.0) Gecko/20100101 Firefox/153.0"
[06/Aug/2026:03:50:31 +0000] 0:0:0:0:0:0:0:1 1xx8umip2hbnt1ifmk4htlnnv30.rn0 "GET /console/assets/appmon/js/dashboard-viewer.js HTTP/1.1" 200 5731 "http://localhost:8082/console/appmon/dashboard/" "Mozilla/5.0 (Windows NT 10.0; Win64; x64; rv:153.0) Gecko/20100101 Firefox/153.0"
[06/Aug/2026:03:50:31 +0000] 0:0:0:0:0:0:0:1 1xx8umip2hbnt1ifmk4htlnnv30.rn0 "GET /console/assets/appmon/js/dashboard-chart.js HTTP/1.1" 200 2242 "http://localhost:8082/console/appmon/dashboard/" "Mozilla/5.0 (Windows NT 10.0; Win64; x64; rv:153.0) Gecko/20100101 Firefox/153.0"
[06/Aug/2026:03:50:31 +0000] 0:0:0:0:0:0:0:1 1xx8umip2hbnt1ifmk4htlnnv30.rn0 "GET /console/assets/appmon/js/traffic-painter.js HTTP/1.1" 200 2065 "http://localhost:8082/console/appmon/dashboard/" "Mozilla/5.0 (Windows NT 10.0; Win64; x64; rv:153.0) Gecko/20100101 Firefox/153.0"
[06/Aug/2026:03:50:31 +0000] 0:0:0:0:0:0:0:1 1xx8umip2hbnt1ifmk4htlnnv30.rn0 "GET /console/assets/appmon/js/base-client.js HTTP/1.1" 200 1673 "http://localhost:8082/console/appmon/dashboard/" "Mozilla/5.0 (Windows NT 10.0; Win64; x64; rv:153.0) Gecko/20100101 Firefox/153.0"
[06/Aug/2026:03:50:31 +0000] 0:0:0:0:0:0:0:1 1xx8umip2hbnt1ifmk4htlnnv30.rn0 "GET /console/assets/appmon/js/websocket-client.js HTTP/1.1" 200 2637 "http://localhost:8082/console/appmon/dashboard/" "Mozilla/5.0 (Windows NT 10.0; Win64; x64; rv:153.0) Gecko/20100101 Firefox/153.0"
[06/Aug/2026:03:50:31 +0000] 0:0:0:0:0:0:0:1 1xx8umip2hbnt1ifmk4htlnnv30.rn0 "GET /console/assets/appmon/js/polling-client.js HTTP/1.1" 200 2503 "http://localhost:8082/console/appmon/dashboard/" "Mozilla/5.0 (Windows NT 10.0; Win64; x64; rv:153.0) Gecko/20100101 Firefox/153.0"
[06/Aug/2026:03:50:31 +0000] 0:0:0:0:0:0:0:1 1xx8umip2hbnt1ifmk4htlnnv30.rn0 "GET /console/appmon/config/data?appsToSubscribe= HTTP/1.1" 200 1280 "http://localhost:8082/console/appmon/dashboard/" "Mozilla/5.0 (Windows NT 10.0; Win64; x64; rv:153.0) Gecko/20100101 Firefox/153.0"
[06/Aug/2026:03:50:31 +0000] 0:0:0:0:0:0:0:1 1xx8umip2hbnt1ifmk4htlnnv30.rn0 "GET /console/nodes/localhost/appmon/websocket/c6l9XijVf5kfn0I0H0Uf_9cOwKS3XMW0JRpCOnKeESqjstEyIeKQfUWrJGiELT3Ed5neNVDZVbc HTTP/1.1" 101 - "-" "Mozilla/5.0 (Windows NT 10.0; Win64; x64; rv:153.0) Gecko/20100101 Firefox/153.0"
[06/Aug/2026:03:50:40 +0000] 0:0:0:0:0:0:0:1 1xx8umip2hbnt1ifmk4htlnnv30.rn0 "GET /console/cluster/commands/ HTTP/1.1" 200 10795 "http://localhost:8082/console/appmon/dashboard/" "Mozilla/5.0 (Windows NT 10.0; Win64; x64; rv:153.0) Gecko/20100101 Firefox/153.0"
[06/Aug/2026:03:50:40 +0000] 0:0:0:0:0:0:0:1 1xx8umip2hbnt1ifmk4htlnnv30.rn0 "GET /console/assets/css/console.css HTTP/1.1" 200 1059 "http://localhost:8082/console/cluster/commands/" "Mozilla/5.0 (Windows NT 10.0; Win64; x64; rv:153.0) Gecko/20100101 Firefox/153.0"
[06/Aug/2026:03:50:40 +0000] 0:0:0:0:0:0:0:1 1xx8umip2hbnt1ifmk4htlnnv30.rn0 "GET /console/assets/js/console-client.js HTTP/1.1" 200 3652 "http://localhost:8082/console/cluster/commands/" "Mozilla/5.0 (Windows NT 10.0; Win64; x64; rv:153.0) Gecko/20100101 Firefox/153.0"
[06/Aug/2026:03:50:41 +0000] 0:0:0:0:0:0:0:1 1xx8umip2hbnt1ifmk4htlnnv30.rn0 "GET /console/cluster/token HTTP/1.1" 200 126 "http://localhost:8082/console/cluster/commands/" "Mozilla/5.0 (Windows NT 10.0; Win64; x64; rv:153.0) Gecko/20100101 Firefox/153.0"
[06/Aug/2026:03:50:41 +0000] 0:0:0:0:0:0:0:1 1xx8umip2hbnt1ifmk4htlnnv30.rn0 "GET /console/cluster/token HTTP/1.1" 200 126 "http://localhost:8082/console/cluster/commands/" "Mozilla/5.0 (Windows NT 10.0; Win64; x64; rv:153.0) Gecko/20100101 Firefox/153.0"
[06/Aug/2026:03:50:41 +0000] 0:0:0:0:0:0:0:1 1xx8umip2hbnt1ifmk4htlnnv30.rn0 "GET /console/nodes/localhost-console1/commands/websocket/sKCF8YdZa7EwP3qOeXikEYNpDVrzRemQ0ggCbm8SR63PiJhkijZZTV4JnfhNRjSy6WA5PyJ4Xz4 HTTP/1.1" 101 - "-" "Mozilla/5.0 (Windows NT 10.0; Win64; x64; rv:153.0) Gecko/20100101 Firefox/153.0"
[06/Aug/2026:03:50:47 +0000] 0:0:0:0:0:0:0:1 1xx8umip2hbnt1ifmk4htlnnv30.rn0 "GET /console/appmon/dashboard/ HTTP/1.1" 200 5370 "http://localhost:8082/console/appmon/dashboard/demo" "Mozilla/5.0 (Windows NT 10.0; Win64; x64; rv:153.0) Gecko/20100101 Firefox/153.0"
[06/Aug/2026:03:50:47 +0000] 0:0:0:0:0:0:0:1 1xx8umip2hbnt1ifmk4htlnnv30.rn0 "GET /console/assets/css/console.css HTTP/1.1" 200 1059 "http://localhost:8082/console/appmon/dashboard/" "Mozilla/5.0 (Windows NT 10.0; Win64; x64; rv:153.0) Gecko/20100101 Firefox/153.0"
[06/Aug/2026:03:50:47 +0000] 0:0:0:0:0:0:0:1 1xx8umip2hbnt1ifmk4htlnnv30.rn0 "GET /console/assets/appmon/css/appmon.css HTTP/1.1" 200 3191 "http://localhost:8082/console/appmon/dashboard/" "Mozilla/5.0 (Windows NT 10.0; Win64; x64; rv:153.0) Gecko/20100101 Firefox/153.0"
[06/Aug/2026:03:50:47 +0000] 0:0:0:0:0:0:0:1 1xx8umip2hbnt1ifmk4htlnnv30.rn0 "GET /console/assets/appmon/css/appmon-dark.css HTTP/1.1" 200 1511 "http://localhost:8082/console/appmon/dashboard/" "Mozilla/5.0 (Windows NT 10.0; Win64; x64; rv:153.0) Gecko/20100101 Firefox/153.0"
[06/Aug/2026:03:50:47 +0000] 0:0:0:0:0:0:0:1 1xx8umip2hbnt1ifmk4htlnnv30.rn0 "GET /console/assets/appmon/js/dashboard-builder.js HTTP/1.1" 200 7850 "http://localhost:8082/console/appmon/dashboard/" "Mozilla/5.0 (Windows NT 10.0; Win64; x64; rv:153.0) Gecko/20100101 Firefox/153.0"
[06/Aug/2026:03:50:47 +0000] 0:0:0:0:0:0:0:1 1xx8umip2hbnt1ifmk4htlnnv30.rn0 "GET /console/assets/appmon/js/dashboard-viewer.js HTTP/1.1" 200 5731 "http://localhost:8082/console/appmon/dashboard/" "Mozilla/5.0 (Windows NT 10.0; Win64; x64; rv:153.0) Gecko/20100101 Firefox/153.0"
[06/Aug/2026:03:50:47 +0000] 0:0:0:0:0:0:0:1 1xx8umip2hbnt1ifmk4htlnnv30.rn0 "GET /console/assets/appmon/js/dashboard-chart.js HTTP/1.1" 200 2242 "http://localhost:8082/console/appmon/dashboard/" "Mozilla/5.0 (Windows NT 10.0; Win64; x64; rv:153.0) Gecko/20100101 Firefox/153.0"
[06/Aug/2026:03:50:47 +0000] 0:0:0:0:0:0:0:1 1xx8umip2hbnt1ifmk4htlnnv30.rn0 "GET /console/assets/appmon/js/traffic-painter.js HTTP/1.1" 200 2065 "http://localhost:8082/console/appmon/dashboard/" "Mozilla/5.0 (Windows NT 10.0; Win64; x64; rv:153.0) Gecko/20100101 Firefox/153.0"
[06/Aug/2026:03:50:47 +0000] 0:0:0:0:0:0:0:1 1xx8umip2hbnt1ifmk4htlnnv30.rn0 "GET /console/assets/appmon/js/base-client.js HTTP/1.1" 200 1673 "http://localhost:8082/console/appmon/dashboard/" "Mozilla/5.0 (Windows NT 10.0; Win64; x64; rv:153.0) Gecko/20100101 Firefox/153.0"
[06/Aug/2026:03:50:47 +0000] 0:0:0:0:0:0:0:1 1xx8umip2hbnt1ifmk4htlnnv30.rn0 "GET /console/assets/appmon/js/websocket-client.js HTTP/1.1" 200 2637 "http://localhost:8082/console/appmon/dashboard/" "Mozilla/5.0 (Windows NT 10.0; Win64; x64; rv:153.0) Gecko/20100101 Firefox/153.0"
[06/Aug/2026:03:50:47 +0000] 0:0:0:0:0:0:0:1 1xx8umip2hbnt1ifmk4htlnnv30.rn0 "GET /console/assets/appmon/js/polling-client.js HTTP/1.1" 200 2503 "http://localhost:8082/console/appmon/dashboard/" "Mozilla/5.0 (Windows NT 10.0; Win64; x64; rv:153.0) Gecko/20100101 Firefox/153.0"
[06/Aug/2026:03:50:47 +0000] 0:0:0:0:0:0:0:1 1xx8umip2hbnt1ifmk4htlnnv30.rn0 "GET /console/appmon/config/data?appsToSubscribe= HTTP/1.1" 200 1282 "http://localhost:8082/console/appmon/dashboard/" "Mozilla/5.0 (Windows NT 10.0; Win64; x64; rv:153.0) Gecko/20100101 Firefox/153.0"
[06/Aug/2026:03:50:47 +0000] 0:0:0:0:0:0:0:1 1xx8umip2hbnt1ifmk4htlnnv30.rn0 "GET /console/nodes/localhost/appmon/websocket/TGSULVU86ERknNeWEAhKnEYU5KxVurv1yuVptTpk1SpUzNIWGG_UsZD-7MgQdU2GHUl2X8bmLHE HTTP/1.1" 101 - "-" "Mozilla/5.0 (Windows NT 10.0; Win64; x64; rv:153.0) Gecko/20100101 Firefox/153.0"
[06/Aug/2026:03:51:24 +0000] 0:0:0:0:0:0:0:1 1xx8umip2hbnt1ifmk4htlnnv30.rn0 "GET /console/cluster/scheduler/ HTTP/1.1" 200 17624 "http://localhost:8082/console/appmon/dashboard/" "Mozilla/5.0 (Windows NT 10.0; Win64; x64; rv:153.0) Gecko/20100101 Firefox/153.0"
[06/Aug/2026:03:51:24 +0000] 0:0:0:0:0:0:0:1 1xx8umip2hbnt1ifmk4htlnnv30.rn0 "GET /console/assets/css/console.css HTTP/1.1" 200 1059 "http://localhost:8082/console/cluster/scheduler/" "Mozilla/5.0 (Windows NT 10.0; Win64; x64; rv:153.0) Gecko/20100101 Firefox/153.0"
[06/Aug/2026:03:51:24 +0000] 0:0:0:0:0:0:0:1 1xx8umip2hbnt1ifmk4htlnnv30.rn0 "GET /console/assets/js/console-client.js HTTP/1.1" 200 3652 "http://localhost:8082/console/cluster/scheduler/" "Mozilla/5.0 (Windows NT 10.0; Win64; x64; rv:153.0) Gecko/20100101 Firefox/153.0"
[06/Aug/2026:03:51:24 +0000] 0:0:0:0:0:0:0:1 1xx8umip2hbnt1ifmk4htlnnv30.rn0 "GET /console/cluster/token HTTP/1.1" 200 126 "http://localhost:8082/console/cluster/scheduler/" "Mozilla/5.0 (Windows NT 10.0; Win64; x64; rv:153.0) Gecko/20100101 Firefox/153.0"
[06/Aug/2026:03:51:24 +0000] 0:0:0:0:0:0:0:1 1xx8umip2hbnt1ifmk4htlnnv30.rn0 "GET /console/cluster/token HTTP/1.1" 200 126 "http://localhost:8082/console/cluster/scheduler/" "Mozilla/5.0 (Windows NT 10.0; Win64; x64; rv:153.0) Gecko/20100101 Firefox/153.0"
[06/Aug/2026:03:51:24 +0000] 0:0:0:0:0:0:0:1 1xx8umip2hbnt1ifmk4htlnnv30.rn0 "GET /console/nodes/localhost-console1/scheduler/websocket/XOKg-Hxwz4-Dz1Li0iSG5FP1NjwBsGsC3vYjvmDaDD13c5tdL8aX8huTYup5Tp6wnP2RhquyGH4 HTTP/1.1" 101 - "-" "Mozilla/5.0 (Windows NT 10.0; Win64; x64; rv:153.0) Gecko/20100101 Firefox/153.0"
[06/Aug/2026:03:51:26 +0000] 0:0:0:0:0:0:0:1 1xx8umip2hbnt1ifmk4htlnnv30.rn0 "GET /console/cluster/commands/ HTTP/1.1" 200 10795 "http://localhost:8082/console/cluster/scheduler/" "Mozilla/5.0 (Windows NT 10.0; Win64; x64; rv:153.0) Gecko/20100101 Firefox/153.0"
[06/Aug/2026:03:51:26 +0000] 0:0:0:0:0:0:0:1 1xx8umip2hbnt1ifmk4htlnnv30.rn0 "GET /console/assets/css/console.css HTTP/1.1" 200 1059 "http://localhost:8082/console/cluster/commands/" "Mozilla/5.0 (Windows NT 10.0; Win64; x64; rv:153.0) Gecko/20100101 Firefox/153.0"
[06/Aug/2026:03:51:26 +0000] 0:0:0:0:0:0:0:1 1xx8umip2hbnt1ifmk4htlnnv30.rn0 "GET /console/assets/js/console-client.js HTTP/1.1" 200 3652 "http://localhost:8082/console/cluster/commands/" "Mozilla/5.0 (Windows NT 10.0; Win64; x64; rv:153.0) Gecko/20100101 Firefox/153.0"
[06/Aug/2026:03:51:26 +0000] 0:0:0:0:0:0:0:1 1xx8umip2hbnt1ifmk4htlnnv30.rn0 "GET /console/cluster/token HTTP/1.1" 200 126 "http://localhost:8082/console/cluster/commands/" "Mozilla/5.0 (Windows NT 10.0; Win64; x64; rv:153.0) Gecko/20100101 Firefox/153.0"
[06/Aug/2026:03:51:26 +0000] 0:0:0:0:0:0:0:1 1xx8umip2hbnt1ifmk4htlnnv30.rn0 "GET /console/cluster/token HTTP/1.1" 200 126 "http://localhost:8082/console/cluster/commands/" "Mozilla/5.0 (Windows NT 10.0; Win64; x64; rv:153.0) Gecko/20100101 Firefox/153.0"
[06/Aug/2026:03:51:26 +0000] 0:0:0:0:0:0:0:1 1xx8umip2hbnt1ifmk4htlnnv30.rn0 "GET /console/nodes/localhost-console1/commands/websocket/Ktvok_eduML2lULYrCZNPg8So33bGPPUT47cKNLjNAumrWaaYhT-aCOZORg6iFGChjFzOrPjRL4 HTTP/1.1" 101 - "-" "Mozilla/5.0 (Windows NT 10.0; Win64; x64; rv:153.0) Gecko/20100101 Firefox/153.0"
[06/Aug/2026:03:51:31 +0000] 0:0:0:0:0:0:0:1 1xx8umip2hbnt1ifmk4htlnnv30.rn0 "GET /console/assets/css/console.css HTTP/1.1" 200 1059 "http://localhost:8082/console/cluster/nodes/" "Mozilla/5.0 (Windows NT 10.0; Win64; x64; rv:153.0) Gecko/20100101 Firefox/153.0"
[06/Aug/2026:03:51:31 +0000] 0:0:0:0:0:0:0:1 1xx8umip2hbnt1ifmk4htlnnv30.rn0 "GET /console/cluster/nodes/ HTTP/1.1" 200 9638 "http://localhost:8082/console/cluster/commands/" "Mozilla/5.0 (Windows NT 10.0; Win64; x64; rv:153.0) Gecko/20100101 Firefox/153.0"
[06/Aug/2026:03:51:31 +0000] 0:0:0:0:0:0:0:1 1xx8umip2hbnt1ifmk4htlnnv30.rn0 "GET /console/assets/js/console-client.js HTTP/1.1" 200 3652 "http://localhost:8082/console/cluster/nodes/" "Mozilla/5.0 (Windows NT 10.0; Win64; x64; rv:153.0) Gecko/20100101 Firefox/153.0"
[06/Aug/2026:03:51:31 +0000] 0:0:0:0:0:0:0:1 1xx8umip2hbnt1ifmk4htlnnv30.rn0 "GET /console/cluster/token HTTP/1.1" 200 126 "http://localhost:8082/console/cluster/nodes/" "Mozilla/5.0 (Windows NT 10.0; Win64; x64; rv:153.0) Gecko/20100101 Firefox/153.0"
[06/Aug/2026:03:51:31 +0000] 0:0:0:0:0:0:0:1 1xx8umip2hbnt1ifmk4htlnnv30.rn0 "GET /console/nodes/localhost-console1/websocket/Y-bp66IEx8Or0e-qz5MKSGQzWPM3vlIQwz_bDKNqgMWYkaSHwUcK3AEPrYDqL53egcI47m4BLmA HTTP/1.1" 101 - "-" "Mozilla/5.0 (Windows NT 10.0; Win64; x64; rv:153.0) Gecko/20100101 Firefox/153.0"
[06/Aug/2026:03:51:34 +0000] 0:0:0:0:0:0:0:1 1xx8umip2hbnt1ifmk4htlnnv30.rn0 "GET /console/vault/ HTTP/1.1" 200 8317 "http://localhost:8082/console/cluster/nodes/" "Mozilla/5.0 (Windows NT 10.0; Win64; x64; rv:153.0) Gecko/20100101 Firefox/153.0"
[06/Aug/2026:03:51:34 +0000] 0:0:0:0:0:0:0:1 1xx8umip2hbnt1ifmk4htlnnv30.rn0 "GET /console/assets/css/console.css HTTP/1.1" 200 1059 "http://localhost:8082/console/vault/" "Mozilla/5.0 (Windows NT 10.0; Win64; x64; rv:153.0) Gecko/20100101 Firefox/153.0"
[06/Aug/2026:03:51:36 +0000] 0:0:0:0:0:0:0:1 1xx8umip2hbnt1ifmk4htlnnv30.rn0 "GET /console/framework/config/ HTTP/1.1" 200 4779 "http://localhost:8082/console/vault/" "Mozilla/5.0 (Windows NT 10.0; Win64; x64; rv:153.0) Gecko/20100101 Firefox/153.0"
[06/Aug/2026:03:51:37 +0000] 0:0:0:0:0:0:0:1 1xx8umip2hbnt1ifmk4htlnnv30.rn0 "GET /console/assets/css/console.css HTTP/1.1" 200 1059 "http://localhost:8082/console/framework/config/" "Mozilla/5.0 (Windows NT 10.0; Win64; x64; rv:153.0) Gecko/20100101 Firefox/153.0"
[06/Aug/2026:03:51:37 +0000] 0:0:0:0:0:0:0:1 1xx8umip2hbnt1ifmk4htlnnv30.rn0 "GET /console/assets/js/apon-highlighter.js HTTP/1.1" 200 1959 "http://localhost:8082/console/framework/config/" "Mozilla/5.0 (Windows NT 10.0; Win64; x64; rv:153.0) Gecko/20100101 Firefox/153.0"
[06/Aug/2026:03:51:37 +0000] 0:0:0:0:0:0:0:1 1xx8umip2hbnt1ifmk4htlnnv30.rn0 "GET /console/framework/config/root/data HTTP/1.1" 200 1749 "http://localhost:8082/console/framework/config/" "Mozilla/5.0 (Windows NT 10.0; Win64; x64; rv:153.0) Gecko/20100101 Firefox/153.0"
[06/Aug/2026:03:51:38 +0000] 0:0:0:0:0:0:0:1 1xx8umip2hbnt1ifmk4htlnnv30.rn0 "GET /console/framework/anatomy/ HTTP/1.1" 200 5093 "http://localhost:8082/console/framework/config/" "Mozilla/5.0 (Windows NT 10.0; Win64; x64; rv:153.0) Gecko/20100101 Firefox/153.0"
[06/Aug/2026:03:51:38 +0000] 0:0:0:0:0:0:0:1 1xx8umip2hbnt1ifmk4htlnnv30.rn0 "GET /console/assets/css/console.css HTTP/1.1" 200 1059 "http://localhost:8082/console/framework/anatomy/" "Mozilla/5.0 (Windows NT 10.0; Win64; x64; rv:153.0) Gecko/20100101 Firefox/153.0"
[06/Aug/2026:03:51:38 +0000] 0:0:0:0:0:0:0:1 1xx8umip2hbnt1ifmk4htlnnv30.rn0 "GET /console/assets/js/apon-highlighter.js HTTP/1.1" 200 1959 "http://localhost:8082/console/framework/anatomy/" "Mozilla/5.0 (Windows NT 10.0; Win64; x64; rv:153.0) Gecko/20100101 Firefox/153.0"
[06/Aug/2026:03:51:38 +0000] 0:0:0:0:0:0:0:1 1xx8umip2hbnt1ifmk4htlnnv30.rn0 "GET /console/framework/anatomy/root/data HTTP/1.1" 200 19490 "http://localhost:8082/console/framework/anatomy/" "Mozilla/5.0 (Windows NT 10.0; Win64; x64; rv:153.0) Gecko/20100101 Firefox/153.0"
[06/Aug/2026:03:51:47 +0000] 0:0:0:0:0:0:0:1 1xx8umip2hbnt1ifmk4htlnnv30.rn0 "GET /console/framework/config/ HTTP/1.1" 200 4779 "http://localhost:8082/console/framework/anatomy/" "Mozilla/5.0 (Windows NT 10.0; Win64; x64; rv:153.0) Gecko/20100101 Firefox/153.0"
[06/Aug/2026:03:51:47 +0000] 0:0:0:0:0:0:0:1 1xx8umip2hbnt1ifmk4htlnnv30.rn0 "GET /console/assets/css/console.css HTTP/1.1" 200 1059 "http://localhost:8082/console/framework/config/" "Mozilla/5.0 (Windows NT 10.0; Win64; x64; rv:153.0) Gecko/20100101 Firefox/153.0"
[06/Aug/2026:03:51:47 +0000] 0:0:0:0:0:0:0:1 1xx8umip2hbnt1ifmk4htlnnv30.rn0 "GET /console/assets/js/apon-highlighter.js HTTP/1.1" 200 1959 "http://localhost:8082/console/framework/config/" "Mozilla/5.0 (Windows NT 10.0; Win64; x64; rv:153.0) Gecko/20100101 Firefox/153.0"
[06/Aug/2026:03:51:48 +0000] 0:0:0:0:0:0:0:1 1xx8umip2hbnt1ifmk4htlnnv30.rn0 "GET /console/framework/config/root/data HTTP/1.1" 200 1749 "http://localhost:8082/console/framework/config/" "Mozilla/5.0 (Windows NT 10.0; Win64; x64; rv:153.0) Gecko/20100101 Firefox/153.0"
[06/Aug/2026:03:51:49 +0000] 0:0:0:0:0:0:0:1 1xx8umip2hbnt1ifmk4htlnnv30.rn0 "GET /console/framework/anatomy/ HTTP/1.1" 200 5093 "http://localhost:8082/console/framework/config/" "Mozilla/5.0 (Windows NT 10.0; Win64; x64; rv:153.0) Gecko/20100101 Firefox/153.0"
[06/Aug/2026:03:51:49 +0000] 0:0:0:0:0:0:0:1 1xx8umip2hbnt1ifmk4htlnnv30.rn0 "GET /console/assets/css/console.css HTTP/1.1" 200 1059 "http://localhost:8082/console/framework/anatomy/" "Mozilla/5.0 (Windows NT 10.0; Win64; x64; rv:153.0) Gecko/20100101 Firefox/153.0"
[06/Aug/2026:03:51:49 +0000] 0:0:0:0:0:0:0:1 1xx8umip2hbnt1ifmk4htlnnv30.rn0 "GET /console/assets/js/apon-highlighter.js HTTP/1.1" 200 1959 "http://localhost:8082/console/framework/anatomy/" "Mozilla/5.0 (Windows NT 10.0; Win64; x64; rv:153.0) Gecko/20100101 Firefox/153.0"
[06/Aug/2026:03:51:49 +0000] 0:0:0:0:0:0:0:1 1xx8umip2hbnt1ifmk4htlnnv30.rn0 "GET /console/framework/anatomy/root/data HTTP/1.1" 200 19490 "http://localhost:8082/console/framework/anatomy/" "Mozilla/5.0 (Windows NT 10.0; Win64; x64; rv:153.0) Gecko/20100101 Firefox/153.0"
[06/Aug/2026:03:52:32 +0000] 0:0:0:0:0:0:0:1 1xx8umip2hbnt1ifmk4htlnnv30.rn0 "GET /console/framework/config/ HTTP/1.1" 200 4779 "http://localhost:8082/console/framework/anatomy/" "Mozilla/5.0 (Windows NT 10.0; Win64; x64; rv:153.0) Gecko/20100101 Firefox/153.0"
[06/Aug/2026:03:52:33 +0000] 0:0:0:0:0:0:0:1 1xx8umip2hbnt1ifmk4htlnnv30.rn0 "GET /console/assets/css/console.css HTTP/1.1" 200 1059 "http://localhost:8082/console/framework/config/" "Mozilla/5.0 (Windows NT 10.0; Win64; x64; rv:153.0) Gecko/20100101 Firefox/153.0"
[06/Aug/2026:03:52:33 +0000] 0:0:0:0:0:0:0:1 1xx8umip2hbnt1ifmk4htlnnv30.rn0 "GET /console/assets/js/apon-highlighter.js HTTP/1.1" 200 1959 "http://localhost:8082/console/framework/config/" "Mozilla/5.0 (Windows NT 10.0; Win64; x64; rv:153.0) Gecko/20100101 Firefox/153.0"
[06/Aug/2026:03:52:33 +0000] 0:0:0:0:0:0:0:1 1xx8umip2hbnt1ifmk4htlnnv30.rn0 "GET /console/framework/config/root/data HTTP/1.1" 200 1749 "http://localhost:8082/console/framework/config/" "Mozilla/5.0 (Windows NT 10.0; Win64; x64; rv:153.0) Gecko/20100101 Firefox/153.0"
[06/Aug/2026:03:52:41 +0000] 0:0:0:0:0:0:0:1 1xx8umip2hbnt1ifmk4htlnnv30.rn0 "GET /console/framework/anatomy/ HTTP/1.1" 200 5093 "http://localhost:8082/console/framework/config/" "Mozilla/5.0 (Windows NT 10.0; Win64; x64; rv:153.0) Gecko/20100101 Firefox/153.0"
[06/Aug/2026:03:52:41 +0000] 0:0:0:0:0:0:0:1 1xx8umip2hbnt1ifmk4htlnnv30.rn0 "GET /console/assets/css/console.css HTTP/1.1" 200 1059 "http://localhost:8082/console/framework/anatomy/" "Mozilla/5.0 (Windows NT 10.0; Win64; x64; rv:153.0) Gecko/20100101 Firefox/153.0"
[06/Aug/2026:03:52:41 +0000] 0:0:0:0:0:0:0:1 1xx8umip2hbnt1ifmk4htlnnv30.rn0 "GET /console/assets/js/apon-highlighter.js HTTP/1.1" 200 1959 "http://localhost:8082/console/framework/anatomy/" "Mozilla/5.0 (Windows NT 10.0; Win64; x64; rv:153.0) Gecko/20100101 Firefox/153.0"
[06/Aug/2026:03:52:41 +0000] 0:0:0:0:0:0:0:1 1xx8umip2hbnt1ifmk4htlnnv30.rn0 "GET /console/framework/anatomy/root/data HTTP/1.1" 200 19490 "http://localhost:8082/console/framework/anatomy/" "Mozilla/5.0 (Windows NT 10.0; Win64; x64; rv:153.0) Gecko/20100101 Firefox/153.0"
[06/Aug/2026:03:52:44 +0000] 0:0:0:0:0:0:0:1 1xx8umip2hbnt1ifmk4htlnnv30.rn0 "GET /console/vault/tool HTTP/1.1" 200 5982 "http://localhost:8082/console/framework/anatomy/" "Mozilla/5.0 (Windows NT 10.0; Win64; x64; rv:153.0) Gecko/20100101 Firefox/153.0"
[06/Aug/2026:03:52:44 +0000] 0:0:0:0:0:0:0:1 1xx8umip2hbnt1ifmk4htlnnv30.rn0 "GET /console/assets/css/console.css HTTP/1.1" 200 1059 "http://localhost:8082/console/vault/tool" "Mozilla/5.0 (Windows NT 10.0; Win64; x64; rv:153.0) Gecko/20100101 Firefox/153.0"
[06/Aug/2026:03:52:45 +0000] 0:0:0:0:0:0:0:1 1xx8umip2hbnt1ifmk4htlnnv30.rn0 "GET /console/framework/wildcard/ HTTP/1.1" 200 6017 "http://localhost:8082/console/vault/tool" "Mozilla/5.0 (Windows NT 10.0; Win64; x64; rv:153.0) Gecko/20100101 Firefox/153.0"
[06/Aug/2026:03:52:45 +0000] 0:0:0:0:0:0:0:1 1xx8umip2hbnt1ifmk4htlnnv30.rn0 "GET /console/assets/css/console.css HTTP/1.1" 200 1059 "http://localhost:8082/console/framework/wildcard/" "Mozilla/5.0 (Windows NT 10.0; Win64; x64; rv:153.0) Gecko/20100101 Firefox/153.0"
[06/Aug/2026:03:52:46 +0000] 0:0:0:0:0:0:0:1 1xx8umip2hbnt1ifmk4htlnnv30.rn0 "GET /console/framework/asel/ HTTP/1.1" 200 6853 "http://localhost:8082/console/framework/wildcard/" "Mozilla/5.0 (Windows NT 10.0; Win64; x64; rv:153.0) Gecko/20100101 Firefox/153.0"
[06/Aug/2026:03:52:46 +0000] 0:0:0:0:0:0:0:1 1xx8umip2hbnt1ifmk4htlnnv30.rn0 "GET /console/assets/css/console.css HTTP/1.1" 200 1059 "http://localhost:8082/console/framework/asel/" "Mozilla/5.0 (Windows NT 10.0; Win64; x64; rv:153.0) Gecko/20100101 Firefox/153.0"
[06/Aug/2026:03:52:47 +0000] 0:0:0:0:0:0:0:1 1xx8umip2hbnt1ifmk4htlnnv30.rn0 "GET /console/framework/apon/ HTTP/1.1" 200 5130 "http://localhost:8082/console/framework/asel/" "Mozilla/5.0 (Windows NT 10.0; Win64; x64; rv:153.0) Gecko/20100101 Firefox/153.0"
[06/Aug/2026:03:52:47 +0000] 0:0:0:0:0:0:0:1 1xx8umip2hbnt1ifmk4htlnnv30.rn0 "GET /console/assets/css/console.css HTTP/1.1" 200 1059 "http://localhost:8082/console/framework/apon/" "Mozilla/5.0 (Windows NT 10.0; Win64; x64; rv:153.0) Gecko/20100101 Firefox/153.0"
[06/Aug/2026:03:52:51 +0000] 0:0:0:0:0:0:0:1 1xx8umip2hbnt1ifmk4htlnnv30.rn0 "GET /console/user/ HTTP/1.1" 200 7693 "http://localhost:8082/console/framework/apon/" "Mozilla/5.0 (Windows NT 10.0; Win64; x64; rv:153.0) Gecko/20100101 Firefox/153.0"
[06/Aug/2026:03:52:51 +0000] 0:0:0:0:0:0:0:1 1xx8umip2hbnt1ifmk4htlnnv30.rn0 "GET /console/assets/css/console.css HTTP/1.1" 200 1059 "http://localhost:8082/console/user/" "Mozilla/5.0 (Windows NT 10.0; Win64; x64; rv:153.0) Gecko/20100101 Firefox/153.0"
[06/Aug/2026:03:52:52 +0000] 0:0:0:0:0:0:0:1 1xx8umip2hbnt1ifmk4htlnnv30.rn0 "GET /console/user/login-history HTTP/1.1" 200 6265 "http://localhost:8082/console/user/" "Mozilla/5.0 (Windows NT 10.0; Win64; x64; rv:153.0) Gecko/20100101 Firefox/153.0"
[06/Aug/2026:03:52:52 +0000] 0:0:0:0:0:0:0:1 1xx8umip2hbnt1ifmk4htlnnv30.rn0 "GET /console/assets/css/console.css HTTP/1.1" 200 1059 "http://localhost:8082/console/user/login-history" "Mozilla/5.0 (Windows NT 10.0; Win64; x64; rv:153.0) Gecko/20100101 Firefox/153.0"
[06/Aug/2026:03:52:53 +0000] 0:0:0:0:0:0:0:1 1xx8umip2hbnt1ifmk4htlnnv30.rn0 "GET /console/user/audit-log HTTP/1.1" 200 4974 "http://localhost:8082/console/user/login-history" "Mozilla/5.0 (Windows NT 10.0; Win64; x64; rv:153.0) Gecko/20100101 Firefox/153.0"
[06/Aug/2026:03:52:54 +0000] 0:0:0:0:0:0:0:1 1xx8umip2hbnt1ifmk4htlnnv30.rn0 "GET /console/assets/css/console.css HTTP/1.1" 200 1059 "http://localhost:8082/console/user/audit-log" "Mozilla/5.0 (Windows NT 10.0; Win64; x64; rv:153.0) Gecko/20100101 Firefox/153.0"
[06/Aug/2026:03:52:58 +0000] 0:0:0:0:0:0:0:1 1xx8umip2hbnt1ifmk4htlnnv30.rn0 "GET /console/cluster/nodes/ HTTP/1.1" 200 9638 "http://localhost:8082/console/user/audit-log" "Mozilla/5.0 (Windows NT 10.0; Win64; x64; rv:153.0) Gecko/20100101 Firefox/153.0"
[06/Aug/2026:03:52:58 +0000] 0:0:0:0:0:0:0:1 1xx8umip2hbnt1ifmk4htlnnv30.rn0 "GET /console/assets/css/console.css HTTP/1.1" 200 1059 "http://localhost:8082/console/cluster/nodes/" "Mozilla/5.0 (Windows NT 10.0; Win64; x64; rv:153.0) Gecko/20100101 Firefox/153.0"
[06/Aug/2026:03:52:58 +0000] 0:0:0:0:0:0:0:1 1xx8umip2hbnt1ifmk4htlnnv30.rn0 "GET /console/assets/js/console-client.js HTTP/1.1" 200 3652 "http://localhost:8082/console/cluster/nodes/" "Mozilla/5.0 (Windows NT 10.0; Win64; x64; rv:153.0) Gecko/20100101 Firefox/153.0"
[06/Aug/2026:03:52:58 +0000] 0:0:0:0:0:0:0:1 1xx8umip2hbnt1ifmk4htlnnv30.rn0 "GET /console/cluster/token HTTP/1.1" 200 126 "http://localhost:8082/console/cluster/nodes/" "Mozilla/5.0 (Windows NT 10.0; Win64; x64; rv:153.0) Gecko/20100101 Firefox/153.0"
[06/Aug/2026:03:52:58 +0000] 0:0:0:0:0:0:0:1 1xx8umip2hbnt1ifmk4htlnnv30.rn0 "GET /console/nodes/localhost-console1/websocket/Vd8EiRkvgBMX4_h4hRSmOP7FoEMyvWbt2UVbw_Kz6xhCAItrdtgQR44Q_9MbD9_HjjFnZrU66-w HTTP/1.1" 101 - "-" "Mozilla/5.0 (Windows NT 10.0; Win64; x64; rv:153.0) Gecko/20100101 Firefox/153.0"
[06/Aug/2026:03:52:59 +0000] 0:0:0:0:0:0:0:1 1xx8umip2hbnt1ifmk4htlnnv30.rn0 "GET /console/cluster/commands/ HTTP/1.1" 200 10795 "http://localhost:8082/console/cluster/nodes/" "Mozilla/5.0 (Windows NT 10.0; Win64; x64; rv:153.0) Gecko/20100101 Firefox/153.0"
[06/Aug/2026:03:52:59 +0000] 0:0:0:0:0:0:0:1 1xx8umip2hbnt1ifmk4htlnnv30.rn0 "GET /console/assets/css/console.css HTTP/1.1" 200 1059 "http://localhost:8082/console/cluster/commands/" "Mozilla/5.0 (Windows NT 10.0; Win64; x64; rv:153.0) Gecko/20100101 Firefox/153.0"
[06/Aug/2026:03:52:59 +0000] 0:0:0:0:0:0:0:1 1xx8umip2hbnt1ifmk4htlnnv30.rn0 "GET /console/assets/js/console-client.js HTTP/1.1" 200 3652 "http://localhost:8082/console/cluster/commands/" "Mozilla/5.0 (Windows NT 10.0; Win64; x64; rv:153.0) Gecko/20100101 Firefox/153.0"
[06/Aug/2026:03:52:59 +0000] 0:0:0:0:0:0:0:1 1xx8umip2hbnt1ifmk4htlnnv30.rn0 "GET /console/cluster/token HTTP/1.1" 200 126 "http://localhost:8082/console/cluster/commands/" "Mozilla/5.0 (Windows NT 10.0; Win64; x64; rv:153.0) Gecko/20100101 Firefox/153.0"
[06/Aug/2026:03:52:59 +0000] 0:0:0:0:0:0:0:1 1xx8umip2hbnt1ifmk4htlnnv30.rn0 "GET /console/cluster/token HTTP/1.1" 200 126 "http://localhost:8082/console/cluster/commands/" "Mozilla/5.0 (Windows NT 10.0; Win64; x64; rv:153.0) Gecko/20100101 Firefox/153.0"
[06/Aug/2026:03:52:59 +0000] 0:0:0:0:0:0:0:1 1xx8umip2hbnt1ifmk4htlnnv30.rn0 "GET /console/nodes/localhost-console1/commands/websocket/TdmZYyNAYZb7HyVIbwjHtarzWPz9rUBQW7XeQchKeZXBxcTIY6R9SIVu5lR3PmrN_KIgjEbSzyM HTTP/1.1" 101 - "-" "Mozilla/5.0 (Windows NT 10.0; Win64; x64; rv:153.0) Gecko/20100101 Firefox/153.0"
[06/Aug/2026:03:53:00 +0000] 0:0:0:0:0:0:0:1 1xx8umip2hbnt1ifmk4htlnnv30.rn0 "GET /console/cluster/scheduler/ HTTP/1.1" 200 17624 "http://localhost:8082/console/cluster/commands/" "Mozilla/5.0 (Windows NT 10.0; Win64; x64; rv:153.0) Gecko/20100101 Firefox/153.0"
[06/Aug/2026:03:53:00 +0000] 0:0:0:0:0:0:0:1 1xx8umip2hbnt1ifmk4htlnnv30.rn0 "GET /console/assets/css/console.css HTTP/1.1" 200 1059 "http://localhost:8082/console/cluster/scheduler/" "Mozilla/5.0 (Windows NT 10.0; Win64; x64; rv:153.0) Gecko/20100101 Firefox/153.0"
[06/Aug/2026:03:53:00 +0000] 0:0:0:0:0:0:0:1 1xx8umip2hbnt1ifmk4htlnnv30.rn0 "GET /console/assets/js/console-client.js HTTP/1.1" 200 3652 "http://localhost:8082/console/cluster/scheduler/" "Mozilla/5.0 (Windows NT 10.0; Win64; x64; rv:153.0) Gecko/20100101 Firefox/153.0"
[06/Aug/2026:03:53:00 +0000] 0:0:0:0:0:0:0:1 1xx8umip2hbnt1ifmk4htlnnv30.rn0 "GET /console/cluster/token HTTP/1.1" 200 126 "http://localhost:8082/console/cluster/scheduler/" "Mozilla/5.0 (Windows NT 10.0; Win64; x64; rv:153.0) Gecko/20100101 Firefox/153.0"
[06/Aug/2026:03:53:00 +0000] 0:0:0:0:0:0:0:1 1xx8umip2hbnt1ifmk4htlnnv30.rn0 "GET /console/cluster/token HTTP/1.1" 200 126 "http://localhost:8082/console/cluster/scheduler/" "Mozilla/5.0 (Windows NT 10.0; Win64; x64; rv:153.0) Gecko/20100101 Firefox/153.0"
[06/Aug/2026:03:53:00 +0000] 0:0:0:0:0:0:0:1 1xx8umip2hbnt1ifmk4htlnnv30.rn0 "GET /console/nodes/localhost-console1/scheduler/websocket/NrMW9El46_H9m-meI5xGORityHXBYhcVmLiuXIybyGDAHoqkeNDB6ck7d4cv94r68U5or3gxGII HTTP/1.1" 101 - "-" "Mozilla/5.0 (Windows NT 10.0; Win64; x64; rv:153.0) Gecko/20100101 Firefox/153.0"
[06/Aug/2026:03:53:01 +0000] 0:0:0:0:0:0:0:1 1xx8umip2hbnt1ifmk4htlnnv30.rn0 "GET /console/appmon/dashboard/ HTTP/1.1" 200 5370 "http://localhost:8082/console/cluster/scheduler/" "Mozilla/5.0 (Windows NT 10.0; Win64; x64; rv:153.0) Gecko/20100101 Firefox/153.0"
[06/Aug/2026:03:53:02 +0000] 0:0:0:0:0:0:0:1 1xx8umip2hbnt1ifmk4htlnnv30.rn0 "GET /console/assets/css/console.css HTTP/1.1" 200 1059 "http://localhost:8082/console/appmon/dashboard/" "Mozilla/5.0 (Windows NT 10.0; Win64; x64; rv:153.0) Gecko/20100101 Firefox/153.0"
[06/Aug/2026:03:53:02 +0000] 0:0:0:0:0:0:0:1 1xx8umip2hbnt1ifmk4htlnnv30.rn0 "GET /console/assets/appmon/css/appmon.css HTTP/1.1" 200 3191 "http://localhost:8082/console/appmon/dashboard/" "Mozilla/5.0 (Windows NT 10.0; Win64; x64; rv:153.0) Gecko/20100101 Firefox/153.0"
[06/Aug/2026:03:53:02 +0000] 0:0:0:0:0:0:0:1 1xx8umip2hbnt1ifmk4htlnnv30.rn0 "GET /console/assets/appmon/css/appmon-dark.css HTTP/1.1" 200 1511 "http://localhost:8082/console/appmon/dashboard/" "Mozilla/5.0 (Windows NT 10.0; Win64; x64; rv:153.0) Gecko/20100101 Firefox/153.0"
[06/Aug/2026:03:53:02 +0000] 0:0:0:0:0:0:0:1 1xx8umip2hbnt1ifmk4htlnnv30.rn0 "GET /console/assets/appmon/js/dashboard-builder.js HTTP/1.1" 200 7850 "http://localhost:8082/console/appmon/dashboard/" "Mozilla/5.0 (Windows NT 10.0; Win64; x64; rv:153.0) Gecko/20100101 Firefox/153.0"
[06/Aug/2026:03:53:02 +0000] 0:0:0:0:0:0:0:1 1xx8umip2hbnt1ifmk4htlnnv30.rn0 "GET /console/assets/appmon/js/dashboard-viewer.js HTTP/1.1" 200 5731 "http://localhost:8082/console/appmon/dashboard/" "Mozilla/5.0 (Windows NT 10.0; Win64; x64; rv:153.0) Gecko/20100101 Firefox/153.0"
[06/Aug/2026:03:53:02 +0000] 0:0:0:0:0:0:0:1 1xx8umip2hbnt1ifmk4htlnnv30.rn0 "GET /console/assets/appmon/js/dashboard-chart.js HTTP/1.1" 200 2242 "http://localhost:8082/console/appmon/dashboard/" "Mozilla/5.0 (Windows NT 10.0; Win64; x64; rv:153.0) Gecko/20100101 Firefox/153.0"
[06/Aug/2026:03:53:02 +0000] 0:0:0:0:0:0:0:1 1xx8umip2hbnt1ifmk4htlnnv30.rn0 "GET /console/assets/appmon/js/traffic-painter.js HTTP/1.1" 200 2065 "http://localhost:8082/console/appmon/dashboard/" "Mozilla/5.0 (Windows NT 10.0; Win64; x64; rv:153.0) Gecko/20100101 Firefox/153.0"
[06/Aug/2026:03:53:02 +0000] 0:0:0:0:0:0:0:1 1xx8umip2hbnt1ifmk4htlnnv30.rn0 "GET /console/assets/appmon/js/base-client.js HTTP/1.1" 200 1673 "http://localhost:8082/console/appmon/dashboard/" "Mozilla/5.0 (Windows NT 10.0; Win64; x64; rv:153.0) Gecko/20100101 Firefox/153.0"
[06/Aug/2026:03:53:02 +0000] 0:0:0:0:0:0:0:1 1xx8umip2hbnt1ifmk4htlnnv30.rn0 "GET /console/assets/appmon/js/websocket-client.js HTTP/1.1" 200 2637 "http://localhost:8082/console/appmon/dashboard/" "Mozilla/5.0 (Windows NT 10.0; Win64; x64; rv:153.0) Gecko/20100101 Firefox/153.0"
[06/Aug/2026:03:53:02 +0000] 0:0:0:0:0:0:0:1 1xx8umip2hbnt1ifmk4htlnnv30.rn0 "GET /console/assets/appmon/js/polling-client.js HTTP/1.1" 200 2503 "http://localhost:8082/console/appmon/dashboard/" "Mozilla/5.0 (Windows NT 10.0; Win64; x64; rv:153.0) Gecko/20100101 Firefox/153.0"
[06/Aug/2026:03:53:02 +0000] 0:0:0:0:0:0:0:1 1xx8umip2hbnt1ifmk4htlnnv30.rn0 "GET /console/appmon/config/data?appsToSubscribe= HTTP/1.1" 200 1281 "http://localhost:8082/console/appmon/dashboard/" "Mozilla/5.0 (Windows NT 10.0; Win64; x64; rv:153.0) Gecko/20100101 Firefox/153.0"
[06/Aug/2026:03:53:02 +0000] 0:0:0:0:0:0:0:1 1xx8umip2hbnt1ifmk4htlnnv30.rn0 "GET /console/nodes/localhost/appmon/websocket/Vujgq3nziLZfADY89PefFkTD_jV-fGSrolhlahRKQuKCISbE6XmrcaMZB0cV2l8k__gXHFnpfpI HTTP/1.1" 101 - "-" "Mozilla/5.0 (Windows NT 10.0; Win64; x64; rv:153.0) Gecko/20100101 Firefox/153.0"
[06/Aug/2026:03:53:04 +0000] 0:0:0:0:0:0:0:1 1xx8umip2hbnt1ifmk4htlnnv30.rn0 "GET /console/vault/ HTTP/1.1" 200 8317 "http://localhost:8082/console/appmon/dashboard/" "Mozilla/5.0 (Windows NT 10.0; Win64; x64; rv:153.0) Gecko/20100101 Firefox/153.0"
[06/Aug/2026:03:53:04 +0000] 0:0:0:0:0:0:0:1 1xx8umip2hbnt1ifmk4htlnnv30.rn0 "GET /console/assets/css/console.css HTTP/1.1" 200 1059 "http://localhost:8082/console/vault/" "Mozilla/5.0 (Windows NT 10.0; Win64; x64; rv:153.0) Gecko/20100101 Firefox/153.0"
[06/Aug/2026:03:53:08 +0000] 0:0:0:0:0:0:0:1 1xx8umip2hbnt1ifmk4htlnnv30.rn0 "GET /console/framework/config/ HTTP/1.1" 200 4779 "http://localhost:8082/console/vault/" "Mozilla/5.0 (Windows NT 10.0; Win64; x64; rv:153.0) Gecko/20100101 Firefox/153.0"
[06/Aug/2026:03:53:08 +0000] 0:0:0:0:0:0:0:1 1xx8umip2hbnt1ifmk4htlnnv30.rn0 "GET /console/assets/css/console.css HTTP/1.1" 200 1059 "http://localhost:8082/console/framework/config/" "Mozilla/5.0 (Windows NT 10.0; Win64; x64; rv:153.0) Gecko/20100101 Firefox/153.0"
[06/Aug/2026:03:53:08 +0000] 0:0:0:0:0:0:0:1 1xx8umip2hbnt1ifmk4htlnnv30.rn0 "GET /console/assets/js/apon-highlighter.js HTTP/1.1" 200 1959 "http://localhost:8082/console/framework/config/" "Mozilla/5.0 (Windows NT 10.0; Win64; x64; rv:153.0) Gecko/20100101 Firefox/153.0"
[06/Aug/2026:03:53:08 +0000] 0:0:0:0:0:0:0:1 1xx8umip2hbnt1ifmk4htlnnv30.rn0 "GET /console/framework/config/root/data HTTP/1.1" 200 1749 "http://localhost:8082/console/framework/config/" "Mozilla/5.0 (Windows NT 10.0; Win64; x64; rv:153.0) Gecko/20100101 Firefox/153.0"
