DEBUG 2026-08-06 02:30:00.022 [AppmonScheduler_Worker-1] Translet {name=appmon/persist/counter/rollup.job} - c.a.core.activity.CoreActivity.prepare(220)
DEBUG 2026-08-06 02:30:00.031 [AppmonScheduler_Worker-1] Action {annotated={method=com.aspectran.aspectow.appmon.engine.schedule.CounterPersistSchedule.rollup()}} - c.a.core.activity.CoreActivity.execute(652)
DEBUG 2026-08-06 02:34:47.513 [TOW task-2] GET /console/ HTTP/1.1 0:0:0:0:0:0:0:1 - c.a.w.s.DefaultWebService.service(87)
DEBUG 2026-08-06 02:34:47.521 [TOW task-2] Translet {name=/, responseRule={response={type=dispatch, name=home/home}}} - c.a.core.activity.CoreActivity.prepare(220)
DEBUG 2026-08-06 02:34:47.530 [TOW task-2] Advice {type=before, action={advice={method=com.aspectran.aspectow.console.auth.UserAuthAspect.checkAuthenticated(com.aspectran.core.activity.Translet)}}, order=1} - c.a.c.activity.AdviceActivity.executeAdvice(351)
DEBUG 2026-08-06 02:34:47.536 [TOW task-2] Advice {type=before, action={header={headers=[X-Frame-Options, X-Content-Type-Options, X-XSS-Protection, Referrer-Policy]}}} - c.a.c.activity.AdviceActivity.executeAdvice(351)
DEBUG 2026-08-06 02:34:47.538 [TOW task-2] Advice {type=before, action={header={headers=[Content-Type, Content-Security-Policy]}}} - c.a.c.activity.AdviceActivity.executeAdvice(351)
DEBUG 2026-08-06 02:34:47.539 [TOW task-2] Response {type=redirect, path=/auth/login, parameters={referrer={type=single, name=referrer, value=[{type=text, value=/}], tokenize=false}}} - c.a.c.a.r.RedirectResponse.respond(60)
DEBUG 2026-08-06 02:34:47.641 [TOW task-2] GET /console/auth/login HTTP/1.1 0:0:0:0:0:0:0:1 - c.a.w.s.DefaultWebService.service(87)
DEBUG 2026-08-06 02:34:47.642 [TOW task-2] Translet {name=/auth/login, responseRule={response={type=dispatch, name=auth/login}}} - c.a.core.activity.CoreActivity.prepare(220)
DEBUG 2026-08-06 02:34:47.643 [TOW task-2] Advice {type=before, action={header={headers=[X-Frame-Options, X-Content-Type-Options, X-XSS-Protection, Referrer-Policy]}}} - c.a.c.activity.AdviceActivity.executeAdvice(351)
DEBUG 2026-08-06 02:34:47.644 [TOW task-2] Advice {type=before, action={header={headers=[Content-Type, Content-Security-Policy]}}} - c.a.c.activity.AdviceActivity.executeAdvice(351)
DEBUG 2026-08-06 02:34:47.645 [TOW task-2] Action {annotated={id=page, method=com.aspectran.aspectow.console.auth.LoginActivity.loginPage()}} - c.a.core.activity.CoreActivity.execute(652)
DEBUG 2026-08-06 02:34:47.647 [TOW task-2] Response {type=dispatch, name=auth/login} - c.a.c.a.r.d.DispatchResponse.respond(71)
DEBUG 2026-08-06 02:34:47.648 [TOW task-2] Dispatching to Thymeleaf template auth/login - c.a.t.v.ThymeleafViewDispatcher.dispatch(88)
DEBUG 2026-08-06 02:34:57.070 [TOW task-2] POST /console/auth/login HTTP/1.1 0:0:0:0:0:0:0:1 - c.a.w.s.DefaultWebService.service(87)
DEBUG 2026-08-06 02:34:57.071 [TOW task-2] Translet {name=/auth/login, method=[POST], responseRule={response={type=transform, format=custom}}} - c.a.core.activity.CoreActivity.prepare(220)
DEBUG 2026-08-06 02:34:57.082 [TOW task-2] Advice {type=before, action={header={headers=[X-Frame-Options, X-Content-Type-Options, X-XSS-Protection, Referrer-Policy]}}} - c.a.c.activity.AdviceActivity.executeAdvice(351)
DEBUG 2026-08-06 02:34:57.083 [TOW task-2] Action {annotated={method=com.aspectran.aspectow.console.auth.LoginActivity.login(com.aspectran.core.activity.Translet, java.lang.String, java.lang.String)}} - c.a.core.activity.CoreActivity.execute(652)
DEBUG 2026-08-06 02:34:57.085 [TOW task-2] Advice {type=before, instance=com.aspectran.mybatis.SqlSessionAdviceRegister$$Lambda/0x00000000896126b0@2d801d8, order=0} - c.a.c.activity.AdviceActivity.executeAdvice(351)
DEBUG 2026-08-06 02:34:57.097 [TOW task-2] Open DefaultSqlSession@5b0598fa {executorType=SIMPLE, autoCommit=false, readOnly=false} - c.a.mybatis.SqlSessionAdvice.doOpen(239)
DEBUG 2026-08-06 02:34:57.100 [TOW task-2] Cache Hit Ratio [com.aspectran.aspectow.console.common.db.mapper.AccountMapper]: 0.0 - c.a.a.c.c.d.m.AccountMapper.getObject(60)
DEBUG 2026-08-06 02:34:57.115 [TOW task-2] ==>  Preparing: select * from asc_user where username = ? - c.a.a.c.c.d.m.A.getUserByUsername.debug(135)
DEBUG 2026-08-06 02:34:57.141 [TOW task-2] ==> Parameters: admin(String) - c.a.a.c.c.d.m.A.getUserByUsername.debug(135)
DEBUG 2026-08-06 02:34:57.169 [TOW task-2] Cache Hit Ratio [com.aspectran.aspectow.console.common.db.mapper.AccountMapper]: 0.0 - c.a.a.c.c.d.m.AccountMapper.getObject(60)
DEBUG 2026-08-06 02:34:57.170 [TOW task-2] ====>  Preparing: select r.* from asc_role r inner join asc_user_role ur on r.role_id = ur.role_id where ur.user_id = ? - c.a.a.c.c.d.m.A.getRolesByUserId.debug(135)
DEBUG 2026-08-06 02:34:57.174 [TOW task-2] ====> Parameters: 1(Long) - c.a.a.c.c.d.m.A.getRolesByUserId.debug(135)
DEBUG 2026-08-06 02:34:57.183 [TOW task-2] Cache Hit Ratio [com.aspectran.aspectow.console.common.db.mapper.AccountMapper]: 0.0 - c.a.a.c.c.d.m.AccountMapper.getObject(60)
DEBUG 2026-08-06 02:34:57.184 [TOW task-2] ======>  Preparing: select p.* from asc_permission p inner join asc_role_permission rp on p.perm_id = rp.perm_id where rp.role_id = ? - c.a.a.c.c.d.m.A.getPermissionsByRoleId.debug(135)
DEBUG 2026-08-06 02:34:57.185 [TOW task-2] ======> Parameters: 1(Long) - c.a.a.c.c.d.m.A.getPermissionsByRoleId.debug(135)
DEBUG 2026-08-06 02:34:57.195 [TOW task-2] <======      Total: 5 - c.a.a.c.c.d.m.A.getPermissionsByRoleId.debug(135)
DEBUG 2026-08-06 02:34:57.197 [TOW task-2] <====      Total: 1 - c.a.a.c.c.d.m.A.getRolesByUserId.debug(135)
DEBUG 2026-08-06 02:34:57.197 [TOW task-2] <==      Total: 1 - c.a.a.c.c.d.m.A.getUserByUsername.debug(135)
DEBUG 2026-08-06 02:34:57.261 [TOW task-2] ==>  Preparing: insert into asc_login_history (username, ip_address, user_agent, success_yn) values (?, ?, ?, ?) - c.a.a.c.c.d.m.A.insertLoginHistory.debug(135)
DEBUG 2026-08-06 02:34:57.262 [TOW task-2] ==> Parameters: admin(String), 0:0:0:0:0:0:0:1(String), Mozilla/5.0 (Windows NT 10.0; Win64; x64; rv:153.0) Gecko/20100101 Firefox/153.0(String), N(String) - c.a.a.c.c.d.m.A.insertLoginHistory.debug(135)
DEBUG 2026-08-06 02:34:57.269 [TOW task-2] <==    Updates: 1 - c.a.a.c.c.d.m.A.insertLoginHistory.debug(135)
DEBUG 2026-08-06 02:34:57.270 [TOW task-2] Cache Hit Ratio [com.aspectran.aspectow.console.common.db.mapper.AccountMapper]: 0.0 - c.a.a.c.c.d.m.AccountMapper.getObject(60)
DEBUG 2026-08-06 02:34:57.271 [TOW task-2] ==>  Preparing: select * from asc_user where username = ? - c.a.a.c.c.d.m.A.getUserByUsername.debug(135)
DEBUG 2026-08-06 02:34:57.272 [TOW task-2] ==> Parameters: admin(String) - c.a.a.c.c.d.m.A.getUserByUsername.debug(135)
DEBUG 2026-08-06 02:34:57.280 [TOW task-2] Cache Hit Ratio [com.aspectran.aspectow.console.common.db.mapper.AccountMapper]: 0.0 - c.a.a.c.c.d.m.AccountMapper.getObject(60)
DEBUG 2026-08-06 02:34:57.280 [TOW task-2] ====>  Preparing: select r.* from asc_role r inner join asc_user_role ur on r.role_id = ur.role_id where ur.user_id = ? - c.a.a.c.c.d.m.A.getRolesByUserId.debug(135)
DEBUG 2026-08-06 02:34:57.281 [TOW task-2] ====> Parameters: 1(Long) - c.a.a.c.c.d.m.A.getRolesByUserId.debug(135)
DEBUG 2026-08-06 02:34:57.289 [TOW task-2] Cache Hit Ratio [com.aspectran.aspectow.console.common.db.mapper.AccountMapper]: 0.0 - c.a.a.c.c.d.m.AccountMapper.getObject(60)
DEBUG 2026-08-06 02:34:57.290 [TOW task-2] ======>  Preparing: select p.* from asc_permission p inner join asc_role_permission rp on p.perm_id = rp.perm_id where rp.role_id = ? - c.a.a.c.c.d.m.A.getPermissionsByRoleId.debug(135)
DEBUG 2026-08-06 02:34:57.290 [TOW task-2] ======> Parameters: 1(Long) - c.a.a.c.c.d.m.A.getPermissionsByRoleId.debug(135)
DEBUG 2026-08-06 02:34:57.299 [TOW task-2] <======      Total: 5 - c.a.a.c.c.d.m.A.getPermissionsByRoleId.debug(135)
DEBUG 2026-08-06 02:34:57.300 [TOW task-2] <====      Total: 1 - c.a.a.c.c.d.m.A.getRolesByUserId.debug(135)
DEBUG 2026-08-06 02:34:57.301 [TOW task-2] <==      Total: 1 - c.a.a.c.c.d.m.A.getUserByUsername.debug(135)
DEBUG 2026-08-06 02:34:57.305 [TOW task-2] Response {success=false, error={code=invalid, message=Invalid username or password.}} - c.a.c.a.r.t.CustomTransformResponse.respond(85)
DEBUG 2026-08-06 02:34:57.310 [TOW task-2] Advice {type=after, instance=com.aspectran.mybatis.SqlSessionAdviceRegister$$Lambda/0x0000000089612910@b9b97ad, order=0} - c.a.c.activity.AdviceActivity.executeAdvice(351)
DEBUG 2026-08-06 02:34:57.310 [TOW task-2] Commit transaction for DefaultSqlSession@5b0598fa - c.a.mybatis.SqlSessionAdvice.commit(257)
DEBUG 2026-08-06 02:34:57.318 [TOW task-2] Advice {type=finally, instance=com.aspectran.mybatis.SqlSessionAdviceRegister$$Lambda/0x0000000089612dd0@2807cf3, order=0} - c.a.c.activity.AdviceActivity.executeAdvice(351)
DEBUG 2026-08-06 02:34:57.325 [TOW task-2] Close DefaultSqlSession@5b0598fa - c.a.mybatis.SqlSessionAdvice.close(351)
DEBUG 2026-08-06 02:34:58.757 [TOW task-2] POST /console/auth/login HTTP/1.1 0:0:0:0:0:0:0:1 - c.a.w.s.DefaultWebService.service(87)
DEBUG 2026-08-06 02:34:58.758 [TOW task-2] Translet {name=/auth/login, method=[POST], responseRule={response={type=transform, format=custom}}} - c.a.core.activity.CoreActivity.prepare(220)
DEBUG 2026-08-06 02:34:58.762 [TOW task-2] Advice {type=before, action={header={headers=[X-Frame-Options, X-Content-Type-Options, X-XSS-Protection, Referrer-Policy]}}} - c.a.c.activity.AdviceActivity.executeAdvice(351)
DEBUG 2026-08-06 02:34:58.764 [TOW task-2] Action {annotated={method=com.aspectran.aspectow.console.auth.LoginActivity.login(com.aspectran.core.activity.Translet, java.lang.String, java.lang.String)}} - c.a.core.activity.CoreActivity.execute(652)
DEBUG 2026-08-06 02:34:58.765 [TOW task-2] Advice {type=before, instance=com.aspectran.mybatis.SqlSessionAdviceRegister$$Lambda/0x00000000896126b0@2d801d8, order=0} - c.a.c.activity.AdviceActivity.executeAdvice(351)
DEBUG 2026-08-06 02:34:58.766 [TOW task-2] Open DefaultSqlSession@71447601 {executorType=SIMPLE, autoCommit=false, readOnly=false} - c.a.mybatis.SqlSessionAdvice.doOpen(239)
DEBUG 2026-08-06 02:34:58.774 [TOW task-2] Cache Hit Ratio [com.aspectran.aspectow.console.common.db.mapper.AccountMapper]: 0.14285714285714285 - c.a.a.c.c.d.m.AccountMapper.getObject(60)
DEBUG 2026-08-06 02:34:58.809 [TOW task-2] ==>  Preparing: insert into asc_login_history (username, ip_address, user_agent, success_yn) values (?, ?, ?, ?) - c.a.a.c.c.d.m.A.insertLoginHistory.debug(135)
DEBUG 2026-08-06 02:34:58.810 [TOW task-2] ==> Parameters: admin(String), 0:0:0:0:0:0:0:1(String), Mozilla/5.0 (Windows NT 10.0; Win64; x64; rv:153.0) Gecko/20100101 Firefox/153.0(String), N(String) - c.a.a.c.c.d.m.A.insertLoginHistory.debug(135)
DEBUG 2026-08-06 02:34:58.819 [TOW task-2] <==    Updates: 1 - c.a.a.c.c.d.m.A.insertLoginHistory.debug(135)
DEBUG 2026-08-06 02:34:58.821 [TOW task-2] Cache Hit Ratio [com.aspectran.aspectow.console.common.db.mapper.AccountMapper]: 0.25 - c.a.a.c.c.d.m.AccountMapper.getObject(60)
DEBUG 2026-08-06 02:34:58.822 [TOW task-2] ==>  Preparing: select * from asc_user where username = ? - c.a.a.c.c.d.m.A.getUserByUsername.debug(135)
DEBUG 2026-08-06 02:34:58.823 [TOW task-2] ==> Parameters: admin(String) - c.a.a.c.c.d.m.A.getUserByUsername.debug(135)
DEBUG 2026-08-06 02:34:58.835 [TOW task-2] Cache Hit Ratio [com.aspectran.aspectow.console.common.db.mapper.AccountMapper]: 0.3333333333333333 - c.a.a.c.c.d.m.AccountMapper.getObject(60)
DEBUG 2026-08-06 02:34:58.835 [TOW task-2] ====>  Preparing: select r.* from asc_role r inner join asc_user_role ur on r.role_id = ur.role_id where ur.user_id = ? - c.a.a.c.c.d.m.A.getRolesByUserId.debug(135)
DEBUG 2026-08-06 02:34:58.836 [TOW task-2] ====> Parameters: 1(Long) - c.a.a.c.c.d.m.A.getRolesByUserId.debug(135)
DEBUG 2026-08-06 02:34:58.852 [TOW task-2] Cache Hit Ratio [com.aspectran.aspectow.console.common.db.mapper.AccountMapper]: 0.4 - c.a.a.c.c.d.m.AccountMapper.getObject(60)
DEBUG 2026-08-06 02:34:58.852 [TOW task-2] ======>  Preparing: select p.* from asc_permission p inner join asc_role_permission rp on p.perm_id = rp.perm_id where rp.role_id = ? - c.a.a.c.c.d.m.A.getPermissionsByRoleId.debug(135)
DEBUG 2026-08-06 02:34:58.853 [TOW task-2] ======> Parameters: 1(Long) - c.a.a.c.c.d.m.A.getPermissionsByRoleId.debug(135)
DEBUG 2026-08-06 02:34:58.864 [TOW task-2] <======      Total: 5 - c.a.a.c.c.d.m.A.getPermissionsByRoleId.debug(135)
DEBUG 2026-08-06 02:34:58.865 [TOW task-2] <====      Total: 1 - c.a.a.c.c.d.m.A.getRolesByUserId.debug(135)
DEBUG 2026-08-06 02:34:58.866 [TOW task-2] <==      Total: 1 - c.a.a.c.c.d.m.A.getUserByUsername.debug(135)
DEBUG 2026-08-06 02:34:58.866 [TOW task-2] Response {success=false, error={code=invalid, message=Invalid username or password.}} - c.a.c.a.r.t.CustomTransformResponse.respond(85)
DEBUG 2026-08-06 02:34:58.867 [TOW task-2] Advice {type=after, instance=com.aspectran.mybatis.SqlSessionAdviceRegister$$Lambda/0x0000000089612910@b9b97ad, order=0} - c.a.c.activity.AdviceActivity.executeAdvice(351)
DEBUG 2026-08-06 02:34:58.867 [TOW task-2] Commit transaction for DefaultSqlSession@71447601 - c.a.mybatis.SqlSessionAdvice.commit(257)
DEBUG 2026-08-06 02:34:58.869 [TOW task-2] Advice {type=finally, instance=com.aspectran.mybatis.SqlSessionAdviceRegister$$Lambda/0x0000000089612dd0@2807cf3, order=0} - c.a.c.activity.AdviceActivity.executeAdvice(351)
DEBUG 2026-08-06 02:34:58.876 [TOW task-2] Close DefaultSqlSession@71447601 - c.a.mybatis.SqlSessionAdvice.close(351)
DEBUG 2026-08-06 02:35:00.010 [AppmonScheduler_Worker-1] Translet {name=appmon/persist/counter/rollup.job} - c.a.core.activity.CoreActivity.prepare(220)
DEBUG 2026-08-06 02:35:00.012 [AppmonScheduler_Worker-1] Action {annotated={method=com.aspectran.aspectow.appmon.engine.schedule.CounterPersistSchedule.rollup()}} - c.a.core.activity.CoreActivity.execute(652)
DEBUG 2026-08-06 02:35:04.197 [TOW task-2] POST /console/auth/login HTTP/1.1 0:0:0:0:0:0:0:1 - c.a.w.s.DefaultWebService.service(87)
DEBUG 2026-08-06 02:35:04.197 [TOW task-2] Translet {name=/auth/login, method=[POST], responseRule={response={type=transform, format=custom}}} - c.a.core.activity.CoreActivity.prepare(220)
DEBUG 2026-08-06 02:35:04.199 [TOW task-2] Advice {type=before, action={header={headers=[X-Frame-Options, X-Content-Type-Options, X-XSS-Protection, Referrer-Policy]}}} - c.a.c.activity.AdviceActivity.executeAdvice(351)
DEBUG 2026-08-06 02:35:04.200 [TOW task-2] Action {annotated={method=com.aspectran.aspectow.console.auth.LoginActivity.login(com.aspectran.core.activity.Translet, java.lang.String, java.lang.String)}} - c.a.core.activity.CoreActivity.execute(652)
DEBUG 2026-08-06 02:35:04.220 [TOW task-2] Advice {type=before, instance=com.aspectran.mybatis.SqlSessionAdviceRegister$$Lambda/0x00000000896126b0@2d801d8, order=0} - c.a.c.activity.AdviceActivity.executeAdvice(351)
DEBUG 2026-08-06 02:35:04.221 [TOW task-2] Open DefaultSqlSession@7dd77a82 {executorType=SIMPLE, autoCommit=false, readOnly=false} - c.a.mybatis.SqlSessionAdvice.doOpen(239)
DEBUG 2026-08-06 02:35:04.222 [TOW task-2] Cache Hit Ratio [com.aspectran.aspectow.console.common.db.mapper.AccountMapper]: 0.45454545454545453 - c.a.a.c.c.d.m.AccountMapper.getObject(60)
DEBUG 2026-08-06 02:35:04.256 [TOW task-2] ==>  Preparing: insert into asc_login_history (username, ip_address, user_agent, success_yn) values (?, ?, ?, ?) - c.a.a.c.c.d.m.A.insertLoginHistory.debug(135)
DEBUG 2026-08-06 02:35:04.257 [TOW task-2] ==> Parameters: admin(String), 0:0:0:0:0:0:0:1(String), Mozilla/5.0 (Windows NT 10.0; Win64; x64; rv:153.0) Gecko/20100101 Firefox/153.0(String), N(String) - c.a.a.c.c.d.m.A.insertLoginHistory.debug(135)
DEBUG 2026-08-06 02:35:04.266 [TOW task-2] <==    Updates: 1 - c.a.a.c.c.d.m.A.insertLoginHistory.debug(135)
DEBUG 2026-08-06 02:35:04.268 [TOW task-2] Cache Hit Ratio [com.aspectran.aspectow.console.common.db.mapper.AccountMapper]: 0.5 - c.a.a.c.c.d.m.AccountMapper.getObject(60)
DEBUG 2026-08-06 02:35:04.269 [TOW task-2] ==>  Preparing: select * from asc_user where username = ? - c.a.a.c.c.d.m.A.getUserByUsername.debug(135)
DEBUG 2026-08-06 02:35:04.270 [TOW task-2] ==> Parameters: admin(String) - c.a.a.c.c.d.m.A.getUserByUsername.debug(135)
DEBUG 2026-08-06 02:35:04.278 [TOW task-2] Cache Hit Ratio [com.aspectran.aspectow.console.common.db.mapper.AccountMapper]: 0.5384615384615384 - c.a.a.c.c.d.m.AccountMapper.getObject(60)
DEBUG 2026-08-06 02:35:04.278 [TOW task-2] ====>  Preparing: select r.* from asc_role r inner join asc_user_role ur on r.role_id = ur.role_id where ur.user_id = ? - c.a.a.c.c.d.m.A.getRolesByUserId.debug(135)
DEBUG 2026-08-06 02:35:04.279 [TOW task-2] ====> Parameters: 1(Long) - c.a.a.c.c.d.m.A.getRolesByUserId.debug(135)
DEBUG 2026-08-06 02:35:04.288 [TOW task-2] Cache Hit Ratio [com.aspectran.aspectow.console.common.db.mapper.AccountMapper]: 0.5714285714285714 - c.a.a.c.c.d.m.AccountMapper.getObject(60)
DEBUG 2026-08-06 02:35:04.289 [TOW task-2] ======>  Preparing: select p.* from asc_permission p inner join asc_role_permission rp on p.perm_id = rp.perm_id where rp.role_id = ? - c.a.a.c.c.d.m.A.getPermissionsByRoleId.debug(135)
DEBUG 2026-08-06 02:35:04.289 [TOW task-2] ======> Parameters: 1(Long) - c.a.a.c.c.d.m.A.getPermissionsByRoleId.debug(135)
DEBUG 2026-08-06 02:35:04.297 [TOW task-2] <======      Total: 5 - c.a.a.c.c.d.m.A.getPermissionsByRoleId.debug(135)
DEBUG 2026-08-06 02:35:04.297 [TOW task-2] <====      Total: 1 - c.a.a.c.c.d.m.A.getRolesByUserId.debug(135)
DEBUG 2026-08-06 02:35:04.298 [TOW task-2] <==      Total: 1 - c.a.a.c.c.d.m.A.getUserByUsername.debug(135)
DEBUG 2026-08-06 02:35:04.298 [TOW task-2] Response {success=false, error={code=invalid, message=Invalid username or password.}} - c.a.c.a.r.t.CustomTransformResponse.respond(85)
DEBUG 2026-08-06 02:35:04.299 [TOW task-2] Advice {type=after, instance=com.aspectran.mybatis.SqlSessionAdviceRegister$$Lambda/0x0000000089612910@b9b97ad, order=0} - c.a.c.activity.AdviceActivity.executeAdvice(351)
DEBUG 2026-08-06 02:35:04.300 [TOW task-2] Commit transaction for DefaultSqlSession@7dd77a82 - c.a.mybatis.SqlSessionAdvice.commit(257)
DEBUG 2026-08-06 02:35:04.301 [TOW task-2] Advice {type=finally, instance=com.aspectran.mybatis.SqlSessionAdviceRegister$$Lambda/0x0000000089612dd0@2807cf3, order=0} - c.a.c.activity.AdviceActivity.executeAdvice(351)
DEBUG 2026-08-06 02:35:04.307 [TOW task-2] Close DefaultSqlSession@7dd77a82 - c.a.mybatis.SqlSessionAdvice.close(351)
DEBUG 2026-08-06 02:35:13.485 [TOW task-2] POST /console/auth/login HTTP/1.1 0:0:0:0:0:0:0:1 - c.a.w.s.DefaultWebService.service(87)
DEBUG 2026-08-06 02:35:13.487 [TOW task-2] Translet {name=/auth/login, method=[POST], responseRule={response={type=transform, format=custom}}} - c.a.core.activity.CoreActivity.prepare(220)
DEBUG 2026-08-06 02:35:13.489 [TOW task-2] Advice {type=before, action={header={headers=[X-Frame-Options, X-Content-Type-Options, X-XSS-Protection, Referrer-Policy]}}} - c.a.c.activity.AdviceActivity.executeAdvice(351)
DEBUG 2026-08-06 02:35:13.491 [TOW task-2] Action {annotated={method=com.aspectran.aspectow.console.auth.LoginActivity.login(com.aspectran.core.activity.Translet, java.lang.String, java.lang.String)}} - c.a.core.activity.CoreActivity.execute(652)
DEBUG 2026-08-06 02:35:13.493 [TOW task-2] Advice {type=before, instance=com.aspectran.mybatis.SqlSessionAdviceRegister$$Lambda/0x00000000896126b0@2d801d8, order=0} - c.a.c.activity.AdviceActivity.executeAdvice(351)
DEBUG 2026-08-06 02:35:13.494 [TOW task-2] Open DefaultSqlSession@a3a4699 {executorType=SIMPLE, autoCommit=false, readOnly=false} - c.a.mybatis.SqlSessionAdvice.doOpen(239)
DEBUG 2026-08-06 02:35:13.496 [TOW task-2] Cache Hit Ratio [com.aspectran.aspectow.console.common.db.mapper.AccountMapper]: 0.6 - c.a.a.c.c.d.m.AccountMapper.getObject(60)
DEBUG 2026-08-06 02:35:13.533 [TOW task-2] ==>  Preparing: insert into asc_login_history (username, ip_address, user_agent, success_yn) values (?, ?, ?, ?) - c.a.a.c.c.d.m.A.insertLoginHistory.debug(135)
DEBUG 2026-08-06 02:35:13.534 [TOW task-2] ==> Parameters: admin(String), 0:0:0:0:0:0:0:1(String), Mozilla/5.0 (Windows NT 10.0; Win64; x64; rv:153.0) Gecko/20100101 Firefox/153.0(String), N(String) - c.a.a.c.c.d.m.A.insertLoginHistory.debug(135)
DEBUG 2026-08-06 02:35:13.544 [TOW task-2] <==    Updates: 1 - c.a.a.c.c.d.m.A.insertLoginHistory.debug(135)
DEBUG 2026-08-06 02:35:13.546 [TOW task-2] Cache Hit Ratio [com.aspectran.aspectow.console.common.db.mapper.AccountMapper]: 0.625 - c.a.a.c.c.d.m.AccountMapper.getObject(60)
DEBUG 2026-08-06 02:35:13.546 [TOW task-2] ==>  Preparing: select * from asc_user where username = ? - c.a.a.c.c.d.m.A.getUserByUsername.debug(135)
DEBUG 2026-08-06 02:35:13.546 [TOW task-2] ==> Parameters: admin(String) - c.a.a.c.c.d.m.A.getUserByUsername.debug(135)
DEBUG 2026-08-06 02:35:13.558 [TOW task-2] Cache Hit Ratio [com.aspectran.aspectow.console.common.db.mapper.AccountMapper]: 0.6470588235294118 - c.a.a.c.c.d.m.AccountMapper.getObject(60)
DEBUG 2026-08-06 02:35:13.559 [TOW task-2] ====>  Preparing: select r.* from asc_role r inner join asc_user_role ur on r.role_id = ur.role_id where ur.user_id = ? - c.a.a.c.c.d.m.A.getRolesByUserId.debug(135)
DEBUG 2026-08-06 02:35:13.559 [TOW task-2] ====> Parameters: 1(Long) - c.a.a.c.c.d.m.A.getRolesByUserId.debug(135)
DEBUG 2026-08-06 02:35:13.575 [TOW task-2] Cache Hit Ratio [com.aspectran.aspectow.console.common.db.mapper.AccountMapper]: 0.6666666666666666 - c.a.a.c.c.d.m.AccountMapper.getObject(60)
DEBUG 2026-08-06 02:35:13.576 [TOW task-2] ======>  Preparing: select p.* from asc_permission p inner join asc_role_permission rp on p.perm_id = rp.perm_id where rp.role_id = ? - c.a.a.c.c.d.m.A.getPermissionsByRoleId.debug(135)
DEBUG 2026-08-06 02:35:13.577 [TOW task-2] ======> Parameters: 1(Long) - c.a.a.c.c.d.m.A.getPermissionsByRoleId.debug(135)
DEBUG 2026-08-06 02:35:13.597 [TOW task-2] <======      Total: 5 - c.a.a.c.c.d.m.A.getPermissionsByRoleId.debug(135)
DEBUG 2026-08-06 02:35:13.598 [TOW task-2] <====      Total: 1 - c.a.a.c.c.d.m.A.getRolesByUserId.debug(135)
DEBUG 2026-08-06 02:35:13.598 [TOW task-2] <==      Total: 1 - c.a.a.c.c.d.m.A.getUserByUsername.debug(135)
DEBUG 2026-08-06 02:35:13.599 [TOW task-2] Response {success=false, error={code=invalid, message=Invalid username or password.}} - c.a.c.a.r.t.CustomTransformResponse.respond(85)
DEBUG 2026-08-06 02:35:13.599 [TOW task-2] Advice {type=after, instance=com.aspectran.mybatis.SqlSessionAdviceRegister$$Lambda/0x0000000089612910@b9b97ad, order=0} - c.a.c.activity.AdviceActivity.executeAdvice(351)
DEBUG 2026-08-06 02:35:13.600 [TOW task-2] Commit transaction for DefaultSqlSession@a3a4699 - c.a.mybatis.SqlSessionAdvice.commit(257)
DEBUG 2026-08-06 02:35:13.601 [TOW task-2] Advice {type=finally, instance=com.aspectran.mybatis.SqlSessionAdviceRegister$$Lambda/0x0000000089612dd0@2807cf3, order=0} - c.a.c.activity.AdviceActivity.executeAdvice(351)
DEBUG 2026-08-06 02:35:13.620 [TOW task-2] Close DefaultSqlSession@a3a4699 - c.a.mybatis.SqlSessionAdvice.close(351)
DEBUG 2026-08-06 02:35:20.109 [TOW task-2] POST /console/auth/login HTTP/1.1 0:0:0:0:0:0:0:1 - c.a.w.s.DefaultWebService.service(87)
DEBUG 2026-08-06 02:35:20.110 [TOW task-2] Translet {name=/auth/login, method=[POST], responseRule={response={type=transform, format=custom}}} - c.a.core.activity.CoreActivity.prepare(220)
DEBUG 2026-08-06 02:35:20.111 [TOW task-2] Advice {type=before, action={header={headers=[X-Frame-Options, X-Content-Type-Options, X-XSS-Protection, Referrer-Policy]}}} - c.a.c.activity.AdviceActivity.executeAdvice(351)
DEBUG 2026-08-06 02:35:20.113 [TOW task-2] Action {annotated={method=com.aspectran.aspectow.console.auth.LoginActivity.login(com.aspectran.core.activity.Translet, java.lang.String, java.lang.String)}} - c.a.core.activity.CoreActivity.execute(652)
DEBUG 2026-08-06 02:35:20.115 [TOW task-2] Advice {type=before, instance=com.aspectran.mybatis.SqlSessionAdviceRegister$$Lambda/0x00000000896126b0@2d801d8, order=0} - c.a.c.activity.AdviceActivity.executeAdvice(351)
DEBUG 2026-08-06 02:35:20.116 [TOW task-2] Open DefaultSqlSession@1c6d5cf1 {executorType=SIMPLE, autoCommit=false, readOnly=false} - c.a.mybatis.SqlSessionAdvice.doOpen(239)
DEBUG 2026-08-06 02:35:20.117 [TOW task-2] Cache Hit Ratio [com.aspectran.aspectow.console.common.db.mapper.AccountMapper]: 0.6842105263157895 - c.a.a.c.c.d.m.AccountMapper.getObject(60)
DEBUG 2026-08-06 02:35:20.151 [TOW task-2] ==>  Preparing: insert into asc_login_history (username, ip_address, user_agent, success_yn) values (?, ?, ?, ?) - c.a.a.c.c.d.m.A.insertLoginHistory.debug(135)
DEBUG 2026-08-06 02:35:20.152 [TOW task-2] ==> Parameters: admin(String), 0:0:0:0:0:0:0:1(String), Mozilla/5.0 (Windows NT 10.0; Win64; x64; rv:153.0) Gecko/20100101 Firefox/153.0(String), N(String) - c.a.a.c.c.d.m.A.insertLoginHistory.debug(135)
DEBUG 2026-08-06 02:35:20.160 [TOW task-2] <==    Updates: 1 - c.a.a.c.c.d.m.A.insertLoginHistory.debug(135)
DEBUG 2026-08-06 02:35:20.162 [TOW task-2] Cache Hit Ratio [com.aspectran.aspectow.console.common.db.mapper.AccountMapper]: 0.7 - c.a.a.c.c.d.m.AccountMapper.getObject(60)
DEBUG 2026-08-06 02:35:20.162 [TOW task-2] ==>  Preparing: select * from asc_user where username = ? - c.a.a.c.c.d.m.A.getUserByUsername.debug(135)
DEBUG 2026-08-06 02:35:20.163 [TOW task-2] ==> Parameters: admin(String) - c.a.a.c.c.d.m.A.getUserByUsername.debug(135)
DEBUG 2026-08-06 02:35:20.171 [TOW task-2] Cache Hit Ratio [com.aspectran.aspectow.console.common.db.mapper.AccountMapper]: 0.7142857142857143 - c.a.a.c.c.d.m.AccountMapper.getObject(60)
DEBUG 2026-08-06 02:35:20.172 [TOW task-2] ====>  Preparing: select r.* from asc_role r inner join asc_user_role ur on r.role_id = ur.role_id where ur.user_id = ? - c.a.a.c.c.d.m.A.getRolesByUserId.debug(135)
DEBUG 2026-08-06 02:35:20.172 [TOW task-2] ====> Parameters: 1(Long) - c.a.a.c.c.d.m.A.getRolesByUserId.debug(135)
DEBUG 2026-08-06 02:35:20.181 [TOW task-2] Cache Hit Ratio [com.aspectran.aspectow.console.common.db.mapper.AccountMapper]: 0.7272727272727273 - c.a.a.c.c.d.m.AccountMapper.getObject(60)
DEBUG 2026-08-06 02:35:20.181 [TOW task-2] ======>  Preparing: select p.* from asc_permission p inner join asc_role_permission rp on p.perm_id = rp.perm_id where rp.role_id = ? - c.a.a.c.c.d.m.A.getPermissionsByRoleId.debug(135)
DEBUG 2026-08-06 02:35:20.182 [TOW task-2] ======> Parameters: 1(Long) - c.a.a.c.c.d.m.A.getPermissionsByRoleId.debug(135)
DEBUG 2026-08-06 02:35:20.190 [TOW task-2] <======      Total: 5 - c.a.a.c.c.d.m.A.getPermissionsByRoleId.debug(135)
DEBUG 2026-08-06 02:35:20.191 [TOW task-2] <====      Total: 1 - c.a.a.c.c.d.m.A.getRolesByUserId.debug(135)
DEBUG 2026-08-06 02:35:20.191 [TOW task-2] <==      Total: 1 - c.a.a.c.c.d.m.A.getUserByUsername.debug(135)
DEBUG 2026-08-06 02:35:20.210 [TOW task-2] ==>  Preparing: update asc_user set password = ?, nickname = ?, email = ?, status = ?, allowed_ips = ?, updated_at = current_timestamp where user_id = ? - c.a.a.c.c.d.m.A.updateUser.debug(135)
DEBUG 2026-08-06 02:35:20.212 [TOW task-2] ==> Parameters: j8WYUzmynPmPG/MJHhP3f2LtBpacasjwS6gM/FrWDVeFy4DrgEnZq+5h101DAJJB(String), Super Admin(String), admin@aspectow.com(String), LOCKED(String), null, 1(Long) - c.a.a.c.c.d.m.A.updateUser.debug(135)
DEBUG 2026-08-06 02:35:20.225 [TOW task-2] <==    Updates: 1 - c.a.a.c.c.d.m.A.updateUser.debug(135)
DEBUG 2026-08-06 02:35:20.227 [TOW task-2] Cache Hit Ratio [com.aspectran.aspectow.console.common.db.mapper.AccountMapper]: 0.7391304347826086 - c.a.a.c.c.d.m.AccountMapper.getObject(60)
DEBUG 2026-08-06 02:35:20.227 [TOW task-2] ==>  Preparing: select * from asc_user where username = ? - c.a.a.c.c.d.m.A.getUserByUsername.debug(135)
DEBUG 2026-08-06 02:35:20.228 [TOW task-2] ==> Parameters: admin(String) - c.a.a.c.c.d.m.A.getUserByUsername.debug(135)
DEBUG 2026-08-06 02:35:20.237 [TOW task-2] Cache Hit Ratio [com.aspectran.aspectow.console.common.db.mapper.AccountMapper]: 0.75 - c.a.a.c.c.d.m.AccountMapper.getObject(60)
DEBUG 2026-08-06 02:35:20.238 [TOW task-2] ====>  Preparing: select r.* from asc_role r inner join asc_user_role ur on r.role_id = ur.role_id where ur.user_id = ? - c.a.a.c.c.d.m.A.getRolesByUserId.debug(135)
DEBUG 2026-08-06 02:35:20.238 [TOW task-2] ====> Parameters: 1(Long) - c.a.a.c.c.d.m.A.getRolesByUserId.debug(135)
DEBUG 2026-08-06 02:35:20.246 [TOW task-2] Cache Hit Ratio [com.aspectran.aspectow.console.common.db.mapper.AccountMapper]: 0.76 - c.a.a.c.c.d.m.AccountMapper.getObject(60)
DEBUG 2026-08-06 02:35:20.247 [TOW task-2] ======>  Preparing: select p.* from asc_permission p inner join asc_role_permission rp on p.perm_id = rp.perm_id where rp.role_id = ? - c.a.a.c.c.d.m.A.getPermissionsByRoleId.debug(135)
DEBUG 2026-08-06 02:35:20.247 [TOW task-2] ======> Parameters: 1(Long) - c.a.a.c.c.d.m.A.getPermissionsByRoleId.debug(135)
DEBUG 2026-08-06 02:35:20.255 [TOW task-2] <======      Total: 5 - c.a.a.c.c.d.m.A.getPermissionsByRoleId.debug(135)
DEBUG 2026-08-06 02:35:20.256 [TOW task-2] <====      Total: 1 - c.a.a.c.c.d.m.A.getRolesByUserId.debug(135)
DEBUG 2026-08-06 02:35:20.256 [TOW task-2] <==      Total: 1 - c.a.a.c.c.d.m.A.getUserByUsername.debug(135)
DEBUG 2026-08-06 02:35:20.257 [TOW task-2] Response {success=false, error={code=locked, message=Account has been LOCKED due to 5 consecutive failed login attempts.}} - c.a.c.a.r.t.CustomTransformResponse.respond(85)
DEBUG 2026-08-06 02:35:20.258 [TOW task-2] Advice {type=after, instance=com.aspectran.mybatis.SqlSessionAdviceRegister$$Lambda/0x0000000089612910@b9b97ad, order=0} - c.a.c.activity.AdviceActivity.executeAdvice(351)
DEBUG 2026-08-06 02:35:20.258 [TOW task-2] Commit transaction for DefaultSqlSession@1c6d5cf1 - c.a.mybatis.SqlSessionAdvice.commit(257)
DEBUG 2026-08-06 02:35:20.259 [TOW task-2] Advice {type=finally, instance=com.aspectran.mybatis.SqlSessionAdviceRegister$$Lambda/0x0000000089612dd0@2807cf3, order=0} - c.a.c.activity.AdviceActivity.executeAdvice(351)
DEBUG 2026-08-06 02:35:20.269 [TOW task-2] Close DefaultSqlSession@1c6d5cf1 - c.a.mybatis.SqlSessionAdvice.close(351)
DEBUG 2026-08-06 02:39:01.821 [TOW task-2] POST /console/auth/login HTTP/1.1 0:0:0:0:0:0:0:1 - c.a.w.s.DefaultWebService.service(87)
DEBUG 2026-08-06 02:39:01.837 [TOW task-2] Translet {name=/auth/login, method=[POST], responseRule={response={type=transform, format=custom}}} - c.a.core.activity.CoreActivity.prepare(220)
DEBUG 2026-08-06 02:39:01.847 [TOW task-2] Advice {type=before, action={header={headers=[X-Frame-Options, X-Content-Type-Options, X-XSS-Protection, Referrer-Policy]}}} - c.a.c.activity.AdviceActivity.executeAdvice(351)
DEBUG 2026-08-06 02:39:01.850 [TOW task-2] Action {annotated={method=com.aspectran.aspectow.console.auth.LoginActivity.login(com.aspectran.core.activity.Translet, java.lang.String, java.lang.String)}} - c.a.core.activity.CoreActivity.execute(652)
DEBUG 2026-08-06 02:39:01.855 [TOW task-2] Advice {type=before, instance=com.aspectran.mybatis.SqlSessionAdviceRegister$$Lambda/0x00000000896126b0@2d801d8, order=0} - c.a.c.activity.AdviceActivity.executeAdvice(351)
DEBUG 2026-08-06 02:39:01.860 [TOW task-2] Open DefaultSqlSession@3052dd68 {executorType=SIMPLE, autoCommit=false, readOnly=false} - c.a.mybatis.SqlSessionAdvice.doOpen(239)
DEBUG 2026-08-06 02:39:01.884 [TOW task-2] Cache Hit Ratio [com.aspectran.aspectow.console.common.db.mapper.AccountMapper]: 0.7692307692307693 - c.a.a.c.c.d.m.AccountMapper.getObject(60)
DEBUG 2026-08-06 02:39:01.893 [TOW task-2] ==>  Preparing: insert into asc_login_history (username, ip_address, user_agent, success_yn) values (?, ?, ?, ?) - c.a.a.c.c.d.m.A.insertLoginHistory.debug(135)
DEBUG 2026-08-06 02:39:01.906 [TOW task-2] ==> Parameters: admin(String), 0:0:0:0:0:0:0:1(String), Mozilla/5.0 (Windows NT 10.0; Win64; x64; rv:153.0) Gecko/20100101 Firefox/153.0(String), N(String) - c.a.a.c.c.d.m.A.insertLoginHistory.debug(135)
DEBUG 2026-08-06 02:39:01.922 [TOW task-2] <==    Updates: 1 - c.a.a.c.c.d.m.A.insertLoginHistory.debug(135)
DEBUG 2026-08-06 02:39:01.923 [TOW task-2] Response {success=false, error={code=locked, message=Account is LOCKED. Please contact administrator.}} - c.a.c.a.r.t.CustomTransformResponse.respond(85)
DEBUG 2026-08-06 02:39:01.924 [TOW task-2] Advice {type=after, instance=com.aspectran.mybatis.SqlSessionAdviceRegister$$Lambda/0x0000000089612910@b9b97ad, order=0} - c.a.c.activity.AdviceActivity.executeAdvice(351)
DEBUG 2026-08-06 02:39:01.925 [TOW task-2] Commit transaction for DefaultSqlSession@3052dd68 - c.a.mybatis.SqlSessionAdvice.commit(257)
DEBUG 2026-08-06 02:39:01.926 [TOW task-2] Advice {type=finally, instance=com.aspectran.mybatis.SqlSessionAdviceRegister$$Lambda/0x0000000089612dd0@2807cf3, order=0} - c.a.c.activity.AdviceActivity.executeAdvice(351)
DEBUG 2026-08-06 02:39:01.935 [TOW task-2] Close DefaultSqlSession@3052dd68 - c.a.mybatis.SqlSessionAdvice.close(351)
DEBUG 2026-08-06 02:39:01.948 [TOW task-2] POST /console/auth/login HTTP/1.1 0:0:0:0:0:0:0:1 - c.a.w.s.DefaultWebService.service(87)
DEBUG 2026-08-06 02:39:01.949 [TOW task-2] Translet {name=/auth/login, method=[POST], responseRule={response={type=transform, format=custom}}} - c.a.core.activity.CoreActivity.prepare(220)
DEBUG 2026-08-06 02:39:01.950 [TOW task-2] Advice {type=before, action={header={headers=[X-Frame-Options, X-Content-Type-Options, X-XSS-Protection, Referrer-Policy]}}} - c.a.c.activity.AdviceActivity.executeAdvice(351)
DEBUG 2026-08-06 02:39:01.951 [TOW task-2] Action {annotated={method=com.aspectran.aspectow.console.auth.LoginActivity.login(com.aspectran.core.activity.Translet, java.lang.String, java.lang.String)}} - c.a.core.activity.CoreActivity.execute(652)
DEBUG 2026-08-06 02:39:01.952 [TOW task-2] Advice {type=before, instance=com.aspectran.mybatis.SqlSessionAdviceRegister$$Lambda/0x00000000896126b0@2d801d8, order=0} - c.a.c.activity.AdviceActivity.executeAdvice(351)
DEBUG 2026-08-06 02:39:01.953 [TOW task-2] Open DefaultSqlSession@457c4d66 {executorType=SIMPLE, autoCommit=false, readOnly=false} - c.a.mybatis.SqlSessionAdvice.doOpen(239)
DEBUG 2026-08-06 02:39:01.954 [TOW task-2] Cache Hit Ratio [com.aspectran.aspectow.console.common.db.mapper.AccountMapper]: 0.7407407407407407 - c.a.a.c.c.d.m.AccountMapper.getObject(60)
DEBUG 2026-08-06 02:39:01.962 [TOW task-2] ==>  Preparing: select * from asc_user where username = ? - c.a.a.c.c.d.m.A.getUserByUsername.debug(135)
DEBUG 2026-08-06 02:39:01.963 [TOW task-2] ==> Parameters: admin(String) - c.a.a.c.c.d.m.A.getUserByUsername.debug(135)
DEBUG 2026-08-06 02:39:01.979 [TOW task-2] Cache Hit Ratio [com.aspectran.aspectow.console.common.db.mapper.AccountMapper]: 0.7142857142857143 - c.a.a.c.c.d.m.AccountMapper.getObject(60)
DEBUG 2026-08-06 02:39:01.980 [TOW task-2] ====>  Preparing: select r.* from asc_role r inner join asc_user_role ur on r.role_id = ur.role_id where ur.user_id = ? - c.a.a.c.c.d.m.A.getRolesByUserId.debug(135)
DEBUG 2026-08-06 02:39:01.981 [TOW task-2] ====> Parameters: 1(Long) - c.a.a.c.c.d.m.A.getRolesByUserId.debug(135)
DEBUG 2026-08-06 02:39:01.995 [TOW task-2] Cache Hit Ratio [com.aspectran.aspectow.console.common.db.mapper.AccountMapper]: 0.6896551724137931 - c.a.a.c.c.d.m.AccountMapper.getObject(60)
DEBUG 2026-08-06 02:39:01.996 [TOW task-2] ======>  Preparing: select p.* from asc_permission p inner join asc_role_permission rp on p.perm_id = rp.perm_id where rp.role_id = ? - c.a.a.c.c.d.m.A.getPermissionsByRoleId.debug(135)
DEBUG 2026-08-06 02:39:01.997 [TOW task-2] ======> Parameters: 1(Long) - c.a.a.c.c.d.m.A.getPermissionsByRoleId.debug(135)
DEBUG 2026-08-06 02:39:02.008 [TOW task-2] <======      Total: 5 - c.a.a.c.c.d.m.A.getPermissionsByRoleId.debug(135)
DEBUG 2026-08-06 02:39:02.009 [TOW task-2] <====      Total: 1 - c.a.a.c.c.d.m.A.getRolesByUserId.debug(135)
DEBUG 2026-08-06 02:39:02.010 [TOW task-2] <==      Total: 1 - c.a.a.c.c.d.m.A.getUserByUsername.debug(135)
DEBUG 2026-08-06 02:39:02.119 [TOW task-2] ==>  Preparing: insert into asc_login_history (username, ip_address, user_agent, success_yn) values (?, ?, ?, ?) - c.a.a.c.c.d.m.A.insertLoginHistory.debug(135)
DEBUG 2026-08-06 02:39:02.120 [TOW task-2] ==> Parameters: admin(String), 0:0:0:0:0:0:0:1(String), Mozilla/5.0 (Windows NT 10.0; Win64; x64; rv:153.0) Gecko/20100101 Firefox/153.0(String), N(String) - c.a.a.c.c.d.m.A.insertLoginHistory.debug(135)
DEBUG 2026-08-06 02:39:02.131 [TOW task-2] <==    Updates: 1 - c.a.a.c.c.d.m.A.insertLoginHistory.debug(135)
DEBUG 2026-08-06 02:39:02.133 [TOW task-2] Cache Hit Ratio [com.aspectran.aspectow.console.common.db.mapper.AccountMapper]: 0.6666666666666666 - c.a.a.c.c.d.m.AccountMapper.getObject(60)
DEBUG 2026-08-06 02:39:02.134 [TOW task-2] ==>  Preparing: select * from asc_user where username = ? - c.a.a.c.c.d.m.A.getUserByUsername.debug(135)
DEBUG 2026-08-06 02:39:02.135 [TOW task-2] ==> Parameters: admin(String) - c.a.a.c.c.d.m.A.getUserByUsername.debug(135)
DEBUG 2026-08-06 02:39:02.150 [TOW task-2] Cache Hit Ratio [com.aspectran.aspectow.console.common.db.mapper.AccountMapper]: 0.6451612903225806 - c.a.a.c.c.d.m.AccountMapper.getObject(60)
DEBUG 2026-08-06 02:39:02.151 [TOW task-2] ====>  Preparing: select r.* from asc_role r inner join asc_user_role ur on r.role_id = ur.role_id where ur.user_id = ? - c.a.a.c.c.d.m.A.getRolesByUserId.debug(135)
DEBUG 2026-08-06 02:39:02.153 [TOW task-2] ====> Parameters: 1(Long) - c.a.a.c.c.d.m.A.getRolesByUserId.debug(135)
DEBUG 2026-08-06 02:39:02.162 [TOW task-2] Cache Hit Ratio [com.aspectran.aspectow.console.common.db.mapper.AccountMapper]: 0.625 - c.a.a.c.c.d.m.AccountMapper.getObject(60)
DEBUG 2026-08-06 02:39:02.163 [TOW task-2] ======>  Preparing: select p.* from asc_permission p inner join asc_role_permission rp on p.perm_id = rp.perm_id where rp.role_id = ? - c.a.a.c.c.d.m.A.getPermissionsByRoleId.debug(135)
DEBUG 2026-08-06 02:39:02.164 [TOW task-2] ======> Parameters: 1(Long) - c.a.a.c.c.d.m.A.getPermissionsByRoleId.debug(135)
DEBUG 2026-08-06 02:39:02.175 [TOW task-2] <======      Total: 5 - c.a.a.c.c.d.m.A.getPermissionsByRoleId.debug(135)
DEBUG 2026-08-06 02:39:02.176 [TOW task-2] <====      Total: 1 - c.a.a.c.c.d.m.A.getRolesByUserId.debug(135)
DEBUG 2026-08-06 02:39:02.177 [TOW task-2] <==      Total: 1 - c.a.a.c.c.d.m.A.getUserByUsername.debug(135)
DEBUG 2026-08-06 02:39:02.179 [TOW task-2] Response {success=false, error={code=invalid, message=Invalid username or password.}} - c.a.c.a.r.t.CustomTransformResponse.respond(85)
DEBUG 2026-08-06 02:39:02.180 [TOW task-2] Advice {type=after, instance=com.aspectran.mybatis.SqlSessionAdviceRegister$$Lambda/0x0000000089612910@b9b97ad, order=0} - c.a.c.activity.AdviceActivity.executeAdvice(351)
DEBUG 2026-08-06 02:39:02.181 [TOW task-2] Commit transaction for DefaultSqlSession@457c4d66 - c.a.mybatis.SqlSessionAdvice.commit(257)
DEBUG 2026-08-06 02:39:02.182 [TOW task-2] Advice {type=finally, instance=com.aspectran.mybatis.SqlSessionAdviceRegister$$Lambda/0x0000000089612dd0@2807cf3, order=0} - c.a.c.activity.AdviceActivity.executeAdvice(351)
DEBUG 2026-08-06 02:39:02.191 [TOW task-2] Close DefaultSqlSession@457c4d66 - c.a.mybatis.SqlSessionAdvice.close(351)
DEBUG 2026-08-06 02:39:50.649 [TOW task-2] POST /console/auth/login HTTP/1.1 0:0:0:0:0:0:0:1 - c.a.w.s.DefaultWebService.service(87)
DEBUG 2026-08-06 02:39:50.650 [TOW task-2] Translet {name=/auth/login, method=[POST], responseRule={response={type=transform, format=custom}}} - c.a.core.activity.CoreActivity.prepare(220)
DEBUG 2026-08-06 02:39:50.652 [TOW task-2] Advice {type=before, action={header={headers=[X-Frame-Options, X-Content-Type-Options, X-XSS-Protection, Referrer-Policy]}}} - c.a.c.activity.AdviceActivity.executeAdvice(351)
DEBUG 2026-08-06 02:39:50.653 [TOW task-2] Action {annotated={method=com.aspectran.aspectow.console.auth.LoginActivity.login(com.aspectran.core.activity.Translet, java.lang.String, java.lang.String)}} - c.a.core.activity.CoreActivity.execute(652)
DEBUG 2026-08-06 02:39:50.654 [TOW task-2] Advice {type=before, instance=com.aspectran.mybatis.SqlSessionAdviceRegister$$Lambda/0x00000000896126b0@2d801d8, order=0} - c.a.c.activity.AdviceActivity.executeAdvice(351)
DEBUG 2026-08-06 02:39:50.654 [TOW task-2] Open DefaultSqlSession@2c81eda2 {executorType=SIMPLE, autoCommit=false, readOnly=false} - c.a.mybatis.SqlSessionAdvice.doOpen(239)
DEBUG 2026-08-06 02:39:50.655 [TOW task-2] Cache Hit Ratio [com.aspectran.aspectow.console.common.db.mapper.AccountMapper]: 0.6363636363636364 - c.a.a.c.c.d.m.AccountMapper.getObject(60)
DEBUG 2026-08-06 02:39:50.687 [TOW task-2] ==>  Preparing: insert into asc_login_history (username, ip_address, user_agent, success_yn) values (?, ?, ?, ?) - c.a.a.c.c.d.m.A.insertLoginHistory.debug(135)
DEBUG 2026-08-06 02:39:50.688 [TOW task-2] ==> Parameters: admin(String), 0:0:0:0:0:0:0:1(String), Mozilla/5.0 (Windows NT 10.0; Win64; x64; rv:153.0) Gecko/20100101 Firefox/153.0(String), N(String) - c.a.a.c.c.d.m.A.insertLoginHistory.debug(135)
DEBUG 2026-08-06 02:39:50.696 [TOW task-2] <==    Updates: 1 - c.a.a.c.c.d.m.A.insertLoginHistory.debug(135)
DEBUG 2026-08-06 02:39:50.699 [TOW task-2] Cache Hit Ratio [com.aspectran.aspectow.console.common.db.mapper.AccountMapper]: 0.6470588235294118 - c.a.a.c.c.d.m.AccountMapper.getObject(60)
DEBUG 2026-08-06 02:39:50.699 [TOW task-2] ==>  Preparing: select * from asc_user where username = ? - c.a.a.c.c.d.m.A.getUserByUsername.debug(135)
DEBUG 2026-08-06 02:39:50.700 [TOW task-2] ==> Parameters: admin(String) - c.a.a.c.c.d.m.A.getUserByUsername.debug(135)
DEBUG 2026-08-06 02:39:50.709 [TOW task-2] Cache Hit Ratio [com.aspectran.aspectow.console.common.db.mapper.AccountMapper]: 0.6571428571428571 - c.a.a.c.c.d.m.AccountMapper.getObject(60)
DEBUG 2026-08-06 02:39:50.710 [TOW task-2] ====>  Preparing: select r.* from asc_role r inner join asc_user_role ur on r.role_id = ur.role_id where ur.user_id = ? - c.a.a.c.c.d.m.A.getRolesByUserId.debug(135)
DEBUG 2026-08-06 02:39:50.711 [TOW task-2] ====> Parameters: 1(Long) - c.a.a.c.c.d.m.A.getRolesByUserId.debug(135)
DEBUG 2026-08-06 02:39:50.719 [TOW task-2] Cache Hit Ratio [com.aspectran.aspectow.console.common.db.mapper.AccountMapper]: 0.6666666666666666 - c.a.a.c.c.d.m.AccountMapper.getObject(60)
DEBUG 2026-08-06 02:39:50.720 [TOW task-2] ======>  Preparing: select p.* from asc_permission p inner join asc_role_permission rp on p.perm_id = rp.perm_id where rp.role_id = ? - c.a.a.c.c.d.m.A.getPermissionsByRoleId.debug(135)
DEBUG 2026-08-06 02:39:50.720 [TOW task-2] ======> Parameters: 1(Long) - c.a.a.c.c.d.m.A.getPermissionsByRoleId.debug(135)
DEBUG 2026-08-06 02:39:50.729 [TOW task-2] <======      Total: 5 - c.a.a.c.c.d.m.A.getPermissionsByRoleId.debug(135)
DEBUG 2026-08-06 02:39:50.729 [TOW task-2] <====      Total: 1 - c.a.a.c.c.d.m.A.getRolesByUserId.debug(135)
DEBUG 2026-08-06 02:39:50.730 [TOW task-2] <==      Total: 1 - c.a.a.c.c.d.m.A.getUserByUsername.debug(135)
DEBUG 2026-08-06 02:39:50.730 [TOW task-2] Response {success=false, error={code=invalid, message=Invalid username or password.}} - c.a.c.a.r.t.CustomTransformResponse.respond(85)
DEBUG 2026-08-06 02:39:50.731 [TOW task-2] Advice {type=after, instance=com.aspectran.mybatis.SqlSessionAdviceRegister$$Lambda/0x0000000089612910@b9b97ad, order=0} - c.a.c.activity.AdviceActivity.executeAdvice(351)
DEBUG 2026-08-06 02:39:50.732 [TOW task-2] Commit transaction for DefaultSqlSession@2c81eda2 - c.a.mybatis.SqlSessionAdvice.commit(257)
DEBUG 2026-08-06 02:39:50.733 [TOW task-2] Advice {type=finally, instance=com.aspectran.mybatis.SqlSessionAdviceRegister$$Lambda/0x0000000089612dd0@2807cf3, order=0} - c.a.c.activity.AdviceActivity.executeAdvice(351)
DEBUG 2026-08-06 02:39:50.740 [TOW task-2] Close DefaultSqlSession@2c81eda2 - c.a.mybatis.SqlSessionAdvice.close(351)
DEBUG 2026-08-06 02:40:00.026 [AppmonScheduler_Worker-1] Translet {name=appmon/persist/counter/rollup.job} - c.a.core.activity.CoreActivity.prepare(220)
DEBUG 2026-08-06 02:40:00.027 [AppmonScheduler_Worker-1] Action {annotated={method=com.aspectran.aspectow.appmon.engine.schedule.CounterPersistSchedule.rollup()}} - c.a.core.activity.CoreActivity.execute(652)
DEBUG 2026-08-06 02:40:11.546 [TOW task-2] POST /console/auth/login HTTP/1.1 0:0:0:0:0:0:0:1 - c.a.w.s.DefaultWebService.service(87)
DEBUG 2026-08-06 02:40:11.546 [TOW task-2] Translet {name=/auth/login, method=[POST], responseRule={response={type=transform, format=custom}}} - c.a.core.activity.CoreActivity.prepare(220)
DEBUG 2026-08-06 02:40:11.548 [TOW task-2] Advice {type=before, action={header={headers=[X-Frame-Options, X-Content-Type-Options, X-XSS-Protection, Referrer-Policy]}}} - c.a.c.activity.AdviceActivity.executeAdvice(351)
DEBUG 2026-08-06 02:40:11.549 [TOW task-2] Action {annotated={method=com.aspectran.aspectow.console.auth.LoginActivity.login(com.aspectran.core.activity.Translet, java.lang.String, java.lang.String)}} - c.a.core.activity.CoreActivity.execute(652)
DEBUG 2026-08-06 02:40:11.551 [TOW task-2] Advice {type=before, instance=com.aspectran.mybatis.SqlSessionAdviceRegister$$Lambda/0x00000000896126b0@2d801d8, order=0} - c.a.c.activity.AdviceActivity.executeAdvice(351)
DEBUG 2026-08-06 02:40:11.552 [TOW task-2] Open DefaultSqlSession@da8cebc {executorType=SIMPLE, autoCommit=false, readOnly=false} - c.a.mybatis.SqlSessionAdvice.doOpen(239)
DEBUG 2026-08-06 02:40:11.553 [TOW task-2] Cache Hit Ratio [com.aspectran.aspectow.console.common.db.mapper.AccountMapper]: 0.6756756756756757 - c.a.a.c.c.d.m.AccountMapper.getObject(60)
DEBUG 2026-08-06 02:40:11.585 [TOW task-2] ==>  Preparing: insert into asc_login_history (username, ip_address, user_agent, success_yn) values (?, ?, ?, ?) - c.a.a.c.c.d.m.A.insertLoginHistory.debug(135)
DEBUG 2026-08-06 02:40:11.587 [TOW task-2] ==> Parameters: admin(String), 0:0:0:0:0:0:0:1(String), Mozilla/5.0 (Windows NT 10.0; Win64; x64; rv:153.0) Gecko/20100101 Firefox/153.0(String), N(String) - c.a.a.c.c.d.m.A.insertLoginHistory.debug(135)
DEBUG 2026-08-06 02:40:11.594 [TOW task-2] <==    Updates: 1 - c.a.a.c.c.d.m.A.insertLoginHistory.debug(135)
DEBUG 2026-08-06 02:40:11.597 [TOW task-2] Cache Hit Ratio [com.aspectran.aspectow.console.common.db.mapper.AccountMapper]: 0.6842105263157895 - c.a.a.c.c.d.m.AccountMapper.getObject(60)
DEBUG 2026-08-06 02:40:11.597 [TOW task-2] ==>  Preparing: select * from asc_user where username = ? - c.a.a.c.c.d.m.A.getUserByUsername.debug(135)
DEBUG 2026-08-06 02:40:11.598 [TOW task-2] ==> Parameters: admin(String) - c.a.a.c.c.d.m.A.getUserByUsername.debug(135)
DEBUG 2026-08-06 02:40:11.607 [TOW task-2] Cache Hit Ratio [com.aspectran.aspectow.console.common.db.mapper.AccountMapper]: 0.6923076923076923 - c.a.a.c.c.d.m.AccountMapper.getObject(60)
DEBUG 2026-08-06 02:40:11.608 [TOW task-2] ====>  Preparing: select r.* from asc_role r inner join asc_user_role ur on r.role_id = ur.role_id where ur.user_id = ? - c.a.a.c.c.d.m.A.getRolesByUserId.debug(135)
DEBUG 2026-08-06 02:40:11.609 [TOW task-2] ====> Parameters: 1(Long) - c.a.a.c.c.d.m.A.getRolesByUserId.debug(135)
DEBUG 2026-08-06 02:40:11.617 [TOW task-2] Cache Hit Ratio [com.aspectran.aspectow.console.common.db.mapper.AccountMapper]: 0.7 - c.a.a.c.c.d.m.AccountMapper.getObject(60)
DEBUG 2026-08-06 02:40:11.617 [TOW task-2] ======>  Preparing: select p.* from asc_permission p inner join asc_role_permission rp on p.perm_id = rp.perm_id where rp.role_id = ? - c.a.a.c.c.d.m.A.getPermissionsByRoleId.debug(135)
DEBUG 2026-08-06 02:40:11.618 [TOW task-2] ======> Parameters: 1(Long) - c.a.a.c.c.d.m.A.getPermissionsByRoleId.debug(135)
DEBUG 2026-08-06 02:40:11.626 [TOW task-2] <======      Total: 5 - c.a.a.c.c.d.m.A.getPermissionsByRoleId.debug(135)
DEBUG 2026-08-06 02:40:11.627 [TOW task-2] <====      Total: 1 - c.a.a.c.c.d.m.A.getRolesByUserId.debug(135)
DEBUG 2026-08-06 02:40:11.627 [TOW task-2] <==      Total: 1 - c.a.a.c.c.d.m.A.getUserByUsername.debug(135)
DEBUG 2026-08-06 02:40:11.628 [TOW task-2] Response {success=false, error={code=invalid, message=Invalid username or password.}} - c.a.c.a.r.t.CustomTransformResponse.respond(85)
DEBUG 2026-08-06 02:40:11.629 [TOW task-2] Advice {type=after, instance=com.aspectran.mybatis.SqlSessionAdviceRegister$$Lambda/0x0000000089612910@b9b97ad, order=0} - c.a.c.activity.AdviceActivity.executeAdvice(351)
DEBUG 2026-08-06 02:40:11.629 [TOW task-2] Commit transaction for DefaultSqlSession@da8cebc - c.a.mybatis.SqlSessionAdvice.commit(257)
DEBUG 2026-08-06 02:40:11.630 [TOW task-2] Advice {type=finally, instance=com.aspectran.mybatis.SqlSessionAdviceRegister$$Lambda/0x0000000089612dd0@2807cf3, order=0} - c.a.c.activity.AdviceActivity.executeAdvice(351)
DEBUG 2026-08-06 02:40:11.636 [TOW task-2] Close DefaultSqlSession@da8cebc - c.a.mybatis.SqlSessionAdvice.close(351)
DEBUG 2026-08-06 02:40:17.993 [TOW task-2] POST /console/auth/login HTTP/1.1 0:0:0:0:0:0:0:1 - c.a.w.s.DefaultWebService.service(87)
DEBUG 2026-08-06 02:40:17.993 [TOW task-2] Translet {name=/auth/login, method=[POST], responseRule={response={type=transform, format=custom}}} - c.a.core.activity.CoreActivity.prepare(220)
DEBUG 2026-08-06 02:40:17.994 [TOW task-2] Advice {type=before, action={header={headers=[X-Frame-Options, X-Content-Type-Options, X-XSS-Protection, Referrer-Policy]}}} - c.a.c.activity.AdviceActivity.executeAdvice(351)
DEBUG 2026-08-06 02:40:17.995 [TOW task-2] Action {annotated={method=com.aspectran.aspectow.console.auth.LoginActivity.login(com.aspectran.core.activity.Translet, java.lang.String, java.lang.String)}} - c.a.core.activity.CoreActivity.execute(652)
DEBUG 2026-08-06 02:40:17.995 [TOW task-2] Advice {type=before, instance=com.aspectran.mybatis.SqlSessionAdviceRegister$$Lambda/0x00000000896126b0@2d801d8, order=0} - c.a.c.activity.AdviceActivity.executeAdvice(351)
DEBUG 2026-08-06 02:40:17.996 [TOW task-2] Open DefaultSqlSession@2020fac4 {executorType=SIMPLE, autoCommit=false, readOnly=false} - c.a.mybatis.SqlSessionAdvice.doOpen(239)
DEBUG 2026-08-06 02:40:17.997 [TOW task-2] Cache Hit Ratio [com.aspectran.aspectow.console.common.db.mapper.AccountMapper]: 0.7073170731707317 - c.a.a.c.c.d.m.AccountMapper.getObject(60)
DEBUG 2026-08-06 02:40:18.031 [TOW task-2] ==>  Preparing: insert into asc_login_history (username, ip_address, user_agent, success_yn) values (?, ?, ?, ?) - c.a.a.c.c.d.m.A.insertLoginHistory.debug(135)
DEBUG 2026-08-06 02:40:18.031 [TOW task-2] ==> Parameters: admin(String), 0:0:0:0:0:0:0:1(String), Mozilla/5.0 (Windows NT 10.0; Win64; x64; rv:153.0) Gecko/20100101 Firefox/153.0(String), N(String) - c.a.a.c.c.d.m.A.insertLoginHistory.debug(135)
DEBUG 2026-08-06 02:40:18.039 [TOW task-2] <==    Updates: 1 - c.a.a.c.c.d.m.A.insertLoginHistory.debug(135)
DEBUG 2026-08-06 02:40:18.041 [TOW task-2] Cache Hit Ratio [com.aspectran.aspectow.console.common.db.mapper.AccountMapper]: 0.7142857142857143 - c.a.a.c.c.d.m.AccountMapper.getObject(60)
DEBUG 2026-08-06 02:40:18.042 [TOW task-2] ==>  Preparing: select * from asc_user where username = ? - c.a.a.c.c.d.m.A.getUserByUsername.debug(135)
DEBUG 2026-08-06 02:40:18.042 [TOW task-2] ==> Parameters: admin(String) - c.a.a.c.c.d.m.A.getUserByUsername.debug(135)
DEBUG 2026-08-06 02:40:18.051 [TOW task-2] Cache Hit Ratio [com.aspectran.aspectow.console.common.db.mapper.AccountMapper]: 0.7209302325581395 - c.a.a.c.c.d.m.AccountMapper.getObject(60)
DEBUG 2026-08-06 02:40:18.052 [TOW task-2] ====>  Preparing: select r.* from asc_role r inner join asc_user_role ur on r.role_id = ur.role_id where ur.user_id = ? - c.a.a.c.c.d.m.A.getRolesByUserId.debug(135)
DEBUG 2026-08-06 02:40:18.052 [TOW task-2] ====> Parameters: 1(Long) - c.a.a.c.c.d.m.A.getRolesByUserId.debug(135)
DEBUG 2026-08-06 02:40:18.060 [TOW task-2] Cache Hit Ratio [com.aspectran.aspectow.console.common.db.mapper.AccountMapper]: 0.7272727272727273 - c.a.a.c.c.d.m.AccountMapper.getObject(60)
DEBUG 2026-08-06 02:40:18.061 [TOW task-2] ======>  Preparing: select p.* from asc_permission p inner join asc_role_permission rp on p.perm_id = rp.perm_id where rp.role_id = ? - c.a.a.c.c.d.m.A.getPermissionsByRoleId.debug(135)
DEBUG 2026-08-06 02:40:18.061 [TOW task-2] ======> Parameters: 1(Long) - c.a.a.c.c.d.m.A.getPermissionsByRoleId.debug(135)
DEBUG 2026-08-06 02:40:18.069 [TOW task-2] <======      Total: 5 - c.a.a.c.c.d.m.A.getPermissionsByRoleId.debug(135)
DEBUG 2026-08-06 02:40:18.069 [TOW task-2] <====      Total: 1 - c.a.a.c.c.d.m.A.getRolesByUserId.debug(135)
DEBUG 2026-08-06 02:40:18.070 [TOW task-2] <==      Total: 1 - c.a.a.c.c.d.m.A.getUserByUsername.debug(135)
DEBUG 2026-08-06 02:40:18.071 [TOW task-2] ==>  Preparing: update asc_user set password = ?, nickname = ?, email = ?, status = ?, allowed_ips = ?, updated_at = current_timestamp where user_id = ? - c.a.a.c.c.d.m.A.updateUser.debug(135)
DEBUG 2026-08-06 02:40:18.072 [TOW task-2] ==> Parameters: j8WYUzmynPmPG/MJHhP3f2LtBpacasjwS6gM/FrWDVeFy4DrgEnZq+5h101DAJJB(String), Super Admin(String), admin@aspectow.com(String), LOCKED(String), null, 1(Long) - c.a.a.c.c.d.m.A.updateUser.debug(135)
DEBUG 2026-08-06 02:40:18.079 [TOW task-2] <==    Updates: 1 - c.a.a.c.c.d.m.A.updateUser.debug(135)
DEBUG 2026-08-06 02:40:18.081 [TOW task-2] Cache Hit Ratio [com.aspectran.aspectow.console.common.db.mapper.AccountMapper]: 0.7333333333333333 - c.a.a.c.c.d.m.AccountMapper.getObject(60)
DEBUG 2026-08-06 02:40:18.081 [TOW task-2] ==>  Preparing: select * from asc_user where username = ? - c.a.a.c.c.d.m.A.getUserByUsername.debug(135)
DEBUG 2026-08-06 02:40:18.082 [TOW task-2] ==> Parameters: admin(String) - c.a.a.c.c.d.m.A.getUserByUsername.debug(135)
DEBUG 2026-08-06 02:40:18.090 [TOW task-2] Cache Hit Ratio [com.aspectran.aspectow.console.common.db.mapper.AccountMapper]: 0.7391304347826086 - c.a.a.c.c.d.m.AccountMapper.getObject(60)
DEBUG 2026-08-06 02:40:18.091 [TOW task-2] ====>  Preparing: select r.* from asc_role r inner join asc_user_role ur on r.role_id = ur.role_id where ur.user_id = ? - c.a.a.c.c.d.m.A.getRolesByUserId.debug(135)
DEBUG 2026-08-06 02:40:18.091 [TOW task-2] ====> Parameters: 1(Long) - c.a.a.c.c.d.m.A.getRolesByUserId.debug(135)
DEBUG 2026-08-06 02:40:18.100 [TOW task-2] Cache Hit Ratio [com.aspectran.aspectow.console.common.db.mapper.AccountMapper]: 0.7446808510638298 - c.a.a.c.c.d.m.AccountMapper.getObject(60)
DEBUG 2026-08-06 02:40:18.100 [TOW task-2] ======>  Preparing: select p.* from asc_permission p inner join asc_role_permission rp on p.perm_id = rp.perm_id where rp.role_id = ? - c.a.a.c.c.d.m.A.getPermissionsByRoleId.debug(135)
DEBUG 2026-08-06 02:40:18.101 [TOW task-2] ======> Parameters: 1(Long) - c.a.a.c.c.d.m.A.getPermissionsByRoleId.debug(135)
DEBUG 2026-08-06 02:40:18.109 [TOW task-2] <======      Total: 5 - c.a.a.c.c.d.m.A.getPermissionsByRoleId.debug(135)
DEBUG 2026-08-06 02:40:18.110 [TOW task-2] <====      Total: 1 - c.a.a.c.c.d.m.A.getRolesByUserId.debug(135)
DEBUG 2026-08-06 02:40:18.110 [TOW task-2] <==      Total: 1 - c.a.a.c.c.d.m.A.getUserByUsername.debug(135)
DEBUG 2026-08-06 02:40:18.111 [TOW task-2] Response {success=false, error={code=locked, message=Account has been LOCKED due to 5 consecutive failed login attempts.}} - c.a.c.a.r.t.CustomTransformResponse.respond(85)
DEBUG 2026-08-06 02:40:18.111 [TOW task-2] Advice {type=after, instance=com.aspectran.mybatis.SqlSessionAdviceRegister$$Lambda/0x0000000089612910@b9b97ad, order=0} - c.a.c.activity.AdviceActivity.executeAdvice(351)
DEBUG 2026-08-06 02:40:18.112 [TOW task-2] Commit transaction for DefaultSqlSession@2020fac4 - c.a.mybatis.SqlSessionAdvice.commit(257)
DEBUG 2026-08-06 02:40:18.112 [TOW task-2] Advice {type=finally, instance=com.aspectran.mybatis.SqlSessionAdviceRegister$$Lambda/0x0000000089612dd0@2807cf3, order=0} - c.a.c.activity.AdviceActivity.executeAdvice(351)
DEBUG 2026-08-06 02:40:18.120 [TOW task-2] Close DefaultSqlSession@2020fac4 - c.a.mybatis.SqlSessionAdvice.close(351)
DEBUG 2026-08-06 02:41:22.496 [TOW task-2] GET /console/auth/login HTTP/1.1 0:0:0:0:0:0:0:1 - c.a.w.s.DefaultWebService.service(87)
DEBUG 2026-08-06 02:41:22.497 [TOW task-2] Translet {name=/auth/login, responseRule={response={type=dispatch, name=auth/login, viewDispatcher={name=com.aspectran.thymeleaf.view.ThymeleafViewDispatcher@72825b1e}}}} - c.a.core.activity.CoreActivity.prepare(220)
DEBUG 2026-08-06 02:41:22.498 [TOW task-2] Advice {type=before, action={header={headers=[X-Frame-Options, X-Content-Type-Options, X-XSS-Protection, Referrer-Policy]}}} - c.a.c.activity.AdviceActivity.executeAdvice(351)
DEBUG 2026-08-06 02:41:22.498 [TOW task-2] Advice {type=before, action={header={headers=[Content-Type, Content-Security-Policy]}}} - c.a.c.activity.AdviceActivity.executeAdvice(351)
DEBUG 2026-08-06 02:41:22.499 [TOW task-2] Action {annotated={id=page, method=com.aspectran.aspectow.console.auth.LoginActivity.loginPage()}} - c.a.core.activity.CoreActivity.execute(652)
DEBUG 2026-08-06 02:41:22.500 [TOW task-2] Response {type=dispatch, name=auth/login, viewDispatcher={name=com.aspectran.thymeleaf.view.ThymeleafViewDispatcher@72825b1e}} - c.a.c.a.r.d.DispatchResponse.respond(71)
DEBUG 2026-08-06 02:41:22.500 [TOW task-2] Dispatching to Thymeleaf template auth/login - c.a.t.v.ThymeleafViewDispatcher.dispatch(88)
DEBUG 2026-08-06 02:41:29.031 [TOW task-2] POST /console/auth/login HTTP/1.1 0:0:0:0:0:0:0:1 - c.a.w.s.DefaultWebService.service(87)
DEBUG 2026-08-06 02:41:29.032 [TOW task-2] Translet {name=/auth/login, method=[POST], responseRule={response={type=transform, format=custom}}} - c.a.core.activity.CoreActivity.prepare(220)
DEBUG 2026-08-06 02:41:29.033 [TOW task-2] Advice {type=before, action={header={headers=[X-Frame-Options, X-Content-Type-Options, X-XSS-Protection, Referrer-Policy]}}} - c.a.c.activity.AdviceActivity.executeAdvice(351)
DEBUG 2026-08-06 02:41:29.034 [TOW task-2] Action {annotated={method=com.aspectran.aspectow.console.auth.LoginActivity.login(com.aspectran.core.activity.Translet, java.lang.String, java.lang.String)}} - c.a.core.activity.CoreActivity.execute(652)
DEBUG 2026-08-06 02:41:29.036 [TOW task-2] Advice {type=before, instance=com.aspectran.mybatis.SqlSessionAdviceRegister$$Lambda/0x00000000896126b0@2d801d8, order=0} - c.a.c.activity.AdviceActivity.executeAdvice(351)
DEBUG 2026-08-06 02:41:29.037 [TOW task-2] Open DefaultSqlSession@4af56d76 {executorType=SIMPLE, autoCommit=false, readOnly=false} - c.a.mybatis.SqlSessionAdvice.doOpen(239)
DEBUG 2026-08-06 02:41:29.039 [TOW task-2] Cache Hit Ratio [com.aspectran.aspectow.console.common.db.mapper.AccountMapper]: 0.75 - c.a.a.c.c.d.m.AccountMapper.getObject(60)
DEBUG 2026-08-06 02:41:29.046 [TOW task-2] ==>  Preparing: insert into asc_login_history (username, ip_address, user_agent, success_yn) values (?, ?, ?, ?) - c.a.a.c.c.d.m.A.insertLoginHistory.debug(135)
DEBUG 2026-08-06 02:41:29.047 [TOW task-2] ==> Parameters: admin(String), 0:0:0:0:0:0:0:1(String), Mozilla/5.0 (Windows NT 10.0; Win64; x64; rv:153.0) Gecko/20100101 Firefox/153.0(String), N(String) - c.a.a.c.c.d.m.A.insertLoginHistory.debug(135)
DEBUG 2026-08-06 02:41:29.054 [TOW task-2] <==    Updates: 1 - c.a.a.c.c.d.m.A.insertLoginHistory.debug(135)
DEBUG 2026-08-06 02:41:29.054 [TOW task-2] Response {success=false, error={code=locked, message=Account is LOCKED. Please contact administrator.}} - c.a.c.a.r.t.CustomTransformResponse.respond(85)
DEBUG 2026-08-06 02:41:29.055 [TOW task-2] Advice {type=after, instance=com.aspectran.mybatis.SqlSessionAdviceRegister$$Lambda/0x0000000089612910@b9b97ad, order=0} - c.a.c.activity.AdviceActivity.executeAdvice(351)
DEBUG 2026-08-06 02:41:29.055 [TOW task-2] Commit transaction for DefaultSqlSession@4af56d76 - c.a.mybatis.SqlSessionAdvice.commit(257)
DEBUG 2026-08-06 02:41:29.056 [TOW task-2] Advice {type=finally, instance=com.aspectran.mybatis.SqlSessionAdviceRegister$$Lambda/0x0000000089612dd0@2807cf3, order=0} - c.a.c.activity.AdviceActivity.executeAdvice(351)
DEBUG 2026-08-06 02:41:29.063 [TOW task-2] Close DefaultSqlSession@4af56d76 - c.a.mybatis.SqlSessionAdvice.close(351)
DEBUG 2026-08-06 02:41:47.791 [TOW task-2] POST /console/auth/login HTTP/1.1 0:0:0:0:0:0:0:1 - c.a.w.s.DefaultWebService.service(87)
DEBUG 2026-08-06 02:41:47.791 [TOW task-2] Translet {name=/auth/login, method=[POST], responseRule={response={type=transform, format=custom}}} - c.a.core.activity.CoreActivity.prepare(220)
DEBUG 2026-08-06 02:41:47.793 [TOW task-2] Advice {type=before, action={header={headers=[X-Frame-Options, X-Content-Type-Options, X-XSS-Protection, Referrer-Policy]}}} - c.a.c.activity.AdviceActivity.executeAdvice(351)
DEBUG 2026-08-06 02:41:47.794 [TOW task-2] Action {annotated={method=com.aspectran.aspectow.console.auth.LoginActivity.login(com.aspectran.core.activity.Translet, java.lang.String, java.lang.String)}} - c.a.core.activity.CoreActivity.execute(652)
DEBUG 2026-08-06 02:41:47.794 [TOW task-2] Advice {type=before, instance=com.aspectran.mybatis.SqlSessionAdviceRegister$$Lambda/0x00000000896126b0@2d801d8, order=0} - c.a.c.activity.AdviceActivity.executeAdvice(351)
DEBUG 2026-08-06 02:41:47.795 [TOW task-2] Open DefaultSqlSession@515caf7c {executorType=SIMPLE, autoCommit=false, readOnly=false} - c.a.mybatis.SqlSessionAdvice.doOpen(239)
DEBUG 2026-08-06 02:41:47.796 [TOW task-2] Cache Hit Ratio [com.aspectran.aspectow.console.common.db.mapper.AccountMapper]: 0.7346938775510204 - c.a.a.c.c.d.m.AccountMapper.getObject(60)
DEBUG 2026-08-06 02:41:47.803 [TOW task-2] ==>  Preparing: select * from asc_user where username = ? - c.a.a.c.c.d.m.A.getUserByUsername.debug(135)
DEBUG 2026-08-06 02:41:47.804 [TOW task-2] ==> Parameters: admin(String) - c.a.a.c.c.d.m.A.getUserByUsername.debug(135)
DEBUG 2026-08-06 02:41:47.812 [TOW task-2] Cache Hit Ratio [com.aspectran.aspectow.console.common.db.mapper.AccountMapper]: 0.72 - c.a.a.c.c.d.m.AccountMapper.getObject(60)
DEBUG 2026-08-06 02:41:47.813 [TOW task-2] ====>  Preparing: select r.* from asc_role r inner join asc_user_role ur on r.role_id = ur.role_id where ur.user_id = ? - c.a.a.c.c.d.m.A.getRolesByUserId.debug(135)
DEBUG 2026-08-06 02:41:47.813 [TOW task-2] ====> Parameters: 1(Long) - c.a.a.c.c.d.m.A.getRolesByUserId.debug(135)
DEBUG 2026-08-06 02:41:47.821 [TOW task-2] Cache Hit Ratio [com.aspectran.aspectow.console.common.db.mapper.AccountMapper]: 0.7058823529411765 - c.a.a.c.c.d.m.AccountMapper.getObject(60)
DEBUG 2026-08-06 02:41:47.822 [TOW task-2] ======>  Preparing: select p.* from asc_permission p inner join asc_role_permission rp on p.perm_id = rp.perm_id where rp.role_id = ? - c.a.a.c.c.d.m.A.getPermissionsByRoleId.debug(135)
DEBUG 2026-08-06 02:41:47.823 [TOW task-2] ======> Parameters: 1(Long) - c.a.a.c.c.d.m.A.getPermissionsByRoleId.debug(135)
DEBUG 2026-08-06 02:41:47.831 [TOW task-2] <======      Total: 5 - c.a.a.c.c.d.m.A.getPermissionsByRoleId.debug(135)
DEBUG 2026-08-06 02:41:47.832 [TOW task-2] <====      Total: 1 - c.a.a.c.c.d.m.A.getRolesByUserId.debug(135)
DEBUG 2026-08-06 02:41:47.833 [TOW task-2] <==      Total: 1 - c.a.a.c.c.d.m.A.getUserByUsername.debug(135)
DEBUG 2026-08-06 02:41:47.838 [TOW task-2] Response {success=false, error={code=setup_required, message=Administrator password setup is required.}} - c.a.c.a.r.t.CustomTransformResponse.respond(85)
DEBUG 2026-08-06 02:41:47.839 [TOW task-2] Advice {type=after, instance=com.aspectran.mybatis.SqlSessionAdviceRegister$$Lambda/0x0000000089612910@b9b97ad, order=0} - c.a.c.activity.AdviceActivity.executeAdvice(351)
DEBUG 2026-08-06 02:41:47.839 [TOW task-2] Commit transaction for DefaultSqlSession@515caf7c - c.a.mybatis.SqlSessionAdvice.commit(257)
DEBUG 2026-08-06 02:41:47.840 [TOW task-2] Advice {type=finally, instance=com.aspectran.mybatis.SqlSessionAdviceRegister$$Lambda/0x0000000089612dd0@2807cf3, order=0} - c.a.c.activity.AdviceActivity.executeAdvice(351)
DEBUG 2026-08-06 02:41:47.848 [TOW task-2] Close DefaultSqlSession@515caf7c - c.a.mybatis.SqlSessionAdvice.close(351)
DEBUG 2026-08-06 02:41:58.843 [TOW task-2] POST /console/auth/setup-password HTTP/1.1 0:0:0:0:0:0:0:1 - c.a.w.s.DefaultWebService.service(87)
DEBUG 2026-08-06 02:41:58.843 [TOW task-2] Translet {name=/auth/setup-password, method=[POST], responseRule={response={type=transform, format=custom}}} - c.a.core.activity.CoreActivity.prepare(220)
DEBUG 2026-08-06 02:41:58.844 [TOW task-2] Advice {type=before, action={header={headers=[X-Frame-Options, X-Content-Type-Options, X-XSS-Protection, Referrer-Policy]}}} - c.a.c.activity.AdviceActivity.executeAdvice(351)
DEBUG 2026-08-06 02:41:58.845 [TOW task-2] Action {annotated={method=com.aspectran.aspectow.console.auth.LoginActivity.setupPassword(java.lang.String, java.lang.String, java.lang.String)}} - c.a.core.activity.CoreActivity.execute(652)
DEBUG 2026-08-06 02:41:58.847 [TOW task-2] Advice {type=before, instance=com.aspectran.mybatis.SqlSessionAdviceRegister$$Lambda/0x00000000896126b0@2d801d8, order=0} - c.a.c.activity.AdviceActivity.executeAdvice(351)
DEBUG 2026-08-06 02:41:58.847 [TOW task-2] Open DefaultSqlSession@7919e4fb {executorType=SIMPLE, autoCommit=false, readOnly=false} - c.a.mybatis.SqlSessionAdvice.doOpen(239)
DEBUG 2026-08-06 02:41:58.849 [TOW task-2] Cache Hit Ratio [com.aspectran.aspectow.console.common.db.mapper.AccountMapper]: 0.7115384615384616 - c.a.a.c.c.d.m.AccountMapper.getObject(60)
DEBUG 2026-08-06 02:41:58.886 [TOW task-2] ==>  Preparing: update asc_user set password = ?, nickname = ?, email = ?, status = ?, allowed_ips = ?, updated_at = current_timestamp where user_id = ? - c.a.a.c.c.d.m.A.updateUser.debug(135)
DEBUG 2026-08-06 02:41:58.888 [TOW task-2] ==> Parameters: 9ibWVKLCq2yy80tUBv37umnjaM4KSYUxU4lSEN/KchV/gFlgkbY0IAsndC6abwyh(String), Super Admin(String), admin@aspectow.com(String), NORMAL(String), null, 1(Long) - c.a.a.c.c.d.m.A.updateUser.debug(135)
DEBUG 2026-08-06 02:41:58.897 [TOW task-2] <==    Updates: 1 - c.a.a.c.c.d.m.A.updateUser.debug(135)
DEBUG 2026-08-06 02:41:58.924 [TOW task-2] Response {success=true, data=Password updated successfully.} - c.a.c.a.r.t.CustomTransformResponse.respond(85)
DEBUG 2026-08-06 02:41:58.926 [TOW task-2] Advice {type=after, instance=com.aspectran.mybatis.SqlSessionAdviceRegister$$Lambda/0x0000000089612910@b9b97ad, order=0} - c.a.c.activity.AdviceActivity.executeAdvice(351)
DEBUG 2026-08-06 02:41:58.926 [TOW task-2] Commit transaction for DefaultSqlSession@7919e4fb - c.a.mybatis.SqlSessionAdvice.commit(257)
DEBUG 2026-08-06 02:41:58.927 [TOW task-2] Advice {type=finally, instance=com.aspectran.mybatis.SqlSessionAdviceRegister$$Lambda/0x0000000089612dd0@2807cf3, order=0} - c.a.c.activity.AdviceActivity.executeAdvice(351)
DEBUG 2026-08-06 02:41:58.934 [TOW task-2] Close DefaultSqlSession@7919e4fb - c.a.mybatis.SqlSessionAdvice.close(351)
DEBUG 2026-08-06 02:41:58.941 [TOW task-2] POST /console/auth/login HTTP/1.1 0:0:0:0:0:0:0:1 - c.a.w.s.DefaultWebService.service(87)
DEBUG 2026-08-06 02:41:58.941 [TOW task-2] Translet {name=/auth/login, method=[POST], responseRule={response={type=transform, format=custom}}} - c.a.core.activity.CoreActivity.prepare(220)
DEBUG 2026-08-06 02:41:58.942 [TOW task-2] Advice {type=before, action={header={headers=[X-Frame-Options, X-Content-Type-Options, X-XSS-Protection, Referrer-Policy]}}} - c.a.c.activity.AdviceActivity.executeAdvice(351)
DEBUG 2026-08-06 02:41:58.943 [TOW task-2] Action {annotated={method=com.aspectran.aspectow.console.auth.LoginActivity.login(com.aspectran.core.activity.Translet, java.lang.String, java.lang.String)}} - c.a.core.activity.CoreActivity.execute(652)
DEBUG 2026-08-06 02:41:58.944 [TOW task-2] Advice {type=before, instance=com.aspectran.mybatis.SqlSessionAdviceRegister$$Lambda/0x00000000896126b0@2d801d8, order=0} - c.a.c.activity.AdviceActivity.executeAdvice(351)
DEBUG 2026-08-06 02:41:58.945 [TOW task-2] Open DefaultSqlSession@5fa1b804 {executorType=SIMPLE, autoCommit=false, readOnly=false} - c.a.mybatis.SqlSessionAdvice.doOpen(239)
DEBUG 2026-08-06 02:41:58.945 [TOW task-2] Cache Hit Ratio [com.aspectran.aspectow.console.common.db.mapper.AccountMapper]: 0.6981132075471698 - c.a.a.c.c.d.m.AccountMapper.getObject(60)
DEBUG 2026-08-06 02:41:58.952 [TOW task-2] ==>  Preparing: select * from asc_user where username = ? - c.a.a.c.c.d.m.A.getUserByUsername.debug(135)
DEBUG 2026-08-06 02:41:58.952 [TOW task-2] ==> Parameters: admin(String) - c.a.a.c.c.d.m.A.getUserByUsername.debug(135)
DEBUG 2026-08-06 02:41:58.961 [TOW task-2] Cache Hit Ratio [com.aspectran.aspectow.console.common.db.mapper.AccountMapper]: 0.6851851851851852 - c.a.a.c.c.d.m.AccountMapper.getObject(60)
DEBUG 2026-08-06 02:41:58.962 [TOW task-2] ====>  Preparing: select r.* from asc_role r inner join asc_user_role ur on r.role_id = ur.role_id where ur.user_id = ? - c.a.a.c.c.d.m.A.getRolesByUserId.debug(135)
DEBUG 2026-08-06 02:41:58.962 [TOW task-2] ====> Parameters: 1(Long) - c.a.a.c.c.d.m.A.getRolesByUserId.debug(135)
DEBUG 2026-08-06 02:41:58.970 [TOW task-2] Cache Hit Ratio [com.aspectran.aspectow.console.common.db.mapper.AccountMapper]: 0.6727272727272727 - c.a.a.c.c.d.m.AccountMapper.getObject(60)
DEBUG 2026-08-06 02:41:58.970 [TOW task-2] ======>  Preparing: select p.* from asc_permission p inner join asc_role_permission rp on p.perm_id = rp.perm_id where rp.role_id = ? - c.a.a.c.c.d.m.A.getPermissionsByRoleId.debug(135)
DEBUG 2026-08-06 02:41:58.971 [TOW task-2] ======> Parameters: 1(Long) - c.a.a.c.c.d.m.A.getPermissionsByRoleId.debug(135)
DEBUG 2026-08-06 02:41:58.979 [TOW task-2] <======      Total: 5 - c.a.a.c.c.d.m.A.getPermissionsByRoleId.debug(135)
DEBUG 2026-08-06 02:41:58.979 [TOW task-2] <====      Total: 1 - c.a.a.c.c.d.m.A.getRolesByUserId.debug(135)
DEBUG 2026-08-06 02:41:58.980 [TOW task-2] <==      Total: 1 - c.a.a.c.c.d.m.A.getUserByUsername.debug(135)
DEBUG 2026-08-06 02:41:59.037 [TOW task-2] Create new session id=1ljxb1af1vxkt2kna7rph5v6u0.cn0 - c.a.c.c.s.AbstractSessionCache.add(282)
DEBUG 2026-08-06 02:41:59.047 [TOW task-2] Session 1ljxb1af1vxkt2kna7rph5v6u0.cn0 maxInactiveInterval=1800 - c.a.c.c.session.ManagedSession.setMaxInactiveInterval(200)
DEBUG 2026-08-06 02:41:59.047 [TOW task-2] ==>  Preparing: insert into asc_login_history (username, ip_address, user_agent, success_yn) values (?, ?, ?, ?) - c.a.a.c.c.d.m.A.insertLoginHistory.debug(135)
DEBUG 2026-08-06 02:41:59.048 [TOW task-2] ==> Parameters: admin(String), 0:0:0:0:0:0:0:1(String), Mozilla/5.0 (Windows NT 10.0; Win64; x64; rv:153.0) Gecko/20100101 Firefox/153.0(String), Y(String) - c.a.a.c.c.d.m.A.insertLoginHistory.debug(135)
DEBUG 2026-08-06 02:41:59.055 [TOW task-2] <==    Updates: 1 - c.a.a.c.c.d.m.A.insertLoginHistory.debug(135)
DEBUG 2026-08-06 02:41:59.056 [TOW task-2] ==>  Preparing: update asc_user set last_login_at = current_timestamp where username = ? - c.a.a.c.c.d.m.A.updateLastLogin.debug(135)
DEBUG 2026-08-06 02:41:59.056 [TOW task-2] ==> Parameters: admin(String) - c.a.a.c.c.d.m.A.updateLastLogin.debug(135)
DEBUG 2026-08-06 02:41:59.064 [TOW task-2] <==    Updates: 1 - c.a.a.c.c.d.m.A.updateLastLogin.debug(135)
DEBUG 2026-08-06 02:41:59.065 [TOW task-2] Response {success=true, data=OK} - c.a.c.a.r.t.CustomTransformResponse.respond(85)
DEBUG 2026-08-06 02:41:59.065 [TOW task-2] Advice {type=after, instance=com.aspectran.mybatis.SqlSessionAdviceRegister$$Lambda/0x0000000089612910@b9b97ad, order=0} - c.a.c.activity.AdviceActivity.executeAdvice(351)
DEBUG 2026-08-06 02:41:59.066 [TOW task-2] Commit transaction for DefaultSqlSession@5fa1b804 - c.a.mybatis.SqlSessionAdvice.commit(257)
DEBUG 2026-08-06 02:41:59.066 [TOW task-2] Advice {type=finally, instance=com.aspectran.mybatis.SqlSessionAdviceRegister$$Lambda/0x0000000089612dd0@2807cf3, order=0} - c.a.c.activity.AdviceActivity.executeAdvice(351)
DEBUG 2026-08-06 02:41:59.072 [TOW task-2] Close DefaultSqlSession@5fa1b804 - c.a.mybatis.SqlSessionAdvice.close(351)
DEBUG 2026-08-06 02:41:59.074 [TOW task-2] Session 1ljxb1af1vxkt2kna7rph5v6u0.cn0 complete, active requests=0 - c.a.c.c.session.ManagedSession.complete(334)
DEBUG 2026-08-06 02:41:59.091 [TOW task-2] Session 1ljxb1af1vxkt2kna7rph5v6u0.cn0 in use, stopping timer, active requests=1 - c.a.c.c.session.ManagedSession.access(314)
DEBUG 2026-08-06 02:41:59.093 [TOW task-2] GET /console/ HTTP/1.1 0:0:0:0:0:0:0:1 - c.a.w.s.DefaultWebService.service(87)
DEBUG 2026-08-06 02:41:59.093 [TOW task-2] Translet {name=/, responseRule={response={type=dispatch, name=home/home}}} - c.a.core.activity.CoreActivity.prepare(220)
DEBUG 2026-08-06 02:41:59.094 [TOW task-2] Advice {type=before, action={advice={method=com.aspectran.aspectow.console.auth.UserAuthAspect.checkAuthenticated(com.aspectran.core.activity.Translet)}}, order=1} - c.a.c.activity.AdviceActivity.executeAdvice(351)
DEBUG 2026-08-06 02:41:59.094 [TOW task-2] Advice {type=before, action={header={headers=[X-Frame-Options, X-Content-Type-Options, X-XSS-Protection, Referrer-Policy]}}} - c.a.c.activity.AdviceActivity.executeAdvice(351)
DEBUG 2026-08-06 02:41:59.095 [TOW task-2] Advice {type=before, action={header={headers=[Content-Type, Content-Security-Policy]}}} - c.a.c.activity.AdviceActivity.executeAdvice(351)
DEBUG 2026-08-06 02:41:59.095 [TOW task-2] Action {annotated={id=page, method=com.aspectran.aspectow.console.home.HomeActivity.home()}} - c.a.core.activity.CoreActivity.execute(652)
DEBUG 2026-08-06 02:41:59.121 [TOW task-2] Response {type=dispatch, name=home/home} - c.a.c.a.r.d.DispatchResponse.respond(71)
DEBUG 2026-08-06 02:41:59.121 [TOW task-2] Dispatching to Thymeleaf template home/home - c.a.t.v.ThymeleafViewDispatcher.dispatch(88)
DEBUG 2026-08-06 02:41:59.232 [TOW task-2] Session 1ljxb1af1vxkt2kna7rph5v6u0.cn0 complete, active requests=0 - c.a.c.c.session.ManagedSession.complete(334)
DEBUG 2026-08-06 02:42:18.161 [TOW task-2] Session 1ljxb1af1vxkt2kna7rph5v6u0.cn0 in use, stopping timer, active requests=1 - c.a.c.c.session.ManagedSession.access(314)
DEBUG 2026-08-06 02:42:18.162 [TOW task-2] GET /console/appmon/dashboard/ HTTP/1.1 0:0:0:0:0:0:0:1 - c.a.w.s.DefaultWebService.service(87)
DEBUG 2026-08-06 02:42:18.163 [TOW task-2] Translet {name=/appmon/dashboard/${appsToSubscribe}, namePattern=/appmon/dashboard/*, responseRule={response={type=dispatch, name=appmon/dashboard}}} - c.a.core.activity.CoreActivity.prepare(220)
DEBUG 2026-08-06 02:42:18.187 [TOW task-2] Advice {type=before, action={advice={method=com.aspectran.aspectow.console.auth.UserAuthAspect.checkAuthenticated(com.aspectran.core.activity.Translet)}}, order=1} - c.a.c.activity.AdviceActivity.executeAdvice(351)
DEBUG 2026-08-06 02:42:18.188 [TOW task-2] Advice {type=before, action={advice={method=com.aspectran.aspectow.console.auth.AccessControlAspect.checkPermission(com.aspectran.core.activity.Translet)}}, order=2} - c.a.c.activity.AdviceActivity.executeAdvice(351)
DEBUG 2026-08-06 02:42:18.189 [TOW task-2] Advice {type=before, action={header={headers=[X-Frame-Options, X-Content-Type-Options, X-XSS-Protection, Referrer-Policy]}}} - c.a.c.activity.AdviceActivity.executeAdvice(351)
DEBUG 2026-08-06 02:42:18.189 [TOW task-2] Advice {type=before, action={header={headers=[Content-Type, Content-Security-Policy]}}} - c.a.c.activity.AdviceActivity.executeAdvice(351)
DEBUG 2026-08-06 02:42:18.190 [TOW task-2] Advice {type=before, action={advice={method=com.aspectran.aspectow.console.common.aspect.DevCorsAdvice.process(com.aspectran.core.activity.Translet)}}} - c.a.c.activity.AdviceActivity.executeAdvice(351)
DEBUG 2026-08-06 02:42:18.190 [TOW task-2] Action {annotated={id=page, method=com.aspectran.aspectow.console.appmon.AppMonActivity.dashboard(java.lang.String)}} - c.a.core.activity.CoreActivity.execute(652)
DEBUG 2026-08-06 02:42:18.191 [TOW task-2] Response {type=dispatch, name=appmon/dashboard} - c.a.c.a.r.d.DispatchResponse.respond(71)
DEBUG 2026-08-06 02:42:18.192 [TOW task-2] Dispatching to Thymeleaf template appmon/dashboard - c.a.t.v.ThymeleafViewDispatcher.dispatch(88)
DEBUG 2026-08-06 02:42:18.262 [TOW task-2] Session 1ljxb1af1vxkt2kna7rph5v6u0.cn0 complete, active requests=0 - c.a.c.c.session.ManagedSession.complete(334)
DEBUG 2026-08-06 02:42:18.398 [TOW task-3] Session 1ljxb1af1vxkt2kna7rph5v6u0.cn0 in use, stopping timer, active requests=1 - c.a.c.c.session.ManagedSession.access(314)
DEBUG 2026-08-06 02:42:18.399 [TOW task-3] GET /console/appmon/config/data HTTP/1.1 0:0:0:0:0:0:0:1 - c.a.w.s.DefaultWebService.service(87)
DEBUG 2026-08-06 02:42:18.400 [TOW task-3] Translet {name=/appmon/config/data, method=[GET], responseRule={response={type=transform, format=custom}}} - c.a.core.activity.CoreActivity.prepare(220)
DEBUG 2026-08-06 02:42:18.401 [TOW task-3] Advice {type=before, action={advice={method=com.aspectran.aspectow.console.auth.UserAuthAspect.checkAuthenticated(com.aspectran.core.activity.Translet)}}, order=1} - c.a.c.activity.AdviceActivity.executeAdvice(351)
DEBUG 2026-08-06 02:42:18.402 [TOW task-3] Advice {type=before, action={advice={method=com.aspectran.aspectow.console.auth.AccessControlAspect.checkPermission(com.aspectran.core.activity.Translet)}}, order=2} - c.a.c.activity.AdviceActivity.executeAdvice(351)
DEBUG 2026-08-06 02:42:18.402 [TOW task-3] Advice {type=before, action={header={headers=[X-Frame-Options, X-Content-Type-Options, X-XSS-Protection, Referrer-Policy]}}} - c.a.c.activity.AdviceActivity.executeAdvice(351)
DEBUG 2026-08-06 02:42:18.403 [TOW task-3] Advice {type=before, action={advice={method=com.aspectran.aspectow.console.common.aspect.DevCorsAdvice.process(com.aspectran.core.activity.Translet)}}} - c.a.c.activity.AdviceActivity.executeAdvice(351)
DEBUG 2026-08-06 02:42:18.404 [TOW task-3] Action {annotated={method=com.aspectran.aspectow.console.appmon.AppMonActivity.getConfigData(com.aspectran.core.activity.Translet, java.lang.String)}} - c.a.core.activity.CoreActivity.execute(652)
DEBUG 2026-08-06 02:42:18.442 [TOW task-3] Response com.aspectran.web.activity.response.DefaultRestResponse@ce0274e - c.a.c.a.r.t.CustomTransformResponse.respond(85)
DEBUG 2026-08-06 02:42:18.444 [TOW task-3] Session 1ljxb1af1vxkt2kna7rph5v6u0.cn0 complete, active requests=0 - c.a.c.c.session.ManagedSession.complete(334)
DEBUG 2026-08-06 02:44:20.731 [TOW task-2] Reside evicted session id=1ljxb1af1vxkt2kna7rph5v6u0.cn0 - c.a.c.c.s.AbstractSessionCache.get(235)
DEBUG 2026-08-06 02:44:20.735 [TOW task-2] Session 1ljxb1af1vxkt2kna7rph5v6u0.cn0 in use, stopping timer, active requests=1 - c.a.c.c.session.ManagedSession.access(314)
DEBUG 2026-08-06 02:44:20.746 [TOW task-2] GET /console/appmon/dashboard/ HTTP/1.1 0:0:0:0:0:0:0:1 - c.a.w.s.DefaultWebService.service(87)
DEBUG 2026-08-06 02:44:20.748 [TOW task-2] Translet {name=/appmon/dashboard/${appsToSubscribe}, namePattern=/appmon/dashboard/*, responseRule={response={type=dispatch, name=appmon/dashboard}}} - c.a.core.activity.CoreActivity.prepare(220)
DEBUG 2026-08-06 02:44:20.759 [TOW task-2] Advice {type=before, instance=com.aspectran.aspectow.appmon.engine.persist.counter.activity.ActivityEventCounter$$Lambda/0x00000000566344f8@4f8db02c, order=0, isolated=true} - c.a.c.activity.AdviceActivity.executeAdvice(351)
DEBUG 2026-08-06 02:44:20.760 [TOW task-2] Advice {type=before, action={advice={method=com.aspectran.aspectow.console.auth.UserAuthAspect.checkAuthenticated(com.aspectran.core.activity.Translet)}}, order=1} - c.a.c.activity.AdviceActivity.executeAdvice(351)
DEBUG 2026-08-06 02:44:20.760 [TOW task-2] Advice {type=before, action={advice={method=com.aspectran.aspectow.console.auth.AccessControlAspect.checkPermission(com.aspectran.core.activity.Translet)}}, order=2} - c.a.c.activity.AdviceActivity.executeAdvice(351)
DEBUG 2026-08-06 02:44:20.761 [TOW task-2] Advice {type=before, action={header={headers=[X-Frame-Options, X-Content-Type-Options, X-XSS-Protection, Referrer-Policy]}}} - c.a.c.activity.AdviceActivity.executeAdvice(351)
DEBUG 2026-08-06 02:44:20.768 [TOW task-2] Advice {type=before, action={header={headers=[Content-Type, Content-Security-Policy]}}} - c.a.c.activity.AdviceActivity.executeAdvice(351)
DEBUG 2026-08-06 02:44:20.769 [TOW task-2] Advice {type=before, action={advice={method=com.aspectran.aspectow.console.common.aspect.DevCorsAdvice.process(com.aspectran.core.activity.Translet)}}} - c.a.c.activity.AdviceActivity.executeAdvice(351)
DEBUG 2026-08-06 02:44:20.770 [TOW task-2] Action {annotated={id=page, method=com.aspectran.aspectow.console.appmon.AppMonActivity.dashboard(java.lang.String)}} - c.a.core.activity.CoreActivity.execute(652)
DEBUG 2026-08-06 02:44:20.771 [TOW task-2] Response {type=dispatch, name=appmon/dashboard} - c.a.c.a.r.d.DispatchResponse.respond(71)
DEBUG 2026-08-06 02:44:20.772 [TOW task-2] Dispatching to Thymeleaf template appmon/dashboard - c.a.t.v.ThymeleafViewDispatcher.dispatch(88)
DEBUG 2026-08-06 02:44:21.727 [TOW task-2] Session 1ljxb1af1vxkt2kna7rph5v6u0.cn0 complete, active requests=0 - c.a.c.c.session.ManagedSession.complete(334)
DEBUG 2026-08-06 02:44:21.832 [TOW task-4] Session 1ljxb1af1vxkt2kna7rph5v6u0.cn0 in use, stopping timer, active requests=1 - c.a.c.c.session.ManagedSession.access(314)
DEBUG 2026-08-06 02:44:21.832 [TOW task-4] GET /console/appmon/config/data HTTP/1.1 0:0:0:0:0:0:0:1 - c.a.w.s.DefaultWebService.service(87)
DEBUG 2026-08-06 02:44:21.833 [TOW task-4] Translet {name=/appmon/config/data, method=[GET], responseRule={response={type=transform, format=custom}}} - c.a.core.activity.CoreActivity.prepare(220)
DEBUG 2026-08-06 02:44:21.835 [TOW task-4] Advice {type=before, instance=com.aspectran.aspectow.appmon.engine.persist.counter.activity.ActivityEventCounter$$Lambda/0x00000000566344f8@4f8db02c, order=0, isolated=true} - c.a.c.activity.AdviceActivity.executeAdvice(351)
DEBUG 2026-08-06 02:44:21.836 [TOW task-4] Advice {type=before, action={advice={method=com.aspectran.aspectow.console.auth.UserAuthAspect.checkAuthenticated(com.aspectran.core.activity.Translet)}}, order=1} - c.a.c.activity.AdviceActivity.executeAdvice(351)
DEBUG 2026-08-06 02:44:21.837 [TOW task-4] Advice {type=before, action={advice={method=com.aspectran.aspectow.console.auth.AccessControlAspect.checkPermission(com.aspectran.core.activity.Translet)}}, order=2} - c.a.c.activity.AdviceActivity.executeAdvice(351)
DEBUG 2026-08-06 02:44:21.838 [TOW task-4] Advice {type=before, action={header={headers=[X-Frame-Options, X-Content-Type-Options, X-XSS-Protection, Referrer-Policy]}}} - c.a.c.activity.AdviceActivity.executeAdvice(351)
DEBUG 2026-08-06 02:44:21.839 [TOW task-4] Advice {type=before, action={advice={method=com.aspectran.aspectow.console.common.aspect.DevCorsAdvice.process(com.aspectran.core.activity.Translet)}}} - c.a.c.activity.AdviceActivity.executeAdvice(351)
DEBUG 2026-08-06 02:44:21.840 [TOW task-4] Action {annotated={method=com.aspectran.aspectow.console.appmon.AppMonActivity.getConfigData(com.aspectran.core.activity.Translet, java.lang.String)}} - c.a.core.activity.CoreActivity.execute(652)
DEBUG 2026-08-06 02:44:21.885 [TOW task-4] Response com.aspectran.web.activity.response.DefaultRestResponse@2cbfd9fe - c.a.c.a.r.t.CustomTransformResponse.respond(85)
DEBUG 2026-08-06 02:44:21.891 [TOW task-4] Session 1ljxb1af1vxkt2kna7rph5v6u0.cn0 complete, active requests=0 - c.a.c.c.session.ManagedSession.complete(334)
DEBUG 2026-08-06 02:44:21.925 [TOW task-4] Session 1ljxb1af1vxkt2kna7rph5v6u0.cn0 in use, stopping timer, active requests=1 - c.a.c.c.session.ManagedSession.access(314)
DEBUG 2026-08-06 02:44:21.949 [TOW task-4] WebSocket connection established for session K9z8kRvk-FlZHWZTCfCnE6x8PddTS4sD4aTV_JMh - c.a.a.a.e.r.w.WebsocketMessageRelayer.doOnOpen(74)
DEBUG 2026-08-06 02:44:21.950 [TOW task-4] Session 1ljxb1af1vxkt2kna7rph5v6u0.cn0 complete, active requests=0 - c.a.c.c.session.ManagedSession.complete(334)
DEBUG 2026-08-06 02:44:21.999 [TOW I/O-2] com.aspectran.aspectow.appmon.engine.exporter.event.EventExporter@3f2a762a is STARTING - c.a.u.l.AbstractLifeCycle.setStarting(183)
DEBUG 2026-08-06 02:44:22.000 [TOW I/O-2] com.aspectran.aspectow.appmon.engine.exporter.event.EventExporter@3f2a762a is FAILED - c.a.u.l.AbstractLifeCycle.setFailed(227)
java.lang.Exception: Could not find ActivityContext named 'jpetstore'
	at com.aspectran.aspectow.appmon.engine.exporter.event.activity.ActivityEventReader.start(ActivityEventReader.java:70)
	at com.aspectran.aspectow.appmon.engine.exporter.event.EventExporter.doStart(EventExporter.java:102)
	at com.aspectran.utils.lifecycle.AbstractLifeCycle.start(AbstractLifeCycle.java:62)
	at com.aspectran.aspectow.appmon.engine.exporter.ExporterManager.start(ExporterManager.java:148)
	at com.aspectran.aspectow.appmon.engine.relay.MessageRelayManager.startExporters(MessageRelayManager.java:156)
	at com.aspectran.aspectow.appmon.engine.relay.MessageRelayManager.subscribe(MessageRelayManager.java:373)
	at com.aspectran.aspectow.appmon.engine.relay.websocket.WebsocketMessageRelayer.established(WebsocketMessageRelayer.java:180)
	at com.aspectran.aspectow.appmon.engine.relay.websocket.WebsocketMessageRelayer.handleMessage(WebsocketMessageRelayer.java:116)
	at com.aspectran.aspectow.appmon.engine.relay.websocket.WebsocketMessageRelayer.lambda$registerMessageHandlers$0(WebsocketMessageRelayer.java:92)
	at io.undertow.websockets.jsr.FrameHandler$7.run(FrameHandler.java:289)
	at io.undertow.websockets.jsr.ServerWebSocketContainer$1.call(ServerWebSocketContainer.java:170)
	at io.undertow.websockets.jsr.ServerWebSocketContainer$1.call(ServerWebSocketContainer.java:167)
	at io.undertow.servlet.core.ContextClassLoaderSetupAction$1.call(ContextClassLoaderSetupAction.java:43)
	at io.undertow.websockets.jsr.ServerWebSocketContainer.invokeEndpointMethod(ServerWebSocketContainer.java:618)
	at io.undertow.websockets.jsr.ServerWebSocketContainer.invokeEndpointMethod(ServerWebSocketContainer.java:608)
	at io.undertow.websockets.jsr.FrameHandler.invokeTextHandler(FrameHandler.java:268)
	at io.undertow.websockets.jsr.FrameHandler.onFullTextMessage(FrameHandler.java:322)
	at io.undertow.websockets.core.AbstractReceiveListener$2.complete(AbstractReceiveListener.java:156)
	at io.undertow.websockets.core.AbstractReceiveListener$2.complete(AbstractReceiveListener.java:152)
	at io.undertow.websockets.core.BufferedTextMessage.read(BufferedTextMessage.java:105)
	at io.undertow.websockets.core.AbstractReceiveListener.readBufferedText(AbstractReceiveListener.java:152)
	at io.undertow.websockets.core.AbstractReceiveListener.bufferFullMessage(AbstractReceiveListener.java:90)
	at io.undertow.websockets.jsr.FrameHandler.onText(FrameHandler.java:184)
	at io.undertow.websockets.core.AbstractReceiveListener.handleEvent(AbstractReceiveListener.java:44)
	at io.undertow.websockets.core.AbstractReceiveListener.handleEvent(AbstractReceiveListener.java:33)
	at org.xnio.ChannelListeners.invokeChannelListener(ChannelListeners.java:92)
	at io.undertow.server.protocol.framed.AbstractFramedChannel$FrameReadListener.handleEvent(AbstractFramedChannel.java:1005)
	at io.undertow.server.protocol.framed.AbstractFramedChannel$FrameReadListener.handleEvent(AbstractFramedChannel.java:985)
	at org.xnio.ChannelListeners.invokeChannelListener(ChannelListeners.java:92)
	at org.xnio.conduits.ReadReadyHandler$ChannelListenerHandler.readReady(ReadReadyHandler.java:66)
	at org.xnio.nio.NioSocketConduit.handleReady(NioSocketConduit.java:89)
	at org.xnio.nio.WorkerThread.run(WorkerThread.java:603)
WARN  2026-08-06 02:44:22.002 [TOW I/O-2] Could not find ActivityContext named 'jpetstore' - c.a.a.a.e.e.ExporterManager.start(150)
java.lang.Exception: Could not find ActivityContext named 'jpetstore'
	at com.aspectran.aspectow.appmon.engine.exporter.event.activity.ActivityEventReader.start(ActivityEventReader.java:70)
	at com.aspectran.aspectow.appmon.engine.exporter.event.EventExporter.doStart(EventExporter.java:102)
	at com.aspectran.utils.lifecycle.AbstractLifeCycle.start(AbstractLifeCycle.java:62)
	at com.aspectran.aspectow.appmon.engine.exporter.ExporterManager.start(ExporterManager.java:148)
	at com.aspectran.aspectow.appmon.engine.relay.MessageRelayManager.startExporters(MessageRelayManager.java:156)
	at com.aspectran.aspectow.appmon.engine.relay.MessageRelayManager.subscribe(MessageRelayManager.java:373)
	at com.aspectran.aspectow.appmon.engine.relay.websocket.WebsocketMessageRelayer.established(WebsocketMessageRelayer.java:180)
	at com.aspectran.aspectow.appmon.engine.relay.websocket.WebsocketMessageRelayer.handleMessage(WebsocketMessageRelayer.java:116)
	at com.aspectran.aspectow.appmon.engine.relay.websocket.WebsocketMessageRelayer.lambda$registerMessageHandlers$0(WebsocketMessageRelayer.java:92)
	at io.undertow.websockets.jsr.FrameHandler$7.run(FrameHandler.java:289)
	at io.undertow.websockets.jsr.ServerWebSocketContainer$1.call(ServerWebSocketContainer.java:170)
	at io.undertow.websockets.jsr.ServerWebSocketContainer$1.call(ServerWebSocketContainer.java:167)
	at io.undertow.servlet.core.ContextClassLoaderSetupAction$1.call(ContextClassLoaderSetupAction.java:43)
	at io.undertow.websockets.jsr.ServerWebSocketContainer.invokeEndpointMethod(ServerWebSocketContainer.java:618)
	at io.undertow.websockets.jsr.ServerWebSocketContainer.invokeEndpointMethod(ServerWebSocketContainer.java:608)
	at io.undertow.websockets.jsr.FrameHandler.invokeTextHandler(FrameHandler.java:268)
	at io.undertow.websockets.jsr.FrameHandler.onFullTextMessage(FrameHandler.java:322)
	at io.undertow.websockets.core.AbstractReceiveListener$2.complete(AbstractReceiveListener.java:156)
	at io.undertow.websockets.core.AbstractReceiveListener$2.complete(AbstractReceiveListener.java:152)
	at io.undertow.websockets.core.BufferedTextMessage.read(BufferedTextMessage.java:105)
	at io.undertow.websockets.core.AbstractReceiveListener.readBufferedText(AbstractReceiveListener.java:152)
	at io.undertow.websockets.core.AbstractReceiveListener.bufferFullMessage(AbstractReceiveListener.java:90)
	at io.undertow.websockets.jsr.FrameHandler.onText(FrameHandler.java:184)
	at io.undertow.websockets.core.AbstractReceiveListener.handleEvent(AbstractReceiveListener.java:44)
	at io.undertow.websockets.core.AbstractReceiveListener.handleEvent(AbstractReceiveListener.java:33)
	at org.xnio.ChannelListeners.invokeChannelListener(ChannelListeners.java:92)
	at io.undertow.server.protocol.framed.AbstractFramedChannel$FrameReadListener.handleEvent(AbstractFramedChannel.java:1005)
	at io.undertow.server.protocol.framed.AbstractFramedChannel$FrameReadListener.handleEvent(AbstractFramedChannel.java:985)
	at org.xnio.ChannelListeners.invokeChannelListener(ChannelListeners.java:92)
	at org.xnio.conduits.ReadReadyHandler$ChannelListenerHandler.readReady(ReadReadyHandler.java:66)
	at org.xnio.nio.NioSocketConduit.handleReady(NioSocketConduit.java:89)
	at org.xnio.nio.WorkerThread.run(WorkerThread.java:603)
DEBUG 2026-08-06 02:44:22.003 [TOW I/O-2] com.aspectran.aspectow.appmon.engine.exporter.event.EventExporter@6292afab is STARTING - c.a.u.l.AbstractLifeCycle.setStarting(183)
DEBUG 2026-08-06 02:44:22.004 [TOW I/O-2] com.aspectran.aspectow.appmon.engine.exporter.event.EventExporter@6292afab is FAILED - c.a.u.l.AbstractLifeCycle.setFailed(227)
java.lang.RuntimeException: Cannot resolve session manager with tow.server/jpetstore
	at com.aspectran.aspectow.appmon.engine.exporter.event.session.SessionEventReader.start(SessionEventReader.java:95)
	at com.aspectran.aspectow.appmon.engine.exporter.event.EventExporter.doStart(EventExporter.java:102)
	at com.aspectran.utils.lifecycle.AbstractLifeCycle.start(AbstractLifeCycle.java:62)
	at com.aspectran.aspectow.appmon.engine.exporter.ExporterManager.start(ExporterManager.java:148)
	at com.aspectran.aspectow.appmon.engine.relay.MessageRelayManager.startExporters(MessageRelayManager.java:156)
	at com.aspectran.aspectow.appmon.engine.relay.MessageRelayManager.subscribe(MessageRelayManager.java:373)
	at com.aspectran.aspectow.appmon.engine.relay.websocket.WebsocketMessageRelayer.established(WebsocketMessageRelayer.java:180)
	at com.aspectran.aspectow.appmon.engine.relay.websocket.WebsocketMessageRelayer.handleMessage(WebsocketMessageRelayer.java:116)
	at com.aspectran.aspectow.appmon.engine.relay.websocket.WebsocketMessageRelayer.lambda$registerMessageHandlers$0(WebsocketMessageRelayer.java:92)
	at io.undertow.websockets.jsr.FrameHandler$7.run(FrameHandler.java:289)
	at io.undertow.websockets.jsr.ServerWebSocketContainer$1.call(ServerWebSocketContainer.java:170)
	at io.undertow.websockets.jsr.ServerWebSocketContainer$1.call(ServerWebSocketContainer.java:167)
	at io.undertow.servlet.core.ContextClassLoaderSetupAction$1.call(ContextClassLoaderSetupAction.java:43)
	at io.undertow.websockets.jsr.ServerWebSocketContainer.invokeEndpointMethod(ServerWebSocketContainer.java:618)
	at io.undertow.websockets.jsr.ServerWebSocketContainer.invokeEndpointMethod(ServerWebSocketContainer.java:608)
	at io.undertow.websockets.jsr.FrameHandler.invokeTextHandler(FrameHandler.java:268)
	at io.undertow.websockets.jsr.FrameHandler.onFullTextMessage(FrameHandler.java:322)
	at io.undertow.websockets.core.AbstractReceiveListener$2.complete(AbstractReceiveListener.java:156)
	at io.undertow.websockets.core.AbstractReceiveListener$2.complete(AbstractReceiveListener.java:152)
	at io.undertow.websockets.core.BufferedTextMessage.read(BufferedTextMessage.java:105)
	at io.undertow.websockets.core.AbstractReceiveListener.readBufferedText(AbstractReceiveListener.java:152)
	at io.undertow.websockets.core.AbstractReceiveListener.bufferFullMessage(AbstractReceiveListener.java:90)
	at io.undertow.websockets.jsr.FrameHandler.onText(FrameHandler.java:184)
	at io.undertow.websockets.core.AbstractReceiveListener.handleEvent(AbstractReceiveListener.java:44)
	at io.undertow.websockets.core.AbstractReceiveListener.handleEvent(AbstractReceiveListener.java:33)
	at org.xnio.ChannelListeners.invokeChannelListener(ChannelListeners.java:92)
	at io.undertow.server.protocol.framed.AbstractFramedChannel$FrameReadListener.handleEvent(AbstractFramedChannel.java:1005)
	at io.undertow.server.protocol.framed.AbstractFramedChannel$FrameReadListener.handleEvent(AbstractFramedChannel.java:985)
	at org.xnio.ChannelListeners.invokeChannelListener(ChannelListeners.java:92)
	at org.xnio.conduits.ReadReadyHandler$ChannelListenerHandler.readReady(ReadReadyHandler.java:66)
	at org.xnio.nio.NioSocketConduit.handleReady(NioSocketConduit.java:89)
	at org.xnio.nio.WorkerThread.run(WorkerThread.java:603)
Caused by: java.lang.IllegalStateException: Deployment named 'jpetstore' not found
	at com.aspectran.utils.Assert.state(Assert.java:55)
	at com.aspectran.undertow.server.AbstractTowServer.getSessionManager(AbstractTowServer.java:354)
	at com.aspectran.aspectow.appmon.engine.exporter.event.session.SessionEventReader.start(SessionEventReader.java:93)
	... 31 common frames omitted
WARN  2026-08-06 02:44:22.005 [TOW I/O-2] Cannot resolve session manager with tow.server/jpetstore - c.a.a.a.e.e.ExporterManager.start(150)
java.lang.RuntimeException: Cannot resolve session manager with tow.server/jpetstore
	at com.aspectran.aspectow.appmon.engine.exporter.event.session.SessionEventReader.start(SessionEventReader.java:95)
	at com.aspectran.aspectow.appmon.engine.exporter.event.EventExporter.doStart(EventExporter.java:102)
	at com.aspectran.utils.lifecycle.AbstractLifeCycle.start(AbstractLifeCycle.java:62)
	at com.aspectran.aspectow.appmon.engine.exporter.ExporterManager.start(ExporterManager.java:148)
	at com.aspectran.aspectow.appmon.engine.relay.MessageRelayManager.startExporters(MessageRelayManager.java:156)
	at com.aspectran.aspectow.appmon.engine.relay.MessageRelayManager.subscribe(MessageRelayManager.java:373)
	at com.aspectran.aspectow.appmon.engine.relay.websocket.WebsocketMessageRelayer.established(WebsocketMessageRelayer.java:180)
	at com.aspectran.aspectow.appmon.engine.relay.websocket.WebsocketMessageRelayer.handleMessage(WebsocketMessageRelayer.java:116)
	at com.aspectran.aspectow.appmon.engine.relay.websocket.WebsocketMessageRelayer.lambda$registerMessageHandlers$0(WebsocketMessageRelayer.java:92)
	at io.undertow.websockets.jsr.FrameHandler$7.run(FrameHandler.java:289)
	at io.undertow.websockets.jsr.ServerWebSocketContainer$1.call(ServerWebSocketContainer.java:170)
	at io.undertow.websockets.jsr.ServerWebSocketContainer$1.call(ServerWebSocketContainer.java:167)
	at io.undertow.servlet.core.ContextClassLoaderSetupAction$1.call(ContextClassLoaderSetupAction.java:43)
	at io.undertow.websockets.jsr.ServerWebSocketContainer.invokeEndpointMethod(ServerWebSocketContainer.java:618)
	at io.undertow.websockets.jsr.ServerWebSocketContainer.invokeEndpointMethod(ServerWebSocketContainer.java:608)
	at io.undertow.websockets.jsr.FrameHandler.invokeTextHandler(FrameHandler.java:268)
	at io.undertow.websockets.jsr.FrameHandler.onFullTextMessage(FrameHandler.java:322)
	at io.undertow.websockets.core.AbstractReceiveListener$2.complete(AbstractReceiveListener.java:156)
	at io.undertow.websockets.core.AbstractReceiveListener$2.complete(AbstractReceiveListener.java:152)
	at io.undertow.websockets.core.BufferedTextMessage.read(BufferedTextMessage.java:105)
	at io.undertow.websockets.core.AbstractReceiveListener.readBufferedText(AbstractReceiveListener.java:152)
	at io.undertow.websockets.core.AbstractReceiveListener.bufferFullMessage(AbstractReceiveListener.java:90)
	at io.undertow.websockets.jsr.FrameHandler.onText(FrameHandler.java:184)
	at io.undertow.websockets.core.AbstractReceiveListener.handleEvent(AbstractReceiveListener.java:44)
	at io.undertow.websockets.core.AbstractReceiveListener.handleEvent(AbstractReceiveListener.java:33)
	at org.xnio.ChannelListeners.invokeChannelListener(ChannelListeners.java:92)
	at io.undertow.server.protocol.framed.AbstractFramedChannel$FrameReadListener.handleEvent(AbstractFramedChannel.java:1005)
	at io.undertow.server.protocol.framed.AbstractFramedChannel$FrameReadListener.handleEvent(AbstractFramedChannel.java:985)
	at org.xnio.ChannelListeners.invokeChannelListener(ChannelListeners.java:92)
	at org.xnio.conduits.ReadReadyHandler$ChannelListenerHandler.readReady(ReadReadyHandler.java:66)
	at org.xnio.nio.NioSocketConduit.handleReady(NioSocketConduit.java:89)
	at org.xnio.nio.WorkerThread.run(WorkerThread.java:603)
Caused by: java.lang.IllegalStateException: Deployment named 'jpetstore' not found
	at com.aspectran.utils.Assert.state(Assert.java:55)
	at com.aspectran.undertow.server.AbstractTowServer.getSessionManager(AbstractTowServer.java:354)
	at com.aspectran.aspectow.appmon.engine.exporter.event.session.SessionEventReader.start(SessionEventReader.java:93)
	... 31 common frames omitted
DEBUG 2026-08-06 02:44:22.007 [TOW I/O-2] com.aspectran.aspectow.appmon.engine.exporter.event.ChartDataExporter@52bb74a2 is STARTING - c.a.u.l.AbstractLifeCycle.setStarting(183)
DEBUG 2026-08-06 02:44:22.007 [TOW I/O-2] com.aspectran.aspectow.appmon.engine.exporter.event.ChartDataExporter@52bb74a2 is STARTED - c.a.u.l.AbstractLifeCycle.setStarted(193)
DEBUG 2026-08-06 02:44:22.008 [TOW I/O-2] com.aspectran.aspectow.appmon.engine.exporter.event.ChartDataExporter@70f149fa is STARTING - c.a.u.l.AbstractLifeCycle.setStarting(183)
DEBUG 2026-08-06 02:44:22.008 [TOW I/O-2] com.aspectran.aspectow.appmon.engine.exporter.event.ChartDataExporter@70f149fa is STARTED - c.a.u.l.AbstractLifeCycle.setStarted(193)
DEBUG 2026-08-06 02:44:22.009 [TOW I/O-2] com.aspectran.aspectow.appmon.engine.exporter.metric.MetricExporter@4ef33170 is STARTING - c.a.u.l.AbstractLifeCycle.setStarting(183)
ERROR 2026-08-06 02:44:22.011 [TOW I/O-2] XNIO001007: A channel event listener threw an exception - org.xnio.listener.invokeChannelListener(94)
java.lang.NoClassDefFoundError: com/zaxxer/hikari/HikariPoolMXBean
	at com.aspectran.aspectow.appmon.engine.exporter.metric.jdbc.HikariPoolMBeanReader.start(HikariPoolMBeanReader.java:68)
	at com.aspectran.aspectow.appmon.engine.exporter.metric.MetricExporter.doStart(MetricExporter.java:119)
	at com.aspectran.utils.lifecycle.AbstractLifeCycle.start(AbstractLifeCycle.java:62)
	at com.aspectran.aspectow.appmon.engine.exporter.ExporterManager.start(ExporterManager.java:148)
	at com.aspectran.aspectow.appmon.engine.relay.MessageRelayManager.startExporters(MessageRelayManager.java:156)
	at com.aspectran.aspectow.appmon.engine.relay.MessageRelayManager.subscribe(MessageRelayManager.java:373)
	at com.aspectran.aspectow.appmon.engine.relay.websocket.WebsocketMessageRelayer.established(WebsocketMessageRelayer.java:180)
	at com.aspectran.aspectow.appmon.engine.relay.websocket.WebsocketMessageRelayer.handleMessage(WebsocketMessageRelayer.java:116)
	at com.aspectran.aspectow.appmon.engine.relay.websocket.WebsocketMessageRelayer.lambda$registerMessageHandlers$0(WebsocketMessageRelayer.java:92)
	at io.undertow.websockets.jsr.FrameHandler$7.run(FrameHandler.java:289)
	at io.undertow.websockets.jsr.ServerWebSocketContainer$1.call(ServerWebSocketContainer.java:170)
	at io.undertow.websockets.jsr.ServerWebSocketContainer$1.call(ServerWebSocketContainer.java:167)
	at io.undertow.servlet.core.ContextClassLoaderSetupAction$1.call(ContextClassLoaderSetupAction.java:43)
	at io.undertow.websockets.jsr.ServerWebSocketContainer.invokeEndpointMethod(ServerWebSocketContainer.java:618)
	at io.undertow.websockets.jsr.ServerWebSocketContainer.invokeEndpointMethod(ServerWebSocketContainer.java:608)
	at io.undertow.websockets.jsr.FrameHandler.invokeTextHandler(FrameHandler.java:268)
	at io.undertow.websockets.jsr.FrameHandler.onFullTextMessage(FrameHandler.java:322)
	at io.undertow.websockets.core.AbstractReceiveListener$2.complete(AbstractReceiveListener.java:156)
	at io.undertow.websockets.core.AbstractReceiveListener$2.complete(AbstractReceiveListener.java:152)
	at io.undertow.websockets.core.BufferedTextMessage.read(BufferedTextMessage.java:105)
	at io.undertow.websockets.core.AbstractReceiveListener.readBufferedText(AbstractReceiveListener.java:152)
	at io.undertow.websockets.core.AbstractReceiveListener.bufferFullMessage(AbstractReceiveListener.java:90)
	at io.undertow.websockets.jsr.FrameHandler.onText(FrameHandler.java:184)
	at io.undertow.websockets.core.AbstractReceiveListener.handleEvent(AbstractReceiveListener.java:44)
	at io.undertow.websockets.core.AbstractReceiveListener.handleEvent(AbstractReceiveListener.java:33)
	at org.xnio.ChannelListeners.invokeChannelListener(ChannelListeners.java:92)
	at io.undertow.server.protocol.framed.AbstractFramedChannel$FrameReadListener.handleEvent(AbstractFramedChannel.java:1005)
	at io.undertow.server.protocol.framed.AbstractFramedChannel$FrameReadListener.handleEvent(AbstractFramedChannel.java:985)
	at org.xnio.ChannelListeners.invokeChannelListener(ChannelListeners.java:92)
	at org.xnio.conduits.ReadReadyHandler$ChannelListenerHandler.readReady(ReadReadyHandler.java:66)
	at org.xnio.nio.NioSocketConduit.handleReady(NioSocketConduit.java:89)
	at org.xnio.nio.WorkerThread.run(WorkerThread.java:603)
Caused by: java.lang.ClassNotFoundException: com.zaxxer.hikari.HikariPoolMXBean
	at java.base/jdk.internal.loader.BuiltinClassLoader.loadClass(BuiltinClassLoader.java:580)
	at java.base/java.lang.ClassLoader.loadClass(ClassLoader.java:490)
	... 32 common frames omitted
DEBUG 2026-08-06 02:45:00.042 [AppmonScheduler_Worker-1] Translet {name=appmon/persist/counter/rollup.job} - c.a.core.activity.CoreActivity.prepare(220)
DEBUG 2026-08-06 02:45:00.048 [AppmonScheduler_Worker-1] Action {annotated={method=com.aspectran.aspectow.appmon.engine.schedule.CounterPersistSchedule.rollup()}} - c.a.core.activity.CoreActivity.execute(652)
DEBUG 2026-08-06 02:45:00.051 [AppmonScheduler_Worker-1] Advice {type=before, instance=com.aspectran.mybatis.SqlSessionAdviceRegister$$Lambda/0x0000000056612460@3c9e19de, order=0} - c.a.c.activity.AdviceActivity.executeAdvice(351)
DEBUG 2026-08-06 02:45:00.054 [AppmonScheduler_Worker-1] Open DefaultSqlSession@11ca4d8f {executorType=SIMPLE, autoCommit=false, readOnly=false} - c.a.mybatis.SqlSessionAdvice.doOpen(239)
DEBUG 2026-08-06 02:45:00.075 [AppmonScheduler_Worker-1] ==>  Preparing: insert into appmon_event_count_last (node_id, group_id, app_id, event_id, datetime, total, delta, error) values (?, ?, ?, ?, ?, ?, ?, ?) on duplicate key update group_id = ?, datetime = ?, total = ?, delta = ?, error = ? - c.a.a.a.e.p.d.m.E.updateLastEventCount.debug(135)
DEBUG 2026-08-06 02:45:00.079 [AppmonScheduler_Worker-1] ==> Parameters: localhost-console1(String), console(String), console(String), activity(String), 2026-08-06T02:45:00.050067742(LocalDateTime), 2(Long), 2(Long), 0(Long), console(String), 2026-08-06T02:45:00.050067742(LocalDateTime), 2(Long), 2(Long), 0(Long) - c.a.a.a.e.p.d.m.E.updateLastEventCount.debug(135)
DEBUG 2026-08-06 02:45:00.088 [AppmonScheduler_Worker-1] <==    Updates: 1 - c.a.a.a.e.p.d.m.E.updateLastEventCount.debug(135)
DEBUG 2026-08-06 02:45:00.089 [AppmonScheduler_Worker-1] ==>  Preparing: insert into appmon_event_count (node_id, group_id, app_id, event_id, datetime, total, delta, error) values (?, ?, ?, ?, ?, ?, ?, ?) on duplicate key update group_id = ?, total = ?, delta = ?, error = ? - c.a.a.a.e.p.d.m.E.insertEventCount.debug(135)
DEBUG 2026-08-06 02:45:00.091 [AppmonScheduler_Worker-1] ==> Parameters: localhost-console1(String), console(String), console(String), activity(String), 2026-08-06T02:45:00.050067742(LocalDateTime), 2(Long), 2(Long), 0(Long), console(String), 2(Long), 2(Long), 0(Long) - c.a.a.a.e.p.d.m.E.insertEventCount.debug(135)
DEBUG 2026-08-06 02:45:00.099 [AppmonScheduler_Worker-1] <==    Updates: 1 - c.a.a.a.e.p.d.m.E.insertEventCount.debug(135)
DEBUG 2026-08-06 02:45:00.101 [AppmonScheduler_Worker-1] ==>  Preparing: insert into appmon_event_count_hourly (node_id, group_id, app_id, event_id, datetime, total, delta, error) values (?, ?, ?, ?, ?, ?, ?, ?) on duplicate key update group_id = ?, total = ?, delta = delta + ?, error = error + ? - c.a.a.a.e.p.d.m.E.insertEventCountHourly.debug(135)
DEBUG 2026-08-06 02:45:00.102 [AppmonScheduler_Worker-1] ==> Parameters: localhost-console1(String), console(String), console(String), activity(String), 2026-08-06T02:00(LocalDateTime), 2(Long), 2(Long), 0(Long), console(String), 2(Long), 2(Long), 0(Long) - c.a.a.a.e.p.d.m.E.insertEventCountHourly.debug(135)
DEBUG 2026-08-06 02:45:00.111 [AppmonScheduler_Worker-1] <==    Updates: 1 - c.a.a.a.e.p.d.m.E.insertEventCountHourly.debug(135)
DEBUG 2026-08-06 02:45:00.112 [AppmonScheduler_Worker-1] Advice {type=after, instance=com.aspectran.mybatis.SqlSessionAdviceRegister$$Lambda/0x00000000566126c0@12aa381f, order=0} - c.a.c.activity.AdviceActivity.executeAdvice(351)
DEBUG 2026-08-06 02:45:00.112 [AppmonScheduler_Worker-1] Commit transaction for DefaultSqlSession@11ca4d8f - c.a.mybatis.SqlSessionAdvice.commit(257)
DEBUG 2026-08-06 02:45:00.113 [AppmonScheduler_Worker-1] Advice {type=finally, instance=com.aspectran.mybatis.SqlSessionAdviceRegister$$Lambda/0x0000000056612b80@6115846e, order=0} - c.a.c.activity.AdviceActivity.executeAdvice(351)
DEBUG 2026-08-06 02:45:00.121 [AppmonScheduler_Worker-1] Close DefaultSqlSession@11ca4d8f - c.a.mybatis.SqlSessionAdvice.close(351)
DEBUG 2026-08-06 02:45:08.512 [root] Websocket session K9z8kRvk-FlZHWZTCfCnE6x8PddTS4sD4aTV_JMh has been closed. Reason: CloseReason[1001] - c.a.a.a.e.r.w.WebsocketMessageRelayer.doOnClose(110)
INFO  2026-08-06 02:45:08.514 [root] WebActivityServlet 'webActivityServlet' has been destroyed. - c.a.w.s.WebActivityServlet.destroy(141)
DEBUG 2026-08-06 02:45:08.515 [root] com.aspectran.core.component.session.HouseKeeper@f5c79a6(cn0) is STOPPING - c.a.u.l.AbstractLifeCycle.setStopping(203)
DEBUG 2026-08-06 02:45:08.516 [root] com.aspectran.core.component.session.HouseKeeper@f5c79a6 {scavengingInterval=180000} used by DefaultSessionManager@ec2bf82(cn0) is STOPPED - c.a.u.l.AbstractLifeCycle.setStopped(213)
DEBUG 2026-08-06 02:45:08.518 [root] Destroyed FileSessionStore@6cc0bcf6 - c.a.c.c.AbstractComponent.destroy(99)
DEBUG 2026-08-06 02:45:08.519 [root] Destroyed DefaultSessionCache@cc62a3b(cn0) - c.a.c.c.AbstractComponent.destroy(99)
DEBUG 2026-08-06 02:45:08.519 [root] Destroyed DefaultSessionManager@ec2bf82(cn0) - c.a.c.c.AbstractComponent.destroy(99)
INFO  2026-08-06 02:45:08.520 [root] WebActivityServlet 'webActivityServlet' has been destroyed. - c.a.w.s.WebActivityServlet.destroy(141)
DEBUG 2026-08-06 02:45:08.520 [root] com.aspectran.core.component.session.HouseKeeper@455351c4(rn0) is STOPPING - c.a.u.l.AbstractLifeCycle.setStopping(203)
DEBUG 2026-08-06 02:45:08.520 [root] com.aspectran.core.component.session.HouseKeeper@455351c4 {scavengingInterval=90000} used by DefaultSessionManager@60cf80e7(rn0) is STOPPED - c.a.u.l.AbstractLifeCycle.setStopped(213)
DEBUG 2026-08-06 02:45:08.521 [root] Destroyed FileSessionStore@2f2bf0e2 - c.a.c.c.AbstractComponent.destroy(99)
DEBUG 2026-08-06 02:45:08.521 [root] Destroyed DefaultSessionCache@3bd7f8dc(rn0) - c.a.c.c.AbstractComponent.destroy(99)
DEBUG 2026-08-06 02:45:08.521 [root] Destroyed DefaultSessionManager@60cf80e7(rn0) - c.a.c.c.AbstractComponent.destroy(99)
INFO  2026-08-06 02:45:08.521 [root] stopping server: Undertow - 2.3.26.Final - io.undertow.stop(259)
INFO  2026-08-06 02:45:08.526 [root] Undertow 2.3.26.Final stopped - c.a.u.server.DefaultTowServer.doStop(79)
DEBUG 2026-08-06 02:45:08.526 [root] com.aspectran.undertow.server.DefaultTowServer@289710d9 is STOPPED - c.a.u.l.AbstractLifeCycle.setStopped(213)
DEBUG 2026-08-06 02:45:08.527 [root] Destroyed DefaultBeanRegistry@4f3bbf68 - c.a.c.c.AbstractComponent.destroy(99)
DEBUG 2026-08-06 02:45:08.527 [root] Destroyed TemplateRuleRegistry@69c6161d - c.a.c.c.AbstractComponent.destroy(99)
DEBUG 2026-08-06 02:45:08.528 [root] Destroyed DefaultTemplateRenderer@3aefae67 - c.a.c.c.AbstractComponent.destroy(99)
DEBUG 2026-08-06 02:45:08.528 [root] Destroyed TransletRuleRegistry@c68a5f8 - c.a.c.c.AbstractComponent.destroy(99)
DEBUG 2026-08-06 02:45:08.528 [root] Destroyed ScheduleRuleRegistry@1450078a - c.a.c.c.AbstractComponent.destroy(99)
DEBUG 2026-08-06 02:45:08.529 [root] Destroyed AspectRuleRegistry@4642b71d - c.a.c.c.AbstractComponent.destroy(99)
DEBUG 2026-08-06 02:45:08.529 [root] Destroyed TypeConverterRegistry@7164ca4c - c.a.c.c.AbstractComponent.destroy(99)
DEBUG 2026-08-06 02:45:08.529 [root] Destroyed DefaultActivityContext@4d6f197e - c.a.c.c.AbstractComponent.destroy(99)
INFO  2026-08-06 02:45:08.530 [root] Stopped DefaultShellService@1b11171f - c.a.c.s.AbstractServiceLifeCycle.stop(168)
DEBUG 2026-08-06 02:45:08.530 [shutdown] Releasing lock on /home/aspectran/projects/public/aspectow-demo-console/app/.lock - c.aspectran.utils.FileLocker.release(142)
DEBUG 2026-08-06 02:45:08.531 [shutdown] Removed shutdown-hook: Thread[#28,shutdown,5,main] - c.aspectran.utils.ShutdownHook.run(68)
DEBUG 2026-08-06 02:45:16.118 [TOW task-2] Reside evicted session id=1ljxb1af1vxkt2kna7rph5v6u0.cn0 - c.a.c.c.s.AbstractSessionCache.get(235)
DEBUG 2026-08-06 02:45:16.123 [TOW task-2] Session 1ljxb1af1vxkt2kna7rph5v6u0.cn0 in use, stopping timer, active requests=1 - c.a.c.c.session.ManagedSession.access(314)
DEBUG 2026-08-06 02:45:16.127 [TOW task-2] DefaultWebService@591fd34d is not yet started, waiting for it to start... - c.a.w.s.DefaultWebService.checkPaused(306)
DEBUG 2026-08-06 02:45:18.736 [TOW task-2] GET /console/nodes/localhost-console1/appmon/websocket/A9NyB7KNuaDN9h93NIptkG9_WAupdacudAxrJzpjIsLwM1WJqwTQvtOIGNjCR_lhxpVjTvMhIAA HTTP/1.1 0:0:0:0:0:0:0:1 - c.a.w.s.DefaultWebService.service(87)
DEBUG 2026-08-06 02:45:18.739 [TOW task-2] Response {code=404} - c.a.w.s.DefaultWebService.sendError(258)
DEBUG 2026-08-06 02:45:18.777 [TOW task-2] Session 1ljxb1af1vxkt2kna7rph5v6u0.cn0 complete, active requests=0 - c.a.c.c.session.ManagedSession.complete(334)
DEBUG 2026-08-06 02:45:32.883 [TOW task-2] Session 1ljxb1af1vxkt2kna7rph5v6u0.cn0 in use, stopping timer, active requests=1 - c.a.c.c.session.ManagedSession.access(314)
ERROR 2026-08-06 02:45:32.935 [TOW task-2] Invalid token: A9NyB7KNuaDN9h93NIptkG9_WAupdacudAxrJzpjIsLwM1WJqwTQvtOIGNjCR_lhxpVjTvMhIAA - c.a.a.a.e.r.w.WebsocketMessageRelayer.checkAuthorized(81)
DEBUG 2026-08-06 02:45:32.944 [TOW task-2] Websocket session lle5ydlPRxg366ogoC8YBLGm8kk7Ki6yQ_3N7_Nx has been closed. Reason: CloseReason[1003,Unauthorized] - c.a.a.a.e.r.w.WebsocketMessageRelayer.doOnClose(110)
DEBUG 2026-08-06 02:45:32.946 [TOW task-2] Session 1ljxb1af1vxkt2kna7rph5v6u0.cn0 complete, active requests=0 - c.a.c.c.session.ManagedSession.complete(334)
DEBUG 2026-08-06 02:45:34.060 [TOW task-2] Session 1ljxb1af1vxkt2kna7rph5v6u0.cn0 in use, stopping timer, active requests=1 - c.a.c.c.session.ManagedSession.access(314)
DEBUG 2026-08-06 02:45:34.061 [TOW task-2] GET /console/appmon/config/data HTTP/1.1 0:0:0:0:0:0:0:1 - c.a.w.s.DefaultWebService.service(87)
DEBUG 2026-08-06 02:45:34.062 [TOW task-2] Translet {name=/appmon/config/data, method=[GET], responseRule={response={type=transform, format=custom}}} - c.a.core.activity.CoreActivity.prepare(220)
DEBUG 2026-08-06 02:45:34.075 [TOW task-2] Advice {type=before, instance=com.aspectran.aspectow.appmon.engine.persist.counter.activity.ActivityEventCounter$$Lambda/0x000000000a6444f8@3c216cd6, order=0, isolated=true} - c.a.c.activity.AdviceActivity.executeAdvice(351)
DEBUG 2026-08-06 02:45:34.075 [TOW task-2] Advice {type=before, action={advice={method=com.aspectran.aspectow.console.auth.UserAuthAspect.checkAuthenticated(com.aspectran.core.activity.Translet)}}, order=1} - c.a.c.activity.AdviceActivity.executeAdvice(351)
DEBUG 2026-08-06 02:45:34.076 [TOW task-2] Advice {type=before, action={advice={method=com.aspectran.aspectow.console.auth.AccessControlAspect.checkPermission(com.aspectran.core.activity.Translet)}}, order=2} - c.a.c.activity.AdviceActivity.executeAdvice(351)
DEBUG 2026-08-06 02:45:34.077 [TOW task-2] Advice {type=before, action={header={headers=[X-Frame-Options, X-Content-Type-Options, X-XSS-Protection, Referrer-Policy]}}} - c.a.c.activity.AdviceActivity.executeAdvice(351)
DEBUG 2026-08-06 02:45:34.082 [TOW task-2] Advice {type=before, action={advice={method=com.aspectran.aspectow.console.common.aspect.DevCorsAdvice.process(com.aspectran.core.activity.Translet)}}} - c.a.c.activity.AdviceActivity.executeAdvice(351)
DEBUG 2026-08-06 02:45:34.084 [TOW task-2] Action {annotated={method=com.aspectran.aspectow.console.appmon.AppMonActivity.getConfigData(com.aspectran.core.activity.Translet, java.lang.String)}} - c.a.core.activity.CoreActivity.execute(652)
DEBUG 2026-08-06 02:45:34.150 [TOW task-2] Response com.aspectran.web.activity.response.DefaultRestResponse@d802156 - c.a.c.a.r.t.CustomTransformResponse.respond(85)
DEBUG 2026-08-06 02:45:34.160 [TOW task-2] Session 1ljxb1af1vxkt2kna7rph5v6u0.cn0 complete, active requests=0 - c.a.c.c.session.ManagedSession.complete(334)
DEBUG 2026-08-06 02:45:34.211 [TOW task-2] Session 1ljxb1af1vxkt2kna7rph5v6u0.cn0 in use, stopping timer, active requests=1 - c.a.c.c.session.ManagedSession.access(314)
DEBUG 2026-08-06 02:45:34.214 [TOW task-2] WebSocket connection established for session dYB2yz97_7EWZlaGy_oBhrgKUy4yIXAZ3k4YHpw_ - c.a.a.a.e.r.w.WebsocketMessageRelayer.doOnOpen(74)
DEBUG 2026-08-06 02:45:34.216 [TOW task-2] Session 1ljxb1af1vxkt2kna7rph5v6u0.cn0 complete, active requests=0 - c.a.c.c.session.ManagedSession.complete(334)
DEBUG 2026-08-06 02:45:34.314 [TOW I/O-2] com.aspectran.aspectow.appmon.engine.exporter.event.EventExporter@6a6104e5 is STARTING - c.a.u.l.AbstractLifeCycle.setStarting(183)
DEBUG 2026-08-06 02:45:34.315 [TOW I/O-2] com.aspectran.aspectow.appmon.engine.exporter.event.EventExporter@6a6104e5 is FAILED - c.a.u.l.AbstractLifeCycle.setFailed(227)
java.lang.Exception: Could not find ActivityContext named 'jpetstore'
	at com.aspectran.aspectow.appmon.engine.exporter.event.activity.ActivityEventReader.start(ActivityEventReader.java:70)
	at com.aspectran.aspectow.appmon.engine.exporter.event.EventExporter.doStart(EventExporter.java:102)
	at com.aspectran.utils.lifecycle.AbstractLifeCycle.start(AbstractLifeCycle.java:62)
	at com.aspectran.aspectow.appmon.engine.exporter.ExporterManager.start(ExporterManager.java:148)
	at com.aspectran.aspectow.appmon.engine.relay.MessageRelayManager.startExporters(MessageRelayManager.java:156)
	at com.aspectran.aspectow.appmon.engine.relay.MessageRelayManager.subscribe(MessageRelayManager.java:373)
	at com.aspectran.aspectow.appmon.engine.relay.websocket.WebsocketMessageRelayer.established(WebsocketMessageRelayer.java:180)
	at com.aspectran.aspectow.appmon.engine.relay.websocket.WebsocketMessageRelayer.handleMessage(WebsocketMessageRelayer.java:116)
	at com.aspectran.aspectow.appmon.engine.relay.websocket.WebsocketMessageRelayer.lambda$registerMessageHandlers$0(WebsocketMessageRelayer.java:92)
	at io.undertow.websockets.jsr.FrameHandler$7.run(FrameHandler.java:289)
	at io.undertow.websockets.jsr.ServerWebSocketContainer$1.call(ServerWebSocketContainer.java:170)
	at io.undertow.websockets.jsr.ServerWebSocketContainer$1.call(ServerWebSocketContainer.java:167)
	at io.undertow.servlet.core.ContextClassLoaderSetupAction$1.call(ContextClassLoaderSetupAction.java:43)
	at io.undertow.websockets.jsr.ServerWebSocketContainer.invokeEndpointMethod(ServerWebSocketContainer.java:618)
	at io.undertow.websockets.jsr.ServerWebSocketContainer.invokeEndpointMethod(ServerWebSocketContainer.java:608)
	at io.undertow.websockets.jsr.FrameHandler.invokeTextHandler(FrameHandler.java:268)
	at io.undertow.websockets.jsr.FrameHandler.onFullTextMessage(FrameHandler.java:322)
	at io.undertow.websockets.core.AbstractReceiveListener$2.complete(AbstractReceiveListener.java:156)
	at io.undertow.websockets.core.AbstractReceiveListener$2.complete(AbstractReceiveListener.java:152)
	at io.undertow.websockets.core.BufferedTextMessage.read(BufferedTextMessage.java:105)
	at io.undertow.websockets.core.AbstractReceiveListener.readBufferedText(AbstractReceiveListener.java:152)
	at io.undertow.websockets.core.AbstractReceiveListener.bufferFullMessage(AbstractReceiveListener.java:90)
	at io.undertow.websockets.jsr.FrameHandler.onText(FrameHandler.java:184)
	at io.undertow.websockets.core.AbstractReceiveListener.handleEvent(AbstractReceiveListener.java:44)
	at io.undertow.websockets.core.AbstractReceiveListener.handleEvent(AbstractReceiveListener.java:33)
	at org.xnio.ChannelListeners.invokeChannelListener(ChannelListeners.java:92)
	at io.undertow.server.protocol.framed.AbstractFramedChannel$FrameReadListener.handleEvent(AbstractFramedChannel.java:1005)
	at io.undertow.server.protocol.framed.AbstractFramedChannel$FrameReadListener.handleEvent(AbstractFramedChannel.java:985)
	at org.xnio.ChannelListeners.invokeChannelListener(ChannelListeners.java:92)
	at org.xnio.conduits.ReadReadyHandler$ChannelListenerHandler.readReady(ReadReadyHandler.java:66)
	at org.xnio.nio.NioSocketConduit.handleReady(NioSocketConduit.java:89)
	at org.xnio.nio.WorkerThread.run(WorkerThread.java:603)
WARN  2026-08-06 02:45:34.317 [TOW I/O-2] Could not find ActivityContext named 'jpetstore' - c.a.a.a.e.e.ExporterManager.start(150)
java.lang.Exception: Could not find ActivityContext named 'jpetstore'
	at com.aspectran.aspectow.appmon.engine.exporter.event.activity.ActivityEventReader.start(ActivityEventReader.java:70)
	at com.aspectran.aspectow.appmon.engine.exporter.event.EventExporter.doStart(EventExporter.java:102)
	at com.aspectran.utils.lifecycle.AbstractLifeCycle.start(AbstractLifeCycle.java:62)
	at com.aspectran.aspectow.appmon.engine.exporter.ExporterManager.start(ExporterManager.java:148)
	at com.aspectran.aspectow.appmon.engine.relay.MessageRelayManager.startExporters(MessageRelayManager.java:156)
	at com.aspectran.aspectow.appmon.engine.relay.MessageRelayManager.subscribe(MessageRelayManager.java:373)
	at com.aspectran.aspectow.appmon.engine.relay.websocket.WebsocketMessageRelayer.established(WebsocketMessageRelayer.java:180)
	at com.aspectran.aspectow.appmon.engine.relay.websocket.WebsocketMessageRelayer.handleMessage(WebsocketMessageRelayer.java:116)
	at com.aspectran.aspectow.appmon.engine.relay.websocket.WebsocketMessageRelayer.lambda$registerMessageHandlers$0(WebsocketMessageRelayer.java:92)
	at io.undertow.websockets.jsr.FrameHandler$7.run(FrameHandler.java:289)
	at io.undertow.websockets.jsr.ServerWebSocketContainer$1.call(ServerWebSocketContainer.java:170)
	at io.undertow.websockets.jsr.ServerWebSocketContainer$1.call(ServerWebSocketContainer.java:167)
	at io.undertow.servlet.core.ContextClassLoaderSetupAction$1.call(ContextClassLoaderSetupAction.java:43)
	at io.undertow.websockets.jsr.ServerWebSocketContainer.invokeEndpointMethod(ServerWebSocketContainer.java:618)
	at io.undertow.websockets.jsr.ServerWebSocketContainer.invokeEndpointMethod(ServerWebSocketContainer.java:608)
	at io.undertow.websockets.jsr.FrameHandler.invokeTextHandler(FrameHandler.java:268)
	at io.undertow.websockets.jsr.FrameHandler.onFullTextMessage(FrameHandler.java:322)
	at io.undertow.websockets.core.AbstractReceiveListener$2.complete(AbstractReceiveListener.java:156)
	at io.undertow.websockets.core.AbstractReceiveListener$2.complete(AbstractReceiveListener.java:152)
	at io.undertow.websockets.core.BufferedTextMessage.read(BufferedTextMessage.java:105)
	at io.undertow.websockets.core.AbstractReceiveListener.readBufferedText(AbstractReceiveListener.java:152)
	at io.undertow.websockets.core.AbstractReceiveListener.bufferFullMessage(AbstractReceiveListener.java:90)
	at io.undertow.websockets.jsr.FrameHandler.onText(FrameHandler.java:184)
	at io.undertow.websockets.core.AbstractReceiveListener.handleEvent(AbstractReceiveListener.java:44)
	at io.undertow.websockets.core.AbstractReceiveListener.handleEvent(AbstractReceiveListener.java:33)
	at org.xnio.ChannelListeners.invokeChannelListener(ChannelListeners.java:92)
	at io.undertow.server.protocol.framed.AbstractFramedChannel$FrameReadListener.handleEvent(AbstractFramedChannel.java:1005)
	at io.undertow.server.protocol.framed.AbstractFramedChannel$FrameReadListener.handleEvent(AbstractFramedChannel.java:985)
	at org.xnio.ChannelListeners.invokeChannelListener(ChannelListeners.java:92)
	at org.xnio.conduits.ReadReadyHandler$ChannelListenerHandler.readReady(ReadReadyHandler.java:66)
	at org.xnio.nio.NioSocketConduit.handleReady(NioSocketConduit.java:89)
	at org.xnio.nio.WorkerThread.run(WorkerThread.java:603)
DEBUG 2026-08-06 02:45:34.318 [TOW I/O-2] com.aspectran.aspectow.appmon.engine.exporter.event.EventExporter@3204d5bc is STARTING - c.a.u.l.AbstractLifeCycle.setStarting(183)
DEBUG 2026-08-06 02:45:34.318 [TOW I/O-2] com.aspectran.aspectow.appmon.engine.exporter.event.EventExporter@3204d5bc is FAILED - c.a.u.l.AbstractLifeCycle.setFailed(227)
java.lang.RuntimeException: Cannot resolve session manager with tow.server/jpetstore
	at com.aspectran.aspectow.appmon.engine.exporter.event.session.SessionEventReader.start(SessionEventReader.java:95)
	at com.aspectran.aspectow.appmon.engine.exporter.event.EventExporter.doStart(EventExporter.java:102)
	at com.aspectran.utils.lifecycle.AbstractLifeCycle.start(AbstractLifeCycle.java:62)
	at com.aspectran.aspectow.appmon.engine.exporter.ExporterManager.start(ExporterManager.java:148)
	at com.aspectran.aspectow.appmon.engine.relay.MessageRelayManager.startExporters(MessageRelayManager.java:156)
	at com.aspectran.aspectow.appmon.engine.relay.MessageRelayManager.subscribe(MessageRelayManager.java:373)
	at com.aspectran.aspectow.appmon.engine.relay.websocket.WebsocketMessageRelayer.established(WebsocketMessageRelayer.java:180)
	at com.aspectran.aspectow.appmon.engine.relay.websocket.WebsocketMessageRelayer.handleMessage(WebsocketMessageRelayer.java:116)
	at com.aspectran.aspectow.appmon.engine.relay.websocket.WebsocketMessageRelayer.lambda$registerMessageHandlers$0(WebsocketMessageRelayer.java:92)
	at io.undertow.websockets.jsr.FrameHandler$7.run(FrameHandler.java:289)
	at io.undertow.websockets.jsr.ServerWebSocketContainer$1.call(ServerWebSocketContainer.java:170)
	at io.undertow.websockets.jsr.ServerWebSocketContainer$1.call(ServerWebSocketContainer.java:167)
	at io.undertow.servlet.core.ContextClassLoaderSetupAction$1.call(ContextClassLoaderSetupAction.java:43)
	at io.undertow.websockets.jsr.ServerWebSocketContainer.invokeEndpointMethod(ServerWebSocketContainer.java:618)
	at io.undertow.websockets.jsr.ServerWebSocketContainer.invokeEndpointMethod(ServerWebSocketContainer.java:608)
	at io.undertow.websockets.jsr.FrameHandler.invokeTextHandler(FrameHandler.java:268)
	at io.undertow.websockets.jsr.FrameHandler.onFullTextMessage(FrameHandler.java:322)
	at io.undertow.websockets.core.AbstractReceiveListener$2.complete(AbstractReceiveListener.java:156)
	at io.undertow.websockets.core.AbstractReceiveListener$2.complete(AbstractReceiveListener.java:152)
	at io.undertow.websockets.core.BufferedTextMessage.read(BufferedTextMessage.java:105)
	at io.undertow.websockets.core.AbstractReceiveListener.readBufferedText(AbstractReceiveListener.java:152)
	at io.undertow.websockets.core.AbstractReceiveListener.bufferFullMessage(AbstractReceiveListener.java:90)
	at io.undertow.websockets.jsr.FrameHandler.onText(FrameHandler.java:184)
	at io.undertow.websockets.core.AbstractReceiveListener.handleEvent(AbstractReceiveListener.java:44)
	at io.undertow.websockets.core.AbstractReceiveListener.handleEvent(AbstractReceiveListener.java:33)
	at org.xnio.ChannelListeners.invokeChannelListener(ChannelListeners.java:92)
	at io.undertow.server.protocol.framed.AbstractFramedChannel$FrameReadListener.handleEvent(AbstractFramedChannel.java:1005)
	at io.undertow.server.protocol.framed.AbstractFramedChannel$FrameReadListener.handleEvent(AbstractFramedChannel.java:985)
	at org.xnio.ChannelListeners.invokeChannelListener(ChannelListeners.java:92)
	at org.xnio.conduits.ReadReadyHandler$ChannelListenerHandler.readReady(ReadReadyHandler.java:66)
	at org.xnio.nio.NioSocketConduit.handleReady(NioSocketConduit.java:89)
	at org.xnio.nio.WorkerThread.run(WorkerThread.java:603)
Caused by: java.lang.IllegalStateException: Deployment named 'jpetstore' not found
	at com.aspectran.utils.Assert.state(Assert.java:55)
	at com.aspectran.undertow.server.AbstractTowServer.getSessionManager(AbstractTowServer.java:354)
	at com.aspectran.aspectow.appmon.engine.exporter.event.session.SessionEventReader.start(SessionEventReader.java:93)
	... 31 common frames omitted
WARN  2026-08-06 02:45:34.319 [TOW I/O-2] Cannot resolve session manager with tow.server/jpetstore - c.a.a.a.e.e.ExporterManager.start(150)
java.lang.RuntimeException: Cannot resolve session manager with tow.server/jpetstore
	at com.aspectran.aspectow.appmon.engine.exporter.event.session.SessionEventReader.start(SessionEventReader.java:95)
	at com.aspectran.aspectow.appmon.engine.exporter.event.EventExporter.doStart(EventExporter.java:102)
	at com.aspectran.utils.lifecycle.AbstractLifeCycle.start(AbstractLifeCycle.java:62)
	at com.aspectran.aspectow.appmon.engine.exporter.ExporterManager.start(ExporterManager.java:148)
	at com.aspectran.aspectow.appmon.engine.relay.MessageRelayManager.startExporters(MessageRelayManager.java:156)
	at com.aspectran.aspectow.appmon.engine.relay.MessageRelayManager.subscribe(MessageRelayManager.java:373)
	at com.aspectran.aspectow.appmon.engine.relay.websocket.WebsocketMessageRelayer.established(WebsocketMessageRelayer.java:180)
	at com.aspectran.aspectow.appmon.engine.relay.websocket.WebsocketMessageRelayer.handleMessage(WebsocketMessageRelayer.java:116)
	at com.aspectran.aspectow.appmon.engine.relay.websocket.WebsocketMessageRelayer.lambda$registerMessageHandlers$0(WebsocketMessageRelayer.java:92)
	at io.undertow.websockets.jsr.FrameHandler$7.run(FrameHandler.java:289)
	at io.undertow.websockets.jsr.ServerWebSocketContainer$1.call(ServerWebSocketContainer.java:170)
	at io.undertow.websockets.jsr.ServerWebSocketContainer$1.call(ServerWebSocketContainer.java:167)
	at io.undertow.servlet.core.ContextClassLoaderSetupAction$1.call(ContextClassLoaderSetupAction.java:43)
	at io.undertow.websockets.jsr.ServerWebSocketContainer.invokeEndpointMethod(ServerWebSocketContainer.java:618)
	at io.undertow.websockets.jsr.ServerWebSocketContainer.invokeEndpointMethod(ServerWebSocketContainer.java:608)
	at io.undertow.websockets.jsr.FrameHandler.invokeTextHandler(FrameHandler.java:268)
	at io.undertow.websockets.jsr.FrameHandler.onFullTextMessage(FrameHandler.java:322)
	at io.undertow.websockets.core.AbstractReceiveListener$2.complete(AbstractReceiveListener.java:156)
	at io.undertow.websockets.core.AbstractReceiveListener$2.complete(AbstractReceiveListener.java:152)
	at io.undertow.websockets.core.BufferedTextMessage.read(BufferedTextMessage.java:105)
	at io.undertow.websockets.core.AbstractReceiveListener.readBufferedText(AbstractReceiveListener.java:152)
	at io.undertow.websockets.core.AbstractReceiveListener.bufferFullMessage(AbstractReceiveListener.java:90)
	at io.undertow.websockets.jsr.FrameHandler.onText(FrameHandler.java:184)
	at io.undertow.websockets.core.AbstractReceiveListener.handleEvent(AbstractReceiveListener.java:44)
	at io.undertow.websockets.core.AbstractReceiveListener.handleEvent(AbstractReceiveListener.java:33)
	at org.xnio.ChannelListeners.invokeChannelListener(ChannelListeners.java:92)
	at io.undertow.server.protocol.framed.AbstractFramedChannel$FrameReadListener.handleEvent(AbstractFramedChannel.java:1005)
	at io.undertow.server.protocol.framed.AbstractFramedChannel$FrameReadListener.handleEvent(AbstractFramedChannel.java:985)
	at org.xnio.ChannelListeners.invokeChannelListener(ChannelListeners.java:92)
	at org.xnio.conduits.ReadReadyHandler$ChannelListenerHandler.readReady(ReadReadyHandler.java:66)
	at org.xnio.nio.NioSocketConduit.handleReady(NioSocketConduit.java:89)
	at org.xnio.nio.WorkerThread.run(WorkerThread.java:603)
Caused by: java.lang.IllegalStateException: Deployment named 'jpetstore' not found
	at com.aspectran.utils.Assert.state(Assert.java:55)
	at com.aspectran.undertow.server.AbstractTowServer.getSessionManager(AbstractTowServer.java:354)
	at com.aspectran.aspectow.appmon.engine.exporter.event.session.SessionEventReader.start(SessionEventReader.java:93)
	... 31 common frames omitted
DEBUG 2026-08-06 02:45:34.320 [TOW I/O-2] com.aspectran.aspectow.appmon.engine.exporter.event.ChartDataExporter@5b9e81d1 is STARTING - c.a.u.l.AbstractLifeCycle.setStarting(183)
DEBUG 2026-08-06 02:45:34.321 [TOW I/O-2] com.aspectran.aspectow.appmon.engine.exporter.event.ChartDataExporter@5b9e81d1 is STARTED - c.a.u.l.AbstractLifeCycle.setStarted(193)
DEBUG 2026-08-06 02:45:34.321 [TOW I/O-2] com.aspectran.aspectow.appmon.engine.exporter.event.ChartDataExporter@4571516d is STARTING - c.a.u.l.AbstractLifeCycle.setStarting(183)
DEBUG 2026-08-06 02:45:34.322 [TOW I/O-2] com.aspectran.aspectow.appmon.engine.exporter.event.ChartDataExporter@4571516d is STARTED - c.a.u.l.AbstractLifeCycle.setStarted(193)
DEBUG 2026-08-06 02:45:34.322 [TOW I/O-2] com.aspectran.aspectow.appmon.engine.exporter.metric.MetricExporter@1268465b is STARTING - c.a.u.l.AbstractLifeCycle.setStarting(183)
ERROR 2026-08-06 02:45:34.323 [TOW I/O-2] XNIO001007: A channel event listener threw an exception - org.xnio.listener.invokeChannelListener(94)
java.lang.NoClassDefFoundError: com/zaxxer/hikari/HikariPoolMXBean
	at com.aspectran.aspectow.appmon.engine.exporter.metric.jdbc.HikariPoolMBeanReader.start(HikariPoolMBeanReader.java:68)
	at com.aspectran.aspectow.appmon.engine.exporter.metric.MetricExporter.doStart(MetricExporter.java:119)
	at com.aspectran.utils.lifecycle.AbstractLifeCycle.start(AbstractLifeCycle.java:62)
	at com.aspectran.aspectow.appmon.engine.exporter.ExporterManager.start(ExporterManager.java:148)
	at com.aspectran.aspectow.appmon.engine.relay.MessageRelayManager.startExporters(MessageRelayManager.java:156)
	at com.aspectran.aspectow.appmon.engine.relay.MessageRelayManager.subscribe(MessageRelayManager.java:373)
	at com.aspectran.aspectow.appmon.engine.relay.websocket.WebsocketMessageRelayer.established(WebsocketMessageRelayer.java:180)
	at com.aspectran.aspectow.appmon.engine.relay.websocket.WebsocketMessageRelayer.handleMessage(WebsocketMessageRelayer.java:116)
	at com.aspectran.aspectow.appmon.engine.relay.websocket.WebsocketMessageRelayer.lambda$registerMessageHandlers$0(WebsocketMessageRelayer.java:92)
	at io.undertow.websockets.jsr.FrameHandler$7.run(FrameHandler.java:289)
	at io.undertow.websockets.jsr.ServerWebSocketContainer$1.call(ServerWebSocketContainer.java:170)
	at io.undertow.websockets.jsr.ServerWebSocketContainer$1.call(ServerWebSocketContainer.java:167)
	at io.undertow.servlet.core.ContextClassLoaderSetupAction$1.call(ContextClassLoaderSetupAction.java:43)
	at io.undertow.websockets.jsr.ServerWebSocketContainer.invokeEndpointMethod(ServerWebSocketContainer.java:618)
	at io.undertow.websockets.jsr.ServerWebSocketContainer.invokeEndpointMethod(ServerWebSocketContainer.java:608)
	at io.undertow.websockets.jsr.FrameHandler.invokeTextHandler(FrameHandler.java:268)
	at io.undertow.websockets.jsr.FrameHandler.onFullTextMessage(FrameHandler.java:322)
	at io.undertow.websockets.core.AbstractReceiveListener$2.complete(AbstractReceiveListener.java:156)
	at io.undertow.websockets.core.AbstractReceiveListener$2.complete(AbstractReceiveListener.java:152)
	at io.undertow.websockets.core.BufferedTextMessage.read(BufferedTextMessage.java:105)
	at io.undertow.websockets.core.AbstractReceiveListener.readBufferedText(AbstractReceiveListener.java:152)
	at io.undertow.websockets.core.AbstractReceiveListener.bufferFullMessage(AbstractReceiveListener.java:90)
	at io.undertow.websockets.jsr.FrameHandler.onText(FrameHandler.java:184)
	at io.undertow.websockets.core.AbstractReceiveListener.handleEvent(AbstractReceiveListener.java:44)
	at io.undertow.websockets.core.AbstractReceiveListener.handleEvent(AbstractReceiveListener.java:33)
	at org.xnio.ChannelListeners.invokeChannelListener(ChannelListeners.java:92)
	at io.undertow.server.protocol.framed.AbstractFramedChannel$FrameReadListener.handleEvent(AbstractFramedChannel.java:1005)
	at io.undertow.server.protocol.framed.AbstractFramedChannel$FrameReadListener.handleEvent(AbstractFramedChannel.java:985)
	at org.xnio.ChannelListeners.invokeChannelListener(ChannelListeners.java:92)
	at org.xnio.conduits.ReadReadyHandler$ChannelListenerHandler.readReady(ReadReadyHandler.java:66)
	at org.xnio.nio.NioSocketConduit.handleReady(NioSocketConduit.java:89)
	at org.xnio.nio.WorkerThread.run(WorkerThread.java:603)
Caused by: java.lang.ClassNotFoundException: com.zaxxer.hikari.HikariPoolMXBean
	at java.base/jdk.internal.loader.BuiltinClassLoader.loadClass(BuiltinClassLoader.java:580)
	at java.base/java.lang.ClassLoader.loadClass(ClassLoader.java:490)
	... 32 common frames omitted
DEBUG 2026-08-06 02:45:39.731 [TOW I/O-2] Websocket session dYB2yz97_7EWZlaGy_oBhrgKUy4yIXAZ3k4YHpw_ has been closed. Reason: CloseReason[1001] - c.a.a.a.e.r.w.WebsocketMessageRelayer.doOnClose(110)
DEBUG 2026-08-06 02:45:39.732 [TOW I/O-2] com.aspectran.aspectow.appmon.engine.exporter.event.EventExporter@6a6104e5 is STOPPING - c.a.u.l.AbstractLifeCycle.setStopping(203)
DEBUG 2026-08-06 02:45:39.733 [TOW I/O-2] com.aspectran.aspectow.appmon.engine.exporter.event.EventExporter@6a6104e5 {id=activity, target=jpetstore, parameters={+=/**}} is STOPPED - c.a.u.l.AbstractLifeCycle.setStopped(213)
DEBUG 2026-08-06 02:45:39.734 [TOW I/O-2] com.aspectran.aspectow.appmon.engine.exporter.event.EventExporter@3204d5bc is STOPPING - c.a.u.l.AbstractLifeCycle.setStopping(203)
DEBUG 2026-08-06 02:45:39.734 [TOW I/O-2] com.aspectran.aspectow.appmon.engine.exporter.event.EventExporter@3204d5bc {id=session, target=tow.server/jpetstore} is STOPPED - c.a.u.l.AbstractLifeCycle.setStopped(213)
DEBUG 2026-08-06 02:45:39.735 [TOW I/O-2] com.aspectran.aspectow.appmon.engine.exporter.event.ChartDataExporter@5b9e81d1 is STOPPING - c.a.u.l.AbstractLifeCycle.setStopping(203)
DEBUG 2026-08-06 02:45:39.736 [TOW I/O-2] com.aspectran.aspectow.appmon.engine.exporter.event.ChartDataExporter@5b9e81d1 {id=activity, target=jpetstore, parameters={+=/**}} is STOPPED - c.a.u.l.AbstractLifeCycle.setStopped(213)
DEBUG 2026-08-06 02:45:39.737 [TOW I/O-2] com.aspectran.aspectow.appmon.engine.exporter.event.ChartDataExporter@4571516d is STOPPING - c.a.u.l.AbstractLifeCycle.setStopping(203)
DEBUG 2026-08-06 02:45:39.738 [TOW I/O-2] com.aspectran.aspectow.appmon.engine.exporter.event.ChartDataExporter@4571516d {id=session, target=tow.server/jpetstore} is STOPPED - c.a.u.l.AbstractLifeCycle.setStopped(213)
DEBUG 2026-08-06 02:45:39.739 [TOW I/O-2] com.aspectran.aspectow.appmon.engine.exporter.metric.MetricExporter@1268465b is STOPPING - c.a.u.l.AbstractLifeCycle.setStopping(203)
DEBUG 2026-08-06 02:45:39.740 [TOW I/O-2] com.aspectran.aspectow.appmon.engine.exporter.metric.MetricExporter@1268465b {id=cp-jpetstore, title=CP-jpetstore, description=Shows the JDBC connection pool usage status, reader=com.aspectran.aspectow.appmon.engine.exporter.metric.jdbc.HikariPoolMBeanReader, parameters={poolName=jpetstore}, sampleInterval=50, exportInterval=900} is STOPPED - c.a.u.l.AbstractLifeCycle.setStopped(213)
DEBUG 2026-08-06 02:45:39.752 [TOW task-2] Session 1ljxb1af1vxkt2kna7rph5v6u0.cn0 in use, stopping timer, active requests=1 - c.a.c.c.session.ManagedSession.access(314)
DEBUG 2026-08-06 02:45:39.754 [TOW task-2] GET /console/appmon/dashboard/ HTTP/1.1 0:0:0:0:0:0:0:1 - c.a.w.s.DefaultWebService.service(87)
DEBUG 2026-08-06 02:45:39.755 [TOW task-2] Translet {name=/appmon/dashboard/${appsToSubscribe}, namePattern=/appmon/dashboard/*, responseRule={response={type=dispatch, name=appmon/dashboard}}} - c.a.core.activity.CoreActivity.prepare(220)
DEBUG 2026-08-06 02:45:39.761 [TOW task-2] Advice {type=before, instance=com.aspectran.aspectow.appmon.engine.persist.counter.activity.ActivityEventCounter$$Lambda/0x000000000a6444f8@3c216cd6, order=0, isolated=true} - c.a.c.activity.AdviceActivity.executeAdvice(351)
DEBUG 2026-08-06 02:45:39.761 [TOW task-2] Advice {type=before, action={advice={method=com.aspectran.aspectow.console.auth.UserAuthAspect.checkAuthenticated(com.aspectran.core.activity.Translet)}}, order=1} - c.a.c.activity.AdviceActivity.executeAdvice(351)
DEBUG 2026-08-06 02:45:39.768 [TOW task-2] Advice {type=before, action={advice={method=com.aspectran.aspectow.console.auth.AccessControlAspect.checkPermission(com.aspectran.core.activity.Translet)}}, order=2} - c.a.c.activity.AdviceActivity.executeAdvice(351)
DEBUG 2026-08-06 02:45:39.769 [TOW task-2] Advice {type=before, action={header={headers=[X-Frame-Options, X-Content-Type-Options, X-XSS-Protection, Referrer-Policy]}}} - c.a.c.activity.AdviceActivity.executeAdvice(351)
DEBUG 2026-08-06 02:45:39.770 [TOW task-2] Advice {type=before, action={header={headers=[Content-Type, Content-Security-Policy]}}} - c.a.c.activity.AdviceActivity.executeAdvice(351)
DEBUG 2026-08-06 02:45:39.770 [TOW task-2] Advice {type=before, action={advice={method=com.aspectran.aspectow.console.common.aspect.DevCorsAdvice.process(com.aspectran.core.activity.Translet)}}} - c.a.c.activity.AdviceActivity.executeAdvice(351)
DEBUG 2026-08-06 02:45:39.771 [TOW task-2] Action {annotated={id=page, method=com.aspectran.aspectow.console.appmon.AppMonActivity.dashboard(java.lang.String)}} - c.a.core.activity.CoreActivity.execute(652)
DEBUG 2026-08-06 02:45:39.771 [TOW task-2] Response {type=dispatch, name=appmon/dashboard} - c.a.c.a.r.d.DispatchResponse.respond(71)
DEBUG 2026-08-06 02:45:39.772 [TOW task-2] Dispatching to Thymeleaf template appmon/dashboard - c.a.t.v.ThymeleafViewDispatcher.dispatch(88)
DEBUG 2026-08-06 02:45:40.710 [TOW task-2] Session 1ljxb1af1vxkt2kna7rph5v6u0.cn0 complete, active requests=0 - c.a.c.c.session.ManagedSession.complete(334)
DEBUG 2026-08-06 02:45:40.792 [TOW task-2] Session 1ljxb1af1vxkt2kna7rph5v6u0.cn0 in use, stopping timer, active requests=1 - c.a.c.c.session.ManagedSession.access(314)
DEBUG 2026-08-06 02:45:40.793 [TOW task-2] GET /console/appmon/config/data HTTP/1.1 0:0:0:0:0:0:0:1 - c.a.w.s.DefaultWebService.service(87)
DEBUG 2026-08-06 02:45:40.794 [TOW task-2] Translet {name=/appmon/config/data, method=[GET], responseRule={response={type=transform, format=custom}}} - c.a.core.activity.CoreActivity.prepare(220)
DEBUG 2026-08-06 02:45:40.796 [TOW task-2] Advice {type=before, instance=com.aspectran.aspectow.appmon.engine.persist.counter.activity.ActivityEventCounter$$Lambda/0x000000000a6444f8@3c216cd6, order=0, isolated=true} - c.a.c.activity.AdviceActivity.executeAdvice(351)
DEBUG 2026-08-06 02:45:40.797 [TOW task-2] Advice {type=before, action={advice={method=com.aspectran.aspectow.console.auth.UserAuthAspect.checkAuthenticated(com.aspectran.core.activity.Translet)}}, order=1} - c.a.c.activity.AdviceActivity.executeAdvice(351)
DEBUG 2026-08-06 02:45:40.798 [TOW task-2] Advice {type=before, action={advice={method=com.aspectran.aspectow.console.auth.AccessControlAspect.checkPermission(com.aspectran.core.activity.Translet)}}, order=2} - c.a.c.activity.AdviceActivity.executeAdvice(351)
DEBUG 2026-08-06 02:45:40.799 [TOW task-2] Advice {type=before, action={header={headers=[X-Frame-Options, X-Content-Type-Options, X-XSS-Protection, Referrer-Policy]}}} - c.a.c.activity.AdviceActivity.executeAdvice(351)
DEBUG 2026-08-06 02:45:40.800 [TOW task-2] Advice {type=before, action={advice={method=com.aspectran.aspectow.console.common.aspect.DevCorsAdvice.process(com.aspectran.core.activity.Translet)}}} - c.a.c.activity.AdviceActivity.executeAdvice(351)
DEBUG 2026-08-06 02:45:40.801 [TOW task-2] Action {annotated={method=com.aspectran.aspectow.console.appmon.AppMonActivity.getConfigData(com.aspectran.core.activity.Translet, java.lang.String)}} - c.a.core.activity.CoreActivity.execute(652)
DEBUG 2026-08-06 02:45:40.853 [TOW task-2] Response com.aspectran.web.activity.response.DefaultRestResponse@1b9b9515 - c.a.c.a.r.t.CustomTransformResponse.respond(85)
DEBUG 2026-08-06 02:45:40.857 [TOW task-2] Session 1ljxb1af1vxkt2kna7rph5v6u0.cn0 complete, active requests=0 - c.a.c.c.session.ManagedSession.complete(334)
DEBUG 2026-08-06 02:45:40.917 [TOW task-2] Session 1ljxb1af1vxkt2kna7rph5v6u0.cn0 in use, stopping timer, active requests=1 - c.a.c.c.session.ManagedSession.access(314)
DEBUG 2026-08-06 02:45:40.919 [TOW task-2] WebSocket connection established for session wGtfu0GETW3VjH5Y2hsOrZOLiv9YfWMGwuLxdtn9 - c.a.a.a.e.r.w.WebsocketMessageRelayer.doOnOpen(74)
DEBUG 2026-08-06 02:45:40.920 [TOW task-2] Session 1ljxb1af1vxkt2kna7rph5v6u0.cn0 complete, active requests=0 - c.a.c.c.session.ManagedSession.complete(334)
DEBUG 2026-08-06 02:45:41.500 [TOW I/O-2] com.aspectran.aspectow.appmon.engine.exporter.event.EventExporter@6a6104e5 is STARTING - c.a.u.l.AbstractLifeCycle.setStarting(183)
DEBUG 2026-08-06 02:45:41.501 [TOW I/O-2] com.aspectran.aspectow.appmon.engine.exporter.event.EventExporter@6a6104e5 is FAILED - c.a.u.l.AbstractLifeCycle.setFailed(227)
java.lang.Exception: Could not find ActivityContext named 'jpetstore'
	at com.aspectran.aspectow.appmon.engine.exporter.event.activity.ActivityEventReader.start(ActivityEventReader.java:70)
	at com.aspectran.aspectow.appmon.engine.exporter.event.EventExporter.doStart(EventExporter.java:102)
	at com.aspectran.utils.lifecycle.AbstractLifeCycle.start(AbstractLifeCycle.java:62)
	at com.aspectran.aspectow.appmon.engine.exporter.ExporterManager.start(ExporterManager.java:148)
	at com.aspectran.aspectow.appmon.engine.relay.MessageRelayManager.startExporters(MessageRelayManager.java:156)
	at com.aspectran.aspectow.appmon.engine.relay.MessageRelayManager.subscribe(MessageRelayManager.java:373)
	at com.aspectran.aspectow.appmon.engine.relay.websocket.WebsocketMessageRelayer.established(WebsocketMessageRelayer.java:180)
	at com.aspectran.aspectow.appmon.engine.relay.websocket.WebsocketMessageRelayer.handleMessage(WebsocketMessageRelayer.java:116)
	at com.aspectran.aspectow.appmon.engine.relay.websocket.WebsocketMessageRelayer.lambda$registerMessageHandlers$0(WebsocketMessageRelayer.java:92)
	at io.undertow.websockets.jsr.FrameHandler$7.run(FrameHandler.java:289)
	at io.undertow.websockets.jsr.ServerWebSocketContainer$1.call(ServerWebSocketContainer.java:170)
	at io.undertow.websockets.jsr.ServerWebSocketContainer$1.call(ServerWebSocketContainer.java:167)
	at io.undertow.servlet.core.ContextClassLoaderSetupAction$1.call(ContextClassLoaderSetupAction.java:43)
	at io.undertow.websockets.jsr.ServerWebSocketContainer.invokeEndpointMethod(ServerWebSocketContainer.java:618)
	at io.undertow.websockets.jsr.ServerWebSocketContainer.invokeEndpointMethod(ServerWebSocketContainer.java:608)
	at io.undertow.websockets.jsr.FrameHandler.invokeTextHandler(FrameHandler.java:268)
	at io.undertow.websockets.jsr.FrameHandler.onFullTextMessage(FrameHandler.java:322)
	at io.undertow.websockets.core.AbstractReceiveListener$2.complete(AbstractReceiveListener.java:156)
	at io.undertow.websockets.core.AbstractReceiveListener$2.complete(AbstractReceiveListener.java:152)
	at io.undertow.websockets.core.BufferedTextMessage.read(BufferedTextMessage.java:105)
	at io.undertow.websockets.core.AbstractReceiveListener.readBufferedText(AbstractReceiveListener.java:152)
	at io.undertow.websockets.core.AbstractReceiveListener.bufferFullMessage(AbstractReceiveListener.java:90)
	at io.undertow.websockets.jsr.FrameHandler.onText(FrameHandler.java:184)
	at io.undertow.websockets.core.AbstractReceiveListener.handleEvent(AbstractReceiveListener.java:44)
	at io.undertow.websockets.core.AbstractReceiveListener.handleEvent(AbstractReceiveListener.java:33)
	at org.xnio.ChannelListeners.invokeChannelListener(ChannelListeners.java:92)
	at io.undertow.server.protocol.framed.AbstractFramedChannel$FrameReadListener.handleEvent(AbstractFramedChannel.java:1005)
	at io.undertow.server.protocol.framed.AbstractFramedChannel$FrameReadListener.handleEvent(AbstractFramedChannel.java:985)
	at org.xnio.ChannelListeners.invokeChannelListener(ChannelListeners.java:92)
	at org.xnio.conduits.ReadReadyHandler$ChannelListenerHandler.readReady(ReadReadyHandler.java:66)
	at org.xnio.nio.NioSocketConduit.handleReady(NioSocketConduit.java:89)
	at org.xnio.nio.WorkerThread.run(WorkerThread.java:603)
WARN  2026-08-06 02:45:41.502 [TOW I/O-2] Could not find ActivityContext named 'jpetstore' - c.a.a.a.e.e.ExporterManager.start(150)
java.lang.Exception: Could not find ActivityContext named 'jpetstore'
	at com.aspectran.aspectow.appmon.engine.exporter.event.activity.ActivityEventReader.start(ActivityEventReader.java:70)
	at com.aspectran.aspectow.appmon.engine.exporter.event.EventExporter.doStart(EventExporter.java:102)
	at com.aspectran.utils.lifecycle.AbstractLifeCycle.start(AbstractLifeCycle.java:62)
	at com.aspectran.aspectow.appmon.engine.exporter.ExporterManager.start(ExporterManager.java:148)
	at com.aspectran.aspectow.appmon.engine.relay.MessageRelayManager.startExporters(MessageRelayManager.java:156)
	at com.aspectran.aspectow.appmon.engine.relay.MessageRelayManager.subscribe(MessageRelayManager.java:373)
	at com.aspectran.aspectow.appmon.engine.relay.websocket.WebsocketMessageRelayer.established(WebsocketMessageRelayer.java:180)
	at com.aspectran.aspectow.appmon.engine.relay.websocket.WebsocketMessageRelayer.handleMessage(WebsocketMessageRelayer.java:116)
	at com.aspectran.aspectow.appmon.engine.relay.websocket.WebsocketMessageRelayer.lambda$registerMessageHandlers$0(WebsocketMessageRelayer.java:92)
	at io.undertow.websockets.jsr.FrameHandler$7.run(FrameHandler.java:289)
	at io.undertow.websockets.jsr.ServerWebSocketContainer$1.call(ServerWebSocketContainer.java:170)
	at io.undertow.websockets.jsr.ServerWebSocketContainer$1.call(ServerWebSocketContainer.java:167)
	at io.undertow.servlet.core.ContextClassLoaderSetupAction$1.call(ContextClassLoaderSetupAction.java:43)
	at io.undertow.websockets.jsr.ServerWebSocketContainer.invokeEndpointMethod(ServerWebSocketContainer.java:618)
	at io.undertow.websockets.jsr.ServerWebSocketContainer.invokeEndpointMethod(ServerWebSocketContainer.java:608)
	at io.undertow.websockets.jsr.FrameHandler.invokeTextHandler(FrameHandler.java:268)
	at io.undertow.websockets.jsr.FrameHandler.onFullTextMessage(FrameHandler.java:322)
	at io.undertow.websockets.core.AbstractReceiveListener$2.complete(AbstractReceiveListener.java:156)
	at io.undertow.websockets.core.AbstractReceiveListener$2.complete(AbstractReceiveListener.java:152)
	at io.undertow.websockets.core.BufferedTextMessage.read(BufferedTextMessage.java:105)
	at io.undertow.websockets.core.AbstractReceiveListener.readBufferedText(AbstractReceiveListener.java:152)
	at io.undertow.websockets.core.AbstractReceiveListener.bufferFullMessage(AbstractReceiveListener.java:90)
	at io.undertow.websockets.jsr.FrameHandler.onText(FrameHandler.java:184)
	at io.undertow.websockets.core.AbstractReceiveListener.handleEvent(AbstractReceiveListener.java:44)
	at io.undertow.websockets.core.AbstractReceiveListener.handleEvent(AbstractReceiveListener.java:33)
	at org.xnio.ChannelListeners.invokeChannelListener(ChannelListeners.java:92)
	at io.undertow.server.protocol.framed.AbstractFramedChannel$FrameReadListener.handleEvent(AbstractFramedChannel.java:1005)
	at io.undertow.server.protocol.framed.AbstractFramedChannel$FrameReadListener.handleEvent(AbstractFramedChannel.java:985)
	at org.xnio.ChannelListeners.invokeChannelListener(ChannelListeners.java:92)
	at org.xnio.conduits.ReadReadyHandler$ChannelListenerHandler.readReady(ReadReadyHandler.java:66)
	at org.xnio.nio.NioSocketConduit.handleReady(NioSocketConduit.java:89)
	at org.xnio.nio.WorkerThread.run(WorkerThread.java:603)
DEBUG 2026-08-06 02:45:41.503 [TOW I/O-2] com.aspectran.aspectow.appmon.engine.exporter.event.EventExporter@3204d5bc is STARTING - c.a.u.l.AbstractLifeCycle.setStarting(183)
DEBUG 2026-08-06 02:45:41.503 [TOW I/O-2] com.aspectran.aspectow.appmon.engine.exporter.event.EventExporter@3204d5bc is FAILED - c.a.u.l.AbstractLifeCycle.setFailed(227)
java.lang.RuntimeException: Cannot resolve session manager with tow.server/jpetstore
	at com.aspectran.aspectow.appmon.engine.exporter.event.session.SessionEventReader.start(SessionEventReader.java:95)
	at com.aspectran.aspectow.appmon.engine.exporter.event.EventExporter.doStart(EventExporter.java:102)
	at com.aspectran.utils.lifecycle.AbstractLifeCycle.start(AbstractLifeCycle.java:62)
	at com.aspectran.aspectow.appmon.engine.exporter.ExporterManager.start(ExporterManager.java:148)
	at com.aspectran.aspectow.appmon.engine.relay.MessageRelayManager.startExporters(MessageRelayManager.java:156)
	at com.aspectran.aspectow.appmon.engine.relay.MessageRelayManager.subscribe(MessageRelayManager.java:373)
	at com.aspectran.aspectow.appmon.engine.relay.websocket.WebsocketMessageRelayer.established(WebsocketMessageRelayer.java:180)
	at com.aspectran.aspectow.appmon.engine.relay.websocket.WebsocketMessageRelayer.handleMessage(WebsocketMessageRelayer.java:116)
	at com.aspectran.aspectow.appmon.engine.relay.websocket.WebsocketMessageRelayer.lambda$registerMessageHandlers$0(WebsocketMessageRelayer.java:92)
	at io.undertow.websockets.jsr.FrameHandler$7.run(FrameHandler.java:289)
	at io.undertow.websockets.jsr.ServerWebSocketContainer$1.call(ServerWebSocketContainer.java:170)
	at io.undertow.websockets.jsr.ServerWebSocketContainer$1.call(ServerWebSocketContainer.java:167)
	at io.undertow.servlet.core.ContextClassLoaderSetupAction$1.call(ContextClassLoaderSetupAction.java:43)
	at io.undertow.websockets.jsr.ServerWebSocketContainer.invokeEndpointMethod(ServerWebSocketContainer.java:618)
	at io.undertow.websockets.jsr.ServerWebSocketContainer.invokeEndpointMethod(ServerWebSocketContainer.java:608)
	at io.undertow.websockets.jsr.FrameHandler.invokeTextHandler(FrameHandler.java:268)
	at io.undertow.websockets.jsr.FrameHandler.onFullTextMessage(FrameHandler.java:322)
	at io.undertow.websockets.core.AbstractReceiveListener$2.complete(AbstractReceiveListener.java:156)
	at io.undertow.websockets.core.AbstractReceiveListener$2.complete(AbstractReceiveListener.java:152)
	at io.undertow.websockets.core.BufferedTextMessage.read(BufferedTextMessage.java:105)
	at io.undertow.websockets.core.AbstractReceiveListener.readBufferedText(AbstractReceiveListener.java:152)
	at io.undertow.websockets.core.AbstractReceiveListener.bufferFullMessage(AbstractReceiveListener.java:90)
	at io.undertow.websockets.jsr.FrameHandler.onText(FrameHandler.java:184)
	at io.undertow.websockets.core.AbstractReceiveListener.handleEvent(AbstractReceiveListener.java:44)
	at io.undertow.websockets.core.AbstractReceiveListener.handleEvent(AbstractReceiveListener.java:33)
	at org.xnio.ChannelListeners.invokeChannelListener(ChannelListeners.java:92)
	at io.undertow.server.protocol.framed.AbstractFramedChannel$FrameReadListener.handleEvent(AbstractFramedChannel.java:1005)
	at io.undertow.server.protocol.framed.AbstractFramedChannel$FrameReadListener.handleEvent(AbstractFramedChannel.java:985)
	at org.xnio.ChannelListeners.invokeChannelListener(ChannelListeners.java:92)
	at org.xnio.conduits.ReadReadyHandler$ChannelListenerHandler.readReady(ReadReadyHandler.java:66)
	at org.xnio.nio.NioSocketConduit.handleReady(NioSocketConduit.java:89)
	at org.xnio.nio.WorkerThread.run(WorkerThread.java:603)
Caused by: java.lang.IllegalStateException: Deployment named 'jpetstore' not found
	at com.aspectran.utils.Assert.state(Assert.java:55)
	at com.aspectran.undertow.server.AbstractTowServer.getSessionManager(AbstractTowServer.java:354)
	at com.aspectran.aspectow.appmon.engine.exporter.event.session.SessionEventReader.start(SessionEventReader.java:93)
	... 31 common frames omitted
WARN  2026-08-06 02:45:41.504 [TOW I/O-2] Cannot resolve session manager with tow.server/jpetstore - c.a.a.a.e.e.ExporterManager.start(150)
java.lang.RuntimeException: Cannot resolve session manager with tow.server/jpetstore
	at com.aspectran.aspectow.appmon.engine.exporter.event.session.SessionEventReader.start(SessionEventReader.java:95)
	at com.aspectran.aspectow.appmon.engine.exporter.event.EventExporter.doStart(EventExporter.java:102)
	at com.aspectran.utils.lifecycle.AbstractLifeCycle.start(AbstractLifeCycle.java:62)
	at com.aspectran.aspectow.appmon.engine.exporter.ExporterManager.start(ExporterManager.java:148)
	at com.aspectran.aspectow.appmon.engine.relay.MessageRelayManager.startExporters(MessageRelayManager.java:156)
	at com.aspectran.aspectow.appmon.engine.relay.MessageRelayManager.subscribe(MessageRelayManager.java:373)
	at com.aspectran.aspectow.appmon.engine.relay.websocket.WebsocketMessageRelayer.established(WebsocketMessageRelayer.java:180)
	at com.aspectran.aspectow.appmon.engine.relay.websocket.WebsocketMessageRelayer.handleMessage(WebsocketMessageRelayer.java:116)
	at com.aspectran.aspectow.appmon.engine.relay.websocket.WebsocketMessageRelayer.lambda$registerMessageHandlers$0(WebsocketMessageRelayer.java:92)
	at io.undertow.websockets.jsr.FrameHandler$7.run(FrameHandler.java:289)
	at io.undertow.websockets.jsr.ServerWebSocketContainer$1.call(ServerWebSocketContainer.java:170)
	at io.undertow.websockets.jsr.ServerWebSocketContainer$1.call(ServerWebSocketContainer.java:167)
	at io.undertow.servlet.core.ContextClassLoaderSetupAction$1.call(ContextClassLoaderSetupAction.java:43)
	at io.undertow.websockets.jsr.ServerWebSocketContainer.invokeEndpointMethod(ServerWebSocketContainer.java:618)
	at io.undertow.websockets.jsr.ServerWebSocketContainer.invokeEndpointMethod(ServerWebSocketContainer.java:608)
	at io.undertow.websockets.jsr.FrameHandler.invokeTextHandler(FrameHandler.java:268)
	at io.undertow.websockets.jsr.FrameHandler.onFullTextMessage(FrameHandler.java:322)
	at io.undertow.websockets.core.AbstractReceiveListener$2.complete(AbstractReceiveListener.java:156)
	at io.undertow.websockets.core.AbstractReceiveListener$2.complete(AbstractReceiveListener.java:152)
	at io.undertow.websockets.core.BufferedTextMessage.read(BufferedTextMessage.java:105)
	at io.undertow.websockets.core.AbstractReceiveListener.readBufferedText(AbstractReceiveListener.java:152)
	at io.undertow.websockets.core.AbstractReceiveListener.bufferFullMessage(AbstractReceiveListener.java:90)
	at io.undertow.websockets.jsr.FrameHandler.onText(FrameHandler.java:184)
	at io.undertow.websockets.core.AbstractReceiveListener.handleEvent(AbstractReceiveListener.java:44)
	at io.undertow.websockets.core.AbstractReceiveListener.handleEvent(AbstractReceiveListener.java:33)
	at org.xnio.ChannelListeners.invokeChannelListener(ChannelListeners.java:92)
	at io.undertow.server.protocol.framed.AbstractFramedChannel$FrameReadListener.handleEvent(AbstractFramedChannel.java:1005)
	at io.undertow.server.protocol.framed.AbstractFramedChannel$FrameReadListener.handleEvent(AbstractFramedChannel.java:985)
	at org.xnio.ChannelListeners.invokeChannelListener(ChannelListeners.java:92)
	at org.xnio.conduits.ReadReadyHandler$ChannelListenerHandler.readReady(ReadReadyHandler.java:66)
	at org.xnio.nio.NioSocketConduit.handleReady(NioSocketConduit.java:89)
	at org.xnio.nio.WorkerThread.run(WorkerThread.java:603)
Caused by: java.lang.IllegalStateException: Deployment named 'jpetstore' not found
	at com.aspectran.utils.Assert.state(Assert.java:55)
	at com.aspectran.undertow.server.AbstractTowServer.getSessionManager(AbstractTowServer.java:354)
	at com.aspectran.aspectow.appmon.engine.exporter.event.session.SessionEventReader.start(SessionEventReader.java:93)
	... 31 common frames omitted
DEBUG 2026-08-06 02:45:41.505 [TOW I/O-2] com.aspectran.aspectow.appmon.engine.exporter.event.ChartDataExporter@5b9e81d1 is STARTING - c.a.u.l.AbstractLifeCycle.setStarting(183)
DEBUG 2026-08-06 02:45:41.506 [TOW I/O-2] com.aspectran.aspectow.appmon.engine.exporter.event.ChartDataExporter@5b9e81d1 is STARTED - c.a.u.l.AbstractLifeCycle.setStarted(193)
DEBUG 2026-08-06 02:45:41.507 [TOW I/O-2] com.aspectran.aspectow.appmon.engine.exporter.event.ChartDataExporter@4571516d is STARTING - c.a.u.l.AbstractLifeCycle.setStarting(183)
DEBUG 2026-08-06 02:45:41.507 [TOW I/O-2] com.aspectran.aspectow.appmon.engine.exporter.event.ChartDataExporter@4571516d is STARTED - c.a.u.l.AbstractLifeCycle.setStarted(193)
DEBUG 2026-08-06 02:45:41.508 [TOW I/O-2] com.aspectran.aspectow.appmon.engine.exporter.metric.MetricExporter@1268465b is STARTING - c.a.u.l.AbstractLifeCycle.setStarting(183)
ERROR 2026-08-06 02:45:41.509 [TOW I/O-2] XNIO001007: A channel event listener threw an exception - org.xnio.listener.invokeChannelListener(94)
java.lang.NoClassDefFoundError: com/zaxxer/hikari/HikariPoolMXBean
	at com.aspectran.aspectow.appmon.engine.exporter.metric.jdbc.HikariPoolMBeanReader.start(HikariPoolMBeanReader.java:68)
	at com.aspectran.aspectow.appmon.engine.exporter.metric.MetricExporter.doStart(MetricExporter.java:119)
	at com.aspectran.utils.lifecycle.AbstractLifeCycle.start(AbstractLifeCycle.java:62)
	at com.aspectran.aspectow.appmon.engine.exporter.ExporterManager.start(ExporterManager.java:148)
	at com.aspectran.aspectow.appmon.engine.relay.MessageRelayManager.startExporters(MessageRelayManager.java:156)
	at com.aspectran.aspectow.appmon.engine.relay.MessageRelayManager.subscribe(MessageRelayManager.java:373)
	at com.aspectran.aspectow.appmon.engine.relay.websocket.WebsocketMessageRelayer.established(WebsocketMessageRelayer.java:180)
	at com.aspectran.aspectow.appmon.engine.relay.websocket.WebsocketMessageRelayer.handleMessage(WebsocketMessageRelayer.java:116)
	at com.aspectran.aspectow.appmon.engine.relay.websocket.WebsocketMessageRelayer.lambda$registerMessageHandlers$0(WebsocketMessageRelayer.java:92)
	at io.undertow.websockets.jsr.FrameHandler$7.run(FrameHandler.java:289)
	at io.undertow.websockets.jsr.ServerWebSocketContainer$1.call(ServerWebSocketContainer.java:170)
	at io.undertow.websockets.jsr.ServerWebSocketContainer$1.call(ServerWebSocketContainer.java:167)
	at io.undertow.servlet.core.ContextClassLoaderSetupAction$1.call(ContextClassLoaderSetupAction.java:43)
	at io.undertow.websockets.jsr.ServerWebSocketContainer.invokeEndpointMethod(ServerWebSocketContainer.java:618)
	at io.undertow.websockets.jsr.ServerWebSocketContainer.invokeEndpointMethod(ServerWebSocketContainer.java:608)
	at io.undertow.websockets.jsr.FrameHandler.invokeTextHandler(FrameHandler.java:268)
	at io.undertow.websockets.jsr.FrameHandler.onFullTextMessage(FrameHandler.java:322)
	at io.undertow.websockets.core.AbstractReceiveListener$2.complete(AbstractReceiveListener.java:156)
	at io.undertow.websockets.core.AbstractReceiveListener$2.complete(AbstractReceiveListener.java:152)
	at io.undertow.websockets.core.BufferedTextMessage.read(BufferedTextMessage.java:105)
	at io.undertow.websockets.core.AbstractReceiveListener.readBufferedText(AbstractReceiveListener.java:152)
	at io.undertow.websockets.core.AbstractReceiveListener.bufferFullMessage(AbstractReceiveListener.java:90)
	at io.undertow.websockets.jsr.FrameHandler.onText(FrameHandler.java:184)
	at io.undertow.websockets.core.AbstractReceiveListener.handleEvent(AbstractReceiveListener.java:44)
	at io.undertow.websockets.core.AbstractReceiveListener.handleEvent(AbstractReceiveListener.java:33)
	at org.xnio.ChannelListeners.invokeChannelListener(ChannelListeners.java:92)
	at io.undertow.server.protocol.framed.AbstractFramedChannel$FrameReadListener.handleEvent(AbstractFramedChannel.java:1005)
	at io.undertow.server.protocol.framed.AbstractFramedChannel$FrameReadListener.handleEvent(AbstractFramedChannel.java:985)
	at org.xnio.ChannelListeners.invokeChannelListener(ChannelListeners.java:92)
	at org.xnio.conduits.ReadReadyHandler$ChannelListenerHandler.readReady(ReadReadyHandler.java:66)
	at org.xnio.nio.NioSocketConduit.handleReady(NioSocketConduit.java:89)
	at org.xnio.nio.WorkerThread.run(WorkerThread.java:603)
Caused by: java.lang.ClassNotFoundException: com.zaxxer.hikari.HikariPoolMXBean
	... 32 common frames omitted
DEBUG 2026-08-06 02:46:01.929 [TOW I/O-2] Websocket session wGtfu0GETW3VjH5Y2hsOrZOLiv9YfWMGwuLxdtn9 has been closed. Reason: CloseReason[1001] - c.a.a.a.e.r.w.WebsocketMessageRelayer.doOnClose(110)
DEBUG 2026-08-06 02:46:01.929 [TOW I/O-2] com.aspectran.aspectow.appmon.engine.exporter.event.EventExporter@6a6104e5 is STOPPING - c.a.u.l.AbstractLifeCycle.setStopping(203)
DEBUG 2026-08-06 02:46:01.930 [TOW I/O-2] com.aspectran.aspectow.appmon.engine.exporter.event.EventExporter@6a6104e5 {id=activity, target=jpetstore, parameters={+=/**}} is STOPPED - c.a.u.l.AbstractLifeCycle.setStopped(213)
DEBUG 2026-08-06 02:46:01.931 [TOW I/O-2] com.aspectran.aspectow.appmon.engine.exporter.event.EventExporter@3204d5bc is STOPPING - c.a.u.l.AbstractLifeCycle.setStopping(203)
DEBUG 2026-08-06 02:46:01.931 [TOW I/O-2] com.aspectran.aspectow.appmon.engine.exporter.event.EventExporter@3204d5bc {id=session, target=tow.server/jpetstore} is STOPPED - c.a.u.l.AbstractLifeCycle.setStopped(213)
DEBUG 2026-08-06 02:46:01.932 [TOW I/O-2] com.aspectran.aspectow.appmon.engine.exporter.event.ChartDataExporter@5b9e81d1 is STOPPING - c.a.u.l.AbstractLifeCycle.setStopping(203)
DEBUG 2026-08-06 02:46:01.932 [TOW I/O-2] com.aspectran.aspectow.appmon.engine.exporter.event.ChartDataExporter@5b9e81d1 {id=activity, target=jpetstore, parameters={+=/**}} is STOPPED - c.a.u.l.AbstractLifeCycle.setStopped(213)
DEBUG 2026-08-06 02:46:01.933 [TOW I/O-2] com.aspectran.aspectow.appmon.engine.exporter.event.ChartDataExporter@4571516d is STOPPING - c.a.u.l.AbstractLifeCycle.setStopping(203)
DEBUG 2026-08-06 02:46:01.933 [TOW I/O-2] com.aspectran.aspectow.appmon.engine.exporter.event.ChartDataExporter@4571516d {id=session, target=tow.server/jpetstore} is STOPPED - c.a.u.l.AbstractLifeCycle.setStopped(213)
DEBUG 2026-08-06 02:46:01.934 [TOW I/O-2] com.aspectran.aspectow.appmon.engine.exporter.metric.MetricExporter@1268465b is STOPPING - c.a.u.l.AbstractLifeCycle.setStopping(203)
DEBUG 2026-08-06 02:46:01.934 [TOW I/O-2] com.aspectran.aspectow.appmon.engine.exporter.metric.MetricExporter@1268465b {id=cp-jpetstore, title=CP-jpetstore, description=Shows the JDBC connection pool usage status, reader=com.aspectran.aspectow.appmon.engine.exporter.metric.jdbc.HikariPoolMBeanReader, parameters={poolName=jpetstore}, sampleInterval=50, exportInterval=900} is STOPPED - c.a.u.l.AbstractLifeCycle.setStopped(213)
DEBUG 2026-08-06 02:46:01.938 [TOW task-2] Session 1ljxb1af1vxkt2kna7rph5v6u0.cn0 in use, stopping timer, active requests=1 - c.a.c.c.session.ManagedSession.access(314)
DEBUG 2026-08-06 02:46:01.938 [TOW task-2] GET /console/cluster/scheduler/ HTTP/1.1 0:0:0:0:0:0:0:1 - c.a.w.s.DefaultWebService.service(87)
DEBUG 2026-08-06 02:46:01.939 [TOW task-2] Translet {name=/cluster/scheduler/, responseRule={response={type=dispatch, name=cluster/scheduler}}} - c.a.core.activity.CoreActivity.prepare(220)
DEBUG 2026-08-06 02:46:01.940 [TOW task-2] Advice {type=before, instance=com.aspectran.aspectow.appmon.engine.persist.counter.activity.ActivityEventCounter$$Lambda/0x000000000a6444f8@3c216cd6, order=0, isolated=true} - c.a.c.activity.AdviceActivity.executeAdvice(351)
DEBUG 2026-08-06 02:46:01.940 [TOW task-2] Advice {type=before, action={advice={method=com.aspectran.aspectow.console.auth.UserAuthAspect.checkAuthenticated(com.aspectran.core.activity.Translet)}}, order=1} - c.a.c.activity.AdviceActivity.executeAdvice(351)
DEBUG 2026-08-06 02:46:01.941 [TOW task-2] Advice {type=before, action={advice={method=com.aspectran.aspectow.console.auth.AccessControlAspect.checkPermission(com.aspectran.core.activity.Translet)}}, order=2} - c.a.c.activity.AdviceActivity.executeAdvice(351)
DEBUG 2026-08-06 02:46:01.941 [TOW task-2] Advice {type=before, action={header={headers=[X-Frame-Options, X-Content-Type-Options, X-XSS-Protection, Referrer-Policy]}}} - c.a.c.activity.AdviceActivity.executeAdvice(351)
DEBUG 2026-08-06 02:46:01.942 [TOW task-2] Advice {type=before, action={header={headers=[Content-Type, Content-Security-Policy]}}} - c.a.c.activity.AdviceActivity.executeAdvice(351)
DEBUG 2026-08-06 02:46:01.942 [TOW task-2] Action {annotated={id=page, method=com.aspectran.aspectow.console.scheduler.SchedulerActivity.scheduler(com.aspectran.core.activity.Translet, java.lang.String)}} - c.a.core.activity.CoreActivity.execute(652)
DEBUG 2026-08-06 02:46:02.000 [TOW task-2] Response {type=dispatch, name=cluster/scheduler} - c.a.c.a.r.d.DispatchResponse.respond(71)
DEBUG 2026-08-06 02:46:02.000 [TOW task-2] Dispatching to Thymeleaf template cluster/scheduler - c.a.t.v.ThymeleafViewDispatcher.dispatch(88)
DEBUG 2026-08-06 02:46:02.070 [TOW task-2] Session 1ljxb1af1vxkt2kna7rph5v6u0.cn0 complete, active requests=0 - c.a.c.c.session.ManagedSession.complete(334)
DEBUG 2026-08-06 02:46:02.162 [TOW task-2] Session 1ljxb1af1vxkt2kna7rph5v6u0.cn0 in use, stopping timer, active requests=1 - c.a.c.c.session.ManagedSession.access(314)
DEBUG 2026-08-06 02:46:02.163 [TOW task-2] GET /console/cluster/token HTTP/1.1 0:0:0:0:0:0:0:1 - c.a.w.s.DefaultWebService.service(87)
DEBUG 2026-08-06 02:46:02.163 [TOW task-2] Translet {name=/cluster/token, responseRule={response={type=transform, format=custom}}} - c.a.core.activity.CoreActivity.prepare(220)
DEBUG 2026-08-06 02:46:02.164 [TOW task-2] Advice {type=before, instance=com.aspectran.aspectow.appmon.engine.persist.counter.activity.ActivityEventCounter$$Lambda/0x000000000a6444f8@3c216cd6, order=0, isolated=true} - c.a.c.activity.AdviceActivity.executeAdvice(351)
DEBUG 2026-08-06 02:46:02.164 [TOW task-2] Advice {type=before, action={advice={method=com.aspectran.aspectow.console.auth.UserAuthAspect.checkAuthenticated(com.aspectran.core.activity.Translet)}}, order=1} - c.a.c.activity.AdviceActivity.executeAdvice(351)
DEBUG 2026-08-06 02:46:02.165 [TOW task-2] Advice {type=before, action={advice={method=com.aspectran.aspectow.console.auth.AccessControlAspect.checkPermission(com.aspectran.core.activity.Translet)}}, order=2} - c.a.c.activity.AdviceActivity.executeAdvice(351)
DEBUG 2026-08-06 02:46:02.166 [TOW task-2] Advice {type=before, action={header={headers=[X-Frame-Options, X-Content-Type-Options, X-XSS-Protection, Referrer-Policy]}}} - c.a.c.activity.AdviceActivity.executeAdvice(351)
DEBUG 2026-08-06 02:46:02.166 [TOW task-2] Action {annotated={method=com.aspectran.aspectow.console.cluster.ClusterActivity.refreshToken(com.aspectran.core.activity.Translet)}} - c.a.core.activity.CoreActivity.execute(652)
DEBUG 2026-08-06 02:46:02.170 [TOW task-2] Response {success=true, data=3aYPFlrKHhuWsCP-izXCHHSb8zf8vYSLfDszoxYox7Jfj_-lSx-ND8Jpy2QVr2MFyw7cu9C5ZdQ} - c.a.c.a.r.t.CustomTransformResponse.respond(85)
DEBUG 2026-08-06 02:46:02.172 [TOW task-2] Session 1ljxb1af1vxkt2kna7rph5v6u0.cn0 complete, active requests=0 - c.a.c.c.session.ManagedSession.complete(334)
DEBUG 2026-08-06 02:46:02.181 [TOW task-2] Session 1ljxb1af1vxkt2kna7rph5v6u0.cn0 in use, stopping timer, active requests=1 - c.a.c.c.session.ManagedSession.access(314)
DEBUG 2026-08-06 02:46:02.182 [TOW task-2] GET /console/cluster/token HTTP/1.1 0:0:0:0:0:0:0:1 - c.a.w.s.DefaultWebService.service(87)
DEBUG 2026-08-06 02:46:02.182 [TOW task-2] Translet {name=/cluster/token, responseRule={response={type=transform, format=custom}}} - c.a.core.activity.CoreActivity.prepare(220)
DEBUG 2026-08-06 02:46:02.183 [TOW task-2] Advice {type=before, instance=com.aspectran.aspectow.appmon.engine.persist.counter.activity.ActivityEventCounter$$Lambda/0x000000000a6444f8@3c216cd6, order=0, isolated=true} - c.a.c.activity.AdviceActivity.executeAdvice(351)
DEBUG 2026-08-06 02:46:02.183 [TOW task-2] Advice {type=before, action={advice={method=com.aspectran.aspectow.console.auth.UserAuthAspect.checkAuthenticated(com.aspectran.core.activity.Translet)}}, order=1} - c.a.c.activity.AdviceActivity.executeAdvice(351)
DEBUG 2026-08-06 02:46:02.184 [TOW task-2] Advice {type=before, action={advice={method=com.aspectran.aspectow.console.auth.AccessControlAspect.checkPermission(com.aspectran.core.activity.Translet)}}, order=2} - c.a.c.activity.AdviceActivity.executeAdvice(351)
DEBUG 2026-08-06 02:46:02.185 [TOW task-2] Advice {type=before, action={header={headers=[X-Frame-Options, X-Content-Type-Options, X-XSS-Protection, Referrer-Policy]}}} - c.a.c.activity.AdviceActivity.executeAdvice(351)
DEBUG 2026-08-06 02:46:02.186 [TOW task-2] Action {annotated={method=com.aspectran.aspectow.console.cluster.ClusterActivity.refreshToken(com.aspectran.core.activity.Translet)}} - c.a.core.activity.CoreActivity.execute(652)
DEBUG 2026-08-06 02:46:02.188 [TOW task-2] Response {success=true, data=eLLqm6n62ieKyZ8d2rtIqYq_KYKIfwkAKOrSEp2GyK4Qg9Ilo72rrOLsq9sT5N2z4_FSEXX7czk} - c.a.c.a.r.t.CustomTransformResponse.respond(85)
DEBUG 2026-08-06 02:46:02.190 [TOW task-2] Session 1ljxb1af1vxkt2kna7rph5v6u0.cn0 complete, active requests=0 - c.a.c.c.session.ManagedSession.complete(334)
DEBUG 2026-08-06 02:46:02.208 [TOW task-2] Session 1ljxb1af1vxkt2kna7rph5v6u0.cn0 in use, stopping timer, active requests=1 - c.a.c.c.session.ManagedSession.access(314)
DEBUG 2026-08-06 02:46:02.211 [TOW task-2] WebSocket connection established for session PEuXrI4vifWJG0NNksMRUqNyNXz8Il1aa_h0E9bn - c.a.a.c.s.b.w.WebsocketSchedulerBridge.doOnOpen(74)
DEBUG 2026-08-06 02:46:02.212 [TOW task-2] Session 1ljxb1af1vxkt2kna7rph5v6u0.cn0 complete, active requests=0 - c.a.c.c.session.ManagedSession.complete(334)
DEBUG 2026-08-06 02:46:02.218 [TOW I/O-3] Discovering scheduler log files in: /home/aspectran/projects/public/aspectow-demo-console/app/logs - c.a.a.n.m.s.RemoteSchedulerManager.discoverLogFiles(238)
INFO  2026-08-06 02:46:02.219 [TOW I/O-3] Discovered scheduler log file: /home/aspectran/projects/public/aspectow-demo-console/app/logs/console-scheduler.log - c.a.a.n.m.s.RemoteSchedulerManager.discoverLogFiles(251)
DEBUG 2026-08-06 02:46:02.221 [TOW I/O-3] com.aspectran.aspectow.node.management.scheduler.log.SchedulerLogExporter@175778ed is STARTING - c.a.u.l.AbstractLifeCycle.setStarting(183)
INFO  2026-08-06 02:46:02.243 [TOW I/O-3] Started tailing scheduler log file: /home/aspectran/projects/public/aspectow-demo-console/app/logs/console-scheduler.log - c.a.a.n.m.s.l.SchedulerLogExporter.doStart(328)
DEBUG 2026-08-06 02:46:02.243 [TOW I/O-3] com.aspectran.aspectow.node.management.scheduler.log.SchedulerLogExporter@175778ed is STARTED - c.a.u.l.AbstractLifeCycle.setStarted(193)
DEBUG 2026-08-06 02:46:02.252 [TOW I/O-3] ConsoleClient joined scheduler management: session PEuXrI4vifWJG0NNksMRUqNyNXz8Il1aa_h0E9bn, targetNodeId: localhost-console1 - c.a.a.c.s.b.w.WebsocketSchedulerBridge.subscribe(153)
DEBUG 2026-08-06 02:46:02.261 [TOW I/O-3] Scheduler request dispatched to node localhost: services - c.a.a.n.m.s.RemoteSchedulerManager.dispatch(321)
DEBUG 2026-08-06 02:46:02.264 [TOW I/O-3] Executing local scheduler request: services - c.a.a.n.m.s.RemoteSchedulerManager.process(297)
DEBUG 2026-08-06 02:46:02.270 [TOW I/O-3] Collected scheduler list from 1 active services - c.a.a.n.m.s.LocalSchedulerService.getSchedulesAsJson(75)
DEBUG 2026-08-06 02:46:02.280 [TOW I/O-3] Scheduler management session established: session PEuXrI4vifWJG0NNksMRUqNyNXz8Il1aa_h0E9bn - c.a.a.c.s.b.w.WebsocketSchedulerBridge.established(162)
DEBUG 2026-08-06 02:46:03.151 [TOW I/O-3] Websocket session PEuXrI4vifWJG0NNksMRUqNyNXz8Il1aa_h0E9bn has been closed. Reason: CloseReason[1001] - c.a.a.c.s.b.w.WebsocketSchedulerBridge.doOnClose(110)
DEBUG 2026-08-06 02:46:03.152 [TOW I/O-3] com.aspectran.aspectow.node.management.scheduler.log.SchedulerLogExporter@175778ed is STOPPING - c.a.u.l.AbstractLifeCycle.setStopping(203)
INFO  2026-08-06 02:46:03.152 [TOW I/O-3] Stopped tailing scheduler log file: /home/aspectran/projects/public/aspectow-demo-console/app/logs/console-scheduler.log - c.a.a.n.m.s.l.SchedulerLogExporter.doStop(343)
DEBUG 2026-08-06 02:46:03.153 [TOW I/O-3] com.aspectran.aspectow.node.management.scheduler.log.SchedulerLogExporter@175778ed is STOPPED - c.a.u.l.AbstractLifeCycle.setStopped(213)
DEBUG 2026-08-06 02:46:03.162 [TOW I/O-3] Scheduler WebSocket session removed: PEuXrI4vifWJG0NNksMRUqNyNXz8Il1aa_h0E9bn - c.a.a.c.s.b.w.WebsocketSchedulerBridge.onSessionRemoved(132)
DEBUG 2026-08-06 02:46:03.166 [TOW task-2] Session 1ljxb1af1vxkt2kna7rph5v6u0.cn0 in use, stopping timer, active requests=1 - c.a.c.c.session.ManagedSession.access(314)
DEBUG 2026-08-06 02:46:03.167 [TOW task-2] GET /console/appmon/dashboard/ HTTP/1.1 0:0:0:0:0:0:0:1 - c.a.w.s.DefaultWebService.service(87)
DEBUG 2026-08-06 02:46:03.168 [TOW task-2] Translet {name=/appmon/dashboard/${appsToSubscribe}, namePattern=/appmon/dashboard/*, responseRule={response={type=dispatch, name=appmon/dashboard, viewDispatcher={name=com.aspectran.thymeleaf.view.ThymeleafViewDispatcher@61c475c8}}}} - c.a.core.activity.CoreActivity.prepare(220)
DEBUG 2026-08-06 02:46:03.169 [TOW task-2] Advice {type=before, instance=com.aspectran.aspectow.appmon.engine.persist.counter.activity.ActivityEventCounter$$Lambda/0x000000000a6444f8@3c216cd6, order=0, isolated=true} - c.a.c.activity.AdviceActivity.executeAdvice(351)
DEBUG 2026-08-06 02:46:03.170 [TOW task-2] Advice {type=before, action={advice={method=com.aspectran.aspectow.console.auth.UserAuthAspect.checkAuthenticated(com.aspectran.core.activity.Translet)}}, order=1} - c.a.c.activity.AdviceActivity.executeAdvice(351)
DEBUG 2026-08-06 02:46:03.170 [TOW task-2] Advice {type=before, action={advice={method=com.aspectran.aspectow.console.auth.AccessControlAspect.checkPermission(com.aspectran.core.activity.Translet)}}, order=2} - c.a.c.activity.AdviceActivity.executeAdvice(351)
DEBUG 2026-08-06 02:46:03.171 [TOW task-2] Advice {type=before, action={header={headers=[X-Frame-Options, X-Content-Type-Options, X-XSS-Protection, Referrer-Policy]}}} - c.a.c.activity.AdviceActivity.executeAdvice(351)
DEBUG 2026-08-06 02:46:03.172 [TOW task-2] Advice {type=before, action={header={headers=[Content-Type, Content-Security-Policy]}}} - c.a.c.activity.AdviceActivity.executeAdvice(351)
DEBUG 2026-08-06 02:46:03.173 [TOW task-2] Advice {type=before, action={advice={method=com.aspectran.aspectow.console.common.aspect.DevCorsAdvice.process(com.aspectran.core.activity.Translet)}}} - c.a.c.activity.AdviceActivity.executeAdvice(351)
DEBUG 2026-08-06 02:46:03.173 [TOW task-2] Action {annotated={id=page, method=com.aspectran.aspectow.console.appmon.AppMonActivity.dashboard(java.lang.String)}} - c.a.core.activity.CoreActivity.execute(652)
DEBUG 2026-08-06 02:46:03.174 [TOW task-2] Response {type=dispatch, name=appmon/dashboard, viewDispatcher={name=com.aspectran.thymeleaf.view.ThymeleafViewDispatcher@61c475c8}} - c.a.c.a.r.d.DispatchResponse.respond(71)
DEBUG 2026-08-06 02:46:03.175 [TOW task-2] Dispatching to Thymeleaf template appmon/dashboard - c.a.t.v.ThymeleafViewDispatcher.dispatch(88)
DEBUG 2026-08-06 02:46:03.218 [TOW task-2] Session 1ljxb1af1vxkt2kna7rph5v6u0.cn0 complete, active requests=0 - c.a.c.c.session.ManagedSession.complete(334)
DEBUG 2026-08-06 02:46:03.311 [TOW task-4] Session 1ljxb1af1vxkt2kna7rph5v6u0.cn0 in use, stopping timer, active requests=1 - c.a.c.c.session.ManagedSession.access(314)
DEBUG 2026-08-06 02:46:03.312 [TOW task-4] GET /console/appmon/config/data HTTP/1.1 0:0:0:0:0:0:0:1 - c.a.w.s.DefaultWebService.service(87)
DEBUG 2026-08-06 02:46:03.312 [TOW task-4] Translet {name=/appmon/config/data, method=[GET], responseRule={response={type=transform, format=custom}}} - c.a.core.activity.CoreActivity.prepare(220)
DEBUG 2026-08-06 02:46:03.313 [TOW task-4] Advice {type=before, instance=com.aspectran.aspectow.appmon.engine.persist.counter.activity.ActivityEventCounter$$Lambda/0x000000000a6444f8@3c216cd6, order=0, isolated=true} - c.a.c.activity.AdviceActivity.executeAdvice(351)
DEBUG 2026-08-06 02:46:03.314 [TOW task-4] Advice {type=before, action={advice={method=com.aspectran.aspectow.console.auth.UserAuthAspect.checkAuthenticated(com.aspectran.core.activity.Translet)}}, order=1} - c.a.c.activity.AdviceActivity.executeAdvice(351)
DEBUG 2026-08-06 02:46:03.315 [TOW task-4] Advice {type=before, action={advice={method=com.aspectran.aspectow.console.auth.AccessControlAspect.checkPermission(com.aspectran.core.activity.Translet)}}, order=2} - c.a.c.activity.AdviceActivity.executeAdvice(351)
DEBUG 2026-08-06 02:46:03.315 [TOW task-4] Advice {type=before, action={header={headers=[X-Frame-Options, X-Content-Type-Options, X-XSS-Protection, Referrer-Policy]}}} - c.a.c.activity.AdviceActivity.executeAdvice(351)
DEBUG 2026-08-06 02:46:03.316 [TOW task-4] Advice {type=before, action={advice={method=com.aspectran.aspectow.console.common.aspect.DevCorsAdvice.process(com.aspectran.core.activity.Translet)}}} - c.a.c.activity.AdviceActivity.executeAdvice(351)
DEBUG 2026-08-06 02:46:03.317 [TOW task-4] Action {annotated={method=com.aspectran.aspectow.console.appmon.AppMonActivity.getConfigData(com.aspectran.core.activity.Translet, java.lang.String)}} - c.a.core.activity.CoreActivity.execute(652)
DEBUG 2026-08-06 02:46:03.368 [TOW task-4] Response com.aspectran.web.activity.response.DefaultRestResponse@4f7e4817 - c.a.c.a.r.t.CustomTransformResponse.respond(85)
DEBUG 2026-08-06 02:46:03.371 [TOW task-4] Session 1ljxb1af1vxkt2kna7rph5v6u0.cn0 complete, active requests=0 - c.a.c.c.session.ManagedSession.complete(334)
DEBUG 2026-08-06 02:46:03.425 [TOW task-4] Session 1ljxb1af1vxkt2kna7rph5v6u0.cn0 in use, stopping timer, active requests=1 - c.a.c.c.session.ManagedSession.access(314)
DEBUG 2026-08-06 02:46:03.427 [TOW task-4] WebSocket connection established for session ZPudH7fAVsLblhqHtKWxhk6wvwpwEvXqME5Wu9hq - c.a.a.a.e.r.w.WebsocketMessageRelayer.doOnOpen(74)
DEBUG 2026-08-06 02:46:03.428 [TOW task-4] Session 1ljxb1af1vxkt2kna7rph5v6u0.cn0 complete, active requests=0 - c.a.c.c.session.ManagedSession.complete(334)
DEBUG 2026-08-06 02:46:03.527 [TOW I/O-2] com.aspectran.aspectow.appmon.engine.exporter.event.EventExporter@6a6104e5 is STARTING - c.a.u.l.AbstractLifeCycle.setStarting(183)
DEBUG 2026-08-06 02:46:03.528 [TOW I/O-2] com.aspectran.aspectow.appmon.engine.exporter.event.EventExporter@6a6104e5 is FAILED - c.a.u.l.AbstractLifeCycle.setFailed(227)
java.lang.Exception: Could not find ActivityContext named 'jpetstore'
	at com.aspectran.aspectow.appmon.engine.exporter.event.activity.ActivityEventReader.start(ActivityEventReader.java:70)
	at com.aspectran.aspectow.appmon.engine.exporter.event.EventExporter.doStart(EventExporter.java:102)
	at com.aspectran.utils.lifecycle.AbstractLifeCycle.start(AbstractLifeCycle.java:62)
	at com.aspectran.aspectow.appmon.engine.exporter.ExporterManager.start(ExporterManager.java:148)
	at com.aspectran.aspectow.appmon.engine.relay.MessageRelayManager.startExporters(MessageRelayManager.java:156)
	at com.aspectran.aspectow.appmon.engine.relay.MessageRelayManager.subscribe(MessageRelayManager.java:373)
	at com.aspectran.aspectow.appmon.engine.relay.websocket.WebsocketMessageRelayer.established(WebsocketMessageRelayer.java:180)
	at com.aspectran.aspectow.appmon.engine.relay.websocket.WebsocketMessageRelayer.handleMessage(WebsocketMessageRelayer.java:116)
	at com.aspectran.aspectow.appmon.engine.relay.websocket.WebsocketMessageRelayer.lambda$registerMessageHandlers$0(WebsocketMessageRelayer.java:92)
	at io.undertow.websockets.jsr.FrameHandler$7.run(FrameHandler.java:289)
	at io.undertow.websockets.jsr.ServerWebSocketContainer$1.call(ServerWebSocketContainer.java:170)
	at io.undertow.websockets.jsr.ServerWebSocketContainer$1.call(ServerWebSocketContainer.java:167)
	at io.undertow.servlet.core.ContextClassLoaderSetupAction$1.call(ContextClassLoaderSetupAction.java:43)
	at io.undertow.websockets.jsr.ServerWebSocketContainer.invokeEndpointMethod(ServerWebSocketContainer.java:618)
	at io.undertow.websockets.jsr.ServerWebSocketContainer.invokeEndpointMethod(ServerWebSocketContainer.java:608)
	at io.undertow.websockets.jsr.FrameHandler.invokeTextHandler(FrameHandler.java:268)
	at io.undertow.websockets.jsr.FrameHandler.onFullTextMessage(FrameHandler.java:322)
	at io.undertow.websockets.core.AbstractReceiveListener$2.complete(AbstractReceiveListener.java:156)
	at io.undertow.websockets.core.AbstractReceiveListener$2.complete(AbstractReceiveListener.java:152)
	at io.undertow.websockets.core.BufferedTextMessage.read(BufferedTextMessage.java:105)
	at io.undertow.websockets.core.AbstractReceiveListener.readBufferedText(AbstractReceiveListener.java:152)
	at io.undertow.websockets.core.AbstractReceiveListener.bufferFullMessage(AbstractReceiveListener.java:90)
	at io.undertow.websockets.jsr.FrameHandler.onText(FrameHandler.java:184)
	at io.undertow.websockets.core.AbstractReceiveListener.handleEvent(AbstractReceiveListener.java:44)
	at io.undertow.websockets.core.AbstractReceiveListener.handleEvent(AbstractReceiveListener.java:33)
	at org.xnio.ChannelListeners.invokeChannelListener(ChannelListeners.java:92)
	at io.undertow.server.protocol.framed.AbstractFramedChannel$FrameReadListener.handleEvent(AbstractFramedChannel.java:1005)
	at io.undertow.server.protocol.framed.AbstractFramedChannel$FrameReadListener.handleEvent(AbstractFramedChannel.java:985)
	at org.xnio.ChannelListeners.invokeChannelListener(ChannelListeners.java:92)
	at org.xnio.conduits.ReadReadyHandler$ChannelListenerHandler.readReady(ReadReadyHandler.java:66)
	at org.xnio.nio.NioSocketConduit.handleReady(NioSocketConduit.java:89)
	at org.xnio.nio.WorkerThread.run(WorkerThread.java:603)
WARN  2026-08-06 02:46:03.528 [TOW I/O-2] Could not find ActivityContext named 'jpetstore' - c.a.a.a.e.e.ExporterManager.start(150)
java.lang.Exception: Could not find ActivityContext named 'jpetstore'
	at com.aspectran.aspectow.appmon.engine.exporter.event.activity.ActivityEventReader.start(ActivityEventReader.java:70)
	at com.aspectran.aspectow.appmon.engine.exporter.event.EventExporter.doStart(EventExporter.java:102)
	at com.aspectran.utils.lifecycle.AbstractLifeCycle.start(AbstractLifeCycle.java:62)
	at com.aspectran.aspectow.appmon.engine.exporter.ExporterManager.start(ExporterManager.java:148)
	at com.aspectran.aspectow.appmon.engine.relay.MessageRelayManager.startExporters(MessageRelayManager.java:156)
	at com.aspectran.aspectow.appmon.engine.relay.MessageRelayManager.subscribe(MessageRelayManager.java:373)
	at com.aspectran.aspectow.appmon.engine.relay.websocket.WebsocketMessageRelayer.established(WebsocketMessageRelayer.java:180)
	at com.aspectran.aspectow.appmon.engine.relay.websocket.WebsocketMessageRelayer.handleMessage(WebsocketMessageRelayer.java:116)
	at com.aspectran.aspectow.appmon.engine.relay.websocket.WebsocketMessageRelayer.lambda$registerMessageHandlers$0(WebsocketMessageRelayer.java:92)
	at io.undertow.websockets.jsr.FrameHandler$7.run(FrameHandler.java:289)
	at io.undertow.websockets.jsr.ServerWebSocketContainer$1.call(ServerWebSocketContainer.java:170)
	at io.undertow.websockets.jsr.ServerWebSocketContainer$1.call(ServerWebSocketContainer.java:167)
	at io.undertow.servlet.core.ContextClassLoaderSetupAction$1.call(ContextClassLoaderSetupAction.java:43)
	at io.undertow.websockets.jsr.ServerWebSocketContainer.invokeEndpointMethod(ServerWebSocketContainer.java:618)
	at io.undertow.websockets.jsr.ServerWebSocketContainer.invokeEndpointMethod(ServerWebSocketContainer.java:608)
	at io.undertow.websockets.jsr.FrameHandler.invokeTextHandler(FrameHandler.java:268)
	at io.undertow.websockets.jsr.FrameHandler.onFullTextMessage(FrameHandler.java:322)
	at io.undertow.websockets.core.AbstractReceiveListener$2.complete(AbstractReceiveListener.java:156)
	at io.undertow.websockets.core.AbstractReceiveListener$2.complete(AbstractReceiveListener.java:152)
	at io.undertow.websockets.core.BufferedTextMessage.read(BufferedTextMessage.java:105)
	at io.undertow.websockets.core.AbstractReceiveListener.readBufferedText(AbstractReceiveListener.java:152)
	at io.undertow.websockets.core.AbstractReceiveListener.bufferFullMessage(AbstractReceiveListener.java:90)
	at io.undertow.websockets.jsr.FrameHandler.onText(FrameHandler.java:184)
	at io.undertow.websockets.core.AbstractReceiveListener.handleEvent(AbstractReceiveListener.java:44)
	at io.undertow.websockets.core.AbstractReceiveListener.handleEvent(AbstractReceiveListener.java:33)
	at org.xnio.ChannelListeners.invokeChannelListener(ChannelListeners.java:92)
	at io.undertow.server.protocol.framed.AbstractFramedChannel$FrameReadListener.handleEvent(AbstractFramedChannel.java:1005)
	at io.undertow.server.protocol.framed.AbstractFramedChannel$FrameReadListener.handleEvent(AbstractFramedChannel.java:985)
	at org.xnio.ChannelListeners.invokeChannelListener(ChannelListeners.java:92)
	at org.xnio.conduits.ReadReadyHandler$ChannelListenerHandler.readReady(ReadReadyHandler.java:66)
	at org.xnio.nio.NioSocketConduit.handleReady(NioSocketConduit.java:89)
	at org.xnio.nio.WorkerThread.run(WorkerThread.java:603)
DEBUG 2026-08-06 02:46:03.529 [TOW I/O-2] com.aspectran.aspectow.appmon.engine.exporter.event.EventExporter@3204d5bc is STARTING - c.a.u.l.AbstractLifeCycle.setStarting(183)
DEBUG 2026-08-06 02:46:03.529 [TOW I/O-2] com.aspectran.aspectow.appmon.engine.exporter.event.EventExporter@3204d5bc is FAILED - c.a.u.l.AbstractLifeCycle.setFailed(227)
java.lang.RuntimeException: Cannot resolve session manager with tow.server/jpetstore
	at com.aspectran.aspectow.appmon.engine.exporter.event.session.SessionEventReader.start(SessionEventReader.java:95)
	at com.aspectran.aspectow.appmon.engine.exporter.event.EventExporter.doStart(EventExporter.java:102)
	at com.aspectran.utils.lifecycle.AbstractLifeCycle.start(AbstractLifeCycle.java:62)
	at com.aspectran.aspectow.appmon.engine.exporter.ExporterManager.start(ExporterManager.java:148)
	at com.aspectran.aspectow.appmon.engine.relay.MessageRelayManager.startExporters(MessageRelayManager.java:156)
	at com.aspectran.aspectow.appmon.engine.relay.MessageRelayManager.subscribe(MessageRelayManager.java:373)
	at com.aspectran.aspectow.appmon.engine.relay.websocket.WebsocketMessageRelayer.established(WebsocketMessageRelayer.java:180)
	at com.aspectran.aspectow.appmon.engine.relay.websocket.WebsocketMessageRelayer.handleMessage(WebsocketMessageRelayer.java:116)
	at com.aspectran.aspectow.appmon.engine.relay.websocket.WebsocketMessageRelayer.lambda$registerMessageHandlers$0(WebsocketMessageRelayer.java:92)
	at io.undertow.websockets.jsr.FrameHandler$7.run(FrameHandler.java:289)
	at io.undertow.websockets.jsr.ServerWebSocketContainer$1.call(ServerWebSocketContainer.java:170)
	at io.undertow.websockets.jsr.ServerWebSocketContainer$1.call(ServerWebSocketContainer.java:167)
	at io.undertow.servlet.core.ContextClassLoaderSetupAction$1.call(ContextClassLoaderSetupAction.java:43)
	at io.undertow.websockets.jsr.ServerWebSocketContainer.invokeEndpointMethod(ServerWebSocketContainer.java:618)
	at io.undertow.websockets.jsr.ServerWebSocketContainer.invokeEndpointMethod(ServerWebSocketContainer.java:608)
	at io.undertow.websockets.jsr.FrameHandler.invokeTextHandler(FrameHandler.java:268)
	at io.undertow.websockets.jsr.FrameHandler.onFullTextMessage(FrameHandler.java:322)
	at io.undertow.websockets.core.AbstractReceiveListener$2.complete(AbstractReceiveListener.java:156)
	at io.undertow.websockets.core.AbstractReceiveListener$2.complete(AbstractReceiveListener.java:152)
	at io.undertow.websockets.core.BufferedTextMessage.read(BufferedTextMessage.java:105)
	at io.undertow.websockets.core.AbstractReceiveListener.readBufferedText(AbstractReceiveListener.java:152)
	at io.undertow.websockets.core.AbstractReceiveListener.bufferFullMessage(AbstractReceiveListener.java:90)
	at io.undertow.websockets.jsr.FrameHandler.onText(FrameHandler.java:184)
	at io.undertow.websockets.core.AbstractReceiveListener.handleEvent(AbstractReceiveListener.java:44)
	at io.undertow.websockets.core.AbstractReceiveListener.handleEvent(AbstractReceiveListener.java:33)
	at org.xnio.ChannelListeners.invokeChannelListener(ChannelListeners.java:92)
	at io.undertow.server.protocol.framed.AbstractFramedChannel$FrameReadListener.handleEvent(AbstractFramedChannel.java:1005)
	at io.undertow.server.protocol.framed.AbstractFramedChannel$FrameReadListener.handleEvent(AbstractFramedChannel.java:985)
	at org.xnio.ChannelListeners.invokeChannelListener(ChannelListeners.java:92)
	at org.xnio.conduits.ReadReadyHandler$ChannelListenerHandler.readReady(ReadReadyHandler.java:66)
	at org.xnio.nio.NioSocketConduit.handleReady(NioSocketConduit.java:89)
	at org.xnio.nio.WorkerThread.run(WorkerThread.java:603)
Caused by: java.lang.IllegalStateException: Deployment named 'jpetstore' not found
	at com.aspectran.utils.Assert.state(Assert.java:55)
	at com.aspectran.undertow.server.AbstractTowServer.getSessionManager(AbstractTowServer.java:354)
	at com.aspectran.aspectow.appmon.engine.exporter.event.session.SessionEventReader.start(SessionEventReader.java:93)
	... 31 common frames omitted
WARN  2026-08-06 02:46:03.529 [TOW I/O-2] Cannot resolve session manager with tow.server/jpetstore - c.a.a.a.e.e.ExporterManager.start(150)
java.lang.RuntimeException: Cannot resolve session manager with tow.server/jpetstore
	at com.aspectran.aspectow.appmon.engine.exporter.event.session.SessionEventReader.start(SessionEventReader.java:95)
	at com.aspectran.aspectow.appmon.engine.exporter.event.EventExporter.doStart(EventExporter.java:102)
	at com.aspectran.utils.lifecycle.AbstractLifeCycle.start(AbstractLifeCycle.java:62)
	at com.aspectran.aspectow.appmon.engine.exporter.ExporterManager.start(ExporterManager.java:148)
	at com.aspectran.aspectow.appmon.engine.relay.MessageRelayManager.startExporters(MessageRelayManager.java:156)
	at com.aspectran.aspectow.appmon.engine.relay.MessageRelayManager.subscribe(MessageRelayManager.java:373)
	at com.aspectran.aspectow.appmon.engine.relay.websocket.WebsocketMessageRelayer.established(WebsocketMessageRelayer.java:180)
	at com.aspectran.aspectow.appmon.engine.relay.websocket.WebsocketMessageRelayer.handleMessage(WebsocketMessageRelayer.java:116)
	at com.aspectran.aspectow.appmon.engine.relay.websocket.WebsocketMessageRelayer.lambda$registerMessageHandlers$0(WebsocketMessageRelayer.java:92)
	at io.undertow.websockets.jsr.FrameHandler$7.run(FrameHandler.java:289)
	at io.undertow.websockets.jsr.ServerWebSocketContainer$1.call(ServerWebSocketContainer.java:170)
	at io.undertow.websockets.jsr.ServerWebSocketContainer$1.call(ServerWebSocketContainer.java:167)
	at io.undertow.servlet.core.ContextClassLoaderSetupAction$1.call(ContextClassLoaderSetupAction.java:43)
	at io.undertow.websockets.jsr.ServerWebSocketContainer.invokeEndpointMethod(ServerWebSocketContainer.java:618)
	at io.undertow.websockets.jsr.ServerWebSocketContainer.invokeEndpointMethod(ServerWebSocketContainer.java:608)
	at io.undertow.websockets.jsr.FrameHandler.invokeTextHandler(FrameHandler.java:268)
	at io.undertow.websockets.jsr.FrameHandler.onFullTextMessage(FrameHandler.java:322)
	at io.undertow.websockets.core.AbstractReceiveListener$2.complete(AbstractReceiveListener.java:156)
	at io.undertow.websockets.core.AbstractReceiveListener$2.complete(AbstractReceiveListener.java:152)
	at io.undertow.websockets.core.BufferedTextMessage.read(BufferedTextMessage.java:105)
	at io.undertow.websockets.core.AbstractReceiveListener.readBufferedText(AbstractReceiveListener.java:152)
	at io.undertow.websockets.core.AbstractReceiveListener.bufferFullMessage(AbstractReceiveListener.java:90)
	at io.undertow.websockets.jsr.FrameHandler.onText(FrameHandler.java:184)
	at io.undertow.websockets.core.AbstractReceiveListener.handleEvent(AbstractReceiveListener.java:44)
	at io.undertow.websockets.core.AbstractReceiveListener.handleEvent(AbstractReceiveListener.java:33)
	at org.xnio.ChannelListeners.invokeChannelListener(ChannelListeners.java:92)
	at io.undertow.server.protocol.framed.AbstractFramedChannel$FrameReadListener.handleEvent(AbstractFramedChannel.java:1005)
	at io.undertow.server.protocol.framed.AbstractFramedChannel$FrameReadListener.handleEvent(AbstractFramedChannel.java:985)
	at org.xnio.ChannelListeners.invokeChannelListener(ChannelListeners.java:92)
	at org.xnio.conduits.ReadReadyHandler$ChannelListenerHandler.readReady(ReadReadyHandler.java:66)
	at org.xnio.nio.NioSocketConduit.handleReady(NioSocketConduit.java:89)
	at org.xnio.nio.WorkerThread.run(WorkerThread.java:603)
Caused by: java.lang.IllegalStateException: Deployment named 'jpetstore' not found
	at com.aspectran.utils.Assert.state(Assert.java:55)
	at com.aspectran.undertow.server.AbstractTowServer.getSessionManager(AbstractTowServer.java:354)
	at com.aspectran.aspectow.appmon.engine.exporter.event.session.SessionEventReader.start(SessionEventReader.java:93)
	... 31 common frames omitted
DEBUG 2026-08-06 02:46:03.530 [TOW I/O-2] com.aspectran.aspectow.appmon.engine.exporter.event.ChartDataExporter@5b9e81d1 is STARTING - c.a.u.l.AbstractLifeCycle.setStarting(183)
DEBUG 2026-08-06 02:46:03.530 [TOW I/O-2] com.aspectran.aspectow.appmon.engine.exporter.event.ChartDataExporter@5b9e81d1 is STARTED - c.a.u.l.AbstractLifeCycle.setStarted(193)
DEBUG 2026-08-06 02:46:03.531 [TOW I/O-2] com.aspectran.aspectow.appmon.engine.exporter.event.ChartDataExporter@4571516d is STARTING - c.a.u.l.AbstractLifeCycle.setStarting(183)
DEBUG 2026-08-06 02:46:03.531 [TOW I/O-2] com.aspectran.aspectow.appmon.engine.exporter.event.ChartDataExporter@4571516d is STARTED - c.a.u.l.AbstractLifeCycle.setStarted(193)
DEBUG 2026-08-06 02:46:03.531 [TOW I/O-2] com.aspectran.aspectow.appmon.engine.exporter.metric.MetricExporter@1268465b is STARTING - c.a.u.l.AbstractLifeCycle.setStarting(183)
ERROR 2026-08-06 02:46:03.531 [TOW I/O-2] XNIO001007: A channel event listener threw an exception - org.xnio.listener.invokeChannelListener(94)
java.lang.NoClassDefFoundError: com/zaxxer/hikari/HikariPoolMXBean
	at com.aspectran.aspectow.appmon.engine.exporter.metric.jdbc.HikariPoolMBeanReader.start(HikariPoolMBeanReader.java:68)
	at com.aspectran.aspectow.appmon.engine.exporter.metric.MetricExporter.doStart(MetricExporter.java:119)
	at com.aspectran.utils.lifecycle.AbstractLifeCycle.start(AbstractLifeCycle.java:62)
	at com.aspectran.aspectow.appmon.engine.exporter.ExporterManager.start(ExporterManager.java:148)
	at com.aspectran.aspectow.appmon.engine.relay.MessageRelayManager.startExporters(MessageRelayManager.java:156)
	at com.aspectran.aspectow.appmon.engine.relay.MessageRelayManager.subscribe(MessageRelayManager.java:373)
	at com.aspectran.aspectow.appmon.engine.relay.websocket.WebsocketMessageRelayer.established(WebsocketMessageRelayer.java:180)
	at com.aspectran.aspectow.appmon.engine.relay.websocket.WebsocketMessageRelayer.handleMessage(WebsocketMessageRelayer.java:116)
	at com.aspectran.aspectow.appmon.engine.relay.websocket.WebsocketMessageRelayer.lambda$registerMessageHandlers$0(WebsocketMessageRelayer.java:92)
	at io.undertow.websockets.jsr.FrameHandler$7.run(FrameHandler.java:289)
	at io.undertow.websockets.jsr.ServerWebSocketContainer$1.call(ServerWebSocketContainer.java:170)
	at io.undertow.websockets.jsr.ServerWebSocketContainer$1.call(ServerWebSocketContainer.java:167)
	at io.undertow.servlet.core.ContextClassLoaderSetupAction$1.call(ContextClassLoaderSetupAction.java:43)
	at io.undertow.websockets.jsr.ServerWebSocketContainer.invokeEndpointMethod(ServerWebSocketContainer.java:618)
	at io.undertow.websockets.jsr.ServerWebSocketContainer.invokeEndpointMethod(ServerWebSocketContainer.java:608)
	at io.undertow.websockets.jsr.FrameHandler.invokeTextHandler(FrameHandler.java:268)
	at io.undertow.websockets.jsr.FrameHandler.onFullTextMessage(FrameHandler.java:322)
	at io.undertow.websockets.core.AbstractReceiveListener$2.complete(AbstractReceiveListener.java:156)
	at io.undertow.websockets.core.AbstractReceiveListener$2.complete(AbstractReceiveListener.java:152)
	at io.undertow.websockets.core.BufferedTextMessage.read(BufferedTextMessage.java:105)
	at io.undertow.websockets.core.AbstractReceiveListener.readBufferedText(AbstractReceiveListener.java:152)
	at io.undertow.websockets.core.AbstractReceiveListener.bufferFullMessage(AbstractReceiveListener.java:90)
	at io.undertow.websockets.jsr.FrameHandler.onText(FrameHandler.java:184)
	at io.undertow.websockets.core.AbstractReceiveListener.handleEvent(AbstractReceiveListener.java:44)
	at io.undertow.websockets.core.AbstractReceiveListener.handleEvent(AbstractReceiveListener.java:33)
	at org.xnio.ChannelListeners.invokeChannelListener(ChannelListeners.java:92)
	at io.undertow.server.protocol.framed.AbstractFramedChannel$FrameReadListener.handleEvent(AbstractFramedChannel.java:1005)
	at io.undertow.server.protocol.framed.AbstractFramedChannel$FrameReadListener.handleEvent(AbstractFramedChannel.java:985)
	at org.xnio.ChannelListeners.invokeChannelListener(ChannelListeners.java:92)
	at org.xnio.conduits.ReadReadyHandler$ChannelListenerHandler.readReady(ReadReadyHandler.java:66)
	at org.xnio.nio.NioSocketConduit.handleReady(NioSocketConduit.java:89)
	at org.xnio.nio.WorkerThread.run(WorkerThread.java:603)
Caused by: java.lang.ClassNotFoundException: com.zaxxer.hikari.HikariPoolMXBean
	... 32 common frames omitted
DEBUG 2026-08-06 02:46:20.359 [TOW task-4] Session 1ljxb1af1vxkt2kna7rph5v6u0.cn0 in use, stopping timer, active requests=1 - c.a.c.c.session.ManagedSession.access(314)
DEBUG 2026-08-06 02:46:20.360 [TOW task-4] GET /console/appmon/dashboard/ HTTP/1.1 0:0:0:0:0:0:0:1 - c.a.w.s.DefaultWebService.service(87)
DEBUG 2026-08-06 02:46:20.363 [TOW task-4] Translet {name=/appmon/dashboard/${appsToSubscribe}, namePattern=/appmon/dashboard/*, responseRule={response={type=dispatch, name=appmon/dashboard, viewDispatcher={name=com.aspectran.thymeleaf.view.ThymeleafViewDispatcher@61c475c8}}}} - c.a.core.activity.CoreActivity.prepare(220)
DEBUG 2026-08-06 02:46:20.364 [TOW task-4] Advice {type=before, instance=com.aspectran.aspectow.appmon.engine.persist.counter.activity.ActivityEventCounter$$Lambda/0x000000000a6444f8@3c216cd6, order=0, isolated=true} - c.a.c.activity.AdviceActivity.executeAdvice(351)
DEBUG 2026-08-06 02:46:20.365 [TOW task-4] Advice {type=before, action={advice={method=com.aspectran.aspectow.console.auth.UserAuthAspect.checkAuthenticated(com.aspectran.core.activity.Translet)}}, order=1} - c.a.c.activity.AdviceActivity.executeAdvice(351)
DEBUG 2026-08-06 02:46:20.366 [TOW task-4] Advice {type=before, action={advice={method=com.aspectran.aspectow.console.auth.AccessControlAspect.checkPermission(com.aspectran.core.activity.Translet)}}, order=2} - c.a.c.activity.AdviceActivity.executeAdvice(351)
DEBUG 2026-08-06 02:46:20.366 [TOW task-4] Advice {type=before, action={header={headers=[X-Frame-Options, X-Content-Type-Options, X-XSS-Protection, Referrer-Policy]}}} - c.a.c.activity.AdviceActivity.executeAdvice(351)
DEBUG 2026-08-06 02:46:20.367 [TOW task-4] Advice {type=before, action={advice={method=com.aspectran.aspectow.console.common.aspect.DevCorsAdvice.process(com.aspectran.core.activity.Translet)}}} - c.a.c.activity.AdviceActivity.executeAdvice(351)
DEBUG 2026-08-06 02:46:20.367 [TOW task-4] Action {annotated={id=page, method=com.aspectran.aspectow.console.appmon.AppMonActivity.dashboard(java.lang.String)}} - c.a.core.activity.CoreActivity.execute(652)
DEBUG 2026-08-06 02:46:20.368 [TOW task-4] Response {type=dispatch, name=appmon/dashboard, viewDispatcher={name=com.aspectran.thymeleaf.view.ThymeleafViewDispatcher@61c475c8}} - c.a.c.a.r.d.DispatchResponse.respond(71)
DEBUG 2026-08-06 02:46:20.368 [TOW task-4] Dispatching to Thymeleaf template appmon/dashboard - c.a.t.v.ThymeleafViewDispatcher.dispatch(88)
DEBUG 2026-08-06 02:46:20.410 [TOW task-4] Session 1ljxb1af1vxkt2kna7rph5v6u0.cn0 complete, active requests=0 - c.a.c.c.session.ManagedSession.complete(334)
DEBUG 2026-08-06 02:48:02.499 [TOW I/O-2] Websocket session ZPudH7fAVsLblhqHtKWxhk6wvwpwEvXqME5Wu9hq has been closed. Reason: CloseReason[1001] - c.a.a.a.e.r.w.WebsocketMessageRelayer.doOnClose(110)
DEBUG 2026-08-06 02:48:02.500 [TOW I/O-2] com.aspectran.aspectow.appmon.engine.exporter.event.EventExporter@6a6104e5 is STOPPING - c.a.u.l.AbstractLifeCycle.setStopping(203)
DEBUG 2026-08-06 02:48:02.501 [TOW I/O-2] com.aspectran.aspectow.appmon.engine.exporter.event.EventExporter@6a6104e5 {id=activity, target=jpetstore, parameters={+=/**}} is STOPPED - c.a.u.l.AbstractLifeCycle.setStopped(213)
DEBUG 2026-08-06 02:48:02.502 [TOW I/O-2] com.aspectran.aspectow.appmon.engine.exporter.event.EventExporter@3204d5bc is STOPPING - c.a.u.l.AbstractLifeCycle.setStopping(203)
DEBUG 2026-08-06 02:48:02.502 [TOW I/O-2] com.aspectran.aspectow.appmon.engine.exporter.event.EventExporter@3204d5bc {id=session, target=tow.server/jpetstore} is STOPPED - c.a.u.l.AbstractLifeCycle.setStopped(213)
DEBUG 2026-08-06 02:48:02.503 [TOW I/O-2] com.aspectran.aspectow.appmon.engine.exporter.event.ChartDataExporter@5b9e81d1 is STOPPING - c.a.u.l.AbstractLifeCycle.setStopping(203)
DEBUG 2026-08-06 02:48:02.504 [TOW I/O-2] com.aspectran.aspectow.appmon.engine.exporter.event.ChartDataExporter@5b9e81d1 {id=activity, target=jpetstore, parameters={+=/**}} is STOPPED - c.a.u.l.AbstractLifeCycle.setStopped(213)
DEBUG 2026-08-06 02:48:02.504 [TOW I/O-2] com.aspectran.aspectow.appmon.engine.exporter.event.ChartDataExporter@4571516d is STOPPING - c.a.u.l.AbstractLifeCycle.setStopping(203)
DEBUG 2026-08-06 02:48:02.505 [TOW I/O-2] com.aspectran.aspectow.appmon.engine.exporter.event.ChartDataExporter@4571516d {id=session, target=tow.server/jpetstore} is STOPPED - c.a.u.l.AbstractLifeCycle.setStopped(213)
DEBUG 2026-08-06 02:48:02.506 [TOW I/O-2] com.aspectran.aspectow.appmon.engine.exporter.metric.MetricExporter@1268465b is STOPPING - c.a.u.l.AbstractLifeCycle.setStopping(203)
DEBUG 2026-08-06 02:48:02.507 [TOW I/O-2] com.aspectran.aspectow.appmon.engine.exporter.metric.MetricExporter@1268465b {id=cp-jpetstore, title=CP-jpetstore, description=Shows the JDBC connection pool usage status, reader=com.aspectran.aspectow.appmon.engine.exporter.metric.jdbc.HikariPoolMBeanReader, parameters={poolName=jpetstore}, sampleInterval=50, exportInterval=900} is STOPPED - c.a.u.l.AbstractLifeCycle.setStopped(213)
DEBUG 2026-08-06 02:48:04.572 [TOW task-4] Session 1ljxb1af1vxkt2kna7rph5v6u0.cn0 in use, stopping timer, active requests=1 - c.a.c.c.session.ManagedSession.access(314)
DEBUG 2026-08-06 02:48:04.572 [TOW task-4] GET /console/appmon/dashboard/ HTTP/1.1 0:0:0:0:0:0:0:1 - c.a.w.s.DefaultWebService.service(87)
DEBUG 2026-08-06 02:48:04.573 [TOW task-4] Translet {name=/appmon/dashboard/${appsToSubscribe}, namePattern=/appmon/dashboard/*, responseRule={response={type=dispatch, name=appmon/dashboard, viewDispatcher={name=com.aspectran.thymeleaf.view.ThymeleafViewDispatcher@61c475c8}}}} - c.a.core.activity.CoreActivity.prepare(220)
DEBUG 2026-08-06 02:48:04.574 [TOW task-4] Advice {type=before, instance=com.aspectran.aspectow.appmon.engine.persist.counter.activity.ActivityEventCounter$$Lambda/0x000000000a6444f8@3c216cd6, order=0, isolated=true} - c.a.c.activity.AdviceActivity.executeAdvice(351)
DEBUG 2026-08-06 02:48:04.574 [TOW task-4] Advice {type=before, action={advice={method=com.aspectran.aspectow.console.auth.UserAuthAspect.checkAuthenticated(com.aspectran.core.activity.Translet)}}, order=1} - c.a.c.activity.AdviceActivity.executeAdvice(351)
DEBUG 2026-08-06 02:48:04.575 [TOW task-4] Advice {type=before, action={advice={method=com.aspectran.aspectow.console.auth.AccessControlAspect.checkPermission(com.aspectran.core.activity.Translet)}}, order=2} - c.a.c.activity.AdviceActivity.executeAdvice(351)
DEBUG 2026-08-06 02:48:04.575 [TOW task-4] Advice {type=before, action={header={headers=[X-Frame-Options, X-Content-Type-Options, X-XSS-Protection, Referrer-Policy]}}} - c.a.c.activity.AdviceActivity.executeAdvice(351)
DEBUG 2026-08-06 02:48:04.576 [TOW task-4] Advice {type=before, action={header={headers=[Content-Type, Content-Security-Policy]}}} - c.a.c.activity.AdviceActivity.executeAdvice(351)
DEBUG 2026-08-06 02:48:04.577 [TOW task-4] Advice {type=before, action={advice={method=com.aspectran.aspectow.console.common.aspect.DevCorsAdvice.process(com.aspectran.core.activity.Translet)}}} - c.a.c.activity.AdviceActivity.executeAdvice(351)
DEBUG 2026-08-06 02:48:04.577 [TOW task-4] Action {annotated={id=page, method=com.aspectran.aspectow.console.appmon.AppMonActivity.dashboard(java.lang.String)}} - c.a.core.activity.CoreActivity.execute(652)
DEBUG 2026-08-06 02:48:04.578 [TOW task-4] Response {type=dispatch, name=appmon/dashboard, viewDispatcher={name=com.aspectran.thymeleaf.view.ThymeleafViewDispatcher@61c475c8}} - c.a.c.a.r.d.DispatchResponse.respond(71)
DEBUG 2026-08-06 02:48:04.578 [TOW task-4] Dispatching to Thymeleaf template appmon/dashboard - c.a.t.v.ThymeleafViewDispatcher.dispatch(88)
DEBUG 2026-08-06 02:48:04.620 [TOW task-4] Session 1ljxb1af1vxkt2kna7rph5v6u0.cn0 complete, active requests=0 - c.a.c.c.session.ManagedSession.complete(334)
DEBUG 2026-08-06 02:48:07.326 [TOW task-2] Session 1ljxb1af1vxkt2kna7rph5v6u0.cn0 in use, stopping timer, active requests=1 - c.a.c.c.session.ManagedSession.access(314)
DEBUG 2026-08-06 02:48:07.327 [TOW task-2] GET /console/appmon/config/data HTTP/1.1 0:0:0:0:0:0:0:1 - c.a.w.s.DefaultWebService.service(87)
DEBUG 2026-08-06 02:48:07.328 [TOW task-2] Translet {name=/appmon/config/data, method=[GET], responseRule={response={type=transform, format=custom}}} - c.a.core.activity.CoreActivity.prepare(220)
DEBUG 2026-08-06 02:48:07.329 [TOW task-2] Advice {type=before, instance=com.aspectran.aspectow.appmon.engine.persist.counter.activity.ActivityEventCounter$$Lambda/0x000000000a6444f8@3c216cd6, order=0, isolated=true} - c.a.c.activity.AdviceActivity.executeAdvice(351)
DEBUG 2026-08-06 02:48:07.329 [TOW task-2] Advice {type=before, action={advice={method=com.aspectran.aspectow.console.auth.UserAuthAspect.checkAuthenticated(com.aspectran.core.activity.Translet)}}, order=1} - c.a.c.activity.AdviceActivity.executeAdvice(351)
DEBUG 2026-08-06 02:48:07.330 [TOW task-2] Advice {type=before, action={advice={method=com.aspectran.aspectow.console.auth.AccessControlAspect.checkPermission(com.aspectran.core.activity.Translet)}}, order=2} - c.a.c.activity.AdviceActivity.executeAdvice(351)
DEBUG 2026-08-06 02:48:07.331 [TOW task-2] Advice {type=before, action={header={headers=[X-Frame-Options, X-Content-Type-Options, X-XSS-Protection, Referrer-Policy]}}} - c.a.c.activity.AdviceActivity.executeAdvice(351)
DEBUG 2026-08-06 02:48:07.332 [TOW task-2] Advice {type=before, action={advice={method=com.aspectran.aspectow.console.common.aspect.DevCorsAdvice.process(com.aspectran.core.activity.Translet)}}} - c.a.c.activity.AdviceActivity.executeAdvice(351)
DEBUG 2026-08-06 02:48:07.333 [TOW task-2] Action {annotated={method=com.aspectran.aspectow.console.appmon.AppMonActivity.getConfigData(com.aspectran.core.activity.Translet, java.lang.String)}} - c.a.core.activity.CoreActivity.execute(652)
DEBUG 2026-08-06 02:48:07.383 [TOW task-2] Response com.aspectran.web.activity.response.DefaultRestResponse@14041210 - c.a.c.a.r.t.CustomTransformResponse.respond(85)
DEBUG 2026-08-06 02:48:07.385 [TOW task-2] Session 1ljxb1af1vxkt2kna7rph5v6u0.cn0 complete, active requests=0 - c.a.c.c.session.ManagedSession.complete(334)
DEBUG 2026-08-06 02:48:07.443 [TOW task-2] Session 1ljxb1af1vxkt2kna7rph5v6u0.cn0 in use, stopping timer, active requests=1 - c.a.c.c.session.ManagedSession.access(314)
DEBUG 2026-08-06 02:48:07.445 [TOW task-2] WebSocket connection established for session o1xK_bRSljodDiD6wdHKK24M2y1hN1ZYCrk92FeL - c.a.a.a.e.r.w.WebsocketMessageRelayer.doOnOpen(74)
DEBUG 2026-08-06 02:48:07.446 [TOW task-2] Session 1ljxb1af1vxkt2kna7rph5v6u0.cn0 complete, active requests=0 - c.a.c.c.session.ManagedSession.complete(334)
DEBUG 2026-08-06 02:48:07.565 [TOW I/O-2] com.aspectran.aspectow.appmon.engine.exporter.event.EventExporter@6a6104e5 is STARTING - c.a.u.l.AbstractLifeCycle.setStarting(183)
DEBUG 2026-08-06 02:48:07.566 [TOW I/O-2] com.aspectran.aspectow.appmon.engine.exporter.event.EventExporter@6a6104e5 is FAILED - c.a.u.l.AbstractLifeCycle.setFailed(227)
java.lang.Exception: Could not find ActivityContext named 'jpetstore'
	at com.aspectran.aspectow.appmon.engine.exporter.event.activity.ActivityEventReader.start(ActivityEventReader.java:70)
	at com.aspectran.aspectow.appmon.engine.exporter.event.EventExporter.doStart(EventExporter.java:102)
	at com.aspectran.utils.lifecycle.AbstractLifeCycle.start(AbstractLifeCycle.java:62)
	at com.aspectran.aspectow.appmon.engine.exporter.ExporterManager.start(ExporterManager.java:148)
	at com.aspectran.aspectow.appmon.engine.relay.MessageRelayManager.startExporters(MessageRelayManager.java:156)
	at com.aspectran.aspectow.appmon.engine.relay.MessageRelayManager.subscribe(MessageRelayManager.java:373)
	at com.aspectran.aspectow.appmon.engine.relay.websocket.WebsocketMessageRelayer.established(WebsocketMessageRelayer.java:180)
	at com.aspectran.aspectow.appmon.engine.relay.websocket.WebsocketMessageRelayer.handleMessage(WebsocketMessageRelayer.java:116)
	at com.aspectran.aspectow.appmon.engine.relay.websocket.WebsocketMessageRelayer.lambda$registerMessageHandlers$0(WebsocketMessageRelayer.java:92)
	at io.undertow.websockets.jsr.FrameHandler$7.run(FrameHandler.java:289)
	at io.undertow.websockets.jsr.ServerWebSocketContainer$1.call(ServerWebSocketContainer.java:170)
	at io.undertow.websockets.jsr.ServerWebSocketContainer$1.call(ServerWebSocketContainer.java:167)
	at io.undertow.servlet.core.ContextClassLoaderSetupAction$1.call(ContextClassLoaderSetupAction.java:43)
	at io.undertow.websockets.jsr.ServerWebSocketContainer.invokeEndpointMethod(ServerWebSocketContainer.java:618)
	at io.undertow.websockets.jsr.ServerWebSocketContainer.invokeEndpointMethod(ServerWebSocketContainer.java:608)
	at io.undertow.websockets.jsr.FrameHandler.invokeTextHandler(FrameHandler.java:268)
	at io.undertow.websockets.jsr.FrameHandler.onFullTextMessage(FrameHandler.java:322)
	at io.undertow.websockets.core.AbstractReceiveListener$2.complete(AbstractReceiveListener.java:156)
	at io.undertow.websockets.core.AbstractReceiveListener$2.complete(AbstractReceiveListener.java:152)
	at io.undertow.websockets.core.BufferedTextMessage.read(BufferedTextMessage.java:105)
	at io.undertow.websockets.core.AbstractReceiveListener.readBufferedText(AbstractReceiveListener.java:152)
	at io.undertow.websockets.core.AbstractReceiveListener.bufferFullMessage(AbstractReceiveListener.java:90)
	at io.undertow.websockets.jsr.FrameHandler.onText(FrameHandler.java:184)
	at io.undertow.websockets.core.AbstractReceiveListener.handleEvent(AbstractReceiveListener.java:44)
	at io.undertow.websockets.core.AbstractReceiveListener.handleEvent(AbstractReceiveListener.java:33)
	at org.xnio.ChannelListeners.invokeChannelListener(ChannelListeners.java:92)
	at io.undertow.server.protocol.framed.AbstractFramedChannel$FrameReadListener.handleEvent(AbstractFramedChannel.java:1005)
	at io.undertow.server.protocol.framed.AbstractFramedChannel$FrameReadListener.handleEvent(AbstractFramedChannel.java:985)
	at org.xnio.ChannelListeners.invokeChannelListener(ChannelListeners.java:92)
	at org.xnio.conduits.ReadReadyHandler$ChannelListenerHandler.readReady(ReadReadyHandler.java:66)
	at org.xnio.nio.NioSocketConduit.handleReady(NioSocketConduit.java:89)
	at org.xnio.nio.WorkerThread.run(WorkerThread.java:603)
WARN  2026-08-06 02:48:07.566 [TOW I/O-2] Could not find ActivityContext named 'jpetstore' - c.a.a.a.e.e.ExporterManager.start(150)
java.lang.Exception: Could not find ActivityContext named 'jpetstore'
	at com.aspectran.aspectow.appmon.engine.exporter.event.activity.ActivityEventReader.start(ActivityEventReader.java:70)
	at com.aspectran.aspectow.appmon.engine.exporter.event.EventExporter.doStart(EventExporter.java:102)
	at com.aspectran.utils.lifecycle.AbstractLifeCycle.start(AbstractLifeCycle.java:62)
	at com.aspectran.aspectow.appmon.engine.exporter.ExporterManager.start(ExporterManager.java:148)
	at com.aspectran.aspectow.appmon.engine.relay.MessageRelayManager.startExporters(MessageRelayManager.java:156)
	at com.aspectran.aspectow.appmon.engine.relay.MessageRelayManager.subscribe(MessageRelayManager.java:373)
	at com.aspectran.aspectow.appmon.engine.relay.websocket.WebsocketMessageRelayer.established(WebsocketMessageRelayer.java:180)
	at com.aspectran.aspectow.appmon.engine.relay.websocket.WebsocketMessageRelayer.handleMessage(WebsocketMessageRelayer.java:116)
	at com.aspectran.aspectow.appmon.engine.relay.websocket.WebsocketMessageRelayer.lambda$registerMessageHandlers$0(WebsocketMessageRelayer.java:92)
	at io.undertow.websockets.jsr.FrameHandler$7.run(FrameHandler.java:289)
	at io.undertow.websockets.jsr.ServerWebSocketContainer$1.call(ServerWebSocketContainer.java:170)
	at io.undertow.websockets.jsr.ServerWebSocketContainer$1.call(ServerWebSocketContainer.java:167)
	at io.undertow.servlet.core.ContextClassLoaderSetupAction$1.call(ContextClassLoaderSetupAction.java:43)
	at io.undertow.websockets.jsr.ServerWebSocketContainer.invokeEndpointMethod(ServerWebSocketContainer.java:618)
	at io.undertow.websockets.jsr.ServerWebSocketContainer.invokeEndpointMethod(ServerWebSocketContainer.java:608)
	at io.undertow.websockets.jsr.FrameHandler.invokeTextHandler(FrameHandler.java:268)
	at io.undertow.websockets.jsr.FrameHandler.onFullTextMessage(FrameHandler.java:322)
	at io.undertow.websockets.core.AbstractReceiveListener$2.complete(AbstractReceiveListener.java:156)
	at io.undertow.websockets.core.AbstractReceiveListener$2.complete(AbstractReceiveListener.java:152)
	at io.undertow.websockets.core.BufferedTextMessage.read(BufferedTextMessage.java:105)
	at io.undertow.websockets.core.AbstractReceiveListener.readBufferedText(AbstractReceiveListener.java:152)
	at io.undertow.websockets.core.AbstractReceiveListener.bufferFullMessage(AbstractReceiveListener.java:90)
	at io.undertow.websockets.jsr.FrameHandler.onText(FrameHandler.java:184)
	at io.undertow.websockets.core.AbstractReceiveListener.handleEvent(AbstractReceiveListener.java:44)
	at io.undertow.websockets.core.AbstractReceiveListener.handleEvent(AbstractReceiveListener.java:33)
	at org.xnio.ChannelListeners.invokeChannelListener(ChannelListeners.java:92)
	at io.undertow.server.protocol.framed.AbstractFramedChannel$FrameReadListener.handleEvent(AbstractFramedChannel.java:1005)
	at io.undertow.server.protocol.framed.AbstractFramedChannel$FrameReadListener.handleEvent(AbstractFramedChannel.java:985)
	at org.xnio.ChannelListeners.invokeChannelListener(ChannelListeners.java:92)
	at org.xnio.conduits.ReadReadyHandler$ChannelListenerHandler.readReady(ReadReadyHandler.java:66)
	at org.xnio.nio.NioSocketConduit.handleReady(NioSocketConduit.java:89)
	at org.xnio.nio.WorkerThread.run(WorkerThread.java:603)
DEBUG 2026-08-06 02:48:07.567 [TOW I/O-2] com.aspectran.aspectow.appmon.engine.exporter.event.EventExporter@3204d5bc is STARTING - c.a.u.l.AbstractLifeCycle.setStarting(183)
DEBUG 2026-08-06 02:48:07.568 [TOW I/O-2] com.aspectran.aspectow.appmon.engine.exporter.event.EventExporter@3204d5bc is FAILED - c.a.u.l.AbstractLifeCycle.setFailed(227)
java.lang.RuntimeException: Cannot resolve session manager with tow.server/jpetstore
	at com.aspectran.aspectow.appmon.engine.exporter.event.session.SessionEventReader.start(SessionEventReader.java:95)
	at com.aspectran.aspectow.appmon.engine.exporter.event.EventExporter.doStart(EventExporter.java:102)
	at com.aspectran.utils.lifecycle.AbstractLifeCycle.start(AbstractLifeCycle.java:62)
	at com.aspectran.aspectow.appmon.engine.exporter.ExporterManager.start(ExporterManager.java:148)
	at com.aspectran.aspectow.appmon.engine.relay.MessageRelayManager.startExporters(MessageRelayManager.java:156)
	at com.aspectran.aspectow.appmon.engine.relay.MessageRelayManager.subscribe(MessageRelayManager.java:373)
	at com.aspectran.aspectow.appmon.engine.relay.websocket.WebsocketMessageRelayer.established(WebsocketMessageRelayer.java:180)
	at com.aspectran.aspectow.appmon.engine.relay.websocket.WebsocketMessageRelayer.handleMessage(WebsocketMessageRelayer.java:116)
	at com.aspectran.aspectow.appmon.engine.relay.websocket.WebsocketMessageRelayer.lambda$registerMessageHandlers$0(WebsocketMessageRelayer.java:92)
	at io.undertow.websockets.jsr.FrameHandler$7.run(FrameHandler.java:289)
	at io.undertow.websockets.jsr.ServerWebSocketContainer$1.call(ServerWebSocketContainer.java:170)
	at io.undertow.websockets.jsr.ServerWebSocketContainer$1.call(ServerWebSocketContainer.java:167)
	at io.undertow.servlet.core.ContextClassLoaderSetupAction$1.call(ContextClassLoaderSetupAction.java:43)
	at io.undertow.websockets.jsr.ServerWebSocketContainer.invokeEndpointMethod(ServerWebSocketContainer.java:618)
	at io.undertow.websockets.jsr.ServerWebSocketContainer.invokeEndpointMethod(ServerWebSocketContainer.java:608)
	at io.undertow.websockets.jsr.FrameHandler.invokeTextHandler(FrameHandler.java:268)
	at io.undertow.websockets.jsr.FrameHandler.onFullTextMessage(FrameHandler.java:322)
	at io.undertow.websockets.core.AbstractReceiveListener$2.complete(AbstractReceiveListener.java:156)
	at io.undertow.websockets.core.AbstractReceiveListener$2.complete(AbstractReceiveListener.java:152)
	at io.undertow.websockets.core.BufferedTextMessage.read(BufferedTextMessage.java:105)
	at io.undertow.websockets.core.AbstractReceiveListener.readBufferedText(AbstractReceiveListener.java:152)
	at io.undertow.websockets.core.AbstractReceiveListener.bufferFullMessage(AbstractReceiveListener.java:90)
	at io.undertow.websockets.jsr.FrameHandler.onText(FrameHandler.java:184)
	at io.undertow.websockets.core.AbstractReceiveListener.handleEvent(AbstractReceiveListener.java:44)
	at io.undertow.websockets.core.AbstractReceiveListener.handleEvent(AbstractReceiveListener.java:33)
	at org.xnio.ChannelListeners.invokeChannelListener(ChannelListeners.java:92)
	at io.undertow.server.protocol.framed.AbstractFramedChannel$FrameReadListener.handleEvent(AbstractFramedChannel.java:1005)
	at io.undertow.server.protocol.framed.AbstractFramedChannel$FrameReadListener.handleEvent(AbstractFramedChannel.java:985)
	at org.xnio.ChannelListeners.invokeChannelListener(ChannelListeners.java:92)
	at org.xnio.conduits.ReadReadyHandler$ChannelListenerHandler.readReady(ReadReadyHandler.java:66)
	at org.xnio.nio.NioSocketConduit.handleReady(NioSocketConduit.java:89)
	at org.xnio.nio.WorkerThread.run(WorkerThread.java:603)
Caused by: java.lang.IllegalStateException: Deployment named 'jpetstore' not found
	at com.aspectran.utils.Assert.state(Assert.java:55)
	at com.aspectran.undertow.server.AbstractTowServer.getSessionManager(AbstractTowServer.java:354)
	at com.aspectran.aspectow.appmon.engine.exporter.event.session.SessionEventReader.start(SessionEventReader.java:93)
	... 31 common frames omitted
WARN  2026-08-06 02:48:07.568 [TOW I/O-2] Cannot resolve session manager with tow.server/jpetstore - c.a.a.a.e.e.ExporterManager.start(150)
java.lang.RuntimeException: Cannot resolve session manager with tow.server/jpetstore
	at com.aspectran.aspectow.appmon.engine.exporter.event.session.SessionEventReader.start(SessionEventReader.java:95)
	at com.aspectran.aspectow.appmon.engine.exporter.event.EventExporter.doStart(EventExporter.java:102)
	at com.aspectran.utils.lifecycle.AbstractLifeCycle.start(AbstractLifeCycle.java:62)
	at com.aspectran.aspectow.appmon.engine.exporter.ExporterManager.start(ExporterManager.java:148)
	at com.aspectran.aspectow.appmon.engine.relay.MessageRelayManager.startExporters(MessageRelayManager.java:156)
	at com.aspectran.aspectow.appmon.engine.relay.MessageRelayManager.subscribe(MessageRelayManager.java:373)
	at com.aspectran.aspectow.appmon.engine.relay.websocket.WebsocketMessageRelayer.established(WebsocketMessageRelayer.java:180)
	at com.aspectran.aspectow.appmon.engine.relay.websocket.WebsocketMessageRelayer.handleMessage(WebsocketMessageRelayer.java:116)
	at com.aspectran.aspectow.appmon.engine.relay.websocket.WebsocketMessageRelayer.lambda$registerMessageHandlers$0(WebsocketMessageRelayer.java:92)
	at io.undertow.websockets.jsr.FrameHandler$7.run(FrameHandler.java:289)
	at io.undertow.websockets.jsr.ServerWebSocketContainer$1.call(ServerWebSocketContainer.java:170)
	at io.undertow.websockets.jsr.ServerWebSocketContainer$1.call(ServerWebSocketContainer.java:167)
	at io.undertow.servlet.core.ContextClassLoaderSetupAction$1.call(ContextClassLoaderSetupAction.java:43)
	at io.undertow.websockets.jsr.ServerWebSocketContainer.invokeEndpointMethod(ServerWebSocketContainer.java:618)
	at io.undertow.websockets.jsr.ServerWebSocketContainer.invokeEndpointMethod(ServerWebSocketContainer.java:608)
	at io.undertow.websockets.jsr.FrameHandler.invokeTextHandler(FrameHandler.java:268)
	at io.undertow.websockets.jsr.FrameHandler.onFullTextMessage(FrameHandler.java:322)
	at io.undertow.websockets.core.AbstractReceiveListener$2.complete(AbstractReceiveListener.java:156)
	at io.undertow.websockets.core.AbstractReceiveListener$2.complete(AbstractReceiveListener.java:152)
	at io.undertow.websockets.core.BufferedTextMessage.read(BufferedTextMessage.java:105)
	at io.undertow.websockets.core.AbstractReceiveListener.readBufferedText(AbstractReceiveListener.java:152)
	at io.undertow.websockets.core.AbstractReceiveListener.bufferFullMessage(AbstractReceiveListener.java:90)
	at io.undertow.websockets.jsr.FrameHandler.onText(FrameHandler.java:184)
	at io.undertow.websockets.core.AbstractReceiveListener.handleEvent(AbstractReceiveListener.java:44)
	at io.undertow.websockets.core.AbstractReceiveListener.handleEvent(AbstractReceiveListener.java:33)
	at org.xnio.ChannelListeners.invokeChannelListener(ChannelListeners.java:92)
	at io.undertow.server.protocol.framed.AbstractFramedChannel$FrameReadListener.handleEvent(AbstractFramedChannel.java:1005)
	at io.undertow.server.protocol.framed.AbstractFramedChannel$FrameReadListener.handleEvent(AbstractFramedChannel.java:985)
	at org.xnio.ChannelListeners.invokeChannelListener(ChannelListeners.java:92)
	at org.xnio.conduits.ReadReadyHandler$ChannelListenerHandler.readReady(ReadReadyHandler.java:66)
	at org.xnio.nio.NioSocketConduit.handleReady(NioSocketConduit.java:89)
	at org.xnio.nio.WorkerThread.run(WorkerThread.java:603)
Caused by: java.lang.IllegalStateException: Deployment named 'jpetstore' not found
	at com.aspectran.utils.Assert.state(Assert.java:55)
	at com.aspectran.undertow.server.AbstractTowServer.getSessionManager(AbstractTowServer.java:354)
	at com.aspectran.aspectow.appmon.engine.exporter.event.session.SessionEventReader.start(SessionEventReader.java:93)
	... 31 common frames omitted
DEBUG 2026-08-06 02:48:07.569 [TOW I/O-2] com.aspectran.aspectow.appmon.engine.exporter.event.ChartDataExporter@5b9e81d1 is STARTING - c.a.u.l.AbstractLifeCycle.setStarting(183)
DEBUG 2026-08-06 02:48:07.569 [TOW I/O-2] com.aspectran.aspectow.appmon.engine.exporter.event.ChartDataExporter@5b9e81d1 is STARTED - c.a.u.l.AbstractLifeCycle.setStarted(193)
DEBUG 2026-08-06 02:48:07.570 [TOW I/O-2] com.aspectran.aspectow.appmon.engine.exporter.event.ChartDataExporter@4571516d is STARTING - c.a.u.l.AbstractLifeCycle.setStarting(183)
DEBUG 2026-08-06 02:48:07.570 [TOW I/O-2] com.aspectran.aspectow.appmon.engine.exporter.event.ChartDataExporter@4571516d is STARTED - c.a.u.l.AbstractLifeCycle.setStarted(193)
DEBUG 2026-08-06 02:48:07.570 [TOW I/O-2] com.aspectran.aspectow.appmon.engine.exporter.metric.MetricExporter@1268465b is STARTING - c.a.u.l.AbstractLifeCycle.setStarting(183)
ERROR 2026-08-06 02:48:07.571 [TOW I/O-2] XNIO001007: A channel event listener threw an exception - org.xnio.listener.invokeChannelListener(94)
java.lang.NoClassDefFoundError: com/zaxxer/hikari/HikariPoolMXBean
	at com.aspectran.aspectow.appmon.engine.exporter.metric.jdbc.HikariPoolMBeanReader.start(HikariPoolMBeanReader.java:68)
	at com.aspectran.aspectow.appmon.engine.exporter.metric.MetricExporter.doStart(MetricExporter.java:119)
	at com.aspectran.utils.lifecycle.AbstractLifeCycle.start(AbstractLifeCycle.java:62)
	at com.aspectran.aspectow.appmon.engine.exporter.ExporterManager.start(ExporterManager.java:148)
	at com.aspectran.aspectow.appmon.engine.relay.MessageRelayManager.startExporters(MessageRelayManager.java:156)
	at com.aspectran.aspectow.appmon.engine.relay.MessageRelayManager.subscribe(MessageRelayManager.java:373)
	at com.aspectran.aspectow.appmon.engine.relay.websocket.WebsocketMessageRelayer.established(WebsocketMessageRelayer.java:180)
	at com.aspectran.aspectow.appmon.engine.relay.websocket.WebsocketMessageRelayer.handleMessage(WebsocketMessageRelayer.java:116)
	at com.aspectran.aspectow.appmon.engine.relay.websocket.WebsocketMessageRelayer.lambda$registerMessageHandlers$0(WebsocketMessageRelayer.java:92)
	at io.undertow.websockets.jsr.FrameHandler$7.run(FrameHandler.java:289)
	at io.undertow.websockets.jsr.ServerWebSocketContainer$1.call(ServerWebSocketContainer.java:170)
	at io.undertow.websockets.jsr.ServerWebSocketContainer$1.call(ServerWebSocketContainer.java:167)
	at io.undertow.servlet.core.ContextClassLoaderSetupAction$1.call(ContextClassLoaderSetupAction.java:43)
	at io.undertow.websockets.jsr.ServerWebSocketContainer.invokeEndpointMethod(ServerWebSocketContainer.java:618)
	at io.undertow.websockets.jsr.ServerWebSocketContainer.invokeEndpointMethod(ServerWebSocketContainer.java:608)
	at io.undertow.websockets.jsr.FrameHandler.invokeTextHandler(FrameHandler.java:268)
	at io.undertow.websockets.jsr.FrameHandler.onFullTextMessage(FrameHandler.java:322)
	at io.undertow.websockets.core.AbstractReceiveListener$2.complete(AbstractReceiveListener.java:156)
	at io.undertow.websockets.core.AbstractReceiveListener$2.complete(AbstractReceiveListener.java:152)
	at io.undertow.websockets.core.BufferedTextMessage.read(BufferedTextMessage.java:105)
	at io.undertow.websockets.core.AbstractReceiveListener.readBufferedText(AbstractReceiveListener.java:152)
	at io.undertow.websockets.core.AbstractReceiveListener.bufferFullMessage(AbstractReceiveListener.java:90)
	at io.undertow.websockets.jsr.FrameHandler.onText(FrameHandler.java:184)
	at io.undertow.websockets.core.AbstractReceiveListener.handleEvent(AbstractReceiveListener.java:44)
	at io.undertow.websockets.core.AbstractReceiveListener.handleEvent(AbstractReceiveListener.java:33)
	at org.xnio.ChannelListeners.invokeChannelListener(ChannelListeners.java:92)
	at io.undertow.server.protocol.framed.AbstractFramedChannel$FrameReadListener.handleEvent(AbstractFramedChannel.java:1005)
	at io.undertow.server.protocol.framed.AbstractFramedChannel$FrameReadListener.handleEvent(AbstractFramedChannel.java:985)
	at org.xnio.ChannelListeners.invokeChannelListener(ChannelListeners.java:92)
	at org.xnio.conduits.ReadReadyHandler$ChannelListenerHandler.readReady(ReadReadyHandler.java:66)
	at org.xnio.nio.NioSocketConduit.handleReady(NioSocketConduit.java:89)
	at org.xnio.nio.WorkerThread.run(WorkerThread.java:603)
Caused by: java.lang.ClassNotFoundException: com.zaxxer.hikari.HikariPoolMXBean
	... 32 common frames omitted
DEBUG 2026-08-06 02:48:40.092 [root] Websocket session o1xK_bRSljodDiD6wdHKK24M2y1hN1ZYCrk92FeL has been closed. Reason: CloseReason[1001] - c.a.a.a.e.r.w.WebsocketMessageRelayer.doOnClose(110)
INFO  2026-08-06 02:48:40.094 [root] WebActivityServlet 'webActivityServlet' has been destroyed. - c.a.w.s.WebActivityServlet.destroy(141)
DEBUG 2026-08-06 02:48:40.096 [root] com.aspectran.core.component.session.HouseKeeper@32f61a31(cn0) is STOPPING - c.a.u.l.AbstractLifeCycle.setStopping(203)
DEBUG 2026-08-06 02:48:40.097 [root] com.aspectran.core.component.session.HouseKeeper@32f61a31 {scavengingInterval=180000} used by DefaultSessionManager@1edb61b1(cn0) is STOPPED - c.a.u.l.AbstractLifeCycle.setStopped(213)
DEBUG 2026-08-06 02:48:40.100 [root] Destroyed FileSessionStore@cc62a3b - c.a.c.c.AbstractComponent.destroy(99)
DEBUG 2026-08-06 02:48:40.101 [root] Destroyed DefaultSessionCache@ec2bf82(cn0) - c.a.c.c.AbstractComponent.destroy(99)
DEBUG 2026-08-06 02:48:40.101 [root] Destroyed DefaultSessionManager@1edb61b1(cn0) - c.a.c.c.AbstractComponent.destroy(99)
INFO  2026-08-06 02:48:40.102 [root] WebActivityServlet 'webActivityServlet' has been destroyed. - c.a.w.s.WebActivityServlet.destroy(141)
DEBUG 2026-08-06 02:48:40.102 [root] com.aspectran.core.component.session.HouseKeeper@19b30c92(rn0) is STOPPING - c.a.u.l.AbstractLifeCycle.setStopping(203)
DEBUG 2026-08-06 02:48:40.103 [root] com.aspectran.core.component.session.HouseKeeper@19b30c92 {scavengingInterval=90000} used by DefaultSessionManager@24f360b2(rn0) is STOPPED - c.a.u.l.AbstractLifeCycle.setStopped(213)
DEBUG 2026-08-06 02:48:40.103 [root] Destroyed FileSessionStore@3bd7f8dc - c.a.c.c.AbstractComponent.destroy(99)
DEBUG 2026-08-06 02:48:40.104 [root] Destroyed DefaultSessionCache@6cea706c(rn0) - c.a.c.c.AbstractComponent.destroy(99)
DEBUG 2026-08-06 02:48:40.104 [root] Destroyed DefaultSessionManager@24f360b2(rn0) - c.a.c.c.AbstractComponent.destroy(99)
INFO  2026-08-06 02:48:40.104 [root] stopping server: Undertow - 2.3.26.Final - io.undertow.stop(259)
INFO  2026-08-06 02:48:40.108 [root] Undertow 2.3.26.Final stopped - c.a.u.server.DefaultTowServer.doStop(79)
DEBUG 2026-08-06 02:48:40.109 [root] com.aspectran.undertow.server.DefaultTowServer@3da30852 is STOPPED - c.a.u.l.AbstractLifeCycle.setStopped(213)
DEBUG 2026-08-06 02:48:40.110 [root] Destroyed DefaultBeanRegistry@7164ca4c - c.a.c.c.AbstractComponent.destroy(99)
DEBUG 2026-08-06 02:48:40.111 [root] Destroyed TemplateRuleRegistry@c68a5f8 - c.a.c.c.AbstractComponent.destroy(99)
DEBUG 2026-08-06 02:48:40.111 [root] Destroyed DefaultTemplateRenderer@69c6161d - c.a.c.c.AbstractComponent.destroy(99)
DEBUG 2026-08-06 02:48:40.112 [root] Destroyed TransletRuleRegistry@1450078a - c.a.c.c.AbstractComponent.destroy(99)
DEBUG 2026-08-06 02:48:40.112 [root] Destroyed ScheduleRuleRegistry@4642b71d - c.a.c.c.AbstractComponent.destroy(99)
DEBUG 2026-08-06 02:48:40.112 [root] Destroyed AspectRuleRegistry@5ec77191 - c.a.c.c.AbstractComponent.destroy(99)
DEBUG 2026-08-06 02:48:40.112 [root] Destroyed TypeConverterRegistry@479460a6 - c.a.c.c.AbstractComponent.destroy(99)
DEBUG 2026-08-06 02:48:40.112 [root] Destroyed DefaultActivityContext@5eccd3b9 - c.a.c.c.AbstractComponent.destroy(99)
INFO  2026-08-06 02:48:40.113 [root] Stopped DefaultShellService@27f981c6 - c.a.c.s.AbstractServiceLifeCycle.stop(168)
DEBUG 2026-08-06 02:48:40.113 [shutdown] Releasing lock on /home/aspectran/projects/public/aspectow-demo-console/app/.lock - c.aspectran.utils.FileLocker.release(142)
DEBUG 2026-08-06 02:48:40.114 [shutdown] Removed shutdown-hook: Thread[#28,shutdown,5,main] - c.aspectran.utils.ShutdownHook.run(68)
DEBUG 2026-08-06 02:48:47.249 [TOW task-2] Reside evicted session id=1ljxb1af1vxkt2kna7rph5v6u0.cn0 - c.a.c.c.s.AbstractSessionCache.get(235)
DEBUG 2026-08-06 02:48:47.258 [TOW task-2] Session 1ljxb1af1vxkt2kna7rph5v6u0.cn0 in use, stopping timer, active requests=1 - c.a.c.c.session.ManagedSession.access(314)
DEBUG 2026-08-06 02:48:47.262 [TOW task-2] DefaultWebService@591fd34d(console) is not yet started, waiting for it to start... - c.a.w.s.DefaultWebService.checkPaused(306)
DEBUG 2026-08-06 02:48:48.065 [TOW task-2] GET /console/nodes/localhost/appmon/websocket/URS8lWTiFfJPCLwDLmfLnXcWHCCI7bFIwyYGnXz6S74X_1IuZYz_Q05VivnAkuDM_VutNlFZsLs HTTP/1.1 0:0:0:0:0:0:0:1 - c.a.w.s.DefaultWebService.service(87)
DEBUG 2026-08-06 02:48:48.067 [TOW task-2] Response {code=404} - c.a.w.s.DefaultWebService.sendError(258)
DEBUG 2026-08-06 02:48:48.095 [TOW task-2] Session 1ljxb1af1vxkt2kna7rph5v6u0.cn0 complete, active requests=0 - c.a.c.c.session.ManagedSession.complete(334)
DEBUG 2026-08-06 02:48:59.894 [TOW task-2] Session 1ljxb1af1vxkt2kna7rph5v6u0.cn0 in use, stopping timer, active requests=1 - c.a.c.c.session.ManagedSession.access(314)
DEBUG 2026-08-06 02:48:59.903 [TOW task-2] GET /console/appmon/dashboard/ HTTP/1.1 0:0:0:0:0:0:0:1 - c.a.w.s.DefaultWebService.service(87)
DEBUG 2026-08-06 02:48:59.904 [TOW task-2] Translet {name=/appmon/dashboard/${appsToSubscribe}, namePattern=/appmon/dashboard/*, responseRule={response={type=dispatch, name=appmon/dashboard}}} - c.a.core.activity.CoreActivity.prepare(220)
DEBUG 2026-08-06 02:48:59.912 [TOW task-2] Advice {type=before, instance=com.aspectran.aspectow.appmon.engine.persist.counter.activity.ActivityEventCounter$$Lambda/0x0000000060645400@2b667979, order=0, isolated=true} - c.a.c.activity.AdviceActivity.executeAdvice(351)
DEBUG 2026-08-06 02:48:59.913 [TOW task-2] Advice {type=before, action={advice={method=com.aspectran.aspectow.console.auth.UserAuthAspect.checkAuthenticated(com.aspectran.core.activity.Translet)}}, order=1} - c.a.c.activity.AdviceActivity.executeAdvice(351)
DEBUG 2026-08-06 02:48:59.914 [TOW task-2] Advice {type=before, action={advice={method=com.aspectran.aspectow.console.auth.AccessControlAspect.checkPermission(com.aspectran.core.activity.Translet)}}, order=2} - c.a.c.activity.AdviceActivity.executeAdvice(351)
DEBUG 2026-08-06 02:48:59.915 [TOW task-2] Advice {type=before, action={header={headers=[X-Frame-Options, X-Content-Type-Options, X-XSS-Protection, Referrer-Policy]}}} - c.a.c.activity.AdviceActivity.executeAdvice(351)
DEBUG 2026-08-06 02:48:59.919 [TOW task-2] Advice {type=before, action={header={headers=[Content-Type, Content-Security-Policy]}}} - c.a.c.activity.AdviceActivity.executeAdvice(351)
DEBUG 2026-08-06 02:48:59.920 [TOW task-2] Advice {type=before, action={advice={method=com.aspectran.aspectow.console.common.aspect.DevCorsAdvice.process(com.aspectran.core.activity.Translet)}}} - c.a.c.activity.AdviceActivity.executeAdvice(351)
DEBUG 2026-08-06 02:48:59.922 [TOW task-2] Action {annotated={id=page, method=com.aspectran.aspectow.console.appmon.AppMonActivity.dashboard(java.lang.String)}} - c.a.core.activity.CoreActivity.execute(652)
DEBUG 2026-08-06 02:48:59.924 [TOW task-2] Response {type=dispatch, name=appmon/dashboard} - c.a.c.a.r.d.DispatchResponse.respond(71)
DEBUG 2026-08-06 02:48:59.925 [TOW task-2] Dispatching to Thymeleaf template appmon/dashboard - c.a.t.v.ThymeleafViewDispatcher.dispatch(88)
DEBUG 2026-08-06 02:49:00.058 [TOW task-3] Session 1ljxb1af1vxkt2kna7rph5v6u0.cn0 in use, stopping timer, active requests=2 - c.a.c.c.session.ManagedSession.access(314)
ERROR 2026-08-06 02:49:00.085 [TOW task-3] Invalid token: URS8lWTiFfJPCLwDLmfLnXcWHCCI7bFIwyYGnXz6S74X_1IuZYz_Q05VivnAkuDM_VutNlFZsLs - c.a.a.a.e.r.w.WebsocketMessageRelayer.checkAuthorized(81)
DEBUG 2026-08-06 02:49:00.095 [TOW task-3] Websocket session lCof_yP4pdHTKrhqD8QWKkWefwHVlzKr6-WnAFmB has been closed. Reason: CloseReason[1003,Unauthorized] - c.a.a.a.e.r.w.WebsocketMessageRelayer.doOnClose(110)
DEBUG 2026-08-06 02:49:00.097 [TOW task-3] Session 1ljxb1af1vxkt2kna7rph5v6u0.cn0 complete, active requests=1 - c.a.c.c.session.ManagedSession.complete(334)
DEBUG 2026-08-06 02:49:00.979 [TOW task-2] Session 1ljxb1af1vxkt2kna7rph5v6u0.cn0 complete, active requests=0 - c.a.c.c.session.ManagedSession.complete(334)
DEBUG 2026-08-06 02:49:01.180 [TOW task-3] Session 1ljxb1af1vxkt2kna7rph5v6u0.cn0 in use, stopping timer, active requests=1 - c.a.c.c.session.ManagedSession.access(314)
DEBUG 2026-08-06 02:49:01.181 [TOW task-3] GET /console/appmon/config/data HTTP/1.1 0:0:0:0:0:0:0:1 - c.a.w.s.DefaultWebService.service(87)
DEBUG 2026-08-06 02:49:01.182 [TOW task-3] Translet {name=/appmon/config/data, method=[GET], responseRule={response={type=transform, format=custom}}} - c.a.core.activity.CoreActivity.prepare(220)
DEBUG 2026-08-06 02:49:01.184 [TOW task-3] Advice {type=before, instance=com.aspectran.aspectow.appmon.engine.persist.counter.activity.ActivityEventCounter$$Lambda/0x0000000060645400@2b667979, order=0, isolated=true} - c.a.c.activity.AdviceActivity.executeAdvice(351)
DEBUG 2026-08-06 02:49:01.185 [TOW task-3] Advice {type=before, action={advice={method=com.aspectran.aspectow.console.auth.UserAuthAspect.checkAuthenticated(com.aspectran.core.activity.Translet)}}, order=1} - c.a.c.activity.AdviceActivity.executeAdvice(351)
DEBUG 2026-08-06 02:49:01.185 [TOW task-3] Advice {type=before, action={advice={method=com.aspectran.aspectow.console.auth.AccessControlAspect.checkPermission(com.aspectran.core.activity.Translet)}}, order=2} - c.a.c.activity.AdviceActivity.executeAdvice(351)
DEBUG 2026-08-06 02:49:01.186 [TOW task-3] Advice {type=before, action={header={headers=[X-Frame-Options, X-Content-Type-Options, X-XSS-Protection, Referrer-Policy]}}} - c.a.c.activity.AdviceActivity.executeAdvice(351)
DEBUG 2026-08-06 02:49:01.187 [TOW task-3] Advice {type=before, action={advice={method=com.aspectran.aspectow.console.common.aspect.DevCorsAdvice.process(com.aspectran.core.activity.Translet)}}} - c.a.c.activity.AdviceActivity.executeAdvice(351)
DEBUG 2026-08-06 02:49:01.188 [TOW task-3] Action {annotated={method=com.aspectran.aspectow.console.appmon.AppMonActivity.getConfigData(com.aspectran.core.activity.Translet, java.lang.String)}} - c.a.core.activity.CoreActivity.execute(652)
DEBUG 2026-08-06 02:49:01.250 [TOW task-3] Response com.aspectran.web.activity.response.DefaultRestResponse@59a31f48 - c.a.c.a.r.t.CustomTransformResponse.respond(85)
DEBUG 2026-08-06 02:49:01.256 [TOW task-3] Session 1ljxb1af1vxkt2kna7rph5v6u0.cn0 complete, active requests=0 - c.a.c.c.session.ManagedSession.complete(334)
DEBUG 2026-08-06 02:49:01.345 [TOW task-3] Session 1ljxb1af1vxkt2kna7rph5v6u0.cn0 in use, stopping timer, active requests=1 - c.a.c.c.session.ManagedSession.access(314)
DEBUG 2026-08-06 02:49:01.347 [TOW task-3] WebSocket connection established for session n9BYQArifIPkpC6KbaxFVx1zvkayALnoMejSFjDx - c.a.a.a.e.r.w.WebsocketMessageRelayer.doOnOpen(74)
DEBUG 2026-08-06 02:49:01.349 [TOW task-3] Session 1ljxb1af1vxkt2kna7rph5v6u0.cn0 complete, active requests=0 - c.a.c.c.session.ManagedSession.complete(334)
DEBUG 2026-08-06 02:49:01.577 [TOW I/O-4] com.aspectran.aspectow.appmon.engine.exporter.event.EventExporter@639fa1e4 is STARTING - c.a.u.l.AbstractLifeCycle.setStarting(183)
DEBUG 2026-08-06 02:49:01.579 [TOW I/O-4] com.aspectran.aspectow.appmon.engine.exporter.event.EventExporter@639fa1e4 is STARTED - c.a.u.l.AbstractLifeCycle.setStarted(193)
DEBUG 2026-08-06 02:49:01.579 [TOW I/O-4] com.aspectran.aspectow.appmon.engine.exporter.event.EventExporter@6a7d9c06 is STARTING - c.a.u.l.AbstractLifeCycle.setStarting(183)
DEBUG 2026-08-06 02:49:01.580 [TOW I/O-4] Register session listener com.aspectran.aspectow.appmon.engine.exporter.event.session.SessionEventReadingListener@1bd69164 in DefaultSessionManager@24f360b2(rn0) - c.a.c.c.s.AbstractSessionManager.addSessionListener(500)
DEBUG 2026-08-06 02:49:01.581 [TOW I/O-4] com.aspectran.aspectow.appmon.engine.exporter.event.EventExporter@6a7d9c06 is STARTED - c.a.u.l.AbstractLifeCycle.setStarted(193)
DEBUG 2026-08-06 02:49:01.581 [TOW I/O-4] com.aspectran.aspectow.appmon.engine.exporter.event.ChartDataExporter@183bd753 is STARTING - c.a.u.l.AbstractLifeCycle.setStarting(183)
DEBUG 2026-08-06 02:49:01.582 [TOW I/O-4] com.aspectran.aspectow.appmon.engine.exporter.event.ChartDataExporter@183bd753 is STARTED - c.a.u.l.AbstractLifeCycle.setStarted(193)
DEBUG 2026-08-06 02:49:01.582 [TOW I/O-4] com.aspectran.aspectow.appmon.engine.exporter.event.ChartDataExporter@37492881 is STARTING - c.a.u.l.AbstractLifeCycle.setStarting(183)
DEBUG 2026-08-06 02:49:01.583 [TOW I/O-4] com.aspectran.aspectow.appmon.engine.exporter.event.ChartDataExporter@37492881 is STARTED - c.a.u.l.AbstractLifeCycle.setStarted(193)
DEBUG 2026-08-06 02:49:01.584 [TOW I/O-4] com.aspectran.aspectow.appmon.engine.exporter.metric.MetricExporter@2e31580e is STARTING - c.a.u.l.AbstractLifeCycle.setStarting(183)
DEBUG 2026-08-06 02:49:01.585 [TOW I/O-4] com.aspectran.aspectow.appmon.engine.exporter.metric.MetricExporter@2e31580e is STARTED - c.a.u.l.AbstractLifeCycle.setStarted(193)
DEBUG 2026-08-06 02:49:01.586 [TOW I/O-4] com.aspectran.aspectow.appmon.engine.exporter.metric.MetricExporter@76b1ee24 is STARTING - c.a.u.l.AbstractLifeCycle.setStarting(183)
DEBUG 2026-08-06 02:49:01.586 [TOW I/O-4] com.aspectran.aspectow.appmon.engine.exporter.metric.MetricExporter@76b1ee24 is STARTED - c.a.u.l.AbstractLifeCycle.setStarted(193)
DEBUG 2026-08-06 02:49:01.587 [TOW I/O-4] com.aspectran.aspectow.appmon.engine.exporter.log.LogExporter@6c4638ae is STARTING - c.a.u.l.AbstractLifeCycle.setStarting(183)
DEBUG 2026-08-06 02:49:01.604 [TOW I/O-4] com.aspectran.aspectow.appmon.engine.exporter.log.LogExporter@6c4638ae is STARTED - c.a.u.l.AbstractLifeCycle.setStarted(193)
DEBUG 2026-08-06 02:49:01.605 [TOW I/O-4] com.aspectran.aspectow.appmon.engine.exporter.log.LogExporter@1c0ba3ed is STARTING - c.a.u.l.AbstractLifeCycle.setStarting(183)
DEBUG 2026-08-06 02:49:01.605 [TOW I/O-4] com.aspectran.aspectow.appmon.engine.exporter.log.LogExporter@1c0ba3ed is STARTED - c.a.u.l.AbstractLifeCycle.setStarted(193)
DEBUG 2026-08-06 02:49:01.621 [TOW I/O-4] com.aspectran.aspectow.appmon.engine.exporter.event.EventExporter@ae6dc7c is STARTING - c.a.u.l.AbstractLifeCycle.setStarting(183)
DEBUG 2026-08-06 02:49:01.622 [TOW I/O-4] com.aspectran.aspectow.appmon.engine.exporter.event.EventExporter@ae6dc7c is STARTED - c.a.u.l.AbstractLifeCycle.setStarted(193)
DEBUG 2026-08-06 02:49:01.622 [TOW I/O-4] com.aspectran.aspectow.appmon.engine.exporter.event.EventExporter@608543e6 is STARTING - c.a.u.l.AbstractLifeCycle.setStarting(183)
DEBUG 2026-08-06 02:49:01.623 [TOW I/O-4] Register session listener com.aspectran.aspectow.appmon.engine.exporter.event.session.SessionEventReadingListener@65f32e4d in DefaultSessionManager@1edb61b1(cn0) - c.a.c.c.s.AbstractSessionManager.addSessionListener(500)
DEBUG 2026-08-06 02:49:01.624 [TOW I/O-4] com.aspectran.aspectow.appmon.engine.exporter.event.EventExporter@608543e6 is STARTED - c.a.u.l.AbstractLifeCycle.setStarted(193)
DEBUG 2026-08-06 02:49:01.624 [TOW I/O-4] com.aspectran.aspectow.appmon.engine.exporter.event.ChartDataExporter@68a66e20 is STARTING - c.a.u.l.AbstractLifeCycle.setStarting(183)
DEBUG 2026-08-06 02:49:01.625 [TOW I/O-4] com.aspectran.aspectow.appmon.engine.exporter.event.ChartDataExporter@68a66e20 is STARTED - c.a.u.l.AbstractLifeCycle.setStarted(193)
DEBUG 2026-08-06 02:49:01.625 [TOW I/O-4] com.aspectran.aspectow.appmon.engine.exporter.event.ChartDataExporter@14dba43f is STARTING - c.a.u.l.AbstractLifeCycle.setStarting(183)
DEBUG 2026-08-06 02:49:01.626 [TOW I/O-4] com.aspectran.aspectow.appmon.engine.exporter.event.ChartDataExporter@14dba43f is STARTED - c.a.u.l.AbstractLifeCycle.setStarted(193)
DEBUG 2026-08-06 02:49:01.627 [TOW I/O-4] com.aspectran.aspectow.appmon.engine.exporter.metric.MetricExporter@3acf825e is STARTING - c.a.u.l.AbstractLifeCycle.setStarting(183)
DEBUG 2026-08-06 02:49:01.628 [TOW I/O-4] com.aspectran.aspectow.appmon.engine.exporter.metric.MetricExporter@3acf825e is STARTED - c.a.u.l.AbstractLifeCycle.setStarted(193)
DEBUG 2026-08-06 02:49:01.629 [TOW I/O-4] com.aspectran.aspectow.appmon.engine.exporter.metric.MetricExporter@600cad97 is STARTING - c.a.u.l.AbstractLifeCycle.setStarting(183)
DEBUG 2026-08-06 02:49:01.630 [TOW I/O-4] com.aspectran.aspectow.appmon.engine.exporter.metric.MetricExporter@600cad97 is STARTED - c.a.u.l.AbstractLifeCycle.setStarted(193)
DEBUG 2026-08-06 02:49:01.630 [TOW I/O-4] com.aspectran.aspectow.appmon.engine.exporter.log.LogExporter@4ce07fc1 is STARTING - c.a.u.l.AbstractLifeCycle.setStarting(183)
DEBUG 2026-08-06 02:49:01.632 [TOW I/O-4] com.aspectran.aspectow.appmon.engine.exporter.log.LogExporter@4ce07fc1 is STARTED - c.a.u.l.AbstractLifeCycle.setStarted(193)
DEBUG 2026-08-06 02:49:01.632 [TOW I/O-4] com.aspectran.aspectow.appmon.engine.exporter.log.LogExporter@1db553ec is STARTING - c.a.u.l.AbstractLifeCycle.setStarting(183)
DEBUG 2026-08-06 02:49:01.634 [TOW I/O-4] com.aspectran.aspectow.appmon.engine.exporter.log.LogExporter@1db553ec is STARTED - c.a.u.l.AbstractLifeCycle.setStarted(193)
DEBUG 2026-08-06 02:49:01.689 [TOW I/O-4] Advice {type=before, instance=com.aspectran.mybatis.SqlSessionAdviceRegister$$Lambda/0x0000000060628ef0@12aa381f, order=0} - c.a.c.activity.AdviceActivity.executeAdvice(351)
DEBUG 2026-08-06 02:49:01.690 [TOW I/O-4] Open DefaultSqlSession@7c7d8bf3 {executorType=SIMPLE, autoCommit=false, readOnly=false} - c.a.mybatis.SqlSessionAdvice.doOpen(239)
DEBUG 2026-08-06 02:49:01.705 [TOW I/O-4] Cache Hit Ratio [com.aspectran.aspectow.appmon.engine.persist.db.mapper.EventCountMapper]: 0.0 - c.a.a.a.e.p.d.m.EventCountMapper.getObject(60)
DEBUG 2026-08-06 02:49:01.712 [TOW I/O-4] ==>  Preparing: select datetime, delta, error from ( select datetime, delta, error from appmon_event_count where node_id = ? and app_id = ? and event_id = ? order by 1 desc limit 100 ) as x order by 1 - c.a.a.a.e.p.d.m.E.getChartData.debug(135)
DEBUG 2026-08-06 02:49:01.713 [TOW I/O-4] ==> Parameters: localhost-console1(String), root(String), activity(String) - c.a.a.a.e.p.d.m.E.getChartData.debug(135)
DEBUG 2026-08-06 02:49:01.724 [TOW I/O-4] <==      Total: 0 - c.a.a.a.e.p.d.m.E.getChartData.debug(135)
DEBUG 2026-08-06 02:49:01.725 [TOW I/O-4] Advice {type=after, instance=com.aspectran.mybatis.SqlSessionAdviceRegister$$Lambda/0x0000000060629150@6115846e, order=0} - c.a.c.activity.AdviceActivity.executeAdvice(351)
DEBUG 2026-08-06 02:49:01.725 [TOW I/O-4] Commit transaction for DefaultSqlSession@7c7d8bf3 - c.a.mybatis.SqlSessionAdvice.commit(257)
DEBUG 2026-08-06 02:49:01.726 [TOW I/O-4] Advice {type=finally, instance=com.aspectran.mybatis.SqlSessionAdviceRegister$$Lambda/0x0000000060629610@1bec1589, order=0} - c.a.c.activity.AdviceActivity.executeAdvice(351)
DEBUG 2026-08-06 02:49:01.733 [TOW I/O-4] Close DefaultSqlSession@7c7d8bf3 - c.a.mybatis.SqlSessionAdvice.close(351)
DEBUG 2026-08-06 02:49:01.734 [TOW I/O-4] Advice {type=before, instance=com.aspectran.mybatis.SqlSessionAdviceRegister$$Lambda/0x0000000060628ef0@12aa381f, order=0} - c.a.c.activity.AdviceActivity.executeAdvice(351)
DEBUG 2026-08-06 02:49:01.735 [TOW I/O-4] Open DefaultSqlSession@3595e805 {executorType=SIMPLE, autoCommit=false, readOnly=false} - c.a.mybatis.SqlSessionAdvice.doOpen(239)
DEBUG 2026-08-06 02:49:01.736 [TOW I/O-4] Cache Hit Ratio [com.aspectran.aspectow.appmon.engine.persist.db.mapper.EventCountMapper]: 0.0 - c.a.a.a.e.p.d.m.EventCountMapper.getObject(60)
DEBUG 2026-08-06 02:49:01.744 [TOW I/O-4] ==>  Preparing: select datetime, delta, error from ( select datetime, delta, error from appmon_event_count where node_id = ? and app_id = ? and event_id = ? order by 1 desc limit 100 ) as x order by 1 - c.a.a.a.e.p.d.m.E.getChartData.debug(135)
DEBUG 2026-08-06 02:49:01.745 [TOW I/O-4] ==> Parameters: localhost-console1(String), root(String), session(String) - c.a.a.a.e.p.d.m.E.getChartData.debug(135)
DEBUG 2026-08-06 02:49:01.753 [TOW I/O-4] <==      Total: 0 - c.a.a.a.e.p.d.m.E.getChartData.debug(135)
DEBUG 2026-08-06 02:49:01.754 [TOW I/O-4] Advice {type=after, instance=com.aspectran.mybatis.SqlSessionAdviceRegister$$Lambda/0x0000000060629150@6115846e, order=0} - c.a.c.activity.AdviceActivity.executeAdvice(351)
DEBUG 2026-08-06 02:49:01.755 [TOW I/O-4] Commit transaction for DefaultSqlSession@3595e805 - c.a.mybatis.SqlSessionAdvice.commit(257)
DEBUG 2026-08-06 02:49:01.755 [TOW I/O-4] Advice {type=finally, instance=com.aspectran.mybatis.SqlSessionAdviceRegister$$Lambda/0x0000000060629610@1bec1589, order=0} - c.a.c.activity.AdviceActivity.executeAdvice(351)
DEBUG 2026-08-06 02:49:01.769 [TOW I/O-4] Close DefaultSqlSession@3595e805 - c.a.mybatis.SqlSessionAdvice.close(351)
DEBUG 2026-08-06 02:49:01.794 [TOW I/O-4] Advice {type=before, instance=com.aspectran.mybatis.SqlSessionAdviceRegister$$Lambda/0x0000000060628ef0@12aa381f, order=0} - c.a.c.activity.AdviceActivity.executeAdvice(351)
DEBUG 2026-08-06 02:49:01.795 [TOW I/O-4] Open DefaultSqlSession@2e72f09f {executorType=SIMPLE, autoCommit=false, readOnly=false} - c.a.mybatis.SqlSessionAdvice.doOpen(239)
DEBUG 2026-08-06 02:49:01.796 [TOW I/O-4] Cache Hit Ratio [com.aspectran.aspectow.appmon.engine.persist.db.mapper.EventCountMapper]: 0.0 - c.a.a.a.e.p.d.m.EventCountMapper.getObject(60)
DEBUG 2026-08-06 02:49:01.804 [TOW I/O-4] ==>  Preparing: select datetime, delta, error from ( select datetime, delta, error from appmon_event_count where node_id = ? and app_id = ? and event_id = ? order by 1 desc limit 100 ) as x order by 1 - c.a.a.a.e.p.d.m.E.getChartData.debug(135)
DEBUG 2026-08-06 02:49:01.805 [TOW I/O-4] ==> Parameters: localhost-console1(String), console(String), activity(String) - c.a.a.a.e.p.d.m.E.getChartData.debug(135)
DEBUG 2026-08-06 02:49:01.814 [TOW I/O-4] <==      Total: 2 - c.a.a.a.e.p.d.m.E.getChartData.debug(135)
DEBUG 2026-08-06 02:49:01.814 [TOW I/O-4] Advice {type=after, instance=com.aspectran.mybatis.SqlSessionAdviceRegister$$Lambda/0x0000000060629150@6115846e, order=0} - c.a.c.activity.AdviceActivity.executeAdvice(351)
DEBUG 2026-08-06 02:49:01.815 [TOW I/O-4] Commit transaction for DefaultSqlSession@2e72f09f - c.a.mybatis.SqlSessionAdvice.commit(257)
DEBUG 2026-08-06 02:49:01.816 [TOW I/O-4] Advice {type=finally, instance=com.aspectran.mybatis.SqlSessionAdviceRegister$$Lambda/0x0000000060629610@1bec1589, order=0} - c.a.c.activity.AdviceActivity.executeAdvice(351)
DEBUG 2026-08-06 02:49:01.824 [TOW I/O-4] Close DefaultSqlSession@2e72f09f - c.a.mybatis.SqlSessionAdvice.close(351)
DEBUG 2026-08-06 02:49:01.825 [TOW I/O-4] Advice {type=before, instance=com.aspectran.mybatis.SqlSessionAdviceRegister$$Lambda/0x0000000060628ef0@12aa381f, order=0} - c.a.c.activity.AdviceActivity.executeAdvice(351)
DEBUG 2026-08-06 02:49:01.825 [TOW I/O-4] Open DefaultSqlSession@4bb8e8f7 {executorType=SIMPLE, autoCommit=false, readOnly=false} - c.a.mybatis.SqlSessionAdvice.doOpen(239)
DEBUG 2026-08-06 02:49:01.826 [TOW I/O-4] Cache Hit Ratio [com.aspectran.aspectow.appmon.engine.persist.db.mapper.EventCountMapper]: 0.0 - c.a.a.a.e.p.d.m.EventCountMapper.getObject(60)
DEBUG 2026-08-06 02:49:01.833 [TOW I/O-4] ==>  Preparing: select datetime, delta, error from ( select datetime, delta, error from appmon_event_count where node_id = ? and app_id = ? and event_id = ? order by 1 desc limit 100 ) as x order by 1 - c.a.a.a.e.p.d.m.E.getChartData.debug(135)
DEBUG 2026-08-06 02:49:01.834 [TOW I/O-4] ==> Parameters: localhost-console1(String), console(String), session(String) - c.a.a.a.e.p.d.m.E.getChartData.debug(135)
DEBUG 2026-08-06 02:49:01.842 [TOW I/O-4] <==      Total: 0 - c.a.a.a.e.p.d.m.E.getChartData.debug(135)
DEBUG 2026-08-06 02:49:01.843 [TOW I/O-4] Advice {type=after, instance=com.aspectran.mybatis.SqlSessionAdviceRegister$$Lambda/0x0000000060629150@6115846e, order=0} - c.a.c.activity.AdviceActivity.executeAdvice(351)
DEBUG 2026-08-06 02:49:01.843 [TOW I/O-4] Commit transaction for DefaultSqlSession@4bb8e8f7 - c.a.mybatis.SqlSessionAdvice.commit(257)
DEBUG 2026-08-06 02:49:01.844 [TOW I/O-4] Advice {type=finally, instance=com.aspectran.mybatis.SqlSessionAdviceRegister$$Lambda/0x0000000060629610@1bec1589, order=0} - c.a.c.activity.AdviceActivity.executeAdvice(351)
DEBUG 2026-08-06 02:49:01.851 [TOW I/O-4] Close DefaultSqlSession@4bb8e8f7 - c.a.mybatis.SqlSessionAdvice.close(351)
DEBUG 2026-08-06 02:49:01.854 [TOW I/O-4] Advice {type=before, instance=com.aspectran.mybatis.SqlSessionAdviceRegister$$Lambda/0x0000000060628ef0@12aa381f, order=0} - c.a.c.activity.AdviceActivity.executeAdvice(351)
DEBUG 2026-08-06 02:49:01.855 [TOW I/O-4] Open DefaultSqlSession@24f0f00e {executorType=SIMPLE, autoCommit=false, readOnly=false} - c.a.mybatis.SqlSessionAdvice.doOpen(239)
DEBUG 2026-08-06 02:49:01.858 [TOW I/O-4] Cache Hit Ratio [com.aspectran.aspectow.appmon.engine.persist.db.mapper.EventCountMapper]: 0.1111111111111111 - c.a.a.a.e.p.d.m.EventCountMapper.getObject(60)
DEBUG 2026-08-06 02:49:01.859 [TOW I/O-4] Advice {type=after, instance=com.aspectran.mybatis.SqlSessionAdviceRegister$$Lambda/0x0000000060629150@6115846e, order=0} - c.a.c.activity.AdviceActivity.executeAdvice(351)
DEBUG 2026-08-06 02:49:01.859 [TOW I/O-4] Commit transaction for DefaultSqlSession@24f0f00e - c.a.mybatis.SqlSessionAdvice.commit(257)
DEBUG 2026-08-06 02:49:01.859 [TOW I/O-4] Advice {type=finally, instance=com.aspectran.mybatis.SqlSessionAdviceRegister$$Lambda/0x0000000060629610@1bec1589, order=0} - c.a.c.activity.AdviceActivity.executeAdvice(351)
DEBUG 2026-08-06 02:49:01.860 [TOW I/O-4] Close DefaultSqlSession@24f0f00e - c.a.mybatis.SqlSessionAdvice.close(351)
DEBUG 2026-08-06 02:49:01.860 [TOW I/O-4] Advice {type=before, instance=com.aspectran.mybatis.SqlSessionAdviceRegister$$Lambda/0x0000000060628ef0@12aa381f, order=0} - c.a.c.activity.AdviceActivity.executeAdvice(351)
DEBUG 2026-08-06 02:49:01.861 [TOW I/O-4] Open DefaultSqlSession@417ecd46 {executorType=SIMPLE, autoCommit=false, readOnly=false} - c.a.mybatis.SqlSessionAdvice.doOpen(239)
DEBUG 2026-08-06 02:49:01.862 [TOW I/O-4] Cache Hit Ratio [com.aspectran.aspectow.appmon.engine.persist.db.mapper.EventCountMapper]: 0.2 - c.a.a.a.e.p.d.m.EventCountMapper.getObject(60)
DEBUG 2026-08-06 02:49:01.862 [TOW I/O-4] Advice {type=after, instance=com.aspectran.mybatis.SqlSessionAdviceRegister$$Lambda/0x0000000060629150@6115846e, order=0} - c.a.c.activity.AdviceActivity.executeAdvice(351)
DEBUG 2026-08-06 02:49:01.862 [TOW I/O-4] Commit transaction for DefaultSqlSession@417ecd46 - c.a.mybatis.SqlSessionAdvice.commit(257)
DEBUG 2026-08-06 02:49:01.863 [TOW I/O-4] Advice {type=finally, instance=com.aspectran.mybatis.SqlSessionAdviceRegister$$Lambda/0x0000000060629610@1bec1589, order=0} - c.a.c.activity.AdviceActivity.executeAdvice(351)
DEBUG 2026-08-06 02:49:01.863 [TOW I/O-4] Close DefaultSqlSession@417ecd46 - c.a.mybatis.SqlSessionAdvice.close(351)
DEBUG 2026-08-06 02:49:01.882 [TOW I/O-4] Advice {type=before, instance=com.aspectran.mybatis.SqlSessionAdviceRegister$$Lambda/0x0000000060628ef0@12aa381f, order=0} - c.a.c.activity.AdviceActivity.executeAdvice(351)
DEBUG 2026-08-06 02:49:01.884 [TOW I/O-4] Open DefaultSqlSession@58ad8da {executorType=SIMPLE, autoCommit=false, readOnly=false} - c.a.mybatis.SqlSessionAdvice.doOpen(239)
DEBUG 2026-08-06 02:49:01.885 [TOW I/O-4] Cache Hit Ratio [com.aspectran.aspectow.appmon.engine.persist.db.mapper.EventCountMapper]: 0.2727272727272727 - c.a.a.a.e.p.d.m.EventCountMapper.getObject(60)
DEBUG 2026-08-06 02:49:01.886 [TOW I/O-4] Advice {type=after, instance=com.aspectran.mybatis.SqlSessionAdviceRegister$$Lambda/0x0000000060629150@6115846e, order=0} - c.a.c.activity.AdviceActivity.executeAdvice(351)
DEBUG 2026-08-06 02:49:01.887 [TOW I/O-4] Commit transaction for DefaultSqlSession@58ad8da - c.a.mybatis.SqlSessionAdvice.commit(257)
DEBUG 2026-08-06 02:49:01.888 [TOW I/O-4] Advice {type=finally, instance=com.aspectran.mybatis.SqlSessionAdviceRegister$$Lambda/0x0000000060629610@1bec1589, order=0} - c.a.c.activity.AdviceActivity.executeAdvice(351)
DEBUG 2026-08-06 02:49:01.888 [TOW I/O-4] Close DefaultSqlSession@58ad8da - c.a.mybatis.SqlSessionAdvice.close(351)
DEBUG 2026-08-06 02:49:01.889 [TOW I/O-4] Advice {type=before, instance=com.aspectran.mybatis.SqlSessionAdviceRegister$$Lambda/0x0000000060628ef0@12aa381f, order=0} - c.a.c.activity.AdviceActivity.executeAdvice(351)
DEBUG 2026-08-06 02:49:01.889 [TOW I/O-4] Open DefaultSqlSession@72e7b0d4 {executorType=SIMPLE, autoCommit=false, readOnly=false} - c.a.mybatis.SqlSessionAdvice.doOpen(239)
DEBUG 2026-08-06 02:49:01.890 [TOW I/O-4] Cache Hit Ratio [com.aspectran.aspectow.appmon.engine.persist.db.mapper.EventCountMapper]: 0.3333333333333333 - c.a.a.a.e.p.d.m.EventCountMapper.getObject(60)
DEBUG 2026-08-06 02:49:01.891 [TOW I/O-4] Advice {type=after, instance=com.aspectran.mybatis.SqlSessionAdviceRegister$$Lambda/0x0000000060629150@6115846e, order=0} - c.a.c.activity.AdviceActivity.executeAdvice(351)
DEBUG 2026-08-06 02:49:01.891 [TOW I/O-4] Commit transaction for DefaultSqlSession@72e7b0d4 - c.a.mybatis.SqlSessionAdvice.commit(257)
DEBUG 2026-08-06 02:49:01.892 [TOW I/O-4] Advice {type=finally, instance=com.aspectran.mybatis.SqlSessionAdviceRegister$$Lambda/0x0000000060629610@1bec1589, order=0} - c.a.c.activity.AdviceActivity.executeAdvice(351)
DEBUG 2026-08-06 02:49:01.893 [TOW I/O-4] Close DefaultSqlSession@72e7b0d4 - c.a.mybatis.SqlSessionAdvice.close(351)
DEBUG 2026-08-06 02:50:00.010 [AppmonScheduler_Worker-1] Translet {name=appmon/persist/counter/rollup.job} - c.a.core.activity.CoreActivity.prepare(220)
DEBUG 2026-08-06 02:50:00.013 [AppmonScheduler_Worker-1] Action {annotated={method=com.aspectran.aspectow.appmon.engine.schedule.CounterPersistSchedule.rollup()}} - c.a.core.activity.CoreActivity.execute(652)
DEBUG 2026-08-06 02:50:00.015 [AppmonScheduler_Worker-1] Advice {type=before, instance=com.aspectran.mybatis.SqlSessionAdviceRegister$$Lambda/0x0000000060628ef0@12aa381f, order=0} - c.a.c.activity.AdviceActivity.executeAdvice(351)
DEBUG 2026-08-06 02:50:00.017 [AppmonScheduler_Worker-1] Open DefaultSqlSession@38cfae2d {executorType=SIMPLE, autoCommit=false, readOnly=false} - c.a.mybatis.SqlSessionAdvice.doOpen(239)
DEBUG 2026-08-06 02:50:00.038 [AppmonScheduler_Worker-1] ==>  Preparing: insert into appmon_event_count_last (node_id, group_id, app_id, event_id, datetime, total, delta, error) values (?, ?, ?, ?, ?, ?, ?, ?) on duplicate key update group_id = ?, datetime = ?, total = ?, delta = ?, error = ? - c.a.a.a.e.p.d.m.E.updateLastEventCount.debug(135)
DEBUG 2026-08-06 02:50:00.043 [AppmonScheduler_Worker-1] ==> Parameters: localhost-console1(String), console(String), console(String), activity(String), 2026-08-06T02:50:00.014365484(LocalDateTime), 15(Long), 2(Long), 0(Long), console(String), 2026-08-06T02:50:00.014365484(LocalDateTime), 15(Long), 2(Long), 0(Long) - c.a.a.a.e.p.d.m.E.updateLastEventCount.debug(135)
DEBUG 2026-08-06 02:50:00.051 [AppmonScheduler_Worker-1] <==    Updates: 2 - c.a.a.a.e.p.d.m.E.updateLastEventCount.debug(135)
DEBUG 2026-08-06 02:50:00.052 [AppmonScheduler_Worker-1] ==>  Preparing: insert into appmon_event_count (node_id, group_id, app_id, event_id, datetime, total, delta, error) values (?, ?, ?, ?, ?, ?, ?, ?) on duplicate key update group_id = ?, total = ?, delta = ?, error = ? - c.a.a.a.e.p.d.m.E.insertEventCount.debug(135)
DEBUG 2026-08-06 02:50:00.053 [AppmonScheduler_Worker-1] ==> Parameters: localhost-console1(String), console(String), console(String), activity(String), 2026-08-06T02:50:00.014365484(LocalDateTime), 15(Long), 2(Long), 0(Long), console(String), 15(Long), 2(Long), 0(Long) - c.a.a.a.e.p.d.m.E.insertEventCount.debug(135)
DEBUG 2026-08-06 02:50:00.066 [AppmonScheduler_Worker-1] <==    Updates: 1 - c.a.a.a.e.p.d.m.E.insertEventCount.debug(135)
DEBUG 2026-08-06 02:50:00.067 [AppmonScheduler_Worker-1] ==>  Preparing: insert into appmon_event_count_hourly (node_id, group_id, app_id, event_id, datetime, total, delta, error) values (?, ?, ?, ?, ?, ?, ?, ?) on duplicate key update group_id = ?, total = ?, delta = delta + ?, error = error + ? - c.a.a.a.e.p.d.m.E.insertEventCountHourly.debug(135)
DEBUG 2026-08-06 02:50:00.069 [AppmonScheduler_Worker-1] ==> Parameters: localhost-console1(String), console(String), console(String), activity(String), 2026-08-06T02:00(LocalDateTime), 15(Long), 2(Long), 0(Long), console(String), 15(Long), 2(Long), 0(Long) - c.a.a.a.e.p.d.m.E.insertEventCountHourly.debug(135)
DEBUG 2026-08-06 02:50:00.077 [AppmonScheduler_Worker-1] <==    Updates: 2 - c.a.a.a.e.p.d.m.E.insertEventCountHourly.debug(135)
DEBUG 2026-08-06 02:50:00.078 [AppmonScheduler_Worker-1] Advice {type=after, instance=com.aspectran.mybatis.SqlSessionAdviceRegister$$Lambda/0x0000000060629150@6115846e, order=0} - c.a.c.activity.AdviceActivity.executeAdvice(351)
DEBUG 2026-08-06 02:50:00.078 [AppmonScheduler_Worker-1] Commit transaction for DefaultSqlSession@38cfae2d - c.a.mybatis.SqlSessionAdvice.commit(257)
DEBUG 2026-08-06 02:50:00.079 [AppmonScheduler_Worker-1] Advice {type=finally, instance=com.aspectran.mybatis.SqlSessionAdviceRegister$$Lambda/0x0000000060629610@1bec1589, order=0} - c.a.c.activity.AdviceActivity.executeAdvice(351)
DEBUG 2026-08-06 02:50:00.086 [AppmonScheduler_Worker-1] Close DefaultSqlSession@38cfae2d - c.a.mybatis.SqlSessionAdvice.close(351)
DEBUG 2026-08-06 02:50:02.209 [root] Websocket session n9BYQArifIPkpC6KbaxFVx1zvkayALnoMejSFjDx has been closed. Reason: CloseReason[1001] - c.a.a.a.e.r.w.WebsocketMessageRelayer.doOnClose(110)
INFO  2026-08-06 02:50:02.210 [root] WebActivityServlet 'webActivityServlet' has been destroyed. - c.a.w.s.WebActivityServlet.destroy(141)
DEBUG 2026-08-06 02:50:02.211 [root] com.aspectran.core.component.session.HouseKeeper@32f61a31(cn0) is STOPPING - c.a.u.l.AbstractLifeCycle.setStopping(203)
DEBUG 2026-08-06 02:50:02.212 [root] com.aspectran.core.component.session.HouseKeeper@32f61a31 {scavengingInterval=180000} used by DefaultSessionManager@1edb61b1(cn0) is STOPPED - c.a.u.l.AbstractLifeCycle.setStopped(213)
DEBUG 2026-08-06 02:50:02.214 [root] Destroyed FileSessionStore@cc62a3b - c.a.c.c.AbstractComponent.destroy(99)
DEBUG 2026-08-06 02:50:02.214 [root] Destroyed DefaultSessionCache@ec2bf82(cn0) - c.a.c.c.AbstractComponent.destroy(99)
DEBUG 2026-08-06 02:50:02.214 [root] Destroyed DefaultSessionManager@1edb61b1(cn0) - c.a.c.c.AbstractComponent.destroy(99)
INFO  2026-08-06 02:50:02.215 [root] WebActivityServlet 'webActivityServlet' has been destroyed. - c.a.w.s.WebActivityServlet.destroy(141)
DEBUG 2026-08-06 02:50:02.216 [root] com.aspectran.core.component.session.HouseKeeper@19b30c92(rn0) is STOPPING - c.a.u.l.AbstractLifeCycle.setStopping(203)
DEBUG 2026-08-06 02:50:02.216 [root] com.aspectran.core.component.session.HouseKeeper@19b30c92 {scavengingInterval=90000} used by DefaultSessionManager@24f360b2(rn0) is STOPPED - c.a.u.l.AbstractLifeCycle.setStopped(213)
DEBUG 2026-08-06 02:50:02.217 [root] Destroyed FileSessionStore@3bd7f8dc - c.a.c.c.AbstractComponent.destroy(99)
DEBUG 2026-08-06 02:50:02.217 [root] Destroyed DefaultSessionCache@6cea706c(rn0) - c.a.c.c.AbstractComponent.destroy(99)
DEBUG 2026-08-06 02:50:02.218 [root] Destroyed DefaultSessionManager@24f360b2(rn0) - c.a.c.c.AbstractComponent.destroy(99)
INFO  2026-08-06 02:50:02.218 [root] stopping server: Undertow - 2.3.26.Final - io.undertow.stop(259)
INFO  2026-08-06 02:50:02.221 [root] Undertow 2.3.26.Final stopped - c.a.u.server.DefaultTowServer.doStop(79)
DEBUG 2026-08-06 02:50:02.222 [root] com.aspectran.undertow.server.DefaultTowServer@3da30852 is STOPPED - c.a.u.l.AbstractLifeCycle.setStopped(213)
DEBUG 2026-08-06 02:50:02.222 [root] Destroyed DefaultBeanRegistry@7164ca4c - c.a.c.c.AbstractComponent.destroy(99)
DEBUG 2026-08-06 02:50:02.222 [root] Destroyed TemplateRuleRegistry@c68a5f8 - c.a.c.c.AbstractComponent.destroy(99)
DEBUG 2026-08-06 02:50:02.222 [root] Destroyed DefaultTemplateRenderer@69c6161d - c.a.c.c.AbstractComponent.destroy(99)
DEBUG 2026-08-06 02:50:02.223 [root] Destroyed TransletRuleRegistry@1450078a - c.a.c.c.AbstractComponent.destroy(99)
DEBUG 2026-08-06 02:50:02.223 [root] Destroyed ScheduleRuleRegistry@4642b71d - c.a.c.c.AbstractComponent.destroy(99)
DEBUG 2026-08-06 02:50:02.223 [root] Destroyed AspectRuleRegistry@5ec77191 - c.a.c.c.AbstractComponent.destroy(99)
DEBUG 2026-08-06 02:50:02.224 [root] Destroyed TypeConverterRegistry@479460a6 - c.a.c.c.AbstractComponent.destroy(99)
DEBUG 2026-08-06 02:50:02.224 [root] Destroyed DefaultActivityContext@5eccd3b9 - c.a.c.c.AbstractComponent.destroy(99)
INFO  2026-08-06 02:50:02.224 [root] Stopped DefaultShellService@27f981c6 - c.a.c.s.AbstractServiceLifeCycle.stop(168)
DEBUG 2026-08-06 02:50:02.224 [shutdown] Releasing lock on /home/aspectran/projects/public/aspectow-demo-console/app/.lock - c.aspectran.utils.FileLocker.release(142)
DEBUG 2026-08-06 02:50:02.225 [shutdown] Removed shutdown-hook: Thread[#28,shutdown,5,main] - c.aspectran.utils.ShutdownHook.run(68)
DEBUG 2026-08-06 02:50:11.626 [TOW task-2] Reside evicted session id=1ljxb1af1vxkt2kna7rph5v6u0.cn0 - c.a.c.c.s.AbstractSessionCache.get(235)
DEBUG 2026-08-06 02:50:11.630 [TOW task-2] Session 1ljxb1af1vxkt2kna7rph5v6u0.cn0 in use, stopping timer, active requests=1 - c.a.c.c.session.ManagedSession.access(314)
DEBUG 2026-08-06 02:50:11.677 [TOW task-2] WebSocket connection established for session ru9pF0Meis4QXLMpzcR4UCGh9c04loytKDAehwST - c.a.a.a.e.r.w.WebsocketMessageRelayer.doOnOpen(74)
DEBUG 2026-08-06 02:50:11.679 [TOW task-2] Session 1ljxb1af1vxkt2kna7rph5v6u0.cn0 complete, active requests=0 - c.a.c.c.session.ManagedSession.complete(334)
DEBUG 2026-08-06 02:50:11.704 [TOW I/O-2] Websocket session ru9pF0Meis4QXLMpzcR4UCGh9c04loytKDAehwST has been closed. Reason: CloseReason[1000] - c.a.a.a.e.r.w.WebsocketMessageRelayer.doOnClose(110)
DEBUG 2026-08-06 02:50:11.722 [TOW task-2] Session 1ljxb1af1vxkt2kna7rph5v6u0.cn0 in use, stopping timer, active requests=1 - c.a.c.c.session.ManagedSession.access(314)
DEBUG 2026-08-06 02:50:11.725 [TOW task-2] GET /console/appmon/config/data HTTP/1.1 0:0:0:0:0:0:0:1 - c.a.w.s.DefaultWebService.service(87)
DEBUG 2026-08-06 02:50:11.727 [TOW task-2] Translet {name=/appmon/config/data, method=[GET], responseRule={response={type=transform, format=custom}}} - c.a.core.activity.CoreActivity.prepare(220)
DEBUG 2026-08-06 02:50:11.733 [TOW task-2] Advice {type=before, instance=com.aspectran.aspectow.appmon.engine.persist.counter.activity.ActivityEventCounter$$Lambda/0x000000001c6344f8@6b4278c9, order=0, isolated=true} - c.a.c.activity.AdviceActivity.executeAdvice(351)
DEBUG 2026-08-06 02:50:11.734 [TOW task-2] Advice {type=before, action={advice={method=com.aspectran.aspectow.console.auth.UserAuthAspect.checkAuthenticated(com.aspectran.core.activity.Translet)}}, order=1} - c.a.c.activity.AdviceActivity.executeAdvice(351)
DEBUG 2026-08-06 02:50:11.734 [TOW task-2] Advice {type=before, action={advice={method=com.aspectran.aspectow.console.auth.AccessControlAspect.checkPermission(com.aspectran.core.activity.Translet)}}, order=2} - c.a.c.activity.AdviceActivity.executeAdvice(351)
DEBUG 2026-08-06 02:50:11.735 [TOW task-2] Advice {type=before, action={header={headers=[X-Frame-Options, X-Content-Type-Options, X-XSS-Protection, Referrer-Policy]}}} - c.a.c.activity.AdviceActivity.executeAdvice(351)
DEBUG 2026-08-06 02:50:11.742 [TOW task-2] Advice {type=before, action={advice={method=com.aspectran.aspectow.console.common.aspect.DevCorsAdvice.process(com.aspectran.core.activity.Translet)}}} - c.a.c.activity.AdviceActivity.executeAdvice(351)
DEBUG 2026-08-06 02:50:11.743 [TOW task-2] Action {annotated={method=com.aspectran.aspectow.console.appmon.AppMonActivity.getConfigData(com.aspectran.core.activity.Translet, java.lang.String)}} - c.a.core.activity.CoreActivity.execute(652)
DEBUG 2026-08-06 02:50:11.804 [TOW task-2] Response com.aspectran.web.activity.response.DefaultRestResponse@682cc75f - c.a.c.a.r.t.CustomTransformResponse.respond(85)
DEBUG 2026-08-06 02:50:11.815 [TOW task-2] Session 1ljxb1af1vxkt2kna7rph5v6u0.cn0 complete, active requests=0 - c.a.c.c.session.ManagedSession.complete(334)
DEBUG 2026-08-06 02:50:11.857 [TOW task-2] Session 1ljxb1af1vxkt2kna7rph5v6u0.cn0 in use, stopping timer, active requests=1 - c.a.c.c.session.ManagedSession.access(314)
DEBUG 2026-08-06 02:50:11.861 [TOW task-2] WebSocket connection established for session piHPE4pJFD7wFyftjyYKf_jJrLmkJeh5H1NF63RU - c.a.a.a.e.r.w.WebsocketMessageRelayer.doOnOpen(74)
DEBUG 2026-08-06 02:50:11.862 [TOW task-2] Session 1ljxb1af1vxkt2kna7rph5v6u0.cn0 complete, active requests=0 - c.a.c.c.session.ManagedSession.complete(334)
DEBUG 2026-08-06 02:50:12.061 [TOW I/O-2] com.aspectran.aspectow.appmon.engine.exporter.event.EventExporter@72e5831c is STARTING - c.a.u.l.AbstractLifeCycle.setStarting(183)
DEBUG 2026-08-06 02:50:12.063 [TOW I/O-2] com.aspectran.aspectow.appmon.engine.exporter.event.EventExporter@72e5831c is STARTED - c.a.u.l.AbstractLifeCycle.setStarted(193)
DEBUG 2026-08-06 02:50:12.064 [TOW I/O-2] com.aspectran.aspectow.appmon.engine.exporter.event.EventExporter@20e4c8e7 is STARTING - c.a.u.l.AbstractLifeCycle.setStarting(183)
DEBUG 2026-08-06 02:50:12.065 [TOW I/O-2] Register session listener com.aspectran.aspectow.appmon.engine.exporter.event.session.SessionEventReadingListener@4fe14bd2 in DefaultSessionManager@24f360b2(rn0) - c.a.c.c.s.AbstractSessionManager.addSessionListener(500)
DEBUG 2026-08-06 02:50:12.065 [TOW I/O-2] com.aspectran.aspectow.appmon.engine.exporter.event.EventExporter@20e4c8e7 is STARTED - c.a.u.l.AbstractLifeCycle.setStarted(193)
DEBUG 2026-08-06 02:50:12.066 [TOW I/O-2] com.aspectran.aspectow.appmon.engine.exporter.event.ChartDataExporter@508349c7 is STARTING - c.a.u.l.AbstractLifeCycle.setStarting(183)
DEBUG 2026-08-06 02:50:12.066 [TOW I/O-2] com.aspectran.aspectow.appmon.engine.exporter.event.ChartDataExporter@508349c7 is STARTED - c.a.u.l.AbstractLifeCycle.setStarted(193)
DEBUG 2026-08-06 02:50:12.067 [TOW I/O-2] com.aspectran.aspectow.appmon.engine.exporter.event.ChartDataExporter@157937de is STARTING - c.a.u.l.AbstractLifeCycle.setStarting(183)
DEBUG 2026-08-06 02:50:12.068 [TOW I/O-2] com.aspectran.aspectow.appmon.engine.exporter.event.ChartDataExporter@157937de is STARTED - c.a.u.l.AbstractLifeCycle.setStarted(193)
DEBUG 2026-08-06 02:50:12.069 [TOW I/O-2] com.aspectran.aspectow.appmon.engine.exporter.metric.MetricExporter@73fd69b1 is STARTING - c.a.u.l.AbstractLifeCycle.setStarting(183)
DEBUG 2026-08-06 02:50:12.071 [TOW I/O-2] com.aspectran.aspectow.appmon.engine.exporter.metric.MetricExporter@73fd69b1 is STARTED - c.a.u.l.AbstractLifeCycle.setStarted(193)
DEBUG 2026-08-06 02:50:12.072 [TOW I/O-2] com.aspectran.aspectow.appmon.engine.exporter.metric.MetricExporter@296efb04 is STARTING - c.a.u.l.AbstractLifeCycle.setStarting(183)
DEBUG 2026-08-06 02:50:12.073 [TOW I/O-2] com.aspectran.aspectow.appmon.engine.exporter.metric.MetricExporter@296efb04 is STARTED - c.a.u.l.AbstractLifeCycle.setStarted(193)
DEBUG 2026-08-06 02:50:12.075 [TOW I/O-2] com.aspectran.aspectow.appmon.engine.exporter.log.LogExporter@595867d9 is STARTING - c.a.u.l.AbstractLifeCycle.setStarting(183)
DEBUG 2026-08-06 02:50:12.097 [TOW I/O-2] com.aspectran.aspectow.appmon.engine.exporter.log.LogExporter@595867d9 is STARTED - c.a.u.l.AbstractLifeCycle.setStarted(193)
DEBUG 2026-08-06 02:50:12.099 [TOW I/O-2] com.aspectran.aspectow.appmon.engine.exporter.log.LogExporter@fad2acf is STARTING - c.a.u.l.AbstractLifeCycle.setStarting(183)
DEBUG 2026-08-06 02:50:12.100 [TOW I/O-2] com.aspectran.aspectow.appmon.engine.exporter.log.LogExporter@fad2acf is STARTED - c.a.u.l.AbstractLifeCycle.setStarted(193)
DEBUG 2026-08-06 02:50:12.124 [TOW I/O-2] com.aspectran.aspectow.appmon.engine.exporter.event.EventExporter@95be58 is STARTING - c.a.u.l.AbstractLifeCycle.setStarting(183)
DEBUG 2026-08-06 02:50:12.125 [TOW I/O-2] com.aspectran.aspectow.appmon.engine.exporter.event.EventExporter@95be58 is STARTED - c.a.u.l.AbstractLifeCycle.setStarted(193)
DEBUG 2026-08-06 02:50:12.126 [TOW I/O-2] com.aspectran.aspectow.appmon.engine.exporter.event.EventExporter@2ca1655c is STARTING - c.a.u.l.AbstractLifeCycle.setStarting(183)
DEBUG 2026-08-06 02:50:12.126 [TOW I/O-2] Register session listener com.aspectran.aspectow.appmon.engine.exporter.event.session.SessionEventReadingListener@b7457ad in DefaultSessionManager@1edb61b1(cn0) - c.a.c.c.s.AbstractSessionManager.addSessionListener(500)
DEBUG 2026-08-06 02:50:12.127 [TOW I/O-2] com.aspectran.aspectow.appmon.engine.exporter.event.EventExporter@2ca1655c is STARTED - c.a.u.l.AbstractLifeCycle.setStarted(193)
DEBUG 2026-08-06 02:50:12.127 [TOW I/O-2] com.aspectran.aspectow.appmon.engine.exporter.event.ChartDataExporter@3ae4eb7b is STARTING - c.a.u.l.AbstractLifeCycle.setStarting(183)
DEBUG 2026-08-06 02:50:12.128 [TOW I/O-2] com.aspectran.aspectow.appmon.engine.exporter.event.ChartDataExporter@3ae4eb7b is STARTED - c.a.u.l.AbstractLifeCycle.setStarted(193)
DEBUG 2026-08-06 02:50:12.128 [TOW I/O-2] com.aspectran.aspectow.appmon.engine.exporter.event.ChartDataExporter@13040ab5 is STARTING - c.a.u.l.AbstractLifeCycle.setStarting(183)
DEBUG 2026-08-06 02:50:12.129 [TOW I/O-2] com.aspectran.aspectow.appmon.engine.exporter.event.ChartDataExporter@13040ab5 is STARTED - c.a.u.l.AbstractLifeCycle.setStarted(193)
DEBUG 2026-08-06 02:50:12.129 [TOW I/O-2] com.aspectran.aspectow.appmon.engine.exporter.metric.MetricExporter@736813d0 is STARTING - c.a.u.l.AbstractLifeCycle.setStarting(183)
DEBUG 2026-08-06 02:50:12.130 [TOW I/O-2] com.aspectran.aspectow.appmon.engine.exporter.metric.MetricExporter@736813d0 is STARTED - c.a.u.l.AbstractLifeCycle.setStarted(193)
DEBUG 2026-08-06 02:50:12.131 [TOW I/O-2] com.aspectran.aspectow.appmon.engine.exporter.metric.MetricExporter@36839348 is STARTING - c.a.u.l.AbstractLifeCycle.setStarting(183)
DEBUG 2026-08-06 02:50:12.131 [TOW I/O-2] com.aspectran.aspectow.appmon.engine.exporter.metric.MetricExporter@36839348 is STARTED - c.a.u.l.AbstractLifeCycle.setStarted(193)
DEBUG 2026-08-06 02:50:12.132 [TOW I/O-2] com.aspectran.aspectow.appmon.engine.exporter.log.LogExporter@284cf5fc is STARTING - c.a.u.l.AbstractLifeCycle.setStarting(183)
DEBUG 2026-08-06 02:50:12.133 [TOW I/O-2] com.aspectran.aspectow.appmon.engine.exporter.log.LogExporter@284cf5fc is STARTED - c.a.u.l.AbstractLifeCycle.setStarted(193)
DEBUG 2026-08-06 02:50:12.139 [TOW I/O-2] com.aspectran.aspectow.appmon.engine.exporter.log.LogExporter@55a8a0df is STARTING - c.a.u.l.AbstractLifeCycle.setStarting(183)
DEBUG 2026-08-06 02:50:12.140 [TOW I/O-2] com.aspectran.aspectow.appmon.engine.exporter.log.LogExporter@55a8a0df is STARTED - c.a.u.l.AbstractLifeCycle.setStarted(193)
DEBUG 2026-08-06 02:50:12.159 [TOW I/O-2] Advice {type=before, instance=com.aspectran.mybatis.SqlSessionAdviceRegister$$Lambda/0x000000001c6126b0@2d801d8, order=0} - c.a.c.activity.AdviceActivity.executeAdvice(351)
DEBUG 2026-08-06 02:50:12.161 [TOW I/O-2] Open DefaultSqlSession@320d5075 {executorType=SIMPLE, autoCommit=false, readOnly=false} - c.a.mybatis.SqlSessionAdvice.doOpen(239)
DEBUG 2026-08-06 02:50:12.173 [TOW I/O-2] Cache Hit Ratio [com.aspectran.aspectow.appmon.engine.persist.db.mapper.EventCountMapper]: 0.0 - c.a.a.a.e.p.d.m.EventCountMapper.getObject(60)
DEBUG 2026-08-06 02:50:12.181 [TOW I/O-2] ==>  Preparing: select datetime, delta, error from ( select datetime, delta, error from appmon_event_count where node_id = ? and app_id = ? and event_id = ? order by 1 desc limit 100 ) as x order by 1 - c.a.a.a.e.p.d.m.E.getChartData.debug(135)
DEBUG 2026-08-06 02:50:12.181 [TOW I/O-2] ==> Parameters: localhost-console1(String), console-root(String), activity(String) - c.a.a.a.e.p.d.m.E.getChartData.debug(135)
DEBUG 2026-08-06 02:50:12.190 [TOW I/O-2] <==      Total: 0 - c.a.a.a.e.p.d.m.E.getChartData.debug(135)
DEBUG 2026-08-06 02:50:12.190 [TOW I/O-2] Advice {type=after, instance=com.aspectran.mybatis.SqlSessionAdviceRegister$$Lambda/0x000000001c612910@b9b97ad, order=0} - c.a.c.activity.AdviceActivity.executeAdvice(351)
DEBUG 2026-08-06 02:50:12.191 [TOW I/O-2] Commit transaction for DefaultSqlSession@320d5075 - c.a.mybatis.SqlSessionAdvice.commit(257)
DEBUG 2026-08-06 02:50:12.191 [TOW I/O-2] Advice {type=finally, instance=com.aspectran.mybatis.SqlSessionAdviceRegister$$Lambda/0x000000001c612dd0@2807cf3, order=0} - c.a.c.activity.AdviceActivity.executeAdvice(351)
DEBUG 2026-08-06 02:50:12.199 [TOW I/O-2] Close DefaultSqlSession@320d5075 - c.a.mybatis.SqlSessionAdvice.close(351)
DEBUG 2026-08-06 02:50:12.199 [TOW I/O-2] Advice {type=before, instance=com.aspectran.mybatis.SqlSessionAdviceRegister$$Lambda/0x000000001c6126b0@2d801d8, order=0} - c.a.c.activity.AdviceActivity.executeAdvice(351)
DEBUG 2026-08-06 02:50:12.200 [TOW I/O-2] Open DefaultSqlSession@5b852f4 {executorType=SIMPLE, autoCommit=false, readOnly=false} - c.a.mybatis.SqlSessionAdvice.doOpen(239)
DEBUG 2026-08-06 02:50:12.202 [TOW I/O-2] Cache Hit Ratio [com.aspectran.aspectow.appmon.engine.persist.db.mapper.EventCountMapper]: 0.0 - c.a.a.a.e.p.d.m.EventCountMapper.getObject(60)
DEBUG 2026-08-06 02:50:12.209 [TOW I/O-2] ==>  Preparing: select datetime, delta, error from ( select datetime, delta, error from appmon_event_count where node_id = ? and app_id = ? and event_id = ? order by 1 desc limit 100 ) as x order by 1 - c.a.a.a.e.p.d.m.E.getChartData.debug(135)
DEBUG 2026-08-06 02:50:12.210 [TOW I/O-2] ==> Parameters: localhost-console1(String), console-root(String), session(String) - c.a.a.a.e.p.d.m.E.getChartData.debug(135)
DEBUG 2026-08-06 02:50:12.219 [TOW I/O-2] <==      Total: 0 - c.a.a.a.e.p.d.m.E.getChartData.debug(135)
DEBUG 2026-08-06 02:50:12.219 [TOW I/O-2] Advice {type=after, instance=com.aspectran.mybatis.SqlSessionAdviceRegister$$Lambda/0x000000001c612910@b9b97ad, order=0} - c.a.c.activity.AdviceActivity.executeAdvice(351)
DEBUG 2026-08-06 02:50:12.220 [TOW I/O-2] Commit transaction for DefaultSqlSession@5b852f4 - c.a.mybatis.SqlSessionAdvice.commit(257)
DEBUG 2026-08-06 02:50:12.221 [TOW I/O-2] Advice {type=finally, instance=com.aspectran.mybatis.SqlSessionAdviceRegister$$Lambda/0x000000001c612dd0@2807cf3, order=0} - c.a.c.activity.AdviceActivity.executeAdvice(351)
DEBUG 2026-08-06 02:50:12.228 [TOW I/O-2] Close DefaultSqlSession@5b852f4 - c.a.mybatis.SqlSessionAdvice.close(351)
DEBUG 2026-08-06 02:50:12.242 [TOW I/O-2] Advice {type=before, instance=com.aspectran.mybatis.SqlSessionAdviceRegister$$Lambda/0x000000001c6126b0@2d801d8, order=0} - c.a.c.activity.AdviceActivity.executeAdvice(351)
DEBUG 2026-08-06 02:50:12.243 [TOW I/O-2] Open DefaultSqlSession@7bd10458 {executorType=SIMPLE, autoCommit=false, readOnly=false} - c.a.mybatis.SqlSessionAdvice.doOpen(239)
DEBUG 2026-08-06 02:50:12.243 [TOW I/O-2] Cache Hit Ratio [com.aspectran.aspectow.appmon.engine.persist.db.mapper.EventCountMapper]: 0.0 - c.a.a.a.e.p.d.m.EventCountMapper.getObject(60)
DEBUG 2026-08-06 02:50:12.250 [TOW I/O-2] ==>  Preparing: select datetime, delta, error from ( select datetime, delta, error from appmon_event_count where node_id = ? and app_id = ? and event_id = ? order by 1 desc limit 100 ) as x order by 1 - c.a.a.a.e.p.d.m.E.getChartData.debug(135)
DEBUG 2026-08-06 02:50:12.251 [TOW I/O-2] ==> Parameters: localhost-console1(String), console-console(String), activity(String) - c.a.a.a.e.p.d.m.E.getChartData.debug(135)
DEBUG 2026-08-06 02:50:12.259 [TOW I/O-2] <==      Total: 0 - c.a.a.a.e.p.d.m.E.getChartData.debug(135)
DEBUG 2026-08-06 02:50:12.260 [TOW I/O-2] Advice {type=after, instance=com.aspectran.mybatis.SqlSessionAdviceRegister$$Lambda/0x000000001c612910@b9b97ad, order=0} - c.a.c.activity.AdviceActivity.executeAdvice(351)
DEBUG 2026-08-06 02:50:12.260 [TOW I/O-2] Commit transaction for DefaultSqlSession@7bd10458 - c.a.mybatis.SqlSessionAdvice.commit(257)
DEBUG 2026-08-06 02:50:12.261 [TOW I/O-2] Advice {type=finally, instance=com.aspectran.mybatis.SqlSessionAdviceRegister$$Lambda/0x000000001c612dd0@2807cf3, order=0} - c.a.c.activity.AdviceActivity.executeAdvice(351)
DEBUG 2026-08-06 02:50:12.268 [TOW I/O-2] Close DefaultSqlSession@7bd10458 - c.a.mybatis.SqlSessionAdvice.close(351)
DEBUG 2026-08-06 02:50:12.269 [TOW I/O-2] Advice {type=before, instance=com.aspectran.mybatis.SqlSessionAdviceRegister$$Lambda/0x000000001c6126b0@2d801d8, order=0} - c.a.c.activity.AdviceActivity.executeAdvice(351)
DEBUG 2026-08-06 02:50:12.269 [TOW I/O-2] Open DefaultSqlSession@146aa2df {executorType=SIMPLE, autoCommit=false, readOnly=false} - c.a.mybatis.SqlSessionAdvice.doOpen(239)
DEBUG 2026-08-06 02:50:12.270 [TOW I/O-2] Cache Hit Ratio [com.aspectran.aspectow.appmon.engine.persist.db.mapper.EventCountMapper]: 0.0 - c.a.a.a.e.p.d.m.EventCountMapper.getObject(60)
DEBUG 2026-08-06 02:50:12.277 [TOW I/O-2] ==>  Preparing: select datetime, delta, error from ( select datetime, delta, error from appmon_event_count where node_id = ? and app_id = ? and event_id = ? order by 1 desc limit 100 ) as x order by 1 - c.a.a.a.e.p.d.m.E.getChartData.debug(135)
DEBUG 2026-08-06 02:50:12.278 [TOW I/O-2] ==> Parameters: localhost-console1(String), console-console(String), session(String) - c.a.a.a.e.p.d.m.E.getChartData.debug(135)
DEBUG 2026-08-06 02:50:12.286 [TOW I/O-2] <==      Total: 0 - c.a.a.a.e.p.d.m.E.getChartData.debug(135)
DEBUG 2026-08-06 02:50:12.287 [TOW I/O-2] Advice {type=after, instance=com.aspectran.mybatis.SqlSessionAdviceRegister$$Lambda/0x000000001c612910@b9b97ad, order=0} - c.a.c.activity.AdviceActivity.executeAdvice(351)
DEBUG 2026-08-06 02:50:12.287 [TOW I/O-2] Commit transaction for DefaultSqlSession@146aa2df - c.a.mybatis.SqlSessionAdvice.commit(257)
DEBUG 2026-08-06 02:50:12.287 [TOW I/O-2] Advice {type=finally, instance=com.aspectran.mybatis.SqlSessionAdviceRegister$$Lambda/0x000000001c612dd0@2807cf3, order=0} - c.a.c.activity.AdviceActivity.executeAdvice(351)
DEBUG 2026-08-06 02:50:12.294 [TOW I/O-2] Close DefaultSqlSession@146aa2df - c.a.mybatis.SqlSessionAdvice.close(351)
DEBUG 2026-08-06 02:53:30.820 [TOW I/O-2] Websocket session piHPE4pJFD7wFyftjyYKf_jJrLmkJeh5H1NF63RU has been closed. Reason: CloseReason[1001] - c.a.a.a.e.r.w.WebsocketMessageRelayer.doOnClose(110)
DEBUG 2026-08-06 02:53:30.931 [TOW I/O-2] com.aspectran.aspectow.appmon.engine.exporter.event.EventExporter@72e5831c is STOPPING - c.a.u.l.AbstractLifeCycle.setStopping(203)
DEBUG 2026-08-06 02:53:30.932 [TOW I/O-2] com.aspectran.aspectow.appmon.engine.exporter.event.EventExporter@72e5831c {id=activity, target=root, parameters={+=/**}} is STOPPED - c.a.u.l.AbstractLifeCycle.setStopped(213)
DEBUG 2026-08-06 02:53:30.932 [TOW I/O-2] com.aspectran.aspectow.appmon.engine.exporter.event.EventExporter@20e4c8e7 is STOPPING - c.a.u.l.AbstractLifeCycle.setStopping(203)
DEBUG 2026-08-06 02:53:30.933 [TOW I/O-2] Remove session listener com.aspectran.aspectow.appmon.engine.exporter.event.session.SessionEventReadingListener@4fe14bd2 from DefaultSessionManager@24f360b2(rn0) - c.a.c.c.s.AbstractSessionManager.removeSessionListener(508)
DEBUG 2026-08-06 02:53:30.934 [TOW I/O-2] com.aspectran.aspectow.appmon.engine.exporter.event.EventExporter@20e4c8e7 {id=session, target=tow.server/root} is STOPPED - c.a.u.l.AbstractLifeCycle.setStopped(213)
DEBUG 2026-08-06 02:53:30.934 [TOW I/O-2] com.aspectran.aspectow.appmon.engine.exporter.event.ChartDataExporter@508349c7 is STOPPING - c.a.u.l.AbstractLifeCycle.setStopping(203)
DEBUG 2026-08-06 02:53:30.935 [TOW I/O-2] com.aspectran.aspectow.appmon.engine.exporter.event.ChartDataExporter@508349c7 {id=activity, target=root, parameters={+=/**}} is STOPPED - c.a.u.l.AbstractLifeCycle.setStopped(213)
DEBUG 2026-08-06 02:53:30.936 [TOW I/O-2] com.aspectran.aspectow.appmon.engine.exporter.event.ChartDataExporter@157937de is STOPPING - c.a.u.l.AbstractLifeCycle.setStopping(203)
DEBUG 2026-08-06 02:53:30.937 [TOW I/O-2] com.aspectran.aspectow.appmon.engine.exporter.event.ChartDataExporter@157937de {id=session, target=tow.server/root} is STOPPED - c.a.u.l.AbstractLifeCycle.setStopped(213)
DEBUG 2026-08-06 02:53:30.937 [TOW I/O-2] com.aspectran.aspectow.appmon.engine.exporter.metric.MetricExporter@73fd69b1 is STOPPING - c.a.u.l.AbstractLifeCycle.setStopping(203)
DEBUG 2026-08-06 02:53:30.938 [TOW I/O-2] com.aspectran.aspectow.appmon.engine.exporter.metric.MetricExporter@73fd69b1 {id=heap, title=Heap, description=Shows JVM Heap memory usage status, reader=com.aspectran.aspectow.appmon.engine.exporter.metric.jvm.HeapMemoryUsageReader, sampleInterval=500, heading=true} is STOPPED - c.a.u.l.AbstractLifeCycle.setStopped(213)
DEBUG 2026-08-06 02:53:30.938 [TOW I/O-2] com.aspectran.aspectow.appmon.engine.exporter.metric.MetricExporter@296efb04 is STOPPING - c.a.u.l.AbstractLifeCycle.setStopping(203)
DEBUG 2026-08-06 02:53:30.939 [TOW I/O-2] com.aspectran.aspectow.appmon.engine.exporter.metric.MetricExporter@296efb04 {id=undertow-tp, title=Undertow TP, description=Metrics of Undertow thread pool resources, reader=com.aspectran.aspectow.appmon.engine.exporter.metric.undertow.NioWorkerMetricsReader, target=tow.server, sampleInterval=30, exportInterval=900, heading=true} is STOPPED - c.a.u.l.AbstractLifeCycle.setStopped(213)
DEBUG 2026-08-06 02:53:30.940 [TOW I/O-2] com.aspectran.aspectow.appmon.engine.exporter.log.LogExporter@595867d9 is STOPPING - c.a.u.l.AbstractLifeCycle.setStopping(203)
DEBUG 2026-08-06 02:53:30.940 [TOW I/O-2] com.aspectran.aspectow.appmon.engine.exporter.log.LogExporter@595867d9 {id=app, title=Root App, file=/logs/root.log, sampleInterval=300, lastLines=300} is STOPPED - c.a.u.l.AbstractLifeCycle.setStopped(213)
DEBUG 2026-08-06 02:53:30.940 [TOW I/O-2] com.aspectran.aspectow.appmon.engine.exporter.log.LogExporter@fad2acf is STOPPING - c.a.u.l.AbstractLifeCycle.setStopping(203)
DEBUG 2026-08-06 02:53:30.941 [TOW I/O-2] com.aspectran.aspectow.appmon.engine.exporter.log.LogExporter@fad2acf {id=access, title=Root Access, file=/logs/root-access.log, sampleInterval=300, lastLines=100} is STOPPED - c.a.u.l.AbstractLifeCycle.setStopped(213)
DEBUG 2026-08-06 02:53:30.959 [TOW I/O-2] com.aspectran.aspectow.appmon.engine.exporter.event.EventExporter@95be58 is STOPPING - c.a.u.l.AbstractLifeCycle.setStopping(203)
DEBUG 2026-08-06 02:53:30.959 [TOW I/O-2] com.aspectran.aspectow.appmon.engine.exporter.event.EventExporter@95be58 {id=activity, target=console, parameters={+=/**, -=/nodes/**/polling/**}} is STOPPED - c.a.u.l.AbstractLifeCycle.setStopped(213)
DEBUG 2026-08-06 02:53:30.960 [TOW I/O-2] com.aspectran.aspectow.appmon.engine.exporter.event.EventExporter@2ca1655c is STOPPING - c.a.u.l.AbstractLifeCycle.setStopping(203)
DEBUG 2026-08-06 02:53:30.960 [TOW I/O-2] Remove session listener com.aspectran.aspectow.appmon.engine.exporter.event.session.SessionEventReadingListener@b7457ad from DefaultSessionManager@1edb61b1(cn0) - c.a.c.c.s.AbstractSessionManager.removeSessionListener(508)
DEBUG 2026-08-06 02:53:30.961 [TOW I/O-2] com.aspectran.aspectow.appmon.engine.exporter.event.EventExporter@2ca1655c {id=session, target=tow.server/console} is STOPPED - c.a.u.l.AbstractLifeCycle.setStopped(213)
DEBUG 2026-08-06 02:53:30.961 [TOW I/O-2] com.aspectran.aspectow.appmon.engine.exporter.event.ChartDataExporter@3ae4eb7b is STOPPING - c.a.u.l.AbstractLifeCycle.setStopping(203)
DEBUG 2026-08-06 02:53:30.962 [TOW I/O-2] com.aspectran.aspectow.appmon.engine.exporter.event.ChartDataExporter@3ae4eb7b {id=activity, target=console, parameters={+=/**, -=/nodes/**/polling/**}} is STOPPED - c.a.u.l.AbstractLifeCycle.setStopped(213)
DEBUG 2026-08-06 02:53:30.962 [TOW I/O-2] com.aspectran.aspectow.appmon.engine.exporter.event.ChartDataExporter@13040ab5 is STOPPING - c.a.u.l.AbstractLifeCycle.setStopping(203)
DEBUG 2026-08-06 02:53:30.963 [TOW I/O-2] com.aspectran.aspectow.appmon.engine.exporter.event.ChartDataExporter@13040ab5 {id=session, target=tow.server/console} is STOPPED - c.a.u.l.AbstractLifeCycle.setStopped(213)
DEBUG 2026-08-06 02:53:30.963 [TOW I/O-2] com.aspectran.aspectow.appmon.engine.exporter.metric.MetricExporter@736813d0 is STOPPING - c.a.u.l.AbstractLifeCycle.setStopping(203)
DEBUG 2026-08-06 02:53:30.964 [TOW I/O-2] com.aspectran.aspectow.appmon.engine.exporter.metric.MetricExporter@736813d0 {id=heap, title=Heap, description=Shows JVM Heap memory usage status, reader=com.aspectran.aspectow.appmon.engine.exporter.metric.jvm.HeapMemoryUsageReader, sampleInterval=500, heading=true} is STOPPED - c.a.u.l.AbstractLifeCycle.setStopped(213)
DEBUG 2026-08-06 02:53:30.964 [TOW I/O-2] com.aspectran.aspectow.appmon.engine.exporter.metric.MetricExporter@36839348 is STOPPING - c.a.u.l.AbstractLifeCycle.setStopping(203)
DEBUG 2026-08-06 02:53:30.965 [TOW I/O-2] com.aspectran.aspectow.appmon.engine.exporter.metric.MetricExporter@36839348 {id=undertow-tp, title=Undertow TP, description=Metrics of Undertow thread pool resources, reader=com.aspectran.aspectow.appmon.engine.exporter.metric.undertow.NioWorkerMetricsReader, target=tow.server, sampleInterval=500, heading=true} is STOPPED - c.a.u.l.AbstractLifeCycle.setStopped(213)
DEBUG 2026-08-06 02:53:30.965 [TOW I/O-2] com.aspectran.aspectow.appmon.engine.exporter.log.LogExporter@284cf5fc is STOPPING - c.a.u.l.AbstractLifeCycle.setStopping(203)
DEBUG 2026-08-06 02:53:30.966 [TOW I/O-2] com.aspectran.aspectow.appmon.engine.exporter.log.LogExporter@284cf5fc {id=app, file=console.log, sampleInterval=300, lastLines=100} is STOPPED - c.a.u.l.AbstractLifeCycle.setStopped(213)
DEBUG 2026-08-06 02:53:30.967 [TOW I/O-2] com.aspectran.aspectow.appmon.engine.exporter.log.LogExporter@55a8a0df is STOPPING - c.a.u.l.AbstractLifeCycle.setStopping(203)
DEBUG 2026-08-06 02:53:30.967 [TOW I/O-2] com.aspectran.aspectow.appmon.engine.exporter.log.LogExporter@55a8a0df {id=access, file=console-access.log, sampleInterval=300, lastLines=100} is STOPPED - c.a.u.l.AbstractLifeCycle.setStopped(213)
DEBUG 2026-08-06 02:53:32.926 [TOW task-2] Session 1ljxb1af1vxkt2kna7rph5v6u0.cn0 in use, stopping timer, active requests=1 - c.a.c.c.session.ManagedSession.access(314)
DEBUG 2026-08-06 02:53:32.927 [TOW task-2] GET /console/appmon/dashboard/ HTTP/1.1 0:0:0:0:0:0:0:1 - c.a.w.s.DefaultWebService.service(87)
DEBUG 2026-08-06 02:53:32.928 [TOW task-2] Translet {name=/appmon/dashboard/${appsToSubscribe}, namePattern=/appmon/dashboard/*, responseRule={response={type=dispatch, name=appmon/dashboard}}} - c.a.core.activity.CoreActivity.prepare(220)
DEBUG 2026-08-06 02:53:32.931 [TOW task-2] Advice {type=before, instance=com.aspectran.aspectow.appmon.engine.persist.counter.activity.ActivityEventCounter$$Lambda/0x000000001c6344f8@6b4278c9, order=0, isolated=true} - c.a.c.activity.AdviceActivity.executeAdvice(351)
DEBUG 2026-08-06 02:53:32.932 [TOW task-2] Advice {type=before, action={advice={method=com.aspectran.aspectow.console.auth.UserAuthAspect.checkAuthenticated(com.aspectran.core.activity.Translet)}}, order=1} - c.a.c.activity.AdviceActivity.executeAdvice(351)
DEBUG 2026-08-06 02:53:32.933 [TOW task-2] Advice {type=before, action={advice={method=com.aspectran.aspectow.console.auth.AccessControlAspect.checkPermission(com.aspectran.core.activity.Translet)}}, order=2} - c.a.c.activity.AdviceActivity.executeAdvice(351)
DEBUG 2026-08-06 02:53:32.934 [TOW task-2] Advice {type=before, action={header={headers=[X-Frame-Options, X-Content-Type-Options, X-XSS-Protection, Referrer-Policy]}}} - c.a.c.activity.AdviceActivity.executeAdvice(351)
DEBUG 2026-08-06 02:53:32.936 [TOW task-2] Advice {type=before, action={header={headers=[Content-Type, Content-Security-Policy]}}} - c.a.c.activity.AdviceActivity.executeAdvice(351)
DEBUG 2026-08-06 02:53:32.936 [TOW task-2] Advice {type=before, action={advice={method=com.aspectran.aspectow.console.common.aspect.DevCorsAdvice.process(com.aspectran.core.activity.Translet)}}} - c.a.c.activity.AdviceActivity.executeAdvice(351)
DEBUG 2026-08-06 02:53:32.937 [TOW task-2] Action {annotated={id=page, method=com.aspectran.aspectow.console.appmon.AppMonActivity.dashboard(java.lang.String)}} - c.a.core.activity.CoreActivity.execute(652)
DEBUG 2026-08-06 02:53:32.938 [TOW task-2] Response {type=dispatch, name=appmon/dashboard} - c.a.c.a.r.d.DispatchResponse.respond(71)
DEBUG 2026-08-06 02:53:32.939 [TOW task-2] Dispatching to Thymeleaf template appmon/dashboard - c.a.t.v.ThymeleafViewDispatcher.dispatch(88)
DEBUG 2026-08-06 02:53:33.807 [TOW task-2] Session 1ljxb1af1vxkt2kna7rph5v6u0.cn0 complete, active requests=0 - c.a.c.c.session.ManagedSession.complete(334)
DEBUG 2026-08-06 02:53:34.101 [TOW task-6] Session 1ljxb1af1vxkt2kna7rph5v6u0.cn0 in use, stopping timer, active requests=1 - c.a.c.c.session.ManagedSession.access(314)
DEBUG 2026-08-06 02:53:34.103 [TOW task-6] GET /console/appmon/config/data HTTP/1.1 0:0:0:0:0:0:0:1 - c.a.w.s.DefaultWebService.service(87)
DEBUG 2026-08-06 02:53:34.103 [TOW task-6] Translet {name=/appmon/config/data, method=[GET], responseRule={response={type=transform, format=custom}}} - c.a.core.activity.CoreActivity.prepare(220)
DEBUG 2026-08-06 02:53:34.105 [TOW task-6] Advice {type=before, instance=com.aspectran.aspectow.appmon.engine.persist.counter.activity.ActivityEventCounter$$Lambda/0x000000001c6344f8@6b4278c9, order=0, isolated=true} - c.a.c.activity.AdviceActivity.executeAdvice(351)
DEBUG 2026-08-06 02:53:34.105 [TOW task-6] Advice {type=before, action={advice={method=com.aspectran.aspectow.console.auth.UserAuthAspect.checkAuthenticated(com.aspectran.core.activity.Translet)}}, order=1} - c.a.c.activity.AdviceActivity.executeAdvice(351)
DEBUG 2026-08-06 02:53:34.106 [TOW task-6] Advice {type=before, action={advice={method=com.aspectran.aspectow.console.auth.AccessControlAspect.checkPermission(com.aspectran.core.activity.Translet)}}, order=2} - c.a.c.activity.AdviceActivity.executeAdvice(351)
DEBUG 2026-08-06 02:53:34.107 [TOW task-6] Advice {type=before, action={header={headers=[X-Frame-Options, X-Content-Type-Options, X-XSS-Protection, Referrer-Policy]}}} - c.a.c.activity.AdviceActivity.executeAdvice(351)
DEBUG 2026-08-06 02:53:34.108 [TOW task-6] Advice {type=before, action={advice={method=com.aspectran.aspectow.console.common.aspect.DevCorsAdvice.process(com.aspectran.core.activity.Translet)}}} - c.a.c.activity.AdviceActivity.executeAdvice(351)
DEBUG 2026-08-06 02:53:34.108 [TOW task-6] Action {annotated={method=com.aspectran.aspectow.console.appmon.AppMonActivity.getConfigData(com.aspectran.core.activity.Translet, java.lang.String)}} - c.a.core.activity.CoreActivity.execute(652)
DEBUG 2026-08-06 02:53:34.167 [TOW task-6] Response com.aspectran.web.activity.response.DefaultRestResponse@38d475b1 - c.a.c.a.r.t.CustomTransformResponse.respond(85)
DEBUG 2026-08-06 02:53:34.170 [TOW task-6] Session 1ljxb1af1vxkt2kna7rph5v6u0.cn0 complete, active requests=0 - c.a.c.c.session.ManagedSession.complete(334)
DEBUG 2026-08-06 02:53:34.234 [TOW task-6] Session 1ljxb1af1vxkt2kna7rph5v6u0.cn0 in use, stopping timer, active requests=1 - c.a.c.c.session.ManagedSession.access(314)
DEBUG 2026-08-06 02:53:34.237 [TOW task-6] WebSocket connection established for session ayOCQG46Zk20N1WaEEmEEDT_JDTiscl9st-R9Amw - c.a.a.a.e.r.w.WebsocketMessageRelayer.doOnOpen(74)
DEBUG 2026-08-06 02:53:34.238 [TOW task-6] Session 1ljxb1af1vxkt2kna7rph5v6u0.cn0 complete, active requests=0 - c.a.c.c.session.ManagedSession.complete(334)
DEBUG 2026-08-06 02:53:34.492 [TOW I/O-3] com.aspectran.aspectow.appmon.engine.exporter.event.EventExporter@72e5831c is STARTING - c.a.u.l.AbstractLifeCycle.setStarting(183)
DEBUG 2026-08-06 02:53:34.493 [TOW I/O-3] com.aspectran.aspectow.appmon.engine.exporter.event.EventExporter@72e5831c is STARTED - c.a.u.l.AbstractLifeCycle.setStarted(193)
DEBUG 2026-08-06 02:53:34.494 [TOW I/O-3] com.aspectran.aspectow.appmon.engine.exporter.event.EventExporter@20e4c8e7 is STARTING - c.a.u.l.AbstractLifeCycle.setStarting(183)
DEBUG 2026-08-06 02:53:34.495 [TOW I/O-3] Register session listener com.aspectran.aspectow.appmon.engine.exporter.event.session.SessionEventReadingListener@53b1da22 in DefaultSessionManager@24f360b2(rn0) - c.a.c.c.s.AbstractSessionManager.addSessionListener(500)
DEBUG 2026-08-06 02:53:34.495 [TOW I/O-3] com.aspectran.aspectow.appmon.engine.exporter.event.EventExporter@20e4c8e7 is STARTED - c.a.u.l.AbstractLifeCycle.setStarted(193)
DEBUG 2026-08-06 02:53:34.496 [TOW I/O-3] com.aspectran.aspectow.appmon.engine.exporter.event.ChartDataExporter@508349c7 is STARTING - c.a.u.l.AbstractLifeCycle.setStarting(183)
DEBUG 2026-08-06 02:53:34.497 [TOW I/O-3] com.aspectran.aspectow.appmon.engine.exporter.event.ChartDataExporter@508349c7 is STARTED - c.a.u.l.AbstractLifeCycle.setStarted(193)
DEBUG 2026-08-06 02:53:34.497 [TOW I/O-3] com.aspectran.aspectow.appmon.engine.exporter.event.ChartDataExporter@157937de is STARTING - c.a.u.l.AbstractLifeCycle.setStarting(183)
DEBUG 2026-08-06 02:53:34.498 [TOW I/O-3] com.aspectran.aspectow.appmon.engine.exporter.event.ChartDataExporter@157937de is STARTED - c.a.u.l.AbstractLifeCycle.setStarted(193)
DEBUG 2026-08-06 02:53:34.498 [TOW I/O-3] com.aspectran.aspectow.appmon.engine.exporter.metric.MetricExporter@73fd69b1 is STARTING - c.a.u.l.AbstractLifeCycle.setStarting(183)
DEBUG 2026-08-06 02:53:34.499 [TOW I/O-3] com.aspectran.aspectow.appmon.engine.exporter.metric.MetricExporter@73fd69b1 is STARTED - c.a.u.l.AbstractLifeCycle.setStarted(193)
DEBUG 2026-08-06 02:53:34.500 [TOW I/O-3] com.aspectran.aspectow.appmon.engine.exporter.metric.MetricExporter@296efb04 is STARTING - c.a.u.l.AbstractLifeCycle.setStarting(183)
DEBUG 2026-08-06 02:53:34.502 [TOW I/O-3] com.aspectran.aspectow.appmon.engine.exporter.metric.MetricExporter@296efb04 is STARTED - c.a.u.l.AbstractLifeCycle.setStarted(193)
DEBUG 2026-08-06 02:53:34.505 [TOW I/O-3] com.aspectran.aspectow.appmon.engine.exporter.log.LogExporter@595867d9 is STARTING - c.a.u.l.AbstractLifeCycle.setStarting(183)
DEBUG 2026-08-06 02:53:34.509 [TOW I/O-3] com.aspectran.aspectow.appmon.engine.exporter.log.LogExporter@595867d9 is STARTED - c.a.u.l.AbstractLifeCycle.setStarted(193)
DEBUG 2026-08-06 02:53:34.510 [TOW I/O-3] com.aspectran.aspectow.appmon.engine.exporter.log.LogExporter@fad2acf is STARTING - c.a.u.l.AbstractLifeCycle.setStarting(183)
DEBUG 2026-08-06 02:53:34.511 [TOW I/O-3] com.aspectran.aspectow.appmon.engine.exporter.log.LogExporter@fad2acf is STARTED - c.a.u.l.AbstractLifeCycle.setStarted(193)
DEBUG 2026-08-06 02:53:34.529 [TOW I/O-3] com.aspectran.aspectow.appmon.engine.exporter.event.EventExporter@95be58 is STARTING - c.a.u.l.AbstractLifeCycle.setStarting(183)
DEBUG 2026-08-06 02:53:34.530 [TOW I/O-3] com.aspectran.aspectow.appmon.engine.exporter.event.EventExporter@95be58 is STARTED - c.a.u.l.AbstractLifeCycle.setStarted(193)
DEBUG 2026-08-06 02:53:34.531 [TOW I/O-3] com.aspectran.aspectow.appmon.engine.exporter.event.EventExporter@2ca1655c is STARTING - c.a.u.l.AbstractLifeCycle.setStarting(183)
DEBUG 2026-08-06 02:53:34.532 [TOW I/O-3] Register session listener com.aspectran.aspectow.appmon.engine.exporter.event.session.SessionEventReadingListener@6640ded4 in DefaultSessionManager@1edb61b1(cn0) - c.a.c.c.s.AbstractSessionManager.addSessionListener(500)
DEBUG 2026-08-06 02:53:34.532 [TOW I/O-3] com.aspectran.aspectow.appmon.engine.exporter.event.EventExporter@2ca1655c is STARTED - c.a.u.l.AbstractLifeCycle.setStarted(193)
DEBUG 2026-08-06 02:53:34.533 [TOW I/O-3] com.aspectran.aspectow.appmon.engine.exporter.event.ChartDataExporter@3ae4eb7b is STARTING - c.a.u.l.AbstractLifeCycle.setStarting(183)
DEBUG 2026-08-06 02:53:34.534 [TOW I/O-3] com.aspectran.aspectow.appmon.engine.exporter.event.ChartDataExporter@3ae4eb7b is STARTED - c.a.u.l.AbstractLifeCycle.setStarted(193)
DEBUG 2026-08-06 02:53:34.535 [TOW I/O-3] com.aspectran.aspectow.appmon.engine.exporter.event.ChartDataExporter@13040ab5 is STARTING - c.a.u.l.AbstractLifeCycle.setStarting(183)
DEBUG 2026-08-06 02:53:34.535 [TOW I/O-3] com.aspectran.aspectow.appmon.engine.exporter.event.ChartDataExporter@13040ab5 is STARTED - c.a.u.l.AbstractLifeCycle.setStarted(193)
DEBUG 2026-08-06 02:53:34.536 [TOW I/O-3] com.aspectran.aspectow.appmon.engine.exporter.metric.MetricExporter@736813d0 is STARTING - c.a.u.l.AbstractLifeCycle.setStarting(183)
DEBUG 2026-08-06 02:53:34.537 [TOW I/O-3] com.aspectran.aspectow.appmon.engine.exporter.metric.MetricExporter@736813d0 is STARTED - c.a.u.l.AbstractLifeCycle.setStarted(193)
DEBUG 2026-08-06 02:53:34.538 [TOW I/O-3] com.aspectran.aspectow.appmon.engine.exporter.metric.MetricExporter@36839348 is STARTING - c.a.u.l.AbstractLifeCycle.setStarting(183)
DEBUG 2026-08-06 02:53:34.538 [TOW I/O-3] com.aspectran.aspectow.appmon.engine.exporter.metric.MetricExporter@36839348 is STARTED - c.a.u.l.AbstractLifeCycle.setStarted(193)
DEBUG 2026-08-06 02:53:34.539 [TOW I/O-3] com.aspectran.aspectow.appmon.engine.exporter.log.LogExporter@284cf5fc is STARTING - c.a.u.l.AbstractLifeCycle.setStarting(183)
DEBUG 2026-08-06 02:53:34.541 [TOW I/O-3] com.aspectran.aspectow.appmon.engine.exporter.log.LogExporter@284cf5fc is STARTED - c.a.u.l.AbstractLifeCycle.setStarted(193)
DEBUG 2026-08-06 02:53:34.543 [TOW I/O-3] com.aspectran.aspectow.appmon.engine.exporter.log.LogExporter@55a8a0df is STARTING - c.a.u.l.AbstractLifeCycle.setStarting(183)
DEBUG 2026-08-06 02:53:34.547 [TOW I/O-3] com.aspectran.aspectow.appmon.engine.exporter.log.LogExporter@55a8a0df is STARTED - c.a.u.l.AbstractLifeCycle.setStarted(193)
DEBUG 2026-08-06 02:53:34.578 [TOW I/O-3] Advice {type=before, instance=com.aspectran.mybatis.SqlSessionAdviceRegister$$Lambda/0x000000001c6126b0@2d801d8, order=0} - c.a.c.activity.AdviceActivity.executeAdvice(351)
DEBUG 2026-08-06 02:53:34.579 [TOW I/O-3] Open DefaultSqlSession@cca1c9e {executorType=SIMPLE, autoCommit=false, readOnly=false} - c.a.mybatis.SqlSessionAdvice.doOpen(239)
DEBUG 2026-08-06 02:53:34.582 [TOW I/O-3] Cache Hit Ratio [com.aspectran.aspectow.appmon.engine.persist.db.mapper.EventCountMapper]: 0.1111111111111111 - c.a.a.a.e.p.d.m.EventCountMapper.getObject(60)
DEBUG 2026-08-06 02:53:34.582 [TOW I/O-3] Advice {type=after, instance=com.aspectran.mybatis.SqlSessionAdviceRegister$$Lambda/0x000000001c612910@b9b97ad, order=0} - c.a.c.activity.AdviceActivity.executeAdvice(351)
DEBUG 2026-08-06 02:53:34.583 [TOW I/O-3] Commit transaction for DefaultSqlSession@cca1c9e - c.a.mybatis.SqlSessionAdvice.commit(257)
DEBUG 2026-08-06 02:53:34.583 [TOW I/O-3] Advice {type=finally, instance=com.aspectran.mybatis.SqlSessionAdviceRegister$$Lambda/0x000000001c612dd0@2807cf3, order=0} - c.a.c.activity.AdviceActivity.executeAdvice(351)
DEBUG 2026-08-06 02:53:34.584 [TOW I/O-3] Close DefaultSqlSession@cca1c9e - c.a.mybatis.SqlSessionAdvice.close(351)
DEBUG 2026-08-06 02:53:34.585 [TOW I/O-3] Advice {type=before, instance=com.aspectran.mybatis.SqlSessionAdviceRegister$$Lambda/0x000000001c6126b0@2d801d8, order=0} - c.a.c.activity.AdviceActivity.executeAdvice(351)
DEBUG 2026-08-06 02:53:34.586 [TOW I/O-3] Open DefaultSqlSession@3bcc18c7 {executorType=SIMPLE, autoCommit=false, readOnly=false} - c.a.mybatis.SqlSessionAdvice.doOpen(239)
DEBUG 2026-08-06 02:53:34.587 [TOW I/O-3] Cache Hit Ratio [com.aspectran.aspectow.appmon.engine.persist.db.mapper.EventCountMapper]: 0.2 - c.a.a.a.e.p.d.m.EventCountMapper.getObject(60)
DEBUG 2026-08-06 02:53:34.587 [TOW I/O-3] Advice {type=after, instance=com.aspectran.mybatis.SqlSessionAdviceRegister$$Lambda/0x000000001c612910@b9b97ad, order=0} - c.a.c.activity.AdviceActivity.executeAdvice(351)
DEBUG 2026-08-06 02:53:34.588 [TOW I/O-3] Commit transaction for DefaultSqlSession@3bcc18c7 - c.a.mybatis.SqlSessionAdvice.commit(257)
DEBUG 2026-08-06 02:53:34.588 [TOW I/O-3] Advice {type=finally, instance=com.aspectran.mybatis.SqlSessionAdviceRegister$$Lambda/0x000000001c612dd0@2807cf3, order=0} - c.a.c.activity.AdviceActivity.executeAdvice(351)
DEBUG 2026-08-06 02:53:34.588 [TOW I/O-3] Close DefaultSqlSession@3bcc18c7 - c.a.mybatis.SqlSessionAdvice.close(351)
DEBUG 2026-08-06 02:53:34.592 [TOW I/O-3] Advice {type=before, instance=com.aspectran.mybatis.SqlSessionAdviceRegister$$Lambda/0x000000001c6126b0@2d801d8, order=0} - c.a.c.activity.AdviceActivity.executeAdvice(351)
DEBUG 2026-08-06 02:53:34.593 [TOW I/O-3] Open DefaultSqlSession@23df580a {executorType=SIMPLE, autoCommit=false, readOnly=false} - c.a.mybatis.SqlSessionAdvice.doOpen(239)
DEBUG 2026-08-06 02:53:34.594 [TOW I/O-3] Cache Hit Ratio [com.aspectran.aspectow.appmon.engine.persist.db.mapper.EventCountMapper]: 0.2727272727272727 - c.a.a.a.e.p.d.m.EventCountMapper.getObject(60)
DEBUG 2026-08-06 02:53:34.595 [TOW I/O-3] Advice {type=after, instance=com.aspectran.mybatis.SqlSessionAdviceRegister$$Lambda/0x000000001c612910@b9b97ad, order=0} - c.a.c.activity.AdviceActivity.executeAdvice(351)
DEBUG 2026-08-06 02:53:34.595 [TOW I/O-3] Commit transaction for DefaultSqlSession@23df580a - c.a.mybatis.SqlSessionAdvice.commit(257)
DEBUG 2026-08-06 02:53:34.596 [TOW I/O-3] Advice {type=finally, instance=com.aspectran.mybatis.SqlSessionAdviceRegister$$Lambda/0x000000001c612dd0@2807cf3, order=0} - c.a.c.activity.AdviceActivity.executeAdvice(351)
DEBUG 2026-08-06 02:53:34.597 [TOW I/O-3] Close DefaultSqlSession@23df580a - c.a.mybatis.SqlSessionAdvice.close(351)
DEBUG 2026-08-06 02:53:34.598 [TOW I/O-3] Advice {type=before, instance=com.aspectran.mybatis.SqlSessionAdviceRegister$$Lambda/0x000000001c6126b0@2d801d8, order=0} - c.a.c.activity.AdviceActivity.executeAdvice(351)
DEBUG 2026-08-06 02:53:34.599 [TOW I/O-3] Open DefaultSqlSession@7bb84de5 {executorType=SIMPLE, autoCommit=false, readOnly=false} - c.a.mybatis.SqlSessionAdvice.doOpen(239)
DEBUG 2026-08-06 02:53:34.600 [TOW I/O-3] Cache Hit Ratio [com.aspectran.aspectow.appmon.engine.persist.db.mapper.EventCountMapper]: 0.3333333333333333 - c.a.a.a.e.p.d.m.EventCountMapper.getObject(60)
DEBUG 2026-08-06 02:53:34.601 [TOW I/O-3] Advice {type=after, instance=com.aspectran.mybatis.SqlSessionAdviceRegister$$Lambda/0x000000001c612910@b9b97ad, order=0} - c.a.c.activity.AdviceActivity.executeAdvice(351)
DEBUG 2026-08-06 02:53:34.601 [TOW I/O-3] Commit transaction for DefaultSqlSession@7bb84de5 - c.a.mybatis.SqlSessionAdvice.commit(257)
DEBUG 2026-08-06 02:53:34.602 [TOW I/O-3] Advice {type=finally, instance=com.aspectran.mybatis.SqlSessionAdviceRegister$$Lambda/0x000000001c612dd0@2807cf3, order=0} - c.a.c.activity.AdviceActivity.executeAdvice(351)
DEBUG 2026-08-06 02:53:34.602 [TOW I/O-3] Close DefaultSqlSession@7bb84de5 - c.a.mybatis.SqlSessionAdvice.close(351)
DEBUG 2026-08-06 02:54:05.593 [root] Websocket session ayOCQG46Zk20N1WaEEmEEDT_JDTiscl9st-R9Amw has been closed. Reason: CloseReason[1001] - c.a.a.a.e.r.w.WebsocketMessageRelayer.doOnClose(110)
INFO  2026-08-06 02:54:05.595 [root] WebActivityServlet 'webActivityServlet' has been destroyed. - c.a.w.s.WebActivityServlet.destroy(141)
DEBUG 2026-08-06 02:54:05.596 [root] com.aspectran.core.component.session.HouseKeeper@32f61a31(cn0) is STOPPING - c.a.u.l.AbstractLifeCycle.setStopping(203)
DEBUG 2026-08-06 02:54:05.597 [root] com.aspectran.core.component.session.HouseKeeper@32f61a31 {scavengingInterval=180000} used by DefaultSessionManager@1edb61b1(cn0) is STOPPED - c.a.u.l.AbstractLifeCycle.setStopped(213)
DEBUG 2026-08-06 02:54:05.598 [root] Destroyed FileSessionStore@cc62a3b - c.a.c.c.AbstractComponent.destroy(99)
DEBUG 2026-08-06 02:54:05.599 [root] Destroyed DefaultSessionCache@ec2bf82(cn0) - c.a.c.c.AbstractComponent.destroy(99)
DEBUG 2026-08-06 02:54:05.599 [root] Destroyed DefaultSessionManager@1edb61b1(cn0) - c.a.c.c.AbstractComponent.destroy(99)
INFO  2026-08-06 02:54:05.600 [root] WebActivityServlet 'webActivityServlet' has been destroyed. - c.a.w.s.WebActivityServlet.destroy(141)
DEBUG 2026-08-06 02:54:05.600 [root] com.aspectran.core.component.session.HouseKeeper@19b30c92(rn0) is STOPPING - c.a.u.l.AbstractLifeCycle.setStopping(203)
DEBUG 2026-08-06 02:54:05.601 [root] com.aspectran.core.component.session.HouseKeeper@19b30c92 {scavengingInterval=90000} used by DefaultSessionManager@24f360b2(rn0) is STOPPED - c.a.u.l.AbstractLifeCycle.setStopped(213)
DEBUG 2026-08-06 02:54:05.602 [root] Destroyed FileSessionStore@3bd7f8dc - c.a.c.c.AbstractComponent.destroy(99)
DEBUG 2026-08-06 02:54:05.603 [root] Destroyed DefaultSessionCache@6cea706c(rn0) - c.a.c.c.AbstractComponent.destroy(99)
DEBUG 2026-08-06 02:54:05.604 [root] Destroyed DefaultSessionManager@24f360b2(rn0) - c.a.c.c.AbstractComponent.destroy(99)
INFO  2026-08-06 02:54:05.605 [root] stopping server: Undertow - 2.3.26.Final - io.undertow.stop(259)
INFO  2026-08-06 02:54:05.611 [root] Undertow 2.3.26.Final stopped - c.a.u.server.DefaultTowServer.doStop(79)
DEBUG 2026-08-06 02:54:05.612 [root] com.aspectran.undertow.server.DefaultTowServer@3da30852 is STOPPED - c.a.u.l.AbstractLifeCycle.setStopped(213)
DEBUG 2026-08-06 02:54:05.612 [root] Destroyed DefaultBeanRegistry@7164ca4c - c.a.c.c.AbstractComponent.destroy(99)
DEBUG 2026-08-06 02:54:05.613 [root] Destroyed TemplateRuleRegistry@c68a5f8 - c.a.c.c.AbstractComponent.destroy(99)
DEBUG 2026-08-06 02:54:05.613 [root] Destroyed DefaultTemplateRenderer@69c6161d - c.a.c.c.AbstractComponent.destroy(99)
DEBUG 2026-08-06 02:54:05.613 [root] Destroyed TransletRuleRegistry@1450078a - c.a.c.c.AbstractComponent.destroy(99)
DEBUG 2026-08-06 02:54:05.614 [root] Destroyed ScheduleRuleRegistry@4642b71d - c.a.c.c.AbstractComponent.destroy(99)
DEBUG 2026-08-06 02:54:05.614 [root] Destroyed AspectRuleRegistry@5ec77191 - c.a.c.c.AbstractComponent.destroy(99)
DEBUG 2026-08-06 02:54:05.615 [root] Destroyed TypeConverterRegistry@479460a6 - c.a.c.c.AbstractComponent.destroy(99)
DEBUG 2026-08-06 02:54:05.615 [root] Destroyed DefaultActivityContext@5eccd3b9 - c.a.c.c.AbstractComponent.destroy(99)
INFO  2026-08-06 02:54:05.615 [root] Stopped DefaultShellService@27f981c6 - c.a.c.s.AbstractServiceLifeCycle.stop(168)
DEBUG 2026-08-06 02:54:05.616 [shutdown] Releasing lock on /home/aspectran/projects/public/aspectow-demo-console/app/.lock - c.aspectran.utils.FileLocker.release(142)
DEBUG 2026-08-06 02:54:05.616 [shutdown] Removed shutdown-hook: Thread[#28,shutdown,5,main] - c.aspectran.utils.ShutdownHook.run(68)
DEBUG 2026-08-06 02:54:12.624 [TOW task-2] Reside evicted session id=1ljxb1af1vxkt2kna7rph5v6u0.cn0 - c.a.c.c.s.AbstractSessionCache.get(235)
DEBUG 2026-08-06 02:54:12.630 [TOW task-2] Session 1ljxb1af1vxkt2kna7rph5v6u0.cn0 in use, stopping timer, active requests=1 - c.a.c.c.session.ManagedSession.access(314)
DEBUG 2026-08-06 02:54:12.634 [TOW task-2] DefaultWebService@61e45f87(console) is not yet started, waiting for it to start... - c.a.w.s.DefaultWebService.checkPaused(306)
DEBUG 2026-08-06 02:54:14.340 [TOW task-2] GET /console/nodes/localhost/appmon/websocket/lrBzaeqccITgIszuI7RaiZ3UWLEOZNovSjQ_CnenoX3I_gSspZM1HumQwtwfrv7l-nddSljMsaM HTTP/1.1 0:0:0:0:0:0:0:1 - c.a.w.s.DefaultWebService.service(87)
DEBUG 2026-08-06 02:54:14.341 [TOW task-2] Response {code=404} - c.a.w.s.DefaultWebService.sendError(258)
DEBUG 2026-08-06 02:54:14.374 [TOW task-2] Session 1ljxb1af1vxkt2kna7rph5v6u0.cn0 complete, active requests=0 - c.a.c.c.session.ManagedSession.complete(334)
DEBUG 2026-08-06 02:54:15.971 [TOW task-2] Session 1ljxb1af1vxkt2kna7rph5v6u0.cn0 in use, stopping timer, active requests=1 - c.a.c.c.session.ManagedSession.access(314)
DEBUG 2026-08-06 02:54:15.976 [TOW task-2] GET /console/appmon/dashboard/ HTTP/1.1 0:0:0:0:0:0:0:1 - c.a.w.s.DefaultWebService.service(87)
DEBUG 2026-08-06 02:54:15.977 [TOW task-2] Translet {name=/appmon/dashboard/${appsToSubscribe}, namePattern=/appmon/dashboard/*, responseRule={response={type=dispatch, name=appmon/dashboard}}} - c.a.core.activity.CoreActivity.prepare(220)
DEBUG 2026-08-06 02:54:15.986 [TOW task-2] Advice {type=before, action={advice={method=com.aspectran.aspectow.console.auth.UserAuthAspect.checkAuthenticated(com.aspectran.core.activity.Translet)}}, order=1} - c.a.c.activity.AdviceActivity.executeAdvice(351)
DEBUG 2026-08-06 02:54:15.988 [TOW task-2] Advice {type=before, action={advice={method=com.aspectran.aspectow.console.auth.AccessControlAspect.checkPermission(com.aspectran.core.activity.Translet)}}, order=2} - c.a.c.activity.AdviceActivity.executeAdvice(351)
DEBUG 2026-08-06 02:54:15.989 [TOW task-2] Advice {type=before, action={header={headers=[X-Frame-Options, X-Content-Type-Options, X-XSS-Protection, Referrer-Policy]}}} - c.a.c.activity.AdviceActivity.executeAdvice(351)
DEBUG 2026-08-06 02:54:15.996 [TOW task-2] Advice {type=before, action={header={headers=[Content-Type, Content-Security-Policy]}}} - c.a.c.activity.AdviceActivity.executeAdvice(351)
DEBUG 2026-08-06 02:54:15.997 [TOW task-2] Advice {type=before, action={advice={method=com.aspectran.aspectow.console.common.aspect.DevCorsAdvice.process(com.aspectran.core.activity.Translet)}}} - c.a.c.activity.AdviceActivity.executeAdvice(351)
DEBUG 2026-08-06 02:54:15.999 [TOW task-2] Action {annotated={id=page, method=com.aspectran.aspectow.console.appmon.AppMonActivity.dashboard(java.lang.String)}} - c.a.core.activity.CoreActivity.execute(652)
DEBUG 2026-08-06 02:54:16.001 [TOW task-2] Response {type=dispatch, name=appmon/dashboard} - c.a.c.a.r.d.DispatchResponse.respond(71)
DEBUG 2026-08-06 02:54:16.002 [TOW task-2] Dispatching to Thymeleaf template appmon/dashboard - c.a.t.v.ThymeleafViewDispatcher.dispatch(88)
DEBUG 2026-08-06 02:54:16.965 [TOW task-2] Session 1ljxb1af1vxkt2kna7rph5v6u0.cn0 complete, active requests=0 - c.a.c.c.session.ManagedSession.complete(334)
DEBUG 2026-08-06 02:54:17.188 [TOW task-6] Session 1ljxb1af1vxkt2kna7rph5v6u0.cn0 in use, stopping timer, active requests=1 - c.a.c.c.session.ManagedSession.access(314)
DEBUG 2026-08-06 02:54:17.189 [TOW task-6] GET /console/appmon/config/data HTTP/1.1 0:0:0:0:0:0:0:1 - c.a.w.s.DefaultWebService.service(87)
DEBUG 2026-08-06 02:54:17.190 [TOW task-6] Translet {name=/appmon/config/data, method=[GET], responseRule={response={type=transform, format=custom}}} - c.a.core.activity.CoreActivity.prepare(220)
DEBUG 2026-08-06 02:54:17.192 [TOW task-6] Advice {type=before, action={advice={method=com.aspectran.aspectow.console.auth.UserAuthAspect.checkAuthenticated(com.aspectran.core.activity.Translet)}}, order=1} - c.a.c.activity.AdviceActivity.executeAdvice(351)
DEBUG 2026-08-06 02:54:17.193 [TOW task-6] Advice {type=before, action={advice={method=com.aspectran.aspectow.console.auth.AccessControlAspect.checkPermission(com.aspectran.core.activity.Translet)}}, order=2} - c.a.c.activity.AdviceActivity.executeAdvice(351)
DEBUG 2026-08-06 02:54:17.195 [TOW task-6] Advice {type=before, action={header={headers=[X-Frame-Options, X-Content-Type-Options, X-XSS-Protection, Referrer-Policy]}}} - c.a.c.activity.AdviceActivity.executeAdvice(351)
DEBUG 2026-08-06 02:54:17.199 [TOW task-6] Advice {type=before, action={advice={method=com.aspectran.aspectow.console.common.aspect.DevCorsAdvice.process(com.aspectran.core.activity.Translet)}}} - c.a.c.activity.AdviceActivity.executeAdvice(351)
DEBUG 2026-08-06 02:54:17.201 [TOW task-6] Action {annotated={method=com.aspectran.aspectow.console.appmon.AppMonActivity.getConfigData(com.aspectran.core.activity.Translet, java.lang.String)}} - c.a.core.activity.CoreActivity.execute(652)
DEBUG 2026-08-06 02:54:17.280 [TOW task-6] Response com.aspectran.web.activity.response.DefaultRestResponse@1835d5be - c.a.c.a.r.t.CustomTransformResponse.respond(85)
DEBUG 2026-08-06 02:54:17.286 [TOW task-6] Session 1ljxb1af1vxkt2kna7rph5v6u0.cn0 complete, active requests=0 - c.a.c.c.session.ManagedSession.complete(334)
DEBUG 2026-08-06 02:54:17.347 [TOW task-6] Session 1ljxb1af1vxkt2kna7rph5v6u0.cn0 in use, stopping timer, active requests=1 - c.a.c.c.session.ManagedSession.access(314)
DEBUG 2026-08-06 02:54:17.388 [TOW task-6] WebSocket connection established for session mZGcNshi5OxCyhxxNlKBvM9YnwJ8iIhvojLGzQFz - c.a.a.a.e.r.w.WebsocketMessageRelayer.doOnOpen(74)
DEBUG 2026-08-06 02:54:17.391 [TOW task-6] Session 1ljxb1af1vxkt2kna7rph5v6u0.cn0 complete, active requests=0 - c.a.c.c.session.ManagedSession.complete(334)
DEBUG 2026-08-06 02:54:20.585 [TOW I/O-4] Websocket session mZGcNshi5OxCyhxxNlKBvM9YnwJ8iIhvojLGzQFz has been closed. Reason: CloseReason[1001] - c.a.a.a.e.r.w.WebsocketMessageRelayer.doOnClose(110)
DEBUG 2026-08-06 02:54:20.603 [TOW task-6] Session 1ljxb1af1vxkt2kna7rph5v6u0.cn0 in use, stopping timer, active requests=1 - c.a.c.c.session.ManagedSession.access(314)
DEBUG 2026-08-06 02:54:20.604 [TOW task-6] GET /console/appmon/dashboard/ HTTP/1.1 0:0:0:0:0:0:0:1 - c.a.w.s.DefaultWebService.service(87)
DEBUG 2026-08-06 02:54:20.604 [TOW task-6] Translet {name=/appmon/dashboard/${appsToSubscribe}, namePattern=/appmon/dashboard/*, responseRule={response={type=dispatch, name=appmon/dashboard, viewDispatcher={name=com.aspectran.thymeleaf.view.ThymeleafViewDispatcher@3dbac24f}}}} - c.a.core.activity.CoreActivity.prepare(220)
DEBUG 2026-08-06 02:54:20.605 [TOW task-6] Advice {type=before, action={advice={method=com.aspectran.aspectow.console.auth.UserAuthAspect.checkAuthenticated(com.aspectran.core.activity.Translet)}}, order=1} - c.a.c.activity.AdviceActivity.executeAdvice(351)
DEBUG 2026-08-06 02:54:20.606 [TOW task-6] Advice {type=before, action={advice={method=com.aspectran.aspectow.console.auth.AccessControlAspect.checkPermission(com.aspectran.core.activity.Translet)}}, order=2} - c.a.c.activity.AdviceActivity.executeAdvice(351)
DEBUG 2026-08-06 02:54:20.606 [TOW task-6] Advice {type=before, action={header={headers=[X-Frame-Options, X-Content-Type-Options, X-XSS-Protection, Referrer-Policy]}}} - c.a.c.activity.AdviceActivity.executeAdvice(351)
DEBUG 2026-08-06 02:54:20.613 [TOW task-6] Advice {type=before, action={header={headers=[Content-Type, Content-Security-Policy]}}} - c.a.c.activity.AdviceActivity.executeAdvice(351)
DEBUG 2026-08-06 02:54:20.613 [TOW task-6] Advice {type=before, action={advice={method=com.aspectran.aspectow.console.common.aspect.DevCorsAdvice.process(com.aspectran.core.activity.Translet)}}} - c.a.c.activity.AdviceActivity.executeAdvice(351)
DEBUG 2026-08-06 02:54:20.618 [TOW task-6] Action {annotated={id=page, method=com.aspectran.aspectow.console.appmon.AppMonActivity.dashboard(java.lang.String)}} - c.a.core.activity.CoreActivity.execute(652)
DEBUG 2026-08-06 02:54:20.619 [TOW task-6] Response {type=dispatch, name=appmon/dashboard, viewDispatcher={name=com.aspectran.thymeleaf.view.ThymeleafViewDispatcher@3dbac24f}} - c.a.c.a.r.d.DispatchResponse.respond(71)
DEBUG 2026-08-06 02:54:20.621 [TOW task-6] Dispatching to Thymeleaf template appmon/dashboard - c.a.t.v.ThymeleafViewDispatcher.dispatch(88)
DEBUG 2026-08-06 02:54:20.728 [TOW task-6] Session 1ljxb1af1vxkt2kna7rph5v6u0.cn0 complete, active requests=0 - c.a.c.c.session.ManagedSession.complete(334)
DEBUG 2026-08-06 02:54:21.042 [TOW task-4] Session 1ljxb1af1vxkt2kna7rph5v6u0.cn0 in use, stopping timer, active requests=1 - c.a.c.c.session.ManagedSession.access(314)
DEBUG 2026-08-06 02:54:21.043 [TOW task-4] GET /console/appmon/config/data HTTP/1.1 0:0:0:0:0:0:0:1 - c.a.w.s.DefaultWebService.service(87)
DEBUG 2026-08-06 02:54:21.044 [TOW task-4] Translet {name=/appmon/config/data, method=[GET], responseRule={response={type=transform, format=custom}}} - c.a.core.activity.CoreActivity.prepare(220)
DEBUG 2026-08-06 02:54:21.045 [TOW task-4] Advice {type=before, action={advice={method=com.aspectran.aspectow.console.auth.UserAuthAspect.checkAuthenticated(com.aspectran.core.activity.Translet)}}, order=1} - c.a.c.activity.AdviceActivity.executeAdvice(351)
DEBUG 2026-08-06 02:54:21.046 [TOW task-4] Advice {type=before, action={advice={method=com.aspectran.aspectow.console.auth.AccessControlAspect.checkPermission(com.aspectran.core.activity.Translet)}}, order=2} - c.a.c.activity.AdviceActivity.executeAdvice(351)
DEBUG 2026-08-06 02:54:21.047 [TOW task-4] Advice {type=before, action={header={headers=[X-Frame-Options, X-Content-Type-Options, X-XSS-Protection, Referrer-Policy]}}} - c.a.c.activity.AdviceActivity.executeAdvice(351)
DEBUG 2026-08-06 02:54:21.048 [TOW task-4] Advice {type=before, action={advice={method=com.aspectran.aspectow.console.common.aspect.DevCorsAdvice.process(com.aspectran.core.activity.Translet)}}} - c.a.c.activity.AdviceActivity.executeAdvice(351)
DEBUG 2026-08-06 02:54:21.049 [TOW task-4] Action {annotated={method=com.aspectran.aspectow.console.appmon.AppMonActivity.getConfigData(com.aspectran.core.activity.Translet, java.lang.String)}} - c.a.core.activity.CoreActivity.execute(652)
DEBUG 2026-08-06 02:54:21.107 [TOW task-4] Response com.aspectran.web.activity.response.DefaultRestResponse@6d11e89 - c.a.c.a.r.t.CustomTransformResponse.respond(85)
DEBUG 2026-08-06 02:54:21.110 [TOW task-4] Session 1ljxb1af1vxkt2kna7rph5v6u0.cn0 complete, active requests=0 - c.a.c.c.session.ManagedSession.complete(334)
DEBUG 2026-08-06 02:54:21.175 [TOW task-4] Session 1ljxb1af1vxkt2kna7rph5v6u0.cn0 in use, stopping timer, active requests=1 - c.a.c.c.session.ManagedSession.access(314)
DEBUG 2026-08-06 02:54:21.177 [TOW task-4] WebSocket connection established for session kzSXYvq9BIWFee3uCwMimdPeeiGxviTtkDVzy4f9 - c.a.a.a.e.r.w.WebsocketMessageRelayer.doOnOpen(74)
DEBUG 2026-08-06 02:54:21.178 [TOW task-4] Session 1ljxb1af1vxkt2kna7rph5v6u0.cn0 complete, active requests=0 - c.a.c.c.session.ManagedSession.complete(334)
DEBUG 2026-08-06 02:55:00.047 [AppmonScheduler_Worker-1] Translet {name=appmon/persist/counter/rollup.job} - c.a.core.activity.CoreActivity.prepare(220)
DEBUG 2026-08-06 02:55:00.049 [AppmonScheduler_Worker-1] Action {annotated={method=com.aspectran.aspectow.appmon.engine.schedule.CounterPersistSchedule.rollup()}} - c.a.core.activity.CoreActivity.execute(652)
DEBUG 2026-08-06 02:58:03.460 [TOW I/O-2] Websocket session kzSXYvq9BIWFee3uCwMimdPeeiGxviTtkDVzy4f9 has been closed. Reason: CloseReason[1001] - c.a.a.a.e.r.w.WebsocketMessageRelayer.doOnClose(110)
DEBUG 2026-08-06 02:58:04.741 [TOW task-4] Session 1ljxb1af1vxkt2kna7rph5v6u0.cn0 in use, stopping timer, active requests=1 - c.a.c.c.session.ManagedSession.access(314)
DEBUG 2026-08-06 02:58:04.744 [TOW task-4] GET /console/cluster/nodes/ HTTP/1.1 0:0:0:0:0:0:0:1 - c.a.w.s.DefaultWebService.service(87)
DEBUG 2026-08-06 02:58:04.746 [TOW task-4] Translet {name=/cluster/nodes/, responseRule={response={type=dispatch, name=cluster/nodes}}} - c.a.core.activity.CoreActivity.prepare(220)
DEBUG 2026-08-06 02:58:04.749 [TOW task-4] Advice {type=before, action={advice={method=com.aspectran.aspectow.console.auth.UserAuthAspect.checkAuthenticated(com.aspectran.core.activity.Translet)}}, order=1} - c.a.c.activity.AdviceActivity.executeAdvice(351)
DEBUG 2026-08-06 02:58:04.750 [TOW task-4] Advice {type=before, action={advice={method=com.aspectran.aspectow.console.auth.AccessControlAspect.checkPermission(com.aspectran.core.activity.Translet)}}, order=2} - c.a.c.activity.AdviceActivity.executeAdvice(351)
DEBUG 2026-08-06 02:58:04.752 [TOW task-4] Advice {type=before, action={header={headers=[X-Frame-Options, X-Content-Type-Options, X-XSS-Protection, Referrer-Policy]}}} - c.a.c.activity.AdviceActivity.executeAdvice(351)
DEBUG 2026-08-06 02:58:04.754 [TOW task-4] Advice {type=before, action={header={headers=[Content-Type, Content-Security-Policy]}}} - c.a.c.activity.AdviceActivity.executeAdvice(351)
DEBUG 2026-08-06 02:58:04.756 [TOW task-4] Action {annotated={id=page, method=com.aspectran.aspectow.console.cluster.ClusterActivity.listNodes(com.aspectran.core.activity.Translet)}} - c.a.core.activity.CoreActivity.execute(652)
DEBUG 2026-08-06 02:58:04.800 [TOW task-4] Response {type=dispatch, name=cluster/nodes} - c.a.c.a.r.d.DispatchResponse.respond(71)
DEBUG 2026-08-06 02:58:04.801 [TOW task-4] Dispatching to Thymeleaf template cluster/nodes - c.a.t.v.ThymeleafViewDispatcher.dispatch(88)
DEBUG 2026-08-06 02:58:04.922 [TOW task-4] Session 1ljxb1af1vxkt2kna7rph5v6u0.cn0 complete, active requests=0 - c.a.c.c.session.ManagedSession.complete(334)
DEBUG 2026-08-06 02:58:05.158 [TOW task-4] Session 1ljxb1af1vxkt2kna7rph5v6u0.cn0 in use, stopping timer, active requests=1 - c.a.c.c.session.ManagedSession.access(314)
DEBUG 2026-08-06 02:58:05.159 [TOW task-4] GET /console/cluster/token HTTP/1.1 0:0:0:0:0:0:0:1 - c.a.w.s.DefaultWebService.service(87)
DEBUG 2026-08-06 02:58:05.160 [TOW task-4] Translet {name=/cluster/token, responseRule={response={type=transform, format=custom}}} - c.a.core.activity.CoreActivity.prepare(220)
DEBUG 2026-08-06 02:58:05.161 [TOW task-4] Advice {type=before, action={advice={method=com.aspectran.aspectow.console.auth.UserAuthAspect.checkAuthenticated(com.aspectran.core.activity.Translet)}}, order=1} - c.a.c.activity.AdviceActivity.executeAdvice(351)
DEBUG 2026-08-06 02:58:05.162 [TOW task-4] Advice {type=before, action={advice={method=com.aspectran.aspectow.console.auth.AccessControlAspect.checkPermission(com.aspectran.core.activity.Translet)}}, order=2} - c.a.c.activity.AdviceActivity.executeAdvice(351)
DEBUG 2026-08-06 02:58:05.163 [TOW task-4] Advice {type=before, action={header={headers=[X-Frame-Options, X-Content-Type-Options, X-XSS-Protection, Referrer-Policy]}}} - c.a.c.activity.AdviceActivity.executeAdvice(351)
DEBUG 2026-08-06 02:58:05.164 [TOW task-4] Action {annotated={method=com.aspectran.aspectow.console.cluster.ClusterActivity.refreshToken(com.aspectran.core.activity.Translet)}} - c.a.core.activity.CoreActivity.execute(652)
DEBUG 2026-08-06 02:58:05.167 [TOW task-4] Response {success=true, data=vg87Luno_yE6cRJXdcAyXxqAqOTYzpTu2zQBKKoooVuXeUV30QyVzg58BOy6L8_nR2uO0Kwp5eE} - c.a.c.a.r.t.CustomTransformResponse.respond(85)
DEBUG 2026-08-06 02:58:05.169 [TOW task-4] Session 1ljxb1af1vxkt2kna7rph5v6u0.cn0 complete, active requests=0 - c.a.c.c.session.ManagedSession.complete(334)
DEBUG 2026-08-06 02:58:06.935 [TOW task-4] Session 1ljxb1af1vxkt2kna7rph5v6u0.cn0 in use, stopping timer, active requests=1 - c.a.c.c.session.ManagedSession.access(314)
DEBUG 2026-08-06 02:58:06.936 [TOW task-4] GET /console/cluster/commands/ HTTP/1.1 0:0:0:0:0:0:0:1 - c.a.w.s.DefaultWebService.service(87)
DEBUG 2026-08-06 02:58:06.936 [TOW task-4] Translet {name=/cluster/commands/, responseRule={response={type=dispatch, name=cluster/commands}}} - c.a.core.activity.CoreActivity.prepare(220)
DEBUG 2026-08-06 02:58:06.937 [TOW task-4] Advice {type=before, action={advice={method=com.aspectran.aspectow.console.auth.UserAuthAspect.checkAuthenticated(com.aspectran.core.activity.Translet)}}, order=1} - c.a.c.activity.AdviceActivity.executeAdvice(351)
DEBUG 2026-08-06 02:58:06.938 [TOW task-4] Advice {type=before, action={advice={method=com.aspectran.aspectow.console.auth.AccessControlAspect.checkPermission(com.aspectran.core.activity.Translet)}}, order=2} - c.a.c.activity.AdviceActivity.executeAdvice(351)
DEBUG 2026-08-06 02:58:06.939 [TOW task-4] Advice {type=before, action={header={headers=[X-Frame-Options, X-Content-Type-Options, X-XSS-Protection, Referrer-Policy]}}} - c.a.c.activity.AdviceActivity.executeAdvice(351)
DEBUG 2026-08-06 02:58:06.940 [TOW task-4] Advice {type=before, action={header={headers=[Content-Type, Content-Security-Policy]}}} - c.a.c.activity.AdviceActivity.executeAdvice(351)
DEBUG 2026-08-06 02:58:06.941 [TOW task-4] Action {annotated={id=page, method=com.aspectran.aspectow.console.commands.RemoteCommandsActivity.commands(java.lang.String)}} - c.a.core.activity.CoreActivity.execute(652)
DEBUG 2026-08-06 02:58:06.966 [TOW task-4] Response {type=dispatch, name=cluster/commands} - c.a.c.a.r.d.DispatchResponse.respond(71)
DEBUG 2026-08-06 02:58:06.967 [TOW task-4] Dispatching to Thymeleaf template cluster/commands - c.a.t.v.ThymeleafViewDispatcher.dispatch(88)
DEBUG 2026-08-06 02:58:07.008 [TOW task-4] Session 1ljxb1af1vxkt2kna7rph5v6u0.cn0 complete, active requests=0 - c.a.c.c.session.ManagedSession.complete(334)
DEBUG 2026-08-06 02:58:07.190 [TOW task-4] Session 1ljxb1af1vxkt2kna7rph5v6u0.cn0 in use, stopping timer, active requests=1 - c.a.c.c.session.ManagedSession.access(314)
DEBUG 2026-08-06 02:58:07.191 [TOW task-4] GET /console/cluster/token HTTP/1.1 0:0:0:0:0:0:0:1 - c.a.w.s.DefaultWebService.service(87)
DEBUG 2026-08-06 02:58:07.192 [TOW task-4] Translet {name=/cluster/token, responseRule={response={type=transform, format=custom}}} - c.a.core.activity.CoreActivity.prepare(220)
DEBUG 2026-08-06 02:58:07.194 [TOW task-4] Advice {type=before, action={advice={method=com.aspectran.aspectow.console.auth.UserAuthAspect.checkAuthenticated(com.aspectran.core.activity.Translet)}}, order=1} - c.a.c.activity.AdviceActivity.executeAdvice(351)
DEBUG 2026-08-06 02:58:07.195 [TOW task-4] Advice {type=before, action={advice={method=com.aspectran.aspectow.console.auth.AccessControlAspect.checkPermission(com.aspectran.core.activity.Translet)}}, order=2} - c.a.c.activity.AdviceActivity.executeAdvice(351)
DEBUG 2026-08-06 02:58:07.196 [TOW task-4] Advice {type=before, action={header={headers=[X-Frame-Options, X-Content-Type-Options, X-XSS-Protection, Referrer-Policy]}}} - c.a.c.activity.AdviceActivity.executeAdvice(351)
DEBUG 2026-08-06 02:58:07.197 [TOW task-4] Action {annotated={method=com.aspectran.aspectow.console.cluster.ClusterActivity.refreshToken(com.aspectran.core.activity.Translet)}} - c.a.core.activity.CoreActivity.execute(652)
DEBUG 2026-08-06 02:58:07.199 [TOW task-4] Response {success=true, data=I8oR3N-K7I0zJ4g6l8COeKZOSSX272lWjt-jxYwGIngKSlGodYonOo7lQV_FVBz-US3N_KQW9xo} - c.a.c.a.r.t.CustomTransformResponse.respond(85)
DEBUG 2026-08-06 02:58:07.200 [TOW task-4] Session 1ljxb1af1vxkt2kna7rph5v6u0.cn0 complete, active requests=0 - c.a.c.c.session.ManagedSession.complete(334)
DEBUG 2026-08-06 02:58:07.212 [TOW task-4] Session 1ljxb1af1vxkt2kna7rph5v6u0.cn0 in use, stopping timer, active requests=1 - c.a.c.c.session.ManagedSession.access(314)
DEBUG 2026-08-06 02:58:07.212 [TOW task-4] GET /console/cluster/token HTTP/1.1 0:0:0:0:0:0:0:1 - c.a.w.s.DefaultWebService.service(87)
DEBUG 2026-08-06 02:58:07.213 [TOW task-4] Translet {name=/cluster/token, responseRule={response={type=transform, format=custom}}} - c.a.core.activity.CoreActivity.prepare(220)
DEBUG 2026-08-06 02:58:07.213 [TOW task-4] Advice {type=before, action={advice={method=com.aspectran.aspectow.console.auth.UserAuthAspect.checkAuthenticated(com.aspectran.core.activity.Translet)}}, order=1} - c.a.c.activity.AdviceActivity.executeAdvice(351)
DEBUG 2026-08-06 02:58:07.214 [TOW task-4] Advice {type=before, action={advice={method=com.aspectran.aspectow.console.auth.AccessControlAspect.checkPermission(com.aspectran.core.activity.Translet)}}, order=2} - c.a.c.activity.AdviceActivity.executeAdvice(351)
DEBUG 2026-08-06 02:58:07.215 [TOW task-4] Advice {type=before, action={header={headers=[X-Frame-Options, X-Content-Type-Options, X-XSS-Protection, Referrer-Policy]}}} - c.a.c.activity.AdviceActivity.executeAdvice(351)
DEBUG 2026-08-06 02:58:07.216 [TOW task-4] Action {annotated={method=com.aspectran.aspectow.console.cluster.ClusterActivity.refreshToken(com.aspectran.core.activity.Translet)}} - c.a.core.activity.CoreActivity.execute(652)
DEBUG 2026-08-06 02:58:07.217 [TOW task-4] Response {success=true, data=9ISHmCWU7R0aZhP0F6SLJlFrRmL_1EMK0RFhIB0mQn2lp8Bz2GXW1_BdIoZIzi5XAac0EH8XM_U} - c.a.c.a.r.t.CustomTransformResponse.respond(85)
DEBUG 2026-08-06 02:58:07.219 [TOW task-4] Session 1ljxb1af1vxkt2kna7rph5v6u0.cn0 complete, active requests=0 - c.a.c.c.session.ManagedSession.complete(334)
DEBUG 2026-08-06 02:58:07.277 [TOW task-4] Session 1ljxb1af1vxkt2kna7rph5v6u0.cn0 in use, stopping timer, active requests=1 - c.a.c.c.session.ManagedSession.access(314)
DEBUG 2026-08-06 02:58:07.281 [TOW task-4] WebSocket connection established for session ZYLtN8AQYiQL6Pi7EHSV5VrVb1WM-hRROm4OICs5 - c.a.a.c.c.b.w.WebsocketNodeBridge.doOnOpen(74)
DEBUG 2026-08-06 02:58:07.282 [TOW task-4] Session 1ljxb1af1vxkt2kna7rph5v6u0.cn0 complete, active requests=0 - c.a.c.c.session.ManagedSession.complete(334)
DEBUG 2026-08-06 02:58:07.290 [TOW task-4] Session 1ljxb1af1vxkt2kna7rph5v6u0.cn0 in use, stopping timer, active requests=1 - c.a.c.c.session.ManagedSession.access(314)
DEBUG 2026-08-06 02:58:07.292 [TOW I/O-4] Websocket session ZYLtN8AQYiQL6Pi7EHSV5VrVb1WM-hRROm4OICs5 has been closed. Reason: CloseReason[1006] - c.a.a.c.c.b.w.WebsocketNodeBridge.doOnClose(110)
DEBUG 2026-08-06 02:58:07.295 [TOW task-4] WebSocket connection established for session NUkg9h1PCbcUfY02jf9dFA3iRCrZ6atXx2s4YhZi - c.a.a.c.c.b.w.WebsocketCommandBridge.doOnOpen(74)
DEBUG 2026-08-06 02:58:07.296 [TOW task-4] Session 1ljxb1af1vxkt2kna7rph5v6u0.cn0 complete, active requests=0 - c.a.c.c.session.ManagedSession.complete(334)
DEBUG 2026-08-06 02:58:07.343 [TOW I/O-1] ConsoleClient joined remote command management: session NUkg9h1PCbcUfY02jf9dFA3iRCrZ6atXx2s4YhZi, targetNodeId: localhost-console1 - c.a.a.c.c.b.w.WebsocketCommandBridge.subscribe(166)
DEBUG 2026-08-06 02:58:09.339 [TOW I/O-1] Daemon command dispatched to node localhost: command: sysinfo
arguments: {
  item: {
    value: mem
  }
}
 - c.a.a.n.m.c.RemoteCommandManager.dispatch(196)
DEBUG 2026-08-06 02:58:09.340 [TOW I/O-1] Command execution initiated: {header=execute, requestId=cmd_1785985089314, sessionId=NUkg9h1PCbcUfY02jf9dFA3iRCrZ6atXx2s4YhZi, targetAll=true, command={command=sysinfo, arguments={item=[{value=mem, entry=[], bean=[]}]}}} - c.a.a.c.c.b.w.WebsocketCommandBridge.execute(204)
DEBUG 2026-08-06 02:59:26.713 [TOW I/O-1] Websocket session NUkg9h1PCbcUfY02jf9dFA3iRCrZ6atXx2s4YhZi has been closed. Reason: CloseReason[1001] - c.a.a.c.c.b.w.WebsocketCommandBridge.doOnClose(110)
DEBUG 2026-08-06 02:59:26.714 [TOW I/O-1] Remote command WebSocket session removed: NUkg9h1PCbcUfY02jf9dFA3iRCrZ6atXx2s4YhZi (Total: 0) - c.a.a.c.c.b.w.WebsocketCommandBridge.onSessionRemoved(142)
DEBUG 2026-08-06 02:59:26.725 [TOW task-4] Session 1ljxb1af1vxkt2kna7rph5v6u0.cn0 in use, stopping timer, active requests=1 - c.a.c.c.session.ManagedSession.access(314)
DEBUG 2026-08-06 02:59:26.726 [TOW task-4] GET /console/cluster/scheduler/ HTTP/1.1 0:0:0:0:0:0:0:1 - c.a.w.s.DefaultWebService.service(87)
DEBUG 2026-08-06 02:59:26.727 [TOW task-4] Translet {name=/cluster/scheduler/, responseRule={response={type=dispatch, name=cluster/scheduler}}} - c.a.core.activity.CoreActivity.prepare(220)
DEBUG 2026-08-06 02:59:26.728 [TOW task-4] Advice {type=before, action={advice={method=com.aspectran.aspectow.console.auth.UserAuthAspect.checkAuthenticated(com.aspectran.core.activity.Translet)}}, order=1} - c.a.c.activity.AdviceActivity.executeAdvice(351)
DEBUG 2026-08-06 02:59:26.729 [TOW task-4] Advice {type=before, action={advice={method=com.aspectran.aspectow.console.auth.AccessControlAspect.checkPermission(com.aspectran.core.activity.Translet)}}, order=2} - c.a.c.activity.AdviceActivity.executeAdvice(351)
DEBUG 2026-08-06 02:59:26.729 [TOW task-4] Advice {type=before, action={header={headers=[X-Frame-Options, X-Content-Type-Options, X-XSS-Protection, Referrer-Policy]}}} - c.a.c.activity.AdviceActivity.executeAdvice(351)
DEBUG 2026-08-06 02:59:26.731 [TOW task-4] Advice {type=before, action={header={headers=[Content-Type, Content-Security-Policy]}}} - c.a.c.activity.AdviceActivity.executeAdvice(351)
DEBUG 2026-08-06 02:59:26.731 [TOW task-4] Action {annotated={id=page, method=com.aspectran.aspectow.console.scheduler.SchedulerActivity.scheduler(com.aspectran.core.activity.Translet, java.lang.String)}} - c.a.core.activity.CoreActivity.execute(652)
DEBUG 2026-08-06 02:59:26.748 [TOW task-4] Response {type=dispatch, name=cluster/scheduler} - c.a.c.a.r.d.DispatchResponse.respond(71)
DEBUG 2026-08-06 02:59:26.749 [TOW task-4] Dispatching to Thymeleaf template cluster/scheduler - c.a.t.v.ThymeleafViewDispatcher.dispatch(88)
DEBUG 2026-08-06 02:59:26.790 [TOW task-4] Session 1ljxb1af1vxkt2kna7rph5v6u0.cn0 complete, active requests=0 - c.a.c.c.session.ManagedSession.complete(334)
DEBUG 2026-08-06 02:59:26.973 [TOW task-4] Session 1ljxb1af1vxkt2kna7rph5v6u0.cn0 in use, stopping timer, active requests=1 - c.a.c.c.session.ManagedSession.access(314)
DEBUG 2026-08-06 02:59:26.973 [TOW task-4] GET /console/cluster/token HTTP/1.1 0:0:0:0:0:0:0:1 - c.a.w.s.DefaultWebService.service(87)
DEBUG 2026-08-06 02:59:26.974 [TOW task-4] Translet {name=/cluster/token, responseRule={response={type=transform, format=custom}}} - c.a.core.activity.CoreActivity.prepare(220)
DEBUG 2026-08-06 02:59:26.974 [TOW task-4] Advice {type=before, action={advice={method=com.aspectran.aspectow.console.auth.UserAuthAspect.checkAuthenticated(com.aspectran.core.activity.Translet)}}, order=1} - c.a.c.activity.AdviceActivity.executeAdvice(351)
DEBUG 2026-08-06 02:59:26.975 [TOW task-4] Advice {type=before, action={advice={method=com.aspectran.aspectow.console.auth.AccessControlAspect.checkPermission(com.aspectran.core.activity.Translet)}}, order=2} - c.a.c.activity.AdviceActivity.executeAdvice(351)
DEBUG 2026-08-06 02:59:26.976 [TOW task-4] Advice {type=before, action={header={headers=[X-Frame-Options, X-Content-Type-Options, X-XSS-Protection, Referrer-Policy]}}} - c.a.c.activity.AdviceActivity.executeAdvice(351)
DEBUG 2026-08-06 02:59:26.978 [TOW task-4] Action {annotated={method=com.aspectran.aspectow.console.cluster.ClusterActivity.refreshToken(com.aspectran.core.activity.Translet)}} - c.a.core.activity.CoreActivity.execute(652)
DEBUG 2026-08-06 02:59:26.980 [TOW task-4] Response {success=true, data=ziABtC98BEQ1aggkeh1OYFkOP7KtEfvU83X5Kz4o94ERF9vhg3Vr6_KpjreOzXm7_y-9qOuS7fs} - c.a.c.a.r.t.CustomTransformResponse.respond(85)
DEBUG 2026-08-06 02:59:26.982 [TOW task-4] Session 1ljxb1af1vxkt2kna7rph5v6u0.cn0 complete, active requests=0 - c.a.c.c.session.ManagedSession.complete(334)
DEBUG 2026-08-06 02:59:27.102 [TOW task-4] Session 1ljxb1af1vxkt2kna7rph5v6u0.cn0 in use, stopping timer, active requests=1 - c.a.c.c.session.ManagedSession.access(314)
DEBUG 2026-08-06 02:59:27.103 [TOW task-4] GET /console/cluster/token HTTP/1.1 0:0:0:0:0:0:0:1 - c.a.w.s.DefaultWebService.service(87)
DEBUG 2026-08-06 02:59:27.104 [TOW task-4] Translet {name=/cluster/token, responseRule={response={type=transform, format=custom}}} - c.a.core.activity.CoreActivity.prepare(220)
DEBUG 2026-08-06 02:59:27.105 [TOW task-4] Advice {type=before, action={advice={method=com.aspectran.aspectow.console.auth.UserAuthAspect.checkAuthenticated(com.aspectran.core.activity.Translet)}}, order=1} - c.a.c.activity.AdviceActivity.executeAdvice(351)
DEBUG 2026-08-06 02:59:27.105 [TOW task-4] Advice {type=before, action={advice={method=com.aspectran.aspectow.console.auth.AccessControlAspect.checkPermission(com.aspectran.core.activity.Translet)}}, order=2} - c.a.c.activity.AdviceActivity.executeAdvice(351)
DEBUG 2026-08-06 02:59:27.106 [TOW task-4] Advice {type=before, action={header={headers=[X-Frame-Options, X-Content-Type-Options, X-XSS-Protection, Referrer-Policy]}}} - c.a.c.activity.AdviceActivity.executeAdvice(351)
DEBUG 2026-08-06 02:59:27.107 [TOW task-4] Action {annotated={method=com.aspectran.aspectow.console.cluster.ClusterActivity.refreshToken(com.aspectran.core.activity.Translet)}} - c.a.core.activity.CoreActivity.execute(652)
DEBUG 2026-08-06 02:59:27.109 [TOW task-4] Response {success=true, data=0JZEtX7PyX2yj7Y9NYEQ9_K4w39LcplCAh-Ni3jWFVBulTZq9YeHUtTPr-JnMXgCJyLaVETjR50} - c.a.c.a.r.t.CustomTransformResponse.respond(85)
DEBUG 2026-08-06 02:59:27.111 [TOW task-4] Session 1ljxb1af1vxkt2kna7rph5v6u0.cn0 complete, active requests=0 - c.a.c.c.session.ManagedSession.complete(334)
DEBUG 2026-08-06 02:59:27.188 [TOW task-4] Session 1ljxb1af1vxkt2kna7rph5v6u0.cn0 in use, stopping timer, active requests=1 - c.a.c.c.session.ManagedSession.access(314)
DEBUG 2026-08-06 02:59:27.193 [TOW task-4] WebSocket connection established for session 273EsavZwRyq_-BoA8ycFd_5pyOeOIwDWF-76j5L - c.a.a.c.s.b.w.WebsocketSchedulerBridge.doOnOpen(74)
DEBUG 2026-08-06 02:59:27.194 [TOW task-4] Session 1ljxb1af1vxkt2kna7rph5v6u0.cn0 complete, active requests=0 - c.a.c.c.session.ManagedSession.complete(334)
DEBUG 2026-08-06 02:59:27.209 [TOW I/O-2] Discovering scheduler log files in: /home/aspectran/projects/public/aspectow-demo-console/app/logs - c.a.a.n.m.s.RemoteSchedulerManager.discoverLogFiles(238)
INFO  2026-08-06 02:59:27.210 [TOW I/O-2] Discovered scheduler log file: /home/aspectran/projects/public/aspectow-demo-console/app/logs/console-scheduler.log - c.a.a.n.m.s.RemoteSchedulerManager.discoverLogFiles(251)
DEBUG 2026-08-06 02:59:27.211 [TOW I/O-2] com.aspectran.aspectow.node.management.scheduler.log.SchedulerLogExporter@35bd1615 is STARTING - c.a.u.l.AbstractLifeCycle.setStarting(183)
INFO  2026-08-06 02:59:27.226 [TOW I/O-2] Started tailing scheduler log file: /home/aspectran/projects/public/aspectow-demo-console/app/logs/console-scheduler.log - c.a.a.n.m.s.l.SchedulerLogExporter.doStart(328)
DEBUG 2026-08-06 02:59:27.226 [TOW I/O-2] com.aspectran.aspectow.node.management.scheduler.log.SchedulerLogExporter@35bd1615 is STARTED - c.a.u.l.AbstractLifeCycle.setStarted(193)
DEBUG 2026-08-06 02:59:27.235 [TOW I/O-2] ConsoleClient joined scheduler management: session 273EsavZwRyq_-BoA8ycFd_5pyOeOIwDWF-76j5L, targetNodeId: localhost-console1 - c.a.a.c.s.b.w.WebsocketSchedulerBridge.subscribe(153)
DEBUG 2026-08-06 02:59:27.243 [TOW I/O-2] Scheduler request dispatched to node localhost: services - c.a.a.n.m.s.RemoteSchedulerManager.dispatch(321)
DEBUG 2026-08-06 02:59:27.256 [TOW I/O-2] Executing local scheduler request: services - c.a.a.n.m.s.RemoteSchedulerManager.process(297)
DEBUG 2026-08-06 02:59:27.260 [TOW I/O-2] Collected scheduler list from 1 active services - c.a.a.n.m.s.LocalSchedulerService.getSchedulesAsJson(75)
DEBUG 2026-08-06 02:59:27.272 [TOW I/O-2] Scheduler management session established: session 273EsavZwRyq_-BoA8ycFd_5pyOeOIwDWF-76j5L - c.a.a.c.s.b.w.WebsocketSchedulerBridge.established(162)
DEBUG 2026-08-06 02:59:30.939 [TOW I/O-2] ConsoleClient joined scheduler management: session 273EsavZwRyq_-BoA8ycFd_5pyOeOIwDWF-76j5L, targetNodeId: localhost-console1 - c.a.a.c.s.b.w.WebsocketSchedulerBridge.subscribe(153)
DEBUG 2026-08-06 02:59:30.940 [TOW I/O-2] Executing local scheduler request: services - c.a.a.n.m.s.RemoteSchedulerManager.process(297)
DEBUG 2026-08-06 02:59:30.941 [TOW I/O-2] Collected scheduler list from 1 active services - c.a.a.n.m.s.LocalSchedulerService.getSchedulesAsJson(75)
DEBUG 2026-08-06 02:59:30.944 [TOW I/O-2] Executing local scheduler request: services - c.a.a.n.m.s.RemoteSchedulerManager.process(297)
DEBUG 2026-08-06 02:59:30.945 [TOW I/O-2] Collected scheduler list from 1 active services - c.a.a.n.m.s.LocalSchedulerService.getSchedulesAsJson(75)
DEBUG 2026-08-06 02:59:30.954 [TOW I/O-2] Scheduler management session established: session 273EsavZwRyq_-BoA8ycFd_5pyOeOIwDWF-76j5L - c.a.a.c.s.b.w.WebsocketSchedulerBridge.established(162)
DEBUG 2026-08-06 02:59:30.955 [TOW I/O-2] Executing local scheduler request: previousLogs - c.a.a.n.m.s.RemoteSchedulerManager.process(297)
DEBUG 2026-08-06 02:59:30.973 [TOW I/O-2] Executing local scheduler request: previousLogs - c.a.a.n.m.s.RemoteSchedulerManager.process(297)
DEBUG 2026-08-06 02:59:35.132 [TOW I/O-2] Scheduler request dispatched to node localhost: services - c.a.a.n.m.s.RemoteSchedulerManager.dispatch(321)
DEBUG 2026-08-06 02:59:35.144 [TOW I/O-2] Executing local scheduler request: services - c.a.a.n.m.s.RemoteSchedulerManager.process(297)
DEBUG 2026-08-06 02:59:35.145 [TOW I/O-2] Collected scheduler list from 1 active services - c.a.a.n.m.s.LocalSchedulerService.getSchedulesAsJson(75)
DEBUG 2026-08-06 02:59:42.696 [TOW I/O-2] Websocket session 273EsavZwRyq_-BoA8ycFd_5pyOeOIwDWF-76j5L has been closed. Reason: CloseReason[1001] - c.a.a.c.s.b.w.WebsocketSchedulerBridge.doOnClose(110)
DEBUG 2026-08-06 02:59:42.697 [TOW I/O-2] com.aspectran.aspectow.node.management.scheduler.log.SchedulerLogExporter@35bd1615 is STOPPING - c.a.u.l.AbstractLifeCycle.setStopping(203)
INFO  2026-08-06 02:59:42.697 [TOW I/O-2] Stopped tailing scheduler log file: /home/aspectran/projects/public/aspectow-demo-console/app/logs/console-scheduler.log - c.a.a.n.m.s.l.SchedulerLogExporter.doStop(343)
DEBUG 2026-08-06 02:59:42.698 [TOW I/O-2] com.aspectran.aspectow.node.management.scheduler.log.SchedulerLogExporter@35bd1615 is STOPPED - c.a.u.l.AbstractLifeCycle.setStopped(213)
DEBUG 2026-08-06 02:59:42.706 [TOW task-4] Session 1ljxb1af1vxkt2kna7rph5v6u0.cn0 in use, stopping timer, active requests=1 - c.a.c.c.session.ManagedSession.access(314)
DEBUG 2026-08-06 02:59:42.707 [TOW task-4] GET /console/vault/ HTTP/1.1 0:0:0:0:0:0:0:1 - c.a.w.s.DefaultWebService.service(87)
DEBUG 2026-08-06 02:59:42.707 [TOW task-4] Translet {name=/vault/, responseRule={response={type=dispatch, name=vault/list}}} - c.a.core.activity.CoreActivity.prepare(220)
DEBUG 2026-08-06 02:59:42.708 [TOW task-4] Advice {type=before, action={advice={method=com.aspectran.aspectow.console.auth.UserAuthAspect.checkAuthenticated(com.aspectran.core.activity.Translet)}}, order=1} - c.a.c.activity.AdviceActivity.executeAdvice(351)
DEBUG 2026-08-06 02:59:42.709 [TOW task-4] Advice {type=before, action={advice={method=com.aspectran.aspectow.console.auth.AccessControlAspect.checkPermission(com.aspectran.core.activity.Translet)}}, order=2} - c.a.c.activity.AdviceActivity.executeAdvice(351)
DEBUG 2026-08-06 02:59:42.710 [TOW task-4] Advice {type=before, action={header={headers=[X-Frame-Options, X-Content-Type-Options, X-XSS-Protection, Referrer-Policy]}}} - c.a.c.activity.AdviceActivity.executeAdvice(351)
DEBUG 2026-08-06 02:59:42.711 [TOW task-4] Advice {type=before, action={header={headers=[Content-Type, Content-Security-Policy]}}} - c.a.c.activity.AdviceActivity.executeAdvice(351)
DEBUG 2026-08-06 02:59:42.711 [TOW task-4] Action {annotated={id=page, method=com.aspectran.aspectow.console.vault.VaultActivity.list(com.aspectran.core.activity.Translet, java.lang.String)}} - c.a.core.activity.CoreActivity.execute(652)
DEBUG 2026-08-06 02:59:42.714 [TOW task-4] Advice {type=before, instance=com.aspectran.mybatis.SqlSessionAdviceRegister$$Lambda/0x0000000056622460@66b6873f, order=0} - c.a.c.activity.AdviceActivity.executeAdvice(351)
DEBUG 2026-08-06 02:59:42.717 [TOW I/O-2] Scheduler WebSocket session removed: 273EsavZwRyq_-BoA8ycFd_5pyOeOIwDWF-76j5L - c.a.a.c.s.b.w.WebsocketSchedulerBridge.onSessionRemoved(132)
DEBUG 2026-08-06 02:59:42.725 [TOW task-4] Open DefaultSqlSession@5dd8834c {executorType=SIMPLE, autoCommit=false, readOnly=false} - c.a.mybatis.SqlSessionAdvice.doOpen(239)
DEBUG 2026-08-06 02:59:42.754 [TOW task-4] ==>  Preparing: select * from asc_vault order by vault_id desc limit ? offset ? - c.a.a.c.c.d.m.V.getVaultList.debug(135)
DEBUG 2026-08-06 02:59:42.773 [TOW task-4] ==> Parameters: 19(Integer), 0(Long) - c.a.a.c.c.d.m.V.getVaultList.debug(135)
DEBUG 2026-08-06 02:59:42.801 [TOW task-4] <==      Total: 1 - c.a.a.c.c.d.m.V.getVaultList.debug(135)
DEBUG 2026-08-06 02:59:42.804 [TOW task-4] Response {type=dispatch, name=vault/list} - c.a.c.a.r.d.DispatchResponse.respond(71)
DEBUG 2026-08-06 02:59:42.805 [TOW task-4] Dispatching to Thymeleaf template vault/list - c.a.t.v.ThymeleafViewDispatcher.dispatch(88)
DEBUG 2026-08-06 02:59:42.857 [TOW task-4] Advice {type=after, instance=com.aspectran.mybatis.SqlSessionAdviceRegister$$Lambda/0x00000000566226c0@52285a5f, order=0} - c.a.c.activity.AdviceActivity.executeAdvice(351)
DEBUG 2026-08-06 02:59:42.858 [TOW task-4] Commit transaction for DefaultSqlSession@5dd8834c - c.a.mybatis.SqlSessionAdvice.commit(257)
DEBUG 2026-08-06 02:59:42.859 [TOW task-4] Advice {type=finally, instance=com.aspectran.mybatis.SqlSessionAdviceRegister$$Lambda/0x0000000056622b80@4fa5cc73, order=0} - c.a.c.activity.AdviceActivity.executeAdvice(351)
DEBUG 2026-08-06 02:59:42.868 [TOW task-4] Close DefaultSqlSession@5dd8834c - c.a.mybatis.SqlSessionAdvice.close(351)
DEBUG 2026-08-06 02:59:42.870 [TOW task-4] Session 1ljxb1af1vxkt2kna7rph5v6u0.cn0 complete, active requests=0 - c.a.c.c.session.ManagedSession.complete(334)
DEBUG 2026-08-06 02:59:46.826 [TOW task-4] Session 1ljxb1af1vxkt2kna7rph5v6u0.cn0 in use, stopping timer, active requests=1 - c.a.c.c.session.ManagedSession.access(314)
DEBUG 2026-08-06 02:59:46.827 [TOW task-4] GET /console/user/login-history HTTP/1.1 0:0:0:0:0:0:0:1 - c.a.w.s.DefaultWebService.service(87)
DEBUG 2026-08-06 02:59:46.827 [TOW task-4] Translet {name=/user/login-history, responseRule={response={type=dispatch, name=user/login-history}}} - c.a.core.activity.CoreActivity.prepare(220)
DEBUG 2026-08-06 02:59:46.828 [TOW task-4] Advice {type=before, action={advice={method=com.aspectran.aspectow.console.auth.UserAuthAspect.checkAuthenticated(com.aspectran.core.activity.Translet)}}, order=1} - c.a.c.activity.AdviceActivity.executeAdvice(351)
DEBUG 2026-08-06 02:59:46.828 [TOW task-4] Advice {type=before, action={advice={method=com.aspectran.aspectow.console.auth.AccessControlAspect.checkPermission(com.aspectran.core.activity.Translet)}}, order=2} - c.a.c.activity.AdviceActivity.executeAdvice(351)
DEBUG 2026-08-06 02:59:46.829 [TOW task-4] Advice {type=before, action={header={headers=[X-Frame-Options, X-Content-Type-Options, X-XSS-Protection, Referrer-Policy]}}} - c.a.c.activity.AdviceActivity.executeAdvice(351)
DEBUG 2026-08-06 02:59:46.830 [TOW task-4] Advice {type=before, action={header={headers=[Content-Type, Content-Security-Policy]}}} - c.a.c.activity.AdviceActivity.executeAdvice(351)
DEBUG 2026-08-06 02:59:46.830 [TOW task-4] Action {annotated={id=page, method=com.aspectran.aspectow.console.user.UserManagementActivity.loginHistory(com.aspectran.core.activity.Translet, java.lang.String, java.lang.String)}} - c.a.core.activity.CoreActivity.execute(652)
DEBUG 2026-08-06 02:59:46.831 [TOW task-4] Advice {type=before, instance=com.aspectran.mybatis.SqlSessionAdviceRegister$$Lambda/0x0000000056622460@66b6873f, order=0} - c.a.c.activity.AdviceActivity.executeAdvice(351)
DEBUG 2026-08-06 02:59:46.834 [TOW task-4] Open DefaultSqlSession@1d191814 {executorType=SIMPLE, autoCommit=false, readOnly=false} - c.a.mybatis.SqlSessionAdvice.doOpen(239)
DEBUG 2026-08-06 02:59:46.836 [TOW task-4] Cache Hit Ratio [com.aspectran.aspectow.console.common.db.mapper.AccountMapper]: 0.0 - c.a.a.c.c.d.m.AccountMapper.getObject(60)
DEBUG 2026-08-06 02:59:46.844 [TOW task-4] ==>  Preparing: select * from asc_login_history order by history_id desc limit ? offset ? - c.a.a.c.c.d.m.A.getLoginHistoryList.debug(135)
DEBUG 2026-08-06 02:59:46.844 [TOW task-4] ==> Parameters: 24(Integer), 0(Long) - c.a.a.c.c.d.m.A.getLoginHistoryList.debug(135)
DEBUG 2026-08-06 02:59:46.863 [TOW task-4] <==      Total: 24 - c.a.a.c.c.d.m.A.getLoginHistoryList.debug(135)
DEBUG 2026-08-06 02:59:46.864 [TOW task-4] Cache Hit Ratio [com.aspectran.aspectow.console.common.db.mapper.AccountMapper]: 0.0 - c.a.a.c.c.d.m.AccountMapper.getObject(60)
DEBUG 2026-08-06 02:59:46.864 [TOW task-4] ==>  Preparing: select count(*) from asc_login_history - c.a.a.c.c.d.m.A.getLoginHistoryCount.debug(135)
DEBUG 2026-08-06 02:59:46.865 [TOW task-4] ==> Parameters:  - c.a.a.c.c.d.m.A.getLoginHistoryCount.debug(135)
DEBUG 2026-08-06 02:59:46.873 [TOW task-4] <==      Total: 1 - c.a.a.c.c.d.m.A.getLoginHistoryCount.debug(135)
DEBUG 2026-08-06 02:59:46.873 [TOW task-4] Response {type=dispatch, name=user/login-history} - c.a.c.a.r.d.DispatchResponse.respond(71)
DEBUG 2026-08-06 02:59:46.873 [TOW task-4] Dispatching to Thymeleaf template user/login-history - c.a.t.v.ThymeleafViewDispatcher.dispatch(88)
DEBUG 2026-08-06 02:59:46.966 [TOW task-4] Advice {type=after, instance=com.aspectran.mybatis.SqlSessionAdviceRegister$$Lambda/0x00000000566226c0@52285a5f, order=0} - c.a.c.activity.AdviceActivity.executeAdvice(351)
DEBUG 2026-08-06 02:59:46.967 [TOW task-4] Commit transaction for DefaultSqlSession@1d191814 - c.a.mybatis.SqlSessionAdvice.commit(257)
DEBUG 2026-08-06 02:59:46.974 [TOW task-4] Advice {type=finally, instance=com.aspectran.mybatis.SqlSessionAdviceRegister$$Lambda/0x0000000056622b80@4fa5cc73, order=0} - c.a.c.activity.AdviceActivity.executeAdvice(351)
DEBUG 2026-08-06 02:59:46.982 [TOW task-4] Close DefaultSqlSession@1d191814 - c.a.mybatis.SqlSessionAdvice.close(351)
DEBUG 2026-08-06 02:59:46.984 [TOW task-4] Session 1ljxb1af1vxkt2kna7rph5v6u0.cn0 complete, active requests=0 - c.a.c.c.session.ManagedSession.complete(334)
DEBUG 2026-08-06 03:00:00.002 [AppmonScheduler_Worker-1] Translet {name=appmon/persist/counter/rollup.job} - c.a.core.activity.CoreActivity.prepare(220)
DEBUG 2026-08-06 03:00:00.003 [AppmonScheduler_Worker-1] Action {annotated={method=com.aspectran.aspectow.appmon.engine.schedule.CounterPersistSchedule.rollup()}} - c.a.core.activity.CoreActivity.execute(652)
DEBUG 2026-08-06 03:00:10.963 [TOW task-4] Session 1ljxb1af1vxkt2kna7rph5v6u0.cn0 in use, stopping timer, active requests=1 - c.a.c.c.session.ManagedSession.access(314)
DEBUG 2026-08-06 03:00:10.964 [TOW task-4] GET /console/cluster/nodes/ HTTP/1.1 0:0:0:0:0:0:0:1 - c.a.w.s.DefaultWebService.service(87)
DEBUG 2026-08-06 03:00:10.964 [TOW task-4] Translet {name=/cluster/nodes/, responseRule={response={type=dispatch, name=cluster/nodes, viewDispatcher={name=com.aspectran.thymeleaf.view.ThymeleafViewDispatcher@3dbac24f}}}} - c.a.core.activity.CoreActivity.prepare(220)
DEBUG 2026-08-06 03:00:10.966 [TOW task-4] Advice {type=before, action={advice={method=com.aspectran.aspectow.console.auth.UserAuthAspect.checkAuthenticated(com.aspectran.core.activity.Translet)}}, order=1} - c.a.c.activity.AdviceActivity.executeAdvice(351)
DEBUG 2026-08-06 03:00:10.966 [TOW task-4] Advice {type=before, action={advice={method=com.aspectran.aspectow.console.auth.AccessControlAspect.checkPermission(com.aspectran.core.activity.Translet)}}, order=2} - c.a.c.activity.AdviceActivity.executeAdvice(351)
DEBUG 2026-08-06 03:00:10.967 [TOW task-4] Advice {type=before, action={header={headers=[X-Frame-Options, X-Content-Type-Options, X-XSS-Protection, Referrer-Policy]}}} - c.a.c.activity.AdviceActivity.executeAdvice(351)
DEBUG 2026-08-06 03:00:10.968 [TOW task-4] Advice {type=before, action={header={headers=[Content-Type, Content-Security-Policy]}}} - c.a.c.activity.AdviceActivity.executeAdvice(351)
DEBUG 2026-08-06 03:00:10.969 [TOW task-4] Action {annotated={id=page, method=com.aspectran.aspectow.console.cluster.ClusterActivity.listNodes(com.aspectran.core.activity.Translet)}} - c.a.core.activity.CoreActivity.execute(652)
DEBUG 2026-08-06 03:00:10.994 [TOW task-4] Response {type=dispatch, name=cluster/nodes, viewDispatcher={name=com.aspectran.thymeleaf.view.ThymeleafViewDispatcher@3dbac24f}} - c.a.c.a.r.d.DispatchResponse.respond(71)
DEBUG 2026-08-06 03:00:10.994 [TOW task-4] Dispatching to Thymeleaf template cluster/nodes - c.a.t.v.ThymeleafViewDispatcher.dispatch(88)
DEBUG 2026-08-06 03:00:11.060 [TOW task-4] Session 1ljxb1af1vxkt2kna7rph5v6u0.cn0 complete, active requests=0 - c.a.c.c.session.ManagedSession.complete(334)
DEBUG 2026-08-06 03:00:11.247 [TOW task-4] Session 1ljxb1af1vxkt2kna7rph5v6u0.cn0 in use, stopping timer, active requests=1 - c.a.c.c.session.ManagedSession.access(314)
DEBUG 2026-08-06 03:00:11.248 [TOW task-4] GET /console/cluster/token HTTP/1.1 0:0:0:0:0:0:0:1 - c.a.w.s.DefaultWebService.service(87)
DEBUG 2026-08-06 03:00:11.248 [TOW task-4] Translet {name=/cluster/token, responseRule={response={type=transform, format=custom}}} - c.a.core.activity.CoreActivity.prepare(220)
DEBUG 2026-08-06 03:00:11.249 [TOW task-4] Advice {type=before, action={advice={method=com.aspectran.aspectow.console.auth.UserAuthAspect.checkAuthenticated(com.aspectran.core.activity.Translet)}}, order=1} - c.a.c.activity.AdviceActivity.executeAdvice(351)
DEBUG 2026-08-06 03:00:11.250 [TOW task-4] Advice {type=before, action={advice={method=com.aspectran.aspectow.console.auth.AccessControlAspect.checkPermission(com.aspectran.core.activity.Translet)}}, order=2} - c.a.c.activity.AdviceActivity.executeAdvice(351)
DEBUG 2026-08-06 03:00:11.251 [TOW task-4] Advice {type=before, action={header={headers=[X-Frame-Options, X-Content-Type-Options, X-XSS-Protection, Referrer-Policy]}}} - c.a.c.activity.AdviceActivity.executeAdvice(351)
DEBUG 2026-08-06 03:00:11.252 [TOW task-4] Action {annotated={method=com.aspectran.aspectow.console.cluster.ClusterActivity.refreshToken(com.aspectran.core.activity.Translet)}} - c.a.core.activity.CoreActivity.execute(652)
DEBUG 2026-08-06 03:00:11.253 [TOW task-4] Response {success=true, data=Nm07OhXcm-b2zefF6WSdXae2BN9l8umTAY5eYttSS2iwllZwHMvkrDNCJqw87Ap86vc41bOhg40} - c.a.c.a.r.t.CustomTransformResponse.respond(85)
DEBUG 2026-08-06 03:00:11.256 [TOW task-4] Session 1ljxb1af1vxkt2kna7rph5v6u0.cn0 complete, active requests=0 - c.a.c.c.session.ManagedSession.complete(334)
DEBUG 2026-08-06 03:00:11.287 [TOW task-4] Session 1ljxb1af1vxkt2kna7rph5v6u0.cn0 in use, stopping timer, active requests=1 - c.a.c.c.session.ManagedSession.access(314)
DEBUG 2026-08-06 03:00:11.291 [TOW task-4] WebSocket connection established for session iuuuMtccmOgNnldUaCFWAqWzkGhlZ94W3yOk1MCm - c.a.a.c.c.b.w.WebsocketNodeBridge.doOnOpen(74)
DEBUG 2026-08-06 03:00:11.292 [TOW task-4] Session 1ljxb1af1vxkt2kna7rph5v6u0.cn0 complete, active requests=0 - c.a.c.c.session.ManagedSession.complete(334)
DEBUG 2026-08-06 03:00:11.378 [TOW I/O-3] ConsoleClient joined node management: session iuuuMtccmOgNnldUaCFWAqWzkGhlZ94W3yOk1MCm, targetNodeId: localhost-console1 - c.a.a.c.c.b.w.WebsocketNodeBridge.subscribe(155)
INFO  2026-08-06 03:00:11.413 [TOW I/O-3] Node management session established: iuuuMtccmOgNnldUaCFWAqWzkGhlZ94W3yOk1MCm (nodeId: localhost-console1) - c.a.a.c.c.b.w.WebsocketNodeBridge.established(163)
DEBUG 2026-08-06 03:00:12.929 [TOW I/O-3] Websocket session iuuuMtccmOgNnldUaCFWAqWzkGhlZ94W3yOk1MCm has been closed. Reason: CloseReason[1001] - c.a.a.c.c.b.w.WebsocketNodeBridge.doOnClose(110)
DEBUG 2026-08-06 03:00:12.930 [TOW I/O-3] Node management WebSocket session removed: iuuuMtccmOgNnldUaCFWAqWzkGhlZ94W3yOk1MCm (Total: 0) - c.a.a.c.c.b.w.WebsocketNodeBridge.onSessionRemoved(102)
DEBUG 2026-08-06 03:00:12.949 [TOW task-4] Session 1ljxb1af1vxkt2kna7rph5v6u0.cn0 in use, stopping timer, active requests=1 - c.a.c.c.session.ManagedSession.access(314)
DEBUG 2026-08-06 03:00:12.950 [TOW task-4] GET /console/cluster/scheduler/ HTTP/1.1 0:0:0:0:0:0:0:1 - c.a.w.s.DefaultWebService.service(87)
DEBUG 2026-08-06 03:00:12.950 [TOW task-4] Translet {name=/cluster/scheduler/, responseRule={response={type=dispatch, name=cluster/scheduler, viewDispatcher={name=com.aspectran.thymeleaf.view.ThymeleafViewDispatcher@3dbac24f}}}} - c.a.core.activity.CoreActivity.prepare(220)
DEBUG 2026-08-06 03:00:12.951 [TOW task-4] Advice {type=before, action={advice={method=com.aspectran.aspectow.console.auth.UserAuthAspect.checkAuthenticated(com.aspectran.core.activity.Translet)}}, order=1} - c.a.c.activity.AdviceActivity.executeAdvice(351)
DEBUG 2026-08-06 03:00:12.951 [TOW task-4] Advice {type=before, action={advice={method=com.aspectran.aspectow.console.auth.AccessControlAspect.checkPermission(com.aspectran.core.activity.Translet)}}, order=2} - c.a.c.activity.AdviceActivity.executeAdvice(351)
DEBUG 2026-08-06 03:00:12.952 [TOW task-4] Advice {type=before, action={header={headers=[X-Frame-Options, X-Content-Type-Options, X-XSS-Protection, Referrer-Policy]}}} - c.a.c.activity.AdviceActivity.executeAdvice(351)
DEBUG 2026-08-06 03:00:12.953 [TOW task-4] Advice {type=before, action={header={headers=[Content-Type, Content-Security-Policy]}}} - c.a.c.activity.AdviceActivity.executeAdvice(351)
DEBUG 2026-08-06 03:00:12.953 [TOW task-4] Action {annotated={id=page, method=com.aspectran.aspectow.console.scheduler.SchedulerActivity.scheduler(com.aspectran.core.activity.Translet, java.lang.String)}} - c.a.core.activity.CoreActivity.execute(652)
DEBUG 2026-08-06 03:00:12.969 [TOW task-4] Response {type=dispatch, name=cluster/scheduler, viewDispatcher={name=com.aspectran.thymeleaf.view.ThymeleafViewDispatcher@3dbac24f}} - c.a.c.a.r.d.DispatchResponse.respond(71)
DEBUG 2026-08-06 03:00:12.970 [TOW task-4] Dispatching to Thymeleaf template cluster/scheduler - c.a.t.v.ThymeleafViewDispatcher.dispatch(88)
DEBUG 2026-08-06 03:00:13.004 [TOW task-4] Session 1ljxb1af1vxkt2kna7rph5v6u0.cn0 complete, active requests=0 - c.a.c.c.session.ManagedSession.complete(334)
DEBUG 2026-08-06 03:00:13.194 [TOW task-2] Session 1ljxb1af1vxkt2kna7rph5v6u0.cn0 in use, stopping timer, active requests=1 - c.a.c.c.session.ManagedSession.access(314)
DEBUG 2026-08-06 03:00:13.195 [TOW task-2] GET /console/cluster/token HTTP/1.1 0:0:0:0:0:0:0:1 - c.a.w.s.DefaultWebService.service(87)
DEBUG 2026-08-06 03:00:13.195 [TOW task-2] Translet {name=/cluster/token, responseRule={response={type=transform, format=custom}}} - c.a.core.activity.CoreActivity.prepare(220)
DEBUG 2026-08-06 03:00:13.196 [TOW task-2] Advice {type=before, action={advice={method=com.aspectran.aspectow.console.auth.UserAuthAspect.checkAuthenticated(com.aspectran.core.activity.Translet)}}, order=1} - c.a.c.activity.AdviceActivity.executeAdvice(351)
DEBUG 2026-08-06 03:00:13.197 [TOW task-2] Advice {type=before, action={advice={method=com.aspectran.aspectow.console.auth.AccessControlAspect.checkPermission(com.aspectran.core.activity.Translet)}}, order=2} - c.a.c.activity.AdviceActivity.executeAdvice(351)
DEBUG 2026-08-06 03:00:13.197 [TOW task-2] Advice {type=before, action={header={headers=[X-Frame-Options, X-Content-Type-Options, X-XSS-Protection, Referrer-Policy]}}} - c.a.c.activity.AdviceActivity.executeAdvice(351)
DEBUG 2026-08-06 03:00:13.198 [TOW task-2] Action {annotated={method=com.aspectran.aspectow.console.cluster.ClusterActivity.refreshToken(com.aspectran.core.activity.Translet)}} - c.a.core.activity.CoreActivity.execute(652)
DEBUG 2026-08-06 03:00:13.200 [TOW task-2] Response {success=true, data=ey81d81hmVaguBe5fg2F9JIX0EkLhepWaTicAjhdIzEoNbvjebIONUrrkE4t-_uP5sVV6ldL05Y} - c.a.c.a.r.t.CustomTransformResponse.respond(85)
DEBUG 2026-08-06 03:00:13.202 [TOW task-2] Session 1ljxb1af1vxkt2kna7rph5v6u0.cn0 complete, active requests=0 - c.a.c.c.session.ManagedSession.complete(334)
DEBUG 2026-08-06 03:00:13.222 [TOW task-2] Session 1ljxb1af1vxkt2kna7rph5v6u0.cn0 in use, stopping timer, active requests=1 - c.a.c.c.session.ManagedSession.access(314)
DEBUG 2026-08-06 03:00:13.223 [TOW task-2] GET /console/cluster/token HTTP/1.1 0:0:0:0:0:0:0:1 - c.a.w.s.DefaultWebService.service(87)
DEBUG 2026-08-06 03:00:13.223 [TOW task-2] Translet {name=/cluster/token, responseRule={response={type=transform, format=custom}}} - c.a.core.activity.CoreActivity.prepare(220)
DEBUG 2026-08-06 03:00:13.224 [TOW task-2] Advice {type=before, action={advice={method=com.aspectran.aspectow.console.auth.UserAuthAspect.checkAuthenticated(com.aspectran.core.activity.Translet)}}, order=1} - c.a.c.activity.AdviceActivity.executeAdvice(351)
DEBUG 2026-08-06 03:00:13.224 [TOW task-2] Advice {type=before, action={advice={method=com.aspectran.aspectow.console.auth.AccessControlAspect.checkPermission(com.aspectran.core.activity.Translet)}}, order=2} - c.a.c.activity.AdviceActivity.executeAdvice(351)
DEBUG 2026-08-06 03:00:13.225 [TOW task-2] Advice {type=before, action={header={headers=[X-Frame-Options, X-Content-Type-Options, X-XSS-Protection, Referrer-Policy]}}} - c.a.c.activity.AdviceActivity.executeAdvice(351)
DEBUG 2026-08-06 03:00:13.225 [TOW task-2] Action {annotated={method=com.aspectran.aspectow.console.cluster.ClusterActivity.refreshToken(com.aspectran.core.activity.Translet)}} - c.a.core.activity.CoreActivity.execute(652)
DEBUG 2026-08-06 03:00:13.226 [TOW task-2] Response {success=true, data=OlFS9o2kksgUvyXBTW_MJ-bgB_cyHuWCHYAtpKa5X2nuVGh4oPZGF0U2d9F9xRIorKF_flsDzoQ} - c.a.c.a.r.t.CustomTransformResponse.respond(85)
DEBUG 2026-08-06 03:00:13.228 [TOW task-2] Session 1ljxb1af1vxkt2kna7rph5v6u0.cn0 complete, active requests=0 - c.a.c.c.session.ManagedSession.complete(334)
DEBUG 2026-08-06 03:00:13.328 [TOW task-2] Session 1ljxb1af1vxkt2kna7rph5v6u0.cn0 in use, stopping timer, active requests=1 - c.a.c.c.session.ManagedSession.access(314)
DEBUG 2026-08-06 03:00:13.331 [TOW task-2] WebSocket connection established for session RQrPf8LoiObVlOpUvlvdwWCfmj_k0Z4au2zZQgdY - c.a.a.c.s.b.w.WebsocketSchedulerBridge.doOnOpen(74)
DEBUG 2026-08-06 03:00:13.331 [TOW task-2] Session 1ljxb1af1vxkt2kna7rph5v6u0.cn0 complete, active requests=0 - c.a.c.c.session.ManagedSession.complete(334)
DEBUG 2026-08-06 03:00:13.425 [TOW I/O-1] Discovering scheduler log files in: /home/aspectran/projects/public/aspectow-demo-console/app/logs - c.a.a.n.m.s.RemoteSchedulerManager.discoverLogFiles(238)
DEBUG 2026-08-06 03:00:13.425 [TOW I/O-1] com.aspectran.aspectow.node.management.scheduler.log.SchedulerLogExporter@35bd1615 is STARTING - c.a.u.l.AbstractLifeCycle.setStarting(183)
INFO  2026-08-06 03:00:13.426 [TOW I/O-1] Started tailing scheduler log file: /home/aspectran/projects/public/aspectow-demo-console/app/logs/console-scheduler.log - c.a.a.n.m.s.l.SchedulerLogExporter.doStart(328)
DEBUG 2026-08-06 03:00:13.426 [TOW I/O-1] com.aspectran.aspectow.node.management.scheduler.log.SchedulerLogExporter@35bd1615 is STARTED - c.a.u.l.AbstractLifeCycle.setStarted(193)
DEBUG 2026-08-06 03:00:13.435 [TOW I/O-1] ConsoleClient joined scheduler management: session RQrPf8LoiObVlOpUvlvdwWCfmj_k0Z4au2zZQgdY, targetNodeId: localhost-console1 - c.a.a.c.s.b.w.WebsocketSchedulerBridge.subscribe(153)
DEBUG 2026-08-06 03:00:13.455 [TOW I/O-1] Scheduler request dispatched to node localhost: services - c.a.a.n.m.s.RemoteSchedulerManager.dispatch(321)
DEBUG 2026-08-06 03:00:13.466 [TOW I/O-1] Executing local scheduler request: services - c.a.a.n.m.s.RemoteSchedulerManager.process(297)
DEBUG 2026-08-06 03:00:13.467 [TOW I/O-1] Collected scheduler list from 1 active services - c.a.a.n.m.s.LocalSchedulerService.getSchedulesAsJson(75)
DEBUG 2026-08-06 03:00:13.476 [TOW I/O-1] Scheduler management session established: session RQrPf8LoiObVlOpUvlvdwWCfmj_k0Z4au2zZQgdY - c.a.a.c.s.b.w.WebsocketSchedulerBridge.established(162)
DEBUG 2026-08-06 03:00:13.852 [TOW I/O-1] Websocket session RQrPf8LoiObVlOpUvlvdwWCfmj_k0Z4au2zZQgdY has been closed. Reason: CloseReason[1001] - c.a.a.c.s.b.w.WebsocketSchedulerBridge.doOnClose(110)
DEBUG 2026-08-06 03:00:13.852 [TOW I/O-1] com.aspectran.aspectow.node.management.scheduler.log.SchedulerLogExporter@35bd1615 is STOPPING - c.a.u.l.AbstractLifeCycle.setStopping(203)
INFO  2026-08-06 03:00:13.853 [TOW I/O-1] Stopped tailing scheduler log file: /home/aspectran/projects/public/aspectow-demo-console/app/logs/console-scheduler.log - c.a.a.n.m.s.l.SchedulerLogExporter.doStop(343)
DEBUG 2026-08-06 03:00:13.853 [TOW I/O-1] com.aspectran.aspectow.node.management.scheduler.log.SchedulerLogExporter@35bd1615 is STOPPED - c.a.u.l.AbstractLifeCycle.setStopped(213)
DEBUG 2026-08-06 03:00:13.861 [TOW I/O-1] Scheduler WebSocket session removed: RQrPf8LoiObVlOpUvlvdwWCfmj_k0Z4au2zZQgdY - c.a.a.c.s.b.w.WebsocketSchedulerBridge.onSessionRemoved(132)
DEBUG 2026-08-06 03:00:13.866 [TOW task-2] Session 1ljxb1af1vxkt2kna7rph5v6u0.cn0 in use, stopping timer, active requests=1 - c.a.c.c.session.ManagedSession.access(314)
DEBUG 2026-08-06 03:00:13.867 [TOW task-2] GET /console/appmon/dashboard/ HTTP/1.1 0:0:0:0:0:0:0:1 - c.a.w.s.DefaultWebService.service(87)
DEBUG 2026-08-06 03:00:13.867 [TOW task-2] Translet {name=/appmon/dashboard/${appsToSubscribe}, namePattern=/appmon/dashboard/*, responseRule={response={type=dispatch, name=appmon/dashboard, viewDispatcher={name=com.aspectran.thymeleaf.view.ThymeleafViewDispatcher@3dbac24f}}}} - c.a.core.activity.CoreActivity.prepare(220)
DEBUG 2026-08-06 03:00:13.869 [TOW task-2] Advice {type=before, action={advice={method=com.aspectran.aspectow.console.auth.UserAuthAspect.checkAuthenticated(com.aspectran.core.activity.Translet)}}, order=1} - c.a.c.activity.AdviceActivity.executeAdvice(351)
DEBUG 2026-08-06 03:00:13.869 [TOW task-2] Advice {type=before, action={advice={method=com.aspectran.aspectow.console.auth.AccessControlAspect.checkPermission(com.aspectran.core.activity.Translet)}}, order=2} - c.a.c.activity.AdviceActivity.executeAdvice(351)
DEBUG 2026-08-06 03:00:13.870 [TOW task-2] Advice {type=before, action={header={headers=[X-Frame-Options, X-Content-Type-Options, X-XSS-Protection, Referrer-Policy]}}} - c.a.c.activity.AdviceActivity.executeAdvice(351)
DEBUG 2026-08-06 03:00:13.870 [TOW task-2] Advice {type=before, action={header={headers=[Content-Type, Content-Security-Policy]}}} - c.a.c.activity.AdviceActivity.executeAdvice(351)
DEBUG 2026-08-06 03:00:13.871 [TOW task-2] Advice {type=before, action={advice={method=com.aspectran.aspectow.console.common.aspect.DevCorsAdvice.process(com.aspectran.core.activity.Translet)}}} - c.a.c.activity.AdviceActivity.executeAdvice(351)
DEBUG 2026-08-06 03:00:13.871 [TOW task-2] Action {annotated={id=page, method=com.aspectran.aspectow.console.appmon.AppMonActivity.dashboard(java.lang.String)}} - c.a.core.activity.CoreActivity.execute(652)
DEBUG 2026-08-06 03:00:13.872 [TOW task-2] Response {type=dispatch, name=appmon/dashboard, viewDispatcher={name=com.aspectran.thymeleaf.view.ThymeleafViewDispatcher@3dbac24f}} - c.a.c.a.r.d.DispatchResponse.respond(71)
DEBUG 2026-08-06 03:00:13.872 [TOW task-2] Dispatching to Thymeleaf template appmon/dashboard - c.a.t.v.ThymeleafViewDispatcher.dispatch(88)
DEBUG 2026-08-06 03:00:13.906 [TOW task-2] Session 1ljxb1af1vxkt2kna7rph5v6u0.cn0 complete, active requests=0 - c.a.c.c.session.ManagedSession.complete(334)
DEBUG 2026-08-06 03:00:14.141 [TOW task-2] Session 1ljxb1af1vxkt2kna7rph5v6u0.cn0 in use, stopping timer, active requests=1 - c.a.c.c.session.ManagedSession.access(314)
DEBUG 2026-08-06 03:00:14.142 [TOW task-2] GET /console/appmon/config/data HTTP/1.1 0:0:0:0:0:0:0:1 - c.a.w.s.DefaultWebService.service(87)
DEBUG 2026-08-06 03:00:14.143 [TOW task-2] Translet {name=/appmon/config/data, method=[GET], responseRule={response={type=transform, format=custom}}} - c.a.core.activity.CoreActivity.prepare(220)
DEBUG 2026-08-06 03:00:14.144 [TOW task-2] Advice {type=before, action={advice={method=com.aspectran.aspectow.console.auth.UserAuthAspect.checkAuthenticated(com.aspectran.core.activity.Translet)}}, order=1} - c.a.c.activity.AdviceActivity.executeAdvice(351)
DEBUG 2026-08-06 03:00:14.144 [TOW task-2] Advice {type=before, action={advice={method=com.aspectran.aspectow.console.auth.AccessControlAspect.checkPermission(com.aspectran.core.activity.Translet)}}, order=2} - c.a.c.activity.AdviceActivity.executeAdvice(351)
DEBUG 2026-08-06 03:00:14.145 [TOW task-2] Advice {type=before, action={header={headers=[X-Frame-Options, X-Content-Type-Options, X-XSS-Protection, Referrer-Policy]}}} - c.a.c.activity.AdviceActivity.executeAdvice(351)
DEBUG 2026-08-06 03:00:14.146 [TOW task-2] Advice {type=before, action={advice={method=com.aspectran.aspectow.console.common.aspect.DevCorsAdvice.process(com.aspectran.core.activity.Translet)}}} - c.a.c.activity.AdviceActivity.executeAdvice(351)
DEBUG 2026-08-06 03:00:14.146 [TOW task-2] Action {annotated={method=com.aspectran.aspectow.console.appmon.AppMonActivity.getConfigData(com.aspectran.core.activity.Translet, java.lang.String)}} - c.a.core.activity.CoreActivity.execute(652)
DEBUG 2026-08-06 03:00:14.209 [TOW task-2] Response com.aspectran.web.activity.response.DefaultRestResponse@2d2638f6 - c.a.c.a.r.t.CustomTransformResponse.respond(85)
DEBUG 2026-08-06 03:00:14.211 [TOW task-2] Session 1ljxb1af1vxkt2kna7rph5v6u0.cn0 complete, active requests=0 - c.a.c.c.session.ManagedSession.complete(334)
DEBUG 2026-08-06 03:00:14.265 [TOW task-2] Session 1ljxb1af1vxkt2kna7rph5v6u0.cn0 in use, stopping timer, active requests=1 - c.a.c.c.session.ManagedSession.access(314)
DEBUG 2026-08-06 03:00:14.267 [TOW task-2] WebSocket connection established for session B_5ndKwTMi8vUXZf-ta3g7BJoqytV0H4ykXpAKcI - c.a.a.a.e.r.w.WebsocketMessageRelayer.doOnOpen(74)
DEBUG 2026-08-06 03:00:14.268 [TOW task-2] Session 1ljxb1af1vxkt2kna7rph5v6u0.cn0 complete, active requests=0 - c.a.c.c.session.ManagedSession.complete(334)
DEBUG 2026-08-06 03:01:41.789 [TOW I/O-3] Websocket session B_5ndKwTMi8vUXZf-ta3g7BJoqytV0H4ykXpAKcI has been closed. Reason: CloseReason[1001] - c.a.a.a.e.r.w.WebsocketMessageRelayer.doOnClose(110)
DEBUG 2026-08-06 03:01:41.807 [TOW task-2] Session 1ljxb1af1vxkt2kna7rph5v6u0.cn0 in use, stopping timer, active requests=1 - c.a.c.c.session.ManagedSession.access(314)
DEBUG 2026-08-06 03:01:41.808 [TOW task-2] GET /console/appmon/dashboard/ HTTP/1.1 0:0:0:0:0:0:0:1 - c.a.w.s.DefaultWebService.service(87)
DEBUG 2026-08-06 03:01:41.809 [TOW task-2] Translet {name=/appmon/dashboard/${appsToSubscribe}, namePattern=/appmon/dashboard/*, responseRule={response={type=dispatch, name=appmon/dashboard, viewDispatcher={name=com.aspectran.thymeleaf.view.ThymeleafViewDispatcher@3dbac24f}}}} - c.a.core.activity.CoreActivity.prepare(220)
DEBUG 2026-08-06 03:01:41.811 [TOW task-2] Advice {type=before, action={advice={method=com.aspectran.aspectow.console.auth.UserAuthAspect.checkAuthenticated(com.aspectran.core.activity.Translet)}}, order=1} - c.a.c.activity.AdviceActivity.executeAdvice(351)
DEBUG 2026-08-06 03:01:41.811 [TOW task-2] Advice {type=before, action={advice={method=com.aspectran.aspectow.console.auth.AccessControlAspect.checkPermission(com.aspectran.core.activity.Translet)}}, order=2} - c.a.c.activity.AdviceActivity.executeAdvice(351)
DEBUG 2026-08-06 03:01:41.812 [TOW task-2] Advice {type=before, action={header={headers=[X-Frame-Options, X-Content-Type-Options, X-XSS-Protection, Referrer-Policy]}}} - c.a.c.activity.AdviceActivity.executeAdvice(351)
DEBUG 2026-08-06 03:01:41.814 [TOW task-2] Advice {type=before, action={header={headers=[Content-Type, Content-Security-Policy]}}} - c.a.c.activity.AdviceActivity.executeAdvice(351)
DEBUG 2026-08-06 03:01:41.814 [TOW task-2] Advice {type=before, action={advice={method=com.aspectran.aspectow.console.common.aspect.DevCorsAdvice.process(com.aspectran.core.activity.Translet)}}} - c.a.c.activity.AdviceActivity.executeAdvice(351)
DEBUG 2026-08-06 03:01:41.815 [TOW task-2] Action {annotated={id=page, method=com.aspectran.aspectow.console.appmon.AppMonActivity.dashboard(java.lang.String)}} - c.a.core.activity.CoreActivity.execute(652)
DEBUG 2026-08-06 03:01:41.816 [TOW task-2] Response {type=dispatch, name=appmon/dashboard, viewDispatcher={name=com.aspectran.thymeleaf.view.ThymeleafViewDispatcher@3dbac24f}} - c.a.c.a.r.d.DispatchResponse.respond(71)
DEBUG 2026-08-06 03:01:41.817 [TOW task-2] Dispatching to Thymeleaf template appmon/dashboard - c.a.t.v.ThymeleafViewDispatcher.dispatch(88)
DEBUG 2026-08-06 03:01:41.875 [TOW task-2] Session 1ljxb1af1vxkt2kna7rph5v6u0.cn0 complete, active requests=0 - c.a.c.c.session.ManagedSession.complete(334)
DEBUG 2026-08-06 03:01:42.142 [TOW task-5] Session 1ljxb1af1vxkt2kna7rph5v6u0.cn0 in use, stopping timer, active requests=1 - c.a.c.c.session.ManagedSession.access(314)
DEBUG 2026-08-06 03:01:42.143 [TOW task-5] GET /console/appmon/config/data HTTP/1.1 0:0:0:0:0:0:0:1 - c.a.w.s.DefaultWebService.service(87)
DEBUG 2026-08-06 03:01:42.143 [TOW task-5] Translet {name=/appmon/config/data, method=[GET], responseRule={response={type=transform, format=custom}}} - c.a.core.activity.CoreActivity.prepare(220)
DEBUG 2026-08-06 03:01:42.145 [TOW task-5] Advice {type=before, action={advice={method=com.aspectran.aspectow.console.auth.UserAuthAspect.checkAuthenticated(com.aspectran.core.activity.Translet)}}, order=1} - c.a.c.activity.AdviceActivity.executeAdvice(351)
DEBUG 2026-08-06 03:01:42.145 [TOW task-5] Advice {type=before, action={advice={method=com.aspectran.aspectow.console.auth.AccessControlAspect.checkPermission(com.aspectran.core.activity.Translet)}}, order=2} - c.a.c.activity.AdviceActivity.executeAdvice(351)
DEBUG 2026-08-06 03:01:42.146 [TOW task-5] Advice {type=before, action={header={headers=[X-Frame-Options, X-Content-Type-Options, X-XSS-Protection, Referrer-Policy]}}} - c.a.c.activity.AdviceActivity.executeAdvice(351)
DEBUG 2026-08-06 03:01:42.148 [TOW task-5] Advice {type=before, action={advice={method=com.aspectran.aspectow.console.common.aspect.DevCorsAdvice.process(com.aspectran.core.activity.Translet)}}} - c.a.c.activity.AdviceActivity.executeAdvice(351)
DEBUG 2026-08-06 03:01:42.149 [TOW task-5] Action {annotated={method=com.aspectran.aspectow.console.appmon.AppMonActivity.getConfigData(com.aspectran.core.activity.Translet, java.lang.String)}} - c.a.core.activity.CoreActivity.execute(652)
DEBUG 2026-08-06 03:01:42.202 [TOW task-5] Response com.aspectran.web.activity.response.DefaultRestResponse@3048ec3f - c.a.c.a.r.t.CustomTransformResponse.respond(85)
DEBUG 2026-08-06 03:01:42.204 [TOW task-5] Session 1ljxb1af1vxkt2kna7rph5v6u0.cn0 complete, active requests=0 - c.a.c.c.session.ManagedSession.complete(334)
DEBUG 2026-08-06 03:01:42.276 [TOW task-5] Session 1ljxb1af1vxkt2kna7rph5v6u0.cn0 in use, stopping timer, active requests=1 - c.a.c.c.session.ManagedSession.access(314)
DEBUG 2026-08-06 03:01:42.279 [TOW task-5] WebSocket connection established for session _e_1Irby5cY3vhtTq-xPl9ztcF_powyiMyjaf-jV - c.a.a.a.e.r.w.WebsocketMessageRelayer.doOnOpen(74)
DEBUG 2026-08-06 03:01:42.280 [TOW task-5] Session 1ljxb1af1vxkt2kna7rph5v6u0.cn0 complete, active requests=0 - c.a.c.c.session.ManagedSession.complete(334)
DEBUG 2026-08-06 03:02:52.320 [TOW I/O-3] Websocket session _e_1Irby5cY3vhtTq-xPl9ztcF_powyiMyjaf-jV has been closed. Reason: CloseReason[1001] - c.a.a.a.e.r.w.WebsocketMessageRelayer.doOnClose(110)
DEBUG 2026-08-06 03:02:52.418 [TOW task-5] Session 1ljxb1af1vxkt2kna7rph5v6u0.cn0 in use, stopping timer, active requests=1 - c.a.c.c.session.ManagedSession.access(314)
DEBUG 2026-08-06 03:02:52.419 [TOW task-5] GET /console/vault/ HTTP/1.1 0:0:0:0:0:0:0:1 - c.a.w.s.DefaultWebService.service(87)
DEBUG 2026-08-06 03:02:52.420 [TOW task-5] Translet {name=/vault/, responseRule={response={type=dispatch, name=vault/list, viewDispatcher={name=com.aspectran.thymeleaf.view.ThymeleafViewDispatcher@3dbac24f}}}} - c.a.core.activity.CoreActivity.prepare(220)
DEBUG 2026-08-06 03:02:52.420 [TOW task-5] Advice {type=before, action={advice={method=com.aspectran.aspectow.console.auth.UserAuthAspect.checkAuthenticated(com.aspectran.core.activity.Translet)}}, order=1} - c.a.c.activity.AdviceActivity.executeAdvice(351)
DEBUG 2026-08-06 03:02:52.421 [TOW task-5] Advice {type=before, action={advice={method=com.aspectran.aspectow.console.auth.AccessControlAspect.checkPermission(com.aspectran.core.activity.Translet)}}, order=2} - c.a.c.activity.AdviceActivity.executeAdvice(351)
DEBUG 2026-08-06 03:02:52.422 [TOW task-5] Advice {type=before, action={header={headers=[X-Frame-Options, X-Content-Type-Options, X-XSS-Protection, Referrer-Policy]}}} - c.a.c.activity.AdviceActivity.executeAdvice(351)
DEBUG 2026-08-06 03:02:52.422 [TOW task-5] Advice {type=before, action={header={headers=[Content-Type, Content-Security-Policy]}}} - c.a.c.activity.AdviceActivity.executeAdvice(351)
DEBUG 2026-08-06 03:02:52.423 [TOW task-5] Action {annotated={id=page, method=com.aspectran.aspectow.console.vault.VaultActivity.list(com.aspectran.core.activity.Translet, java.lang.String)}} - c.a.core.activity.CoreActivity.execute(652)
DEBUG 2026-08-06 03:02:52.424 [TOW task-5] Advice {type=before, instance=com.aspectran.mybatis.SqlSessionAdviceRegister$$Lambda/0x0000000056622460@66b6873f, order=0} - c.a.c.activity.AdviceActivity.executeAdvice(351)
DEBUG 2026-08-06 03:02:52.425 [TOW task-5] Open DefaultSqlSession@37103e51 {executorType=SIMPLE, autoCommit=false, readOnly=false} - c.a.mybatis.SqlSessionAdvice.doOpen(239)
DEBUG 2026-08-06 03:02:52.475 [TOW task-5] ==>  Preparing: select * from asc_vault order by vault_id desc limit ? offset ? - c.a.a.c.c.d.m.V.getVaultList.debug(135)
DEBUG 2026-08-06 03:02:52.476 [TOW task-5] ==> Parameters: 19(Integer), 0(Long) - c.a.a.c.c.d.m.V.getVaultList.debug(135)
DEBUG 2026-08-06 03:02:52.596 [TOW task-5] <==      Total: 1 - c.a.a.c.c.d.m.V.getVaultList.debug(135)
DEBUG 2026-08-06 03:02:52.596 [TOW task-5] Response {type=dispatch, name=vault/list, viewDispatcher={name=com.aspectran.thymeleaf.view.ThymeleafViewDispatcher@3dbac24f}} - c.a.c.a.r.d.DispatchResponse.respond(71)
DEBUG 2026-08-06 03:02:52.597 [TOW task-5] Dispatching to Thymeleaf template vault/list - c.a.t.v.ThymeleafViewDispatcher.dispatch(88)
DEBUG 2026-08-06 03:02:52.629 [TOW task-5] Advice {type=after, instance=com.aspectran.mybatis.SqlSessionAdviceRegister$$Lambda/0x00000000566226c0@52285a5f, order=0} - c.a.c.activity.AdviceActivity.executeAdvice(351)
DEBUG 2026-08-06 03:02:52.629 [TOW task-5] Commit transaction for DefaultSqlSession@37103e51 - c.a.mybatis.SqlSessionAdvice.commit(257)
DEBUG 2026-08-06 03:02:52.630 [TOW task-5] Advice {type=finally, instance=com.aspectran.mybatis.SqlSessionAdviceRegister$$Lambda/0x0000000056622b80@4fa5cc73, order=0} - c.a.c.activity.AdviceActivity.executeAdvice(351)
DEBUG 2026-08-06 03:02:52.747 [TOW task-5] Close DefaultSqlSession@37103e51 - c.a.mybatis.SqlSessionAdvice.close(351)
DEBUG 2026-08-06 03:02:52.749 [TOW task-5] Session 1ljxb1af1vxkt2kna7rph5v6u0.cn0 complete, active requests=0 - c.a.c.c.session.ManagedSession.complete(334)
DEBUG 2026-08-06 03:02:58.435 [TOW task-5] Session 1ljxb1af1vxkt2kna7rph5v6u0.cn0 in use, stopping timer, active requests=1 - c.a.c.c.session.ManagedSession.access(314)
DEBUG 2026-08-06 03:02:58.436 [TOW task-5] GET /console/user/ HTTP/1.1 0:0:0:0:0:0:0:1 - c.a.w.s.DefaultWebService.service(87)
DEBUG 2026-08-06 03:02:58.436 [TOW task-5] Translet {name=/user/, responseRule={response={type=dispatch, name=user/list}}} - c.a.core.activity.CoreActivity.prepare(220)
DEBUG 2026-08-06 03:02:58.437 [TOW task-5] Advice {type=before, action={advice={method=com.aspectran.aspectow.console.auth.UserAuthAspect.checkAuthenticated(com.aspectran.core.activity.Translet)}}, order=1} - c.a.c.activity.AdviceActivity.executeAdvice(351)
DEBUG 2026-08-06 03:02:58.437 [TOW task-5] Advice {type=before, action={advice={method=com.aspectran.aspectow.console.auth.AccessControlAspect.checkPermission(com.aspectran.core.activity.Translet)}}, order=2} - c.a.c.activity.AdviceActivity.executeAdvice(351)
DEBUG 2026-08-06 03:02:58.438 [TOW task-5] Advice {type=before, action={header={headers=[X-Frame-Options, X-Content-Type-Options, X-XSS-Protection, Referrer-Policy]}}} - c.a.c.activity.AdviceActivity.executeAdvice(351)
DEBUG 2026-08-06 03:02:58.438 [TOW task-5] Advice {type=before, action={header={headers=[Content-Type, Content-Security-Policy]}}} - c.a.c.activity.AdviceActivity.executeAdvice(351)
DEBUG 2026-08-06 03:02:58.439 [TOW task-5] Action {annotated={id=page, method=com.aspectran.aspectow.console.user.UserManagementActivity.list(com.aspectran.core.activity.Translet, java.lang.String)}} - c.a.core.activity.CoreActivity.execute(652)
DEBUG 2026-08-06 03:02:58.439 [TOW task-5] Advice {type=before, instance=com.aspectran.mybatis.SqlSessionAdviceRegister$$Lambda/0x0000000056622460@66b6873f, order=0} - c.a.c.activity.AdviceActivity.executeAdvice(351)
DEBUG 2026-08-06 03:02:58.440 [TOW task-5] Open DefaultSqlSession@40b3f3ea {executorType=SIMPLE, autoCommit=false, readOnly=false} - c.a.mybatis.SqlSessionAdvice.doOpen(239)
DEBUG 2026-08-06 03:02:58.441 [TOW task-5] Cache Hit Ratio [com.aspectran.aspectow.console.common.db.mapper.AccountMapper]: 0.0 - c.a.a.c.c.d.m.AccountMapper.getObject(60)
DEBUG 2026-08-06 03:02:58.449 [TOW task-5] ==>  Preparing: select * from asc_user order by user_id desc limit ? offset ? - c.a.a.c.c.d.m.A.getUserList.debug(135)
DEBUG 2026-08-06 03:02:58.450 [TOW task-5] ==> Parameters: 20(Integer), 0(Long) - c.a.a.c.c.d.m.A.getUserList.debug(135)
DEBUG 2026-08-06 03:02:58.461 [TOW task-5] Cache Hit Ratio [com.aspectran.aspectow.console.common.db.mapper.AccountMapper]: 0.0 - c.a.a.c.c.d.m.AccountMapper.getObject(60)
DEBUG 2026-08-06 03:02:58.461 [TOW task-5] ====>  Preparing: select r.* from asc_role r inner join asc_user_role ur on r.role_id = ur.role_id where ur.user_id = ? - c.a.a.c.c.d.m.A.getRolesByUserId.debug(135)
DEBUG 2026-08-06 03:02:58.462 [TOW task-5] ====> Parameters: 2(Long) - c.a.a.c.c.d.m.A.getRolesByUserId.debug(135)
DEBUG 2026-08-06 03:02:58.471 [TOW task-5] Cache Hit Ratio [com.aspectran.aspectow.console.common.db.mapper.AccountMapper]: 0.0 - c.a.a.c.c.d.m.AccountMapper.getObject(60)
DEBUG 2026-08-06 03:02:58.471 [TOW task-5] ======>  Preparing: select p.* from asc_permission p inner join asc_role_permission rp on p.perm_id = rp.perm_id where rp.role_id = ? - c.a.a.c.c.d.m.A.getPermissionsByRoleId.debug(135)
DEBUG 2026-08-06 03:02:58.472 [TOW task-5] ======> Parameters: 4(Long) - c.a.a.c.c.d.m.A.getPermissionsByRoleId.debug(135)
DEBUG 2026-08-06 03:02:58.481 [TOW task-5] <======      Total: 4 - c.a.a.c.c.d.m.A.getPermissionsByRoleId.debug(135)
DEBUG 2026-08-06 03:02:58.481 [TOW task-5] <====      Total: 1 - c.a.a.c.c.d.m.A.getRolesByUserId.debug(135)
DEBUG 2026-08-06 03:02:58.482 [TOW task-5] Cache Hit Ratio [com.aspectran.aspectow.console.common.db.mapper.AccountMapper]: 0.0 - c.a.a.c.c.d.m.AccountMapper.getObject(60)
DEBUG 2026-08-06 03:02:58.483 [TOW task-5] ====>  Preparing: select r.* from asc_role r inner join asc_user_role ur on r.role_id = ur.role_id where ur.user_id = ? - c.a.a.c.c.d.m.A.getRolesByUserId.debug(135)
DEBUG 2026-08-06 03:02:58.483 [TOW task-5] ====> Parameters: 1(Long) - c.a.a.c.c.d.m.A.getRolesByUserId.debug(135)
DEBUG 2026-08-06 03:02:58.491 [TOW task-5] Cache Hit Ratio [com.aspectran.aspectow.console.common.db.mapper.AccountMapper]: 0.0 - c.a.a.c.c.d.m.AccountMapper.getObject(60)
DEBUG 2026-08-06 03:02:58.492 [TOW task-5] ======>  Preparing: select p.* from asc_permission p inner join asc_role_permission rp on p.perm_id = rp.perm_id where rp.role_id = ? - c.a.a.c.c.d.m.A.getPermissionsByRoleId.debug(135)
DEBUG 2026-08-06 03:02:58.492 [TOW task-5] ======> Parameters: 1(Long) - c.a.a.c.c.d.m.A.getPermissionsByRoleId.debug(135)
DEBUG 2026-08-06 03:02:58.501 [TOW task-5] <======      Total: 5 - c.a.a.c.c.d.m.A.getPermissionsByRoleId.debug(135)
DEBUG 2026-08-06 03:02:58.501 [TOW task-5] <====      Total: 1 - c.a.a.c.c.d.m.A.getRolesByUserId.debug(135)
DEBUG 2026-08-06 03:02:58.502 [TOW task-5] <==      Total: 2 - c.a.a.c.c.d.m.A.getUserList.debug(135)
DEBUG 2026-08-06 03:02:58.503 [TOW task-5] Cache Hit Ratio [com.aspectran.aspectow.console.common.db.mapper.AccountMapper]: 0.0 - c.a.a.c.c.d.m.AccountMapper.getObject(60)
DEBUG 2026-08-06 03:02:58.503 [TOW task-5] ==>  Preparing: select * from asc_role - c.a.a.c.c.d.m.A.getRoleList.debug(135)
DEBUG 2026-08-06 03:02:58.503 [TOW task-5] ==> Parameters:  - c.a.a.c.c.d.m.A.getRoleList.debug(135)
DEBUG 2026-08-06 03:02:58.512 [TOW task-5] Cache Hit Ratio [com.aspectran.aspectow.console.common.db.mapper.AccountMapper]: 0.0 - c.a.a.c.c.d.m.AccountMapper.getObject(60)
DEBUG 2026-08-06 03:02:58.512 [TOW task-5] ====>  Preparing: select p.* from asc_permission p inner join asc_role_permission rp on p.perm_id = rp.perm_id where rp.role_id = ? - c.a.a.c.c.d.m.A.getPermissionsByRoleId.debug(135)
DEBUG 2026-08-06 03:02:58.513 [TOW task-5] ====> Parameters: 2(Long) - c.a.a.c.c.d.m.A.getPermissionsByRoleId.debug(135)
DEBUG 2026-08-06 03:02:58.520 [TOW task-5] <====      Total: 3 - c.a.a.c.c.d.m.A.getPermissionsByRoleId.debug(135)
DEBUG 2026-08-06 03:02:58.521 [TOW task-5] Cache Hit Ratio [com.aspectran.aspectow.console.common.db.mapper.AccountMapper]: 0.0 - c.a.a.c.c.d.m.AccountMapper.getObject(60)
DEBUG 2026-08-06 03:02:58.521 [TOW task-5] ====>  Preparing: select p.* from asc_permission p inner join asc_role_permission rp on p.perm_id = rp.perm_id where rp.role_id = ? - c.a.a.c.c.d.m.A.getPermissionsByRoleId.debug(135)
DEBUG 2026-08-06 03:02:58.522 [TOW task-5] ====> Parameters: 3(Long) - c.a.a.c.c.d.m.A.getPermissionsByRoleId.debug(135)
DEBUG 2026-08-06 03:02:58.531 [TOW task-5] <====      Total: 1 - c.a.a.c.c.d.m.A.getPermissionsByRoleId.debug(135)
DEBUG 2026-08-06 03:02:58.532 [TOW task-5] <==      Total: 4 - c.a.a.c.c.d.m.A.getRoleList.debug(135)
DEBUG 2026-08-06 03:02:58.533 [TOW task-5] Cache Hit Ratio [com.aspectran.aspectow.console.common.db.mapper.AccountMapper]: 0.0 - c.a.a.c.c.d.m.AccountMapper.getObject(60)
DEBUG 2026-08-06 03:02:58.533 [TOW task-5] ==>  Preparing: select * from asc_permission - c.a.a.c.c.d.m.A.getPermissionList.debug(135)
DEBUG 2026-08-06 03:02:58.534 [TOW task-5] ==> Parameters:  - c.a.a.c.c.d.m.A.getPermissionList.debug(135)
DEBUG 2026-08-06 03:02:58.542 [TOW task-5] <==      Total: 5 - c.a.a.c.c.d.m.A.getPermissionList.debug(135)
DEBUG 2026-08-06 03:02:58.542 [TOW task-5] Response {type=dispatch, name=user/list} - c.a.c.a.r.d.DispatchResponse.respond(71)
DEBUG 2026-08-06 03:02:58.543 [TOW task-5] Dispatching to Thymeleaf template user/list - c.a.t.v.ThymeleafViewDispatcher.dispatch(88)
DEBUG 2026-08-06 03:02:58.617 [TOW task-5] Advice {type=after, instance=com.aspectran.mybatis.SqlSessionAdviceRegister$$Lambda/0x00000000566226c0@52285a5f, order=0} - c.a.c.activity.AdviceActivity.executeAdvice(351)
DEBUG 2026-08-06 03:02:58.618 [TOW task-5] Commit transaction for DefaultSqlSession@40b3f3ea - c.a.mybatis.SqlSessionAdvice.commit(257)
DEBUG 2026-08-06 03:02:58.621 [TOW task-5] Advice {type=finally, instance=com.aspectran.mybatis.SqlSessionAdviceRegister$$Lambda/0x0000000056622b80@4fa5cc73, order=0} - c.a.c.activity.AdviceActivity.executeAdvice(351)
DEBUG 2026-08-06 03:02:58.628 [TOW task-5] Close DefaultSqlSession@40b3f3ea - c.a.mybatis.SqlSessionAdvice.close(351)
DEBUG 2026-08-06 03:02:58.629 [TOW task-5] Session 1ljxb1af1vxkt2kna7rph5v6u0.cn0 complete, active requests=0 - c.a.c.c.session.ManagedSession.complete(334)
DEBUG 2026-08-06 03:03:53.000 [TOW task-2] Reside evicted session id=1ljxb1af1vxkt2kna7rph5v6u0.cn0 - c.a.c.c.s.AbstractSessionCache.get(235)
DEBUG 2026-08-06 03:03:53.004 [TOW task-2] Session 1ljxb1af1vxkt2kna7rph5v6u0.cn0 in use, stopping timer, active requests=1 - c.a.c.c.session.ManagedSession.access(314)
DEBUG 2026-08-06 03:03:53.013 [TOW task-2] GET /console/user/ HTTP/1.1 0:0:0:0:0:0:0:1 - c.a.w.s.DefaultWebService.service(87)
DEBUG 2026-08-06 03:03:53.014 [TOW task-2] Translet {name=/user/, responseRule={response={type=dispatch, name=user/list}}} - c.a.core.activity.CoreActivity.prepare(220)
DEBUG 2026-08-06 03:03:53.019 [TOW task-2] Advice {type=before, action={advice={method=com.aspectran.aspectow.console.auth.UserAuthAspect.checkAuthenticated(com.aspectran.core.activity.Translet)}}, order=1} - c.a.c.activity.AdviceActivity.executeAdvice(351)
DEBUG 2026-08-06 03:03:53.020 [TOW task-2] Advice {type=before, action={advice={method=com.aspectran.aspectow.console.auth.AccessControlAspect.checkPermission(com.aspectran.core.activity.Translet)}}, order=2} - c.a.c.activity.AdviceActivity.executeAdvice(351)
DEBUG 2026-08-06 03:03:53.020 [TOW task-2] Advice {type=before, action={header={headers=[X-Frame-Options, X-Content-Type-Options, X-XSS-Protection, Referrer-Policy]}}} - c.a.c.activity.AdviceActivity.executeAdvice(351)
DEBUG 2026-08-06 03:03:53.026 [TOW task-2] Advice {type=before, action={header={headers=[Content-Type, Content-Security-Policy]}}} - c.a.c.activity.AdviceActivity.executeAdvice(351)
DEBUG 2026-08-06 03:03:53.028 [TOW task-2] Action {annotated={id=page, method=com.aspectran.aspectow.console.user.UserManagementActivity.list(com.aspectran.core.activity.Translet, java.lang.String)}} - c.a.core.activity.CoreActivity.execute(652)
DEBUG 2026-08-06 03:03:53.030 [TOW task-2] Advice {type=before, instance=com.aspectran.mybatis.SqlSessionAdviceRegister$$Lambda/0x000000008f618ef0@14590fe2, order=0} - c.a.c.activity.AdviceActivity.executeAdvice(351)
DEBUG 2026-08-06 03:03:53.043 [TOW task-2] Open DefaultSqlSession@6e2efaa0 {executorType=SIMPLE, autoCommit=false, readOnly=false} - c.a.mybatis.SqlSessionAdvice.doOpen(239)
DEBUG 2026-08-06 03:03:53.062 [TOW task-2] Cache Hit Ratio [com.aspectran.aspectow.console.common.db.mapper.AccountMapper]: 0.0 - c.a.a.c.c.d.m.AccountMapper.getObject(60)
DEBUG 2026-08-06 03:03:53.076 [TOW task-2] ==>  Preparing: select * from asc_user order by user_id desc limit ? offset ? - c.a.a.c.c.d.m.A.getUserList.debug(135)
DEBUG 2026-08-06 03:03:53.105 [TOW task-2] ==> Parameters: 20(Integer), 0(Long) - c.a.a.c.c.d.m.A.getUserList.debug(135)
DEBUG 2026-08-06 03:03:53.139 [TOW task-2] Cache Hit Ratio [com.aspectran.aspectow.console.common.db.mapper.AccountMapper]: 0.0 - c.a.a.c.c.d.m.AccountMapper.getObject(60)
DEBUG 2026-08-06 03:03:53.140 [TOW task-2] ====>  Preparing: select r.* from asc_role r inner join asc_user_role ur on r.role_id = ur.role_id where ur.user_id = ? - c.a.a.c.c.d.m.A.getRolesByUserId.debug(135)
DEBUG 2026-08-06 03:03:53.141 [TOW task-2] ====> Parameters: 2(Long) - c.a.a.c.c.d.m.A.getRolesByUserId.debug(135)
DEBUG 2026-08-06 03:03:53.149 [TOW task-2] Cache Hit Ratio [com.aspectran.aspectow.console.common.db.mapper.AccountMapper]: 0.0 - c.a.a.c.c.d.m.AccountMapper.getObject(60)
DEBUG 2026-08-06 03:03:53.149 [TOW task-2] ======>  Preparing: select p.* from asc_permission p inner join asc_role_permission rp on p.perm_id = rp.perm_id where rp.role_id = ? - c.a.a.c.c.d.m.A.getPermissionsByRoleId.debug(135)
DEBUG 2026-08-06 03:03:53.150 [TOW task-2] ======> Parameters: 4(Long) - c.a.a.c.c.d.m.A.getPermissionsByRoleId.debug(135)
DEBUG 2026-08-06 03:03:53.159 [TOW task-2] <======      Total: 4 - c.a.a.c.c.d.m.A.getPermissionsByRoleId.debug(135)
DEBUG 2026-08-06 03:03:53.161 [TOW task-2] <====      Total: 1 - c.a.a.c.c.d.m.A.getRolesByUserId.debug(135)
DEBUG 2026-08-06 03:03:53.162 [TOW task-2] Cache Hit Ratio [com.aspectran.aspectow.console.common.db.mapper.AccountMapper]: 0.0 - c.a.a.c.c.d.m.AccountMapper.getObject(60)
DEBUG 2026-08-06 03:03:53.162 [TOW task-2] ====>  Preparing: select r.* from asc_role r inner join asc_user_role ur on r.role_id = ur.role_id where ur.user_id = ? - c.a.a.c.c.d.m.A.getRolesByUserId.debug(135)
DEBUG 2026-08-06 03:03:53.163 [TOW task-2] ====> Parameters: 1(Long) - c.a.a.c.c.d.m.A.getRolesByUserId.debug(135)
DEBUG 2026-08-06 03:03:53.171 [TOW task-2] Cache Hit Ratio [com.aspectran.aspectow.console.common.db.mapper.AccountMapper]: 0.0 - c.a.a.c.c.d.m.AccountMapper.getObject(60)
DEBUG 2026-08-06 03:03:53.172 [TOW task-2] ======>  Preparing: select p.* from asc_permission p inner join asc_role_permission rp on p.perm_id = rp.perm_id where rp.role_id = ? - c.a.a.c.c.d.m.A.getPermissionsByRoleId.debug(135)
DEBUG 2026-08-06 03:03:53.172 [TOW task-2] ======> Parameters: 1(Long) - c.a.a.c.c.d.m.A.getPermissionsByRoleId.debug(135)
DEBUG 2026-08-06 03:03:53.180 [TOW task-2] <======      Total: 5 - c.a.a.c.c.d.m.A.getPermissionsByRoleId.debug(135)
DEBUG 2026-08-06 03:03:53.181 [TOW task-2] <====      Total: 1 - c.a.a.c.c.d.m.A.getRolesByUserId.debug(135)
DEBUG 2026-08-06 03:03:53.182 [TOW task-2] <==      Total: 2 - c.a.a.c.c.d.m.A.getUserList.debug(135)
DEBUG 2026-08-06 03:03:53.185 [TOW task-2] Cache Hit Ratio [com.aspectran.aspectow.console.common.db.mapper.AccountMapper]: 0.0 - c.a.a.c.c.d.m.AccountMapper.getObject(60)
DEBUG 2026-08-06 03:03:53.185 [TOW task-2] ==>  Preparing: select * from asc_role - c.a.a.c.c.d.m.A.getRoleList.debug(135)
DEBUG 2026-08-06 03:03:53.186 [TOW task-2] ==> Parameters:  - c.a.a.c.c.d.m.A.getRoleList.debug(135)
DEBUG 2026-08-06 03:03:53.196 [TOW task-2] Cache Hit Ratio [com.aspectran.aspectow.console.common.db.mapper.AccountMapper]: 0.0 - c.a.a.c.c.d.m.AccountMapper.getObject(60)
DEBUG 2026-08-06 03:03:53.196 [TOW task-2] ====>  Preparing: select p.* from asc_permission p inner join asc_role_permission rp on p.perm_id = rp.perm_id where rp.role_id = ? - c.a.a.c.c.d.m.A.getPermissionsByRoleId.debug(135)
DEBUG 2026-08-06 03:03:53.198 [TOW task-2] ====> Parameters: 2(Long) - c.a.a.c.c.d.m.A.getPermissionsByRoleId.debug(135)
DEBUG 2026-08-06 03:03:53.206 [TOW task-2] <====      Total: 3 - c.a.a.c.c.d.m.A.getPermissionsByRoleId.debug(135)
DEBUG 2026-08-06 03:03:53.207 [TOW task-2] Cache Hit Ratio [com.aspectran.aspectow.console.common.db.mapper.AccountMapper]: 0.0 - c.a.a.c.c.d.m.AccountMapper.getObject(60)
DEBUG 2026-08-06 03:03:53.208 [TOW task-2] ====>  Preparing: select p.* from asc_permission p inner join asc_role_permission rp on p.perm_id = rp.perm_id where rp.role_id = ? - c.a.a.c.c.d.m.A.getPermissionsByRoleId.debug(135)
DEBUG 2026-08-06 03:03:53.209 [TOW task-2] ====> Parameters: 3(Long) - c.a.a.c.c.d.m.A.getPermissionsByRoleId.debug(135)
DEBUG 2026-08-06 03:03:53.216 [TOW task-2] <====      Total: 1 - c.a.a.c.c.d.m.A.getPermissionsByRoleId.debug(135)
DEBUG 2026-08-06 03:03:53.217 [TOW task-2] <==      Total: 4 - c.a.a.c.c.d.m.A.getRoleList.debug(135)
DEBUG 2026-08-06 03:03:53.218 [TOW task-2] Cache Hit Ratio [com.aspectran.aspectow.console.common.db.mapper.AccountMapper]: 0.0 - c.a.a.c.c.d.m.AccountMapper.getObject(60)
DEBUG 2026-08-06 03:03:53.219 [TOW task-2] ==>  Preparing: select * from asc_permission - c.a.a.c.c.d.m.A.getPermissionList.debug(135)
DEBUG 2026-08-06 03:03:53.220 [TOW task-2] ==> Parameters:  - c.a.a.c.c.d.m.A.getPermissionList.debug(135)
DEBUG 2026-08-06 03:03:53.228 [TOW task-2] <==      Total: 5 - c.a.a.c.c.d.m.A.getPermissionList.debug(135)
DEBUG 2026-08-06 03:03:53.230 [TOW task-2] Response {type=dispatch, name=user/list} - c.a.c.a.r.d.DispatchResponse.respond(71)
DEBUG 2026-08-06 03:03:53.232 [TOW task-2] Dispatching to Thymeleaf template user/list - c.a.t.v.ThymeleafViewDispatcher.dispatch(88)
DEBUG 2026-08-06 03:03:54.473 [TOW task-2] Advice {type=after, instance=com.aspectran.mybatis.SqlSessionAdviceRegister$$Lambda/0x000000008f619150@5922cff3, order=0} - c.a.c.activity.AdviceActivity.executeAdvice(351)
DEBUG 2026-08-06 03:03:54.476 [TOW task-2] Commit transaction for DefaultSqlSession@6e2efaa0 - c.a.mybatis.SqlSessionAdvice.commit(257)
DEBUG 2026-08-06 03:03:54.486 [TOW task-2] Advice {type=finally, instance=com.aspectran.mybatis.SqlSessionAdviceRegister$$Lambda/0x000000008f619610@2299d903, order=0} - c.a.c.activity.AdviceActivity.executeAdvice(351)
DEBUG 2026-08-06 03:03:54.495 [TOW task-2] Close DefaultSqlSession@6e2efaa0 - c.a.mybatis.SqlSessionAdvice.close(351)
DEBUG 2026-08-06 03:03:54.501 [TOW task-2] Session 1ljxb1af1vxkt2kna7rph5v6u0.cn0 complete, active requests=0 - c.a.c.c.session.ManagedSession.complete(334)
DEBUG 2026-08-06 03:03:57.223 [TOW task-2] Session 1ljxb1af1vxkt2kna7rph5v6u0.cn0 in use, stopping timer, active requests=1 - c.a.c.c.session.ManagedSession.access(314)
DEBUG 2026-08-06 03:03:57.224 [TOW task-2] GET /console/appmon/dashboard/ HTTP/1.1 0:0:0:0:0:0:0:1 - c.a.w.s.DefaultWebService.service(87)
DEBUG 2026-08-06 03:03:57.225 [TOW task-2] Translet {name=/appmon/dashboard/${appsToSubscribe}, namePattern=/appmon/dashboard/*, responseRule={response={type=dispatch, name=appmon/dashboard}}} - c.a.core.activity.CoreActivity.prepare(220)
DEBUG 2026-08-06 03:03:57.226 [TOW task-2] Advice {type=before, action={advice={method=com.aspectran.aspectow.console.auth.UserAuthAspect.checkAuthenticated(com.aspectran.core.activity.Translet)}}, order=1} - c.a.c.activity.AdviceActivity.executeAdvice(351)
DEBUG 2026-08-06 03:03:57.227 [TOW task-2] Advice {type=before, action={advice={method=com.aspectran.aspectow.console.auth.AccessControlAspect.checkPermission(com.aspectran.core.activity.Translet)}}, order=2} - c.a.c.activity.AdviceActivity.executeAdvice(351)
DEBUG 2026-08-06 03:03:57.228 [TOW task-2] Advice {type=before, action={header={headers=[X-Frame-Options, X-Content-Type-Options, X-XSS-Protection, Referrer-Policy]}}} - c.a.c.activity.AdviceActivity.executeAdvice(351)
DEBUG 2026-08-06 03:03:57.228 [TOW task-2] Advice {type=before, action={header={headers=[Content-Type, Content-Security-Policy]}}} - c.a.c.activity.AdviceActivity.executeAdvice(351)
DEBUG 2026-08-06 03:03:57.229 [TOW task-2] Advice {type=before, action={advice={method=com.aspectran.aspectow.console.common.aspect.DevCorsAdvice.process(com.aspectran.core.activity.Translet)}}} - c.a.c.activity.AdviceActivity.executeAdvice(351)
DEBUG 2026-08-06 03:03:57.230 [TOW task-2] Action {annotated={id=page, method=com.aspectran.aspectow.console.appmon.AppMonActivity.dashboard(java.lang.String)}} - c.a.core.activity.CoreActivity.execute(652)
DEBUG 2026-08-06 03:03:57.230 [TOW task-2] Response {type=dispatch, name=appmon/dashboard} - c.a.c.a.r.d.DispatchResponse.respond(71)
DEBUG 2026-08-06 03:03:57.231 [TOW task-2] Dispatching to Thymeleaf template appmon/dashboard - c.a.t.v.ThymeleafViewDispatcher.dispatch(88)
DEBUG 2026-08-06 03:03:57.308 [TOW task-2] Session 1ljxb1af1vxkt2kna7rph5v6u0.cn0 complete, active requests=0 - c.a.c.c.session.ManagedSession.complete(334)
DEBUG 2026-08-06 03:03:57.550 [TOW task-5] Session 1ljxb1af1vxkt2kna7rph5v6u0.cn0 in use, stopping timer, active requests=1 - c.a.c.c.session.ManagedSession.access(314)
DEBUG 2026-08-06 03:03:57.551 [TOW task-5] GET /console/appmon/config/data HTTP/1.1 0:0:0:0:0:0:0:1 - c.a.w.s.DefaultWebService.service(87)
DEBUG 2026-08-06 03:03:57.552 [TOW task-5] Translet {name=/appmon/config/data, method=[GET], responseRule={response={type=transform, format=custom}}} - c.a.core.activity.CoreActivity.prepare(220)
DEBUG 2026-08-06 03:03:57.554 [TOW task-5] Advice {type=before, action={advice={method=com.aspectran.aspectow.console.auth.UserAuthAspect.checkAuthenticated(com.aspectran.core.activity.Translet)}}, order=1} - c.a.c.activity.AdviceActivity.executeAdvice(351)
DEBUG 2026-08-06 03:03:57.555 [TOW task-5] Advice {type=before, action={advice={method=com.aspectran.aspectow.console.auth.AccessControlAspect.checkPermission(com.aspectran.core.activity.Translet)}}, order=2} - c.a.c.activity.AdviceActivity.executeAdvice(351)
DEBUG 2026-08-06 03:03:57.557 [TOW task-5] Advice {type=before, action={header={headers=[X-Frame-Options, X-Content-Type-Options, X-XSS-Protection, Referrer-Policy]}}} - c.a.c.activity.AdviceActivity.executeAdvice(351)
DEBUG 2026-08-06 03:03:57.559 [TOW task-5] Advice {type=before, action={advice={method=com.aspectran.aspectow.console.common.aspect.DevCorsAdvice.process(com.aspectran.core.activity.Translet)}}} - c.a.c.activity.AdviceActivity.executeAdvice(351)
DEBUG 2026-08-06 03:03:57.561 [TOW task-5] Action {annotated={method=com.aspectran.aspectow.console.appmon.AppMonActivity.getConfigData(com.aspectran.core.activity.Translet, java.lang.String)}} - c.a.core.activity.CoreActivity.execute(652)
DEBUG 2026-08-06 03:03:57.632 [TOW task-5] Response com.aspectran.web.activity.response.DefaultRestResponse@5464d67a - c.a.c.a.r.t.CustomTransformResponse.respond(85)
DEBUG 2026-08-06 03:03:57.639 [TOW task-5] Session 1ljxb1af1vxkt2kna7rph5v6u0.cn0 complete, active requests=0 - c.a.c.c.session.ManagedSession.complete(334)
DEBUG 2026-08-06 03:03:57.691 [TOW task-5] Session 1ljxb1af1vxkt2kna7rph5v6u0.cn0 in use, stopping timer, active requests=1 - c.a.c.c.session.ManagedSession.access(314)
DEBUG 2026-08-06 03:03:57.721 [TOW task-5] WebSocket connection established for session I8Xw3lYnnU9mdWUX9z_JWyVvjmxyHn04lAY5pLcw - c.a.a.a.e.r.w.WebsocketMessageRelayer.doOnOpen(74)
DEBUG 2026-08-06 03:03:57.724 [TOW task-5] Session 1ljxb1af1vxkt2kna7rph5v6u0.cn0 complete, active requests=0 - c.a.c.c.session.ManagedSession.complete(334)
DEBUG 2026-08-06 03:05:00.012 [AppmonScheduler_Worker-1] Translet {name=appmon/persist/counter/rollup.job} - c.a.core.activity.CoreActivity.prepare(220)
DEBUG 2026-08-06 03:05:00.014 [AppmonScheduler_Worker-1] Action {annotated={method=com.aspectran.aspectow.appmon.engine.schedule.CounterPersistSchedule.rollup()}} - c.a.core.activity.CoreActivity.execute(652)
DEBUG 2026-08-06 03:07:04.262 [TOW I/O-3] Websocket session I8Xw3lYnnU9mdWUX9z_JWyVvjmxyHn04lAY5pLcw has been closed. Reason: CloseReason[1001] - c.a.a.a.e.r.w.WebsocketMessageRelayer.doOnClose(110)
DEBUG 2026-08-06 03:07:05.212 [TOW task-5] Session 1ljxb1af1vxkt2kna7rph5v6u0.cn0 in use, stopping timer, active requests=1 - c.a.c.c.session.ManagedSession.access(314)
DEBUG 2026-08-06 03:07:05.212 [TOW task-5] GET /console/cluster/nodes/ HTTP/1.1 0:0:0:0:0:0:0:1 - c.a.w.s.DefaultWebService.service(87)
DEBUG 2026-08-06 03:07:05.213 [TOW task-5] Translet {name=/cluster/nodes/, responseRule={response={type=dispatch, name=cluster/nodes}}} - c.a.core.activity.CoreActivity.prepare(220)
DEBUG 2026-08-06 03:07:05.214 [TOW task-5] Advice {type=before, action={advice={method=com.aspectran.aspectow.console.auth.UserAuthAspect.checkAuthenticated(com.aspectran.core.activity.Translet)}}, order=1} - c.a.c.activity.AdviceActivity.executeAdvice(351)
DEBUG 2026-08-06 03:07:05.215 [TOW task-5] Advice {type=before, action={advice={method=com.aspectran.aspectow.console.auth.AccessControlAspect.checkPermission(com.aspectran.core.activity.Translet)}}, order=2} - c.a.c.activity.AdviceActivity.executeAdvice(351)
DEBUG 2026-08-06 03:07:05.216 [TOW task-5] Advice {type=before, action={header={headers=[X-Frame-Options, X-Content-Type-Options, X-XSS-Protection, Referrer-Policy]}}} - c.a.c.activity.AdviceActivity.executeAdvice(351)
DEBUG 2026-08-06 03:07:05.217 [TOW task-5] Advice {type=before, action={header={headers=[Content-Type, Content-Security-Policy]}}} - c.a.c.activity.AdviceActivity.executeAdvice(351)
DEBUG 2026-08-06 03:07:05.218 [TOW task-5] Action {annotated={id=page, method=com.aspectran.aspectow.console.cluster.ClusterActivity.listNodes(com.aspectran.core.activity.Translet)}} - c.a.core.activity.CoreActivity.execute(652)
DEBUG 2026-08-06 03:07:05.242 [TOW task-5] Response {type=dispatch, name=cluster/nodes} - c.a.c.a.r.d.DispatchResponse.respond(71)
DEBUG 2026-08-06 03:07:05.243 [TOW task-5] Dispatching to Thymeleaf template cluster/nodes - c.a.t.v.ThymeleafViewDispatcher.dispatch(88)
DEBUG 2026-08-06 03:07:05.343 [TOW task-5] Session 1ljxb1af1vxkt2kna7rph5v6u0.cn0 complete, active requests=0 - c.a.c.c.session.ManagedSession.complete(334)
DEBUG 2026-08-06 03:07:05.820 [TOW task-5] Session 1ljxb1af1vxkt2kna7rph5v6u0.cn0 in use, stopping timer, active requests=1 - c.a.c.c.session.ManagedSession.access(314)
DEBUG 2026-08-06 03:07:05.821 [TOW task-5] GET /console/cluster/token HTTP/1.1 0:0:0:0:0:0:0:1 - c.a.w.s.DefaultWebService.service(87)
DEBUG 2026-08-06 03:07:05.822 [TOW task-5] Translet {name=/cluster/token, responseRule={response={type=transform, format=custom}}} - c.a.core.activity.CoreActivity.prepare(220)
DEBUG 2026-08-06 03:07:05.823 [TOW task-5] Advice {type=before, action={advice={method=com.aspectran.aspectow.console.auth.UserAuthAspect.checkAuthenticated(com.aspectran.core.activity.Translet)}}, order=1} - c.a.c.activity.AdviceActivity.executeAdvice(351)
DEBUG 2026-08-06 03:07:05.823 [TOW task-5] Advice {type=before, action={advice={method=com.aspectran.aspectow.console.auth.AccessControlAspect.checkPermission(com.aspectran.core.activity.Translet)}}, order=2} - c.a.c.activity.AdviceActivity.executeAdvice(351)
DEBUG 2026-08-06 03:07:05.824 [TOW task-5] Advice {type=before, action={header={headers=[X-Frame-Options, X-Content-Type-Options, X-XSS-Protection, Referrer-Policy]}}} - c.a.c.activity.AdviceActivity.executeAdvice(351)
DEBUG 2026-08-06 03:07:05.825 [TOW task-5] Action {annotated={method=com.aspectran.aspectow.console.cluster.ClusterActivity.refreshToken(com.aspectran.core.activity.Translet)}} - c.a.core.activity.CoreActivity.execute(652)
DEBUG 2026-08-06 03:07:05.828 [TOW task-5] Response {success=true, data=hJO_bgrYGYDGN3t5IWW9_ixEuTclHAQ3gQaUigp6D0Kixb-AqrbTQGcfH28Wn_jcbNS3ID4Z7Yg} - c.a.c.a.r.t.CustomTransformResponse.respond(85)
DEBUG 2026-08-06 03:07:05.830 [TOW task-5] Session 1ljxb1af1vxkt2kna7rph5v6u0.cn0 complete, active requests=0 - c.a.c.c.session.ManagedSession.complete(334)
DEBUG 2026-08-06 03:07:07.748 [TOW task-5] Session 1ljxb1af1vxkt2kna7rph5v6u0.cn0 in use, stopping timer, active requests=1 - c.a.c.c.session.ManagedSession.access(314)
DEBUG 2026-08-06 03:07:07.756 [TOW task-5] WebSocket connection established for session 7f3eazyNISLF0L6kmW7pjgOCz-gl-k-I_wadTD-b - c.a.a.c.c.b.w.WebsocketNodeBridge.doOnOpen(74)
DEBUG 2026-08-06 03:07:07.758 [TOW task-5] Session 1ljxb1af1vxkt2kna7rph5v6u0.cn0 complete, active requests=0 - c.a.c.c.session.ManagedSession.complete(334)
DEBUG 2026-08-06 03:07:07.768 [TOW I/O-3] ConsoleClient joined node management: session 7f3eazyNISLF0L6kmW7pjgOCz-gl-k-I_wadTD-b, targetNodeId: localhost-console1 - c.a.a.c.c.b.w.WebsocketNodeBridge.subscribe(155)
INFO  2026-08-06 03:07:07.776 [TOW I/O-3] Node management session established: 7f3eazyNISLF0L6kmW7pjgOCz-gl-k-I_wadTD-b (nodeId: localhost-console1) - c.a.a.c.c.b.w.WebsocketNodeBridge.established(163)
DEBUG 2026-08-06 03:08:21.974 [TOW I/O-3] Websocket session 7f3eazyNISLF0L6kmW7pjgOCz-gl-k-I_wadTD-b has been closed. Reason: CloseReason[1001] - c.a.a.c.c.b.w.WebsocketNodeBridge.doOnClose(110)
DEBUG 2026-08-06 03:08:21.975 [TOW I/O-3] Node management WebSocket session removed: 7f3eazyNISLF0L6kmW7pjgOCz-gl-k-I_wadTD-b (Total: 0) - c.a.a.c.c.b.w.WebsocketNodeBridge.onSessionRemoved(102)
DEBUG 2026-08-06 03:08:21.988 [TOW task-5] Session 1ljxb1af1vxkt2kna7rph5v6u0.cn0 in use, stopping timer, active requests=1 - c.a.c.c.session.ManagedSession.access(314)
DEBUG 2026-08-06 03:08:21.989 [TOW task-5] GET /console/appmon/dashboard/ HTTP/1.1 0:0:0:0:0:0:0:1 - c.a.w.s.DefaultWebService.service(87)
DEBUG 2026-08-06 03:08:21.989 [TOW task-5] Translet {name=/appmon/dashboard/${appsToSubscribe}, namePattern=/appmon/dashboard/*, responseRule={response={type=dispatch, name=appmon/dashboard, viewDispatcher={name=com.aspectran.thymeleaf.view.ThymeleafViewDispatcher@52026837}}}} - c.a.core.activity.CoreActivity.prepare(220)
DEBUG 2026-08-06 03:08:21.990 [TOW task-5] Advice {type=before, action={advice={method=com.aspectran.aspectow.console.auth.UserAuthAspect.checkAuthenticated(com.aspectran.core.activity.Translet)}}, order=1} - c.a.c.activity.AdviceActivity.executeAdvice(351)
DEBUG 2026-08-06 03:08:21.991 [TOW task-5] Advice {type=before, action={advice={method=com.aspectran.aspectow.console.auth.AccessControlAspect.checkPermission(com.aspectran.core.activity.Translet)}}, order=2} - c.a.c.activity.AdviceActivity.executeAdvice(351)
DEBUG 2026-08-06 03:08:21.992 [TOW task-5] Advice {type=before, action={header={headers=[X-Frame-Options, X-Content-Type-Options, X-XSS-Protection, Referrer-Policy]}}} - c.a.c.activity.AdviceActivity.executeAdvice(351)
DEBUG 2026-08-06 03:08:21.993 [TOW task-5] Advice {type=before, action={header={headers=[Content-Type, Content-Security-Policy]}}} - c.a.c.activity.AdviceActivity.executeAdvice(351)
DEBUG 2026-08-06 03:08:21.994 [TOW task-5] Advice {type=before, action={advice={method=com.aspectran.aspectow.console.common.aspect.DevCorsAdvice.process(com.aspectran.core.activity.Translet)}}} - c.a.c.activity.AdviceActivity.executeAdvice(351)
DEBUG 2026-08-06 03:08:21.994 [TOW task-5] Action {annotated={id=page, method=com.aspectran.aspectow.console.appmon.AppMonActivity.dashboard(java.lang.String)}} - c.a.core.activity.CoreActivity.execute(652)
DEBUG 2026-08-06 03:08:21.995 [TOW task-5] Response {type=dispatch, name=appmon/dashboard, viewDispatcher={name=com.aspectran.thymeleaf.view.ThymeleafViewDispatcher@52026837}} - c.a.c.a.r.d.DispatchResponse.respond(71)
DEBUG 2026-08-06 03:08:21.996 [TOW task-5] Dispatching to Thymeleaf template appmon/dashboard - c.a.t.v.ThymeleafViewDispatcher.dispatch(88)
DEBUG 2026-08-06 03:08:22.032 [TOW task-5] Session 1ljxb1af1vxkt2kna7rph5v6u0.cn0 complete, active requests=0 - c.a.c.c.session.ManagedSession.complete(334)
DEBUG 2026-08-06 03:08:22.239 [TOW task-5] Session 1ljxb1af1vxkt2kna7rph5v6u0.cn0 in use, stopping timer, active requests=1 - c.a.c.c.session.ManagedSession.access(314)
DEBUG 2026-08-06 03:08:22.240 [TOW task-5] GET /console/appmon/config/data HTTP/1.1 0:0:0:0:0:0:0:1 - c.a.w.s.DefaultWebService.service(87)
DEBUG 2026-08-06 03:08:22.241 [TOW task-5] Translet {name=/appmon/config/data, method=[GET], responseRule={response={type=transform, format=custom}}} - c.a.core.activity.CoreActivity.prepare(220)
DEBUG 2026-08-06 03:08:22.242 [TOW task-5] Advice {type=before, action={advice={method=com.aspectran.aspectow.console.auth.UserAuthAspect.checkAuthenticated(com.aspectran.core.activity.Translet)}}, order=1} - c.a.c.activity.AdviceActivity.executeAdvice(351)
DEBUG 2026-08-06 03:08:22.243 [TOW task-5] Advice {type=before, action={advice={method=com.aspectran.aspectow.console.auth.AccessControlAspect.checkPermission(com.aspectran.core.activity.Translet)}}, order=2} - c.a.c.activity.AdviceActivity.executeAdvice(351)
DEBUG 2026-08-06 03:08:22.244 [TOW task-5] Advice {type=before, action={header={headers=[X-Frame-Options, X-Content-Type-Options, X-XSS-Protection, Referrer-Policy]}}} - c.a.c.activity.AdviceActivity.executeAdvice(351)
DEBUG 2026-08-06 03:08:22.246 [TOW task-5] Advice {type=before, action={advice={method=com.aspectran.aspectow.console.common.aspect.DevCorsAdvice.process(com.aspectran.core.activity.Translet)}}} - c.a.c.activity.AdviceActivity.executeAdvice(351)
DEBUG 2026-08-06 03:08:22.246 [TOW task-5] Action {annotated={method=com.aspectran.aspectow.console.appmon.AppMonActivity.getConfigData(com.aspectran.core.activity.Translet, java.lang.String)}} - c.a.core.activity.CoreActivity.execute(652)
DEBUG 2026-08-06 03:08:22.300 [TOW task-5] Response com.aspectran.web.activity.response.DefaultRestResponse@3d2c3efc - c.a.c.a.r.t.CustomTransformResponse.respond(85)
DEBUG 2026-08-06 03:08:22.303 [TOW task-5] Session 1ljxb1af1vxkt2kna7rph5v6u0.cn0 complete, active requests=0 - c.a.c.c.session.ManagedSession.complete(334)
DEBUG 2026-08-06 03:08:22.405 [TOW task-5] Session 1ljxb1af1vxkt2kna7rph5v6u0.cn0 in use, stopping timer, active requests=1 - c.a.c.c.session.ManagedSession.access(314)
DEBUG 2026-08-06 03:08:22.408 [TOW task-5] WebSocket connection established for session qgB20hzrt4H5wiBtkOMzNnJfQfyLl9yZHO3-hOqA - c.a.a.a.e.r.w.WebsocketMessageRelayer.doOnOpen(74)
DEBUG 2026-08-06 03:08:22.408 [TOW task-5] Session 1ljxb1af1vxkt2kna7rph5v6u0.cn0 complete, active requests=0 - c.a.c.c.session.ManagedSession.complete(334)
DEBUG 2026-08-06 03:10:00.005 [AppmonScheduler_Worker-1] Translet {name=appmon/persist/counter/rollup.job} - c.a.core.activity.CoreActivity.prepare(220)
DEBUG 2026-08-06 03:10:00.005 [AppmonScheduler_Worker-1] Action {annotated={method=com.aspectran.aspectow.appmon.engine.schedule.CounterPersistSchedule.rollup()}} - c.a.core.activity.CoreActivity.execute(652)
DEBUG 2026-08-06 03:12:31.253 [TOW I/O-3] Websocket session qgB20hzrt4H5wiBtkOMzNnJfQfyLl9yZHO3-hOqA has been closed. Reason: CloseReason[1001] - c.a.a.a.e.r.w.WebsocketMessageRelayer.doOnClose(110)
DEBUG 2026-08-06 03:12:31.356 [TOW task-5] Session 1ljxb1af1vxkt2kna7rph5v6u0.cn0 in use, stopping timer, active requests=1 - c.a.c.c.session.ManagedSession.access(314)
DEBUG 2026-08-06 03:12:31.356 [TOW task-5] GET /console/cluster/scheduler/ HTTP/1.1 0:0:0:0:0:0:0:1 - c.a.w.s.DefaultWebService.service(87)
DEBUG 2026-08-06 03:12:31.357 [TOW task-5] Translet {name=/cluster/scheduler/, responseRule={response={type=dispatch, name=cluster/scheduler}}} - c.a.core.activity.CoreActivity.prepare(220)
DEBUG 2026-08-06 03:12:31.357 [TOW task-5] Advice {type=before, action={advice={method=com.aspectran.aspectow.console.auth.UserAuthAspect.checkAuthenticated(com.aspectran.core.activity.Translet)}}, order=1} - c.a.c.activity.AdviceActivity.executeAdvice(351)
DEBUG 2026-08-06 03:12:31.358 [TOW task-5] Advice {type=before, action={advice={method=com.aspectran.aspectow.console.auth.AccessControlAspect.checkPermission(com.aspectran.core.activity.Translet)}}, order=2} - c.a.c.activity.AdviceActivity.executeAdvice(351)
DEBUG 2026-08-06 03:12:31.358 [TOW task-5] Advice {type=before, action={header={headers=[X-Frame-Options, X-Content-Type-Options, X-XSS-Protection, Referrer-Policy]}}} - c.a.c.activity.AdviceActivity.executeAdvice(351)
DEBUG 2026-08-06 03:12:31.359 [TOW task-5] Advice {type=before, action={header={headers=[Content-Type, Content-Security-Policy]}}} - c.a.c.activity.AdviceActivity.executeAdvice(351)
DEBUG 2026-08-06 03:12:31.360 [TOW task-5] Action {annotated={id=page, method=com.aspectran.aspectow.console.scheduler.SchedulerActivity.scheduler(com.aspectran.core.activity.Translet, java.lang.String)}} - c.a.core.activity.CoreActivity.execute(652)
DEBUG 2026-08-06 03:12:31.375 [TOW task-5] Response {type=dispatch, name=cluster/scheduler} - c.a.c.a.r.d.DispatchResponse.respond(71)
DEBUG 2026-08-06 03:12:31.375 [TOW task-5] Dispatching to Thymeleaf template cluster/scheduler - c.a.t.v.ThymeleafViewDispatcher.dispatch(88)
DEBUG 2026-08-06 03:12:31.417 [TOW task-5] Session 1ljxb1af1vxkt2kna7rph5v6u0.cn0 complete, active requests=0 - c.a.c.c.session.ManagedSession.complete(334)
DEBUG 2026-08-06 03:12:31.837 [TOW task-5] Session 1ljxb1af1vxkt2kna7rph5v6u0.cn0 in use, stopping timer, active requests=1 - c.a.c.c.session.ManagedSession.access(314)
DEBUG 2026-08-06 03:12:31.838 [TOW task-5] GET /console/cluster/token HTTP/1.1 0:0:0:0:0:0:0:1 - c.a.w.s.DefaultWebService.service(87)
DEBUG 2026-08-06 03:12:31.839 [TOW task-5] Translet {name=/cluster/token, responseRule={response={type=transform, format=custom}}} - c.a.core.activity.CoreActivity.prepare(220)
DEBUG 2026-08-06 03:12:31.840 [TOW task-5] Advice {type=before, action={advice={method=com.aspectran.aspectow.console.auth.UserAuthAspect.checkAuthenticated(com.aspectran.core.activity.Translet)}}, order=1} - c.a.c.activity.AdviceActivity.executeAdvice(351)
DEBUG 2026-08-06 03:12:31.841 [TOW task-5] Advice {type=before, action={advice={method=com.aspectran.aspectow.console.auth.AccessControlAspect.checkPermission(com.aspectran.core.activity.Translet)}}, order=2} - c.a.c.activity.AdviceActivity.executeAdvice(351)
DEBUG 2026-08-06 03:12:31.842 [TOW task-5] Advice {type=before, action={header={headers=[X-Frame-Options, X-Content-Type-Options, X-XSS-Protection, Referrer-Policy]}}} - c.a.c.activity.AdviceActivity.executeAdvice(351)
DEBUG 2026-08-06 03:12:31.843 [TOW task-5] Action {annotated={method=com.aspectran.aspectow.console.cluster.ClusterActivity.refreshToken(com.aspectran.core.activity.Translet)}} - c.a.core.activity.CoreActivity.execute(652)
DEBUG 2026-08-06 03:12:31.844 [TOW task-5] Response {success=true, data=sE-3kqIm5qGfZLpSVQ4XcDEWoI1QpFqqB55q8YJea6Yci_BxXQVyAOG5z5kiuO7b3mIeBhib4hA} - c.a.c.a.r.t.CustomTransformResponse.respond(85)
DEBUG 2026-08-06 03:12:31.846 [TOW task-5] Session 1ljxb1af1vxkt2kna7rph5v6u0.cn0 complete, active requests=0 - c.a.c.c.session.ManagedSession.complete(334)
DEBUG 2026-08-06 03:12:31.932 [TOW task-5] Session 1ljxb1af1vxkt2kna7rph5v6u0.cn0 in use, stopping timer, active requests=1 - c.a.c.c.session.ManagedSession.access(314)
DEBUG 2026-08-06 03:12:31.933 [TOW task-5] GET /console/cluster/token HTTP/1.1 0:0:0:0:0:0:0:1 - c.a.w.s.DefaultWebService.service(87)
DEBUG 2026-08-06 03:12:31.933 [TOW task-5] Translet {name=/cluster/token, responseRule={response={type=transform, format=custom}}} - c.a.core.activity.CoreActivity.prepare(220)
DEBUG 2026-08-06 03:12:31.934 [TOW task-5] Advice {type=before, action={advice={method=com.aspectran.aspectow.console.auth.UserAuthAspect.checkAuthenticated(com.aspectran.core.activity.Translet)}}, order=1} - c.a.c.activity.AdviceActivity.executeAdvice(351)
DEBUG 2026-08-06 03:12:31.935 [TOW task-5] Advice {type=before, action={advice={method=com.aspectran.aspectow.console.auth.AccessControlAspect.checkPermission(com.aspectran.core.activity.Translet)}}, order=2} - c.a.c.activity.AdviceActivity.executeAdvice(351)
DEBUG 2026-08-06 03:12:31.936 [TOW task-5] Advice {type=before, action={header={headers=[X-Frame-Options, X-Content-Type-Options, X-XSS-Protection, Referrer-Policy]}}} - c.a.c.activity.AdviceActivity.executeAdvice(351)
DEBUG 2026-08-06 03:12:31.937 [TOW task-5] Action {annotated={method=com.aspectran.aspectow.console.cluster.ClusterActivity.refreshToken(com.aspectran.core.activity.Translet)}} - c.a.core.activity.CoreActivity.execute(652)
DEBUG 2026-08-06 03:12:31.938 [TOW task-5] Response {success=true, data=d40K4jnLswJLja4vD4VC9Y2X8-UJI61plW2pjVm__sMktENq91u7G642KAQtvq0SdUpqvTzKb8g} - c.a.c.a.r.t.CustomTransformResponse.respond(85)
DEBUG 2026-08-06 03:12:31.940 [TOW task-5] Session 1ljxb1af1vxkt2kna7rph5v6u0.cn0 complete, active requests=0 - c.a.c.c.session.ManagedSession.complete(334)
DEBUG 2026-08-06 03:12:31.953 [TOW task-5] Session 1ljxb1af1vxkt2kna7rph5v6u0.cn0 in use, stopping timer, active requests=1 - c.a.c.c.session.ManagedSession.access(314)
DEBUG 2026-08-06 03:12:31.956 [TOW task-5] WebSocket connection established for session dTRYsLLImgkO_PZ4YnhQax-vtrXi9WusQu4ThPlM - c.a.a.c.s.b.w.WebsocketSchedulerBridge.doOnOpen(74)
DEBUG 2026-08-06 03:12:31.957 [TOW task-5] Session 1ljxb1af1vxkt2kna7rph5v6u0.cn0 complete, active requests=0 - c.a.c.c.session.ManagedSession.complete(334)
DEBUG 2026-08-06 03:12:31.991 [TOW I/O-4] Discovering scheduler log files in: /home/aspectran/projects/public/aspectow-demo-console/app/logs - c.a.a.n.m.s.RemoteSchedulerManager.discoverLogFiles(238)
INFO  2026-08-06 03:12:31.991 [TOW I/O-4] Discovered scheduler log file: /home/aspectran/projects/public/aspectow-demo-console/app/logs/console-scheduler.log - c.a.a.n.m.s.RemoteSchedulerManager.discoverLogFiles(251)
DEBUG 2026-08-06 03:12:31.996 [TOW I/O-4] com.aspectran.aspectow.node.management.scheduler.log.SchedulerLogExporter@12402ec2 is STARTING - c.a.u.l.AbstractLifeCycle.setStarting(183)
INFO  2026-08-06 03:12:32.020 [TOW I/O-4] Started tailing scheduler log file: /home/aspectran/projects/public/aspectow-demo-console/app/logs/console-scheduler.log - c.a.a.n.m.s.l.SchedulerLogExporter.doStart(328)
DEBUG 2026-08-06 03:12:32.021 [TOW I/O-4] com.aspectran.aspectow.node.management.scheduler.log.SchedulerLogExporter@12402ec2 is STARTED - c.a.u.l.AbstractLifeCycle.setStarted(193)
DEBUG 2026-08-06 03:12:32.031 [TOW I/O-4] ConsoleClient joined scheduler management: session dTRYsLLImgkO_PZ4YnhQax-vtrXi9WusQu4ThPlM, targetNodeId: localhost-console1 - c.a.a.c.s.b.w.WebsocketSchedulerBridge.subscribe(153)
DEBUG 2026-08-06 03:12:32.039 [TOW I/O-4] Scheduler request dispatched to node localhost: services - c.a.a.n.m.s.RemoteSchedulerManager.dispatch(321)
DEBUG 2026-08-06 03:12:32.040 [TOW I/O-4] Executing local scheduler request: services - c.a.a.n.m.s.RemoteSchedulerManager.process(297)
DEBUG 2026-08-06 03:12:32.045 [TOW I/O-4] Collected scheduler list from 1 active services - c.a.a.n.m.s.LocalSchedulerService.getSchedulesAsJson(75)
DEBUG 2026-08-06 03:12:32.055 [TOW I/O-4] Scheduler management session established: session dTRYsLLImgkO_PZ4YnhQax-vtrXi9WusQu4ThPlM - c.a.a.c.s.b.w.WebsocketSchedulerBridge.established(162)
DEBUG 2026-08-06 03:12:38.247 [TOW I/O-4] Websocket session dTRYsLLImgkO_PZ4YnhQax-vtrXi9WusQu4ThPlM has been closed. Reason: CloseReason[1001] - c.a.a.c.s.b.w.WebsocketSchedulerBridge.doOnClose(110)
DEBUG 2026-08-06 03:12:38.248 [TOW I/O-4] com.aspectran.aspectow.node.management.scheduler.log.SchedulerLogExporter@12402ec2 is STOPPING - c.a.u.l.AbstractLifeCycle.setStopping(203)
INFO  2026-08-06 03:12:38.249 [TOW I/O-4] Stopped tailing scheduler log file: /home/aspectran/projects/public/aspectow-demo-console/app/logs/console-scheduler.log - c.a.a.n.m.s.l.SchedulerLogExporter.doStop(343)
DEBUG 2026-08-06 03:12:38.249 [TOW I/O-4] com.aspectran.aspectow.node.management.scheduler.log.SchedulerLogExporter@12402ec2 is STOPPED - c.a.u.l.AbstractLifeCycle.setStopped(213)
DEBUG 2026-08-06 03:12:38.261 [TOW I/O-4] Scheduler WebSocket session removed: dTRYsLLImgkO_PZ4YnhQax-vtrXi9WusQu4ThPlM - c.a.a.c.s.b.w.WebsocketSchedulerBridge.onSessionRemoved(132)
DEBUG 2026-08-06 03:12:38.262 [TOW task-5] Session 1ljxb1af1vxkt2kna7rph5v6u0.cn0 in use, stopping timer, active requests=1 - c.a.c.c.session.ManagedSession.access(314)
DEBUG 2026-08-06 03:12:38.263 [TOW task-5] GET /console/user/audit-log HTTP/1.1 0:0:0:0:0:0:0:1 - c.a.w.s.DefaultWebService.service(87)
DEBUG 2026-08-06 03:12:38.264 [TOW task-5] Translet {name=/user/audit-log, responseRule={response={type=dispatch, name=user/audit-log}}} - c.a.core.activity.CoreActivity.prepare(220)
DEBUG 2026-08-06 03:12:38.265 [TOW task-5] Advice {type=before, action={advice={method=com.aspectran.aspectow.console.auth.UserAuthAspect.checkAuthenticated(com.aspectran.core.activity.Translet)}}, order=1} - c.a.c.activity.AdviceActivity.executeAdvice(351)
DEBUG 2026-08-06 03:12:38.265 [TOW task-5] Advice {type=before, action={advice={method=com.aspectran.aspectow.console.auth.AccessControlAspect.checkPermission(com.aspectran.core.activity.Translet)}}, order=2} - c.a.c.activity.AdviceActivity.executeAdvice(351)
DEBUG 2026-08-06 03:12:38.266 [TOW task-5] Advice {type=before, action={header={headers=[X-Frame-Options, X-Content-Type-Options, X-XSS-Protection, Referrer-Policy]}}} - c.a.c.activity.AdviceActivity.executeAdvice(351)
DEBUG 2026-08-06 03:12:38.267 [TOW task-5] Advice {type=before, action={header={headers=[Content-Type, Content-Security-Policy]}}} - c.a.c.activity.AdviceActivity.executeAdvice(351)
DEBUG 2026-08-06 03:12:38.268 [TOW task-5] Action {annotated={id=page, method=com.aspectran.aspectow.console.user.UserManagementActivity.auditLog(com.aspectran.core.activity.Translet, java.lang.String, java.lang.String)}} - c.a.core.activity.CoreActivity.execute(652)
DEBUG 2026-08-06 03:12:38.269 [TOW task-5] Advice {type=before, instance=com.aspectran.mybatis.SqlSessionAdviceRegister$$Lambda/0x000000008f618ef0@14590fe2, order=0} - c.a.c.activity.AdviceActivity.executeAdvice(351)
DEBUG 2026-08-06 03:12:38.271 [TOW task-5] Open DefaultSqlSession@732b4c0e {executorType=SIMPLE, autoCommit=false, readOnly=false} - c.a.mybatis.SqlSessionAdvice.doOpen(239)
DEBUG 2026-08-06 03:12:38.272 [TOW task-5] Cache Hit Ratio [com.aspectran.aspectow.console.common.db.mapper.AccountMapper]: 0.0 - c.a.a.c.c.d.m.AccountMapper.getObject(60)
DEBUG 2026-08-06 03:12:38.281 [TOW task-5] ==>  Preparing: select * from asc_audit_log order by audit_id desc limit ? offset ? - c.a.a.c.c.d.m.A.getAuditLogList.debug(135)
DEBUG 2026-08-06 03:12:38.282 [TOW task-5] ==> Parameters: 24(Integer), 0(Long) - c.a.a.c.c.d.m.A.getAuditLogList.debug(135)
DEBUG 2026-08-06 03:12:38.294 [TOW task-5] <==      Total: 1 - c.a.a.c.c.d.m.A.getAuditLogList.debug(135)
DEBUG 2026-08-06 03:12:38.295 [TOW task-5] Response {type=dispatch, name=user/audit-log} - c.a.c.a.r.d.DispatchResponse.respond(71)
DEBUG 2026-08-06 03:12:38.296 [TOW task-5] Dispatching to Thymeleaf template user/audit-log - c.a.t.v.ThymeleafViewDispatcher.dispatch(88)
DEBUG 2026-08-06 03:12:38.331 [TOW task-5] Advice {type=after, instance=com.aspectran.mybatis.SqlSessionAdviceRegister$$Lambda/0x000000008f619150@5922cff3, order=0} - c.a.c.activity.AdviceActivity.executeAdvice(351)
DEBUG 2026-08-06 03:12:38.332 [TOW task-5] Commit transaction for DefaultSqlSession@732b4c0e - c.a.mybatis.SqlSessionAdvice.commit(257)
DEBUG 2026-08-06 03:12:38.334 [TOW task-5] Advice {type=finally, instance=com.aspectran.mybatis.SqlSessionAdviceRegister$$Lambda/0x000000008f619610@2299d903, order=0} - c.a.c.activity.AdviceActivity.executeAdvice(351)
DEBUG 2026-08-06 03:12:38.341 [TOW task-5] Close DefaultSqlSession@732b4c0e - c.a.mybatis.SqlSessionAdvice.close(351)
DEBUG 2026-08-06 03:12:38.342 [TOW task-5] Session 1ljxb1af1vxkt2kna7rph5v6u0.cn0 complete, active requests=0 - c.a.c.c.session.ManagedSession.complete(334)
DEBUG 2026-08-06 03:12:48.158 [TOW task-5] Session 1ljxb1af1vxkt2kna7rph5v6u0.cn0 in use, stopping timer, active requests=1 - c.a.c.c.session.ManagedSession.access(314)
DEBUG 2026-08-06 03:12:48.159 [TOW task-5] GET /console/appmon/dashboard/ HTTP/1.1 0:0:0:0:0:0:0:1 - c.a.w.s.DefaultWebService.service(87)
DEBUG 2026-08-06 03:12:48.160 [TOW task-5] Translet {name=/appmon/dashboard/${appsToSubscribe}, namePattern=/appmon/dashboard/*, responseRule={response={type=dispatch, name=appmon/dashboard, viewDispatcher={name=com.aspectran.thymeleaf.view.ThymeleafViewDispatcher@52026837}}}} - c.a.core.activity.CoreActivity.prepare(220)
DEBUG 2026-08-06 03:12:48.161 [TOW task-5] Advice {type=before, action={advice={method=com.aspectran.aspectow.console.auth.UserAuthAspect.checkAuthenticated(com.aspectran.core.activity.Translet)}}, order=1} - c.a.c.activity.AdviceActivity.executeAdvice(351)
DEBUG 2026-08-06 03:12:48.162 [TOW task-5] Advice {type=before, action={advice={method=com.aspectran.aspectow.console.auth.AccessControlAspect.checkPermission(com.aspectran.core.activity.Translet)}}, order=2} - c.a.c.activity.AdviceActivity.executeAdvice(351)
DEBUG 2026-08-06 03:12:48.162 [TOW task-5] Advice {type=before, action={header={headers=[X-Frame-Options, X-Content-Type-Options, X-XSS-Protection, Referrer-Policy]}}} - c.a.c.activity.AdviceActivity.executeAdvice(351)
DEBUG 2026-08-06 03:12:48.163 [TOW task-5] Advice {type=before, action={header={headers=[Content-Type, Content-Security-Policy]}}} - c.a.c.activity.AdviceActivity.executeAdvice(351)
DEBUG 2026-08-06 03:12:48.164 [TOW task-5] Advice {type=before, action={advice={method=com.aspectran.aspectow.console.common.aspect.DevCorsAdvice.process(com.aspectran.core.activity.Translet)}}} - c.a.c.activity.AdviceActivity.executeAdvice(351)
DEBUG 2026-08-06 03:12:48.164 [TOW task-5] Action {annotated={id=page, method=com.aspectran.aspectow.console.appmon.AppMonActivity.dashboard(java.lang.String)}} - c.a.core.activity.CoreActivity.execute(652)
DEBUG 2026-08-06 03:12:48.165 [TOW task-5] Response {type=dispatch, name=appmon/dashboard, viewDispatcher={name=com.aspectran.thymeleaf.view.ThymeleafViewDispatcher@52026837}} - c.a.c.a.r.d.DispatchResponse.respond(71)
DEBUG 2026-08-06 03:12:48.165 [TOW task-5] Dispatching to Thymeleaf template appmon/dashboard - c.a.t.v.ThymeleafViewDispatcher.dispatch(88)
DEBUG 2026-08-06 03:12:48.199 [TOW task-5] Session 1ljxb1af1vxkt2kna7rph5v6u0.cn0 complete, active requests=0 - c.a.c.c.session.ManagedSession.complete(334)
DEBUG 2026-08-06 03:12:48.412 [TOW task-5] Session 1ljxb1af1vxkt2kna7rph5v6u0.cn0 in use, stopping timer, active requests=1 - c.a.c.c.session.ManagedSession.access(314)
DEBUG 2026-08-06 03:12:48.413 [TOW task-5] GET /console/appmon/config/data HTTP/1.1 0:0:0:0:0:0:0:1 - c.a.w.s.DefaultWebService.service(87)
DEBUG 2026-08-06 03:12:48.414 [TOW task-5] Translet {name=/appmon/config/data, method=[GET], responseRule={response={type=transform, format=custom}}} - c.a.core.activity.CoreActivity.prepare(220)
DEBUG 2026-08-06 03:12:48.415 [TOW task-5] Advice {type=before, action={advice={method=com.aspectran.aspectow.console.auth.UserAuthAspect.checkAuthenticated(com.aspectran.core.activity.Translet)}}, order=1} - c.a.c.activity.AdviceActivity.executeAdvice(351)
DEBUG 2026-08-06 03:12:48.416 [TOW task-5] Advice {type=before, action={advice={method=com.aspectran.aspectow.console.auth.AccessControlAspect.checkPermission(com.aspectran.core.activity.Translet)}}, order=2} - c.a.c.activity.AdviceActivity.executeAdvice(351)
DEBUG 2026-08-06 03:12:48.417 [TOW task-5] Advice {type=before, action={header={headers=[X-Frame-Options, X-Content-Type-Options, X-XSS-Protection, Referrer-Policy]}}} - c.a.c.activity.AdviceActivity.executeAdvice(351)
DEBUG 2026-08-06 03:12:48.417 [TOW task-5] Advice {type=before, action={advice={method=com.aspectran.aspectow.console.common.aspect.DevCorsAdvice.process(com.aspectran.core.activity.Translet)}}} - c.a.c.activity.AdviceActivity.executeAdvice(351)
DEBUG 2026-08-06 03:12:48.418 [TOW task-5] Action {annotated={method=com.aspectran.aspectow.console.appmon.AppMonActivity.getConfigData(com.aspectran.core.activity.Translet, java.lang.String)}} - c.a.core.activity.CoreActivity.execute(652)
DEBUG 2026-08-06 03:12:48.466 [TOW task-5] Response com.aspectran.web.activity.response.DefaultRestResponse@731bb39 - c.a.c.a.r.t.CustomTransformResponse.respond(85)
DEBUG 2026-08-06 03:12:48.469 [TOW task-5] Session 1ljxb1af1vxkt2kna7rph5v6u0.cn0 complete, active requests=0 - c.a.c.c.session.ManagedSession.complete(334)
DEBUG 2026-08-06 03:12:48.515 [TOW task-5] Session 1ljxb1af1vxkt2kna7rph5v6u0.cn0 in use, stopping timer, active requests=1 - c.a.c.c.session.ManagedSession.access(314)
DEBUG 2026-08-06 03:12:48.518 [TOW task-5] WebSocket connection established for session A6LeLT3vrZrg7u3EjfO843XF0Is_EzCQAdMH4ZWs - c.a.a.a.e.r.w.WebsocketMessageRelayer.doOnOpen(74)
DEBUG 2026-08-06 03:12:48.519 [TOW task-5] Session 1ljxb1af1vxkt2kna7rph5v6u0.cn0 complete, active requests=0 - c.a.c.c.session.ManagedSession.complete(334)
DEBUG 2026-08-06 03:12:54.293 [TOW I/O-4] Websocket session A6LeLT3vrZrg7u3EjfO843XF0Is_EzCQAdMH4ZWs has been closed. Reason: CloseReason[1001] - c.a.a.a.e.r.w.WebsocketMessageRelayer.doOnClose(110)
DEBUG 2026-08-06 03:12:54.303 [TOW task-5] Session 1ljxb1af1vxkt2kna7rph5v6u0.cn0 in use, stopping timer, active requests=1 - c.a.c.c.session.ManagedSession.access(314)
DEBUG 2026-08-06 03:12:54.304 [TOW task-5] GET /console/cluster/commands/ HTTP/1.1 0:0:0:0:0:0:0:1 - c.a.w.s.DefaultWebService.service(87)
DEBUG 2026-08-06 03:12:54.304 [TOW task-5] Translet {name=/cluster/commands/, responseRule={response={type=dispatch, name=cluster/commands}}} - c.a.core.activity.CoreActivity.prepare(220)
DEBUG 2026-08-06 03:12:54.305 [TOW task-5] Advice {type=before, action={advice={method=com.aspectran.aspectow.console.auth.UserAuthAspect.checkAuthenticated(com.aspectran.core.activity.Translet)}}, order=1} - c.a.c.activity.AdviceActivity.executeAdvice(351)
DEBUG 2026-08-06 03:12:54.305 [TOW task-5] Advice {type=before, action={advice={method=com.aspectran.aspectow.console.auth.AccessControlAspect.checkPermission(com.aspectran.core.activity.Translet)}}, order=2} - c.a.c.activity.AdviceActivity.executeAdvice(351)
DEBUG 2026-08-06 03:12:54.306 [TOW task-5] Advice {type=before, action={header={headers=[X-Frame-Options, X-Content-Type-Options, X-XSS-Protection, Referrer-Policy]}}} - c.a.c.activity.AdviceActivity.executeAdvice(351)
DEBUG 2026-08-06 03:12:54.307 [TOW task-5] Advice {type=before, action={header={headers=[Content-Type, Content-Security-Policy]}}} - c.a.c.activity.AdviceActivity.executeAdvice(351)
DEBUG 2026-08-06 03:12:54.307 [TOW task-5] Action {annotated={id=page, method=com.aspectran.aspectow.console.commands.RemoteCommandsActivity.commands(java.lang.String)}} - c.a.core.activity.CoreActivity.execute(652)
DEBUG 2026-08-06 03:12:54.374 [TOW task-5] Response {type=dispatch, name=cluster/commands} - c.a.c.a.r.d.DispatchResponse.respond(71)
DEBUG 2026-08-06 03:12:54.375 [TOW task-5] Dispatching to Thymeleaf template cluster/commands - c.a.t.v.ThymeleafViewDispatcher.dispatch(88)
DEBUG 2026-08-06 03:12:54.414 [TOW task-5] Session 1ljxb1af1vxkt2kna7rph5v6u0.cn0 complete, active requests=0 - c.a.c.c.session.ManagedSession.complete(334)
DEBUG 2026-08-06 03:12:56.128 [TOW task-6] Session 1ljxb1af1vxkt2kna7rph5v6u0.cn0 in use, stopping timer, active requests=1 - c.a.c.c.session.ManagedSession.access(314)
DEBUG 2026-08-06 03:12:56.129 [TOW task-6] GET /console/cluster/token HTTP/1.1 0:0:0:0:0:0:0:1 - c.a.w.s.DefaultWebService.service(87)
DEBUG 2026-08-06 03:12:56.130 [TOW task-6] Translet {name=/cluster/token, responseRule={response={type=transform, format=custom}}} - c.a.core.activity.CoreActivity.prepare(220)
DEBUG 2026-08-06 03:12:56.131 [TOW task-6] Advice {type=before, action={advice={method=com.aspectran.aspectow.console.auth.UserAuthAspect.checkAuthenticated(com.aspectran.core.activity.Translet)}}, order=1} - c.a.c.activity.AdviceActivity.executeAdvice(351)
DEBUG 2026-08-06 03:12:56.132 [TOW task-6] Advice {type=before, action={advice={method=com.aspectran.aspectow.console.auth.AccessControlAspect.checkPermission(com.aspectran.core.activity.Translet)}}, order=2} - c.a.c.activity.AdviceActivity.executeAdvice(351)
DEBUG 2026-08-06 03:12:56.133 [TOW task-6] Advice {type=before, action={header={headers=[X-Frame-Options, X-Content-Type-Options, X-XSS-Protection, Referrer-Policy]}}} - c.a.c.activity.AdviceActivity.executeAdvice(351)
DEBUG 2026-08-06 03:12:56.134 [TOW task-6] Action {annotated={method=com.aspectran.aspectow.console.cluster.ClusterActivity.refreshToken(com.aspectran.core.activity.Translet)}} - c.a.core.activity.CoreActivity.execute(652)
DEBUG 2026-08-06 03:12:56.135 [TOW task-6] Response {success=true, data=KCabT4-2Ud0EUOzrcKLkyrLsxZufwRZxtNIjNDP2PBn0kfTUAwiZg_lyTbcRvsTbhQ1QK_YvfFw} - c.a.c.a.r.t.CustomTransformResponse.respond(85)
DEBUG 2026-08-06 03:12:56.137 [TOW task-6] Session 1ljxb1af1vxkt2kna7rph5v6u0.cn0 complete, active requests=0 - c.a.c.c.session.ManagedSession.complete(334)
DEBUG 2026-08-06 03:12:56.167 [TOW task-6] Session 1ljxb1af1vxkt2kna7rph5v6u0.cn0 in use, stopping timer, active requests=1 - c.a.c.c.session.ManagedSession.access(314)
DEBUG 2026-08-06 03:12:56.168 [TOW task-6] GET /console/cluster/token HTTP/1.1 0:0:0:0:0:0:0:1 - c.a.w.s.DefaultWebService.service(87)
DEBUG 2026-08-06 03:12:56.168 [TOW task-6] Translet {name=/cluster/token, responseRule={response={type=transform, format=custom}}} - c.a.core.activity.CoreActivity.prepare(220)
DEBUG 2026-08-06 03:12:56.169 [TOW task-6] Advice {type=before, action={advice={method=com.aspectran.aspectow.console.auth.UserAuthAspect.checkAuthenticated(com.aspectran.core.activity.Translet)}}, order=1} - c.a.c.activity.AdviceActivity.executeAdvice(351)
DEBUG 2026-08-06 03:12:56.169 [TOW task-6] Advice {type=before, action={advice={method=com.aspectran.aspectow.console.auth.AccessControlAspect.checkPermission(com.aspectran.core.activity.Translet)}}, order=2} - c.a.c.activity.AdviceActivity.executeAdvice(351)
DEBUG 2026-08-06 03:12:56.170 [TOW task-6] Advice {type=before, action={header={headers=[X-Frame-Options, X-Content-Type-Options, X-XSS-Protection, Referrer-Policy]}}} - c.a.c.activity.AdviceActivity.executeAdvice(351)
DEBUG 2026-08-06 03:12:56.170 [TOW task-6] Action {annotated={method=com.aspectran.aspectow.console.cluster.ClusterActivity.refreshToken(com.aspectran.core.activity.Translet)}} - c.a.core.activity.CoreActivity.execute(652)
DEBUG 2026-08-06 03:12:56.172 [TOW task-6] Response {success=true, data=aHMtlTVbkPVtDhAc-sPOpHeXOKh1kI9aWIWB5SlaHYZLKEPqYJ_ikdqfJOOX1WQC15mtoqvozQ8} - c.a.c.a.r.t.CustomTransformResponse.respond(85)
DEBUG 2026-08-06 03:12:56.173 [TOW task-6] Session 1ljxb1af1vxkt2kna7rph5v6u0.cn0 complete, active requests=0 - c.a.c.c.session.ManagedSession.complete(334)
DEBUG 2026-08-06 03:12:56.193 [TOW task-6] Session 1ljxb1af1vxkt2kna7rph5v6u0.cn0 in use, stopping timer, active requests=1 - c.a.c.c.session.ManagedSession.access(314)
DEBUG 2026-08-06 03:12:56.196 [TOW task-6] WebSocket connection established for session JYRhVvvqO8w09MpRBOaCVneBQGpoyMBxEvKeX_RA - c.a.a.c.c.b.w.WebsocketCommandBridge.doOnOpen(74)
DEBUG 2026-08-06 03:12:56.197 [TOW task-6] Session 1ljxb1af1vxkt2kna7rph5v6u0.cn0 complete, active requests=0 - c.a.c.c.session.ManagedSession.complete(334)
DEBUG 2026-08-06 03:12:56.215 [TOW I/O-1] ConsoleClient joined remote command management: session JYRhVvvqO8w09MpRBOaCVneBQGpoyMBxEvKeX_RA, targetNodeId: localhost-console1 - c.a.a.c.c.b.w.WebsocketCommandBridge.subscribe(166)
DEBUG 2026-08-06 03:13:25.290 [TOW I/O-1] Websocket session JYRhVvvqO8w09MpRBOaCVneBQGpoyMBxEvKeX_RA has been closed. Reason: CloseReason[1001] - c.a.a.c.c.b.w.WebsocketCommandBridge.doOnClose(110)
DEBUG 2026-08-06 03:13:25.291 [TOW I/O-1] Remote command WebSocket session removed: JYRhVvvqO8w09MpRBOaCVneBQGpoyMBxEvKeX_RA (Total: 0) - c.a.a.c.c.b.w.WebsocketCommandBridge.onSessionRemoved(142)
DEBUG 2026-08-06 03:13:25.304 [TOW task-6] Session 1ljxb1af1vxkt2kna7rph5v6u0.cn0 in use, stopping timer, active requests=1 - c.a.c.c.session.ManagedSession.access(314)
DEBUG 2026-08-06 03:13:25.305 [TOW task-6] GET /console/appmon/dashboard/ HTTP/1.1 0:0:0:0:0:0:0:1 - c.a.w.s.DefaultWebService.service(87)
DEBUG 2026-08-06 03:13:25.305 [TOW task-6] Translet {name=/appmon/dashboard/${appsToSubscribe}, namePattern=/appmon/dashboard/*, responseRule={response={type=dispatch, name=appmon/dashboard, viewDispatcher={name=com.aspectran.thymeleaf.view.ThymeleafViewDispatcher@52026837}}}} - c.a.core.activity.CoreActivity.prepare(220)
DEBUG 2026-08-06 03:13:25.306 [TOW task-6] Advice {type=before, action={advice={method=com.aspectran.aspectow.console.auth.UserAuthAspect.checkAuthenticated(com.aspectran.core.activity.Translet)}}, order=1} - c.a.c.activity.AdviceActivity.executeAdvice(351)
DEBUG 2026-08-06 03:13:25.307 [TOW task-6] Advice {type=before, action={advice={method=com.aspectran.aspectow.console.auth.AccessControlAspect.checkPermission(com.aspectran.core.activity.Translet)}}, order=2} - c.a.c.activity.AdviceActivity.executeAdvice(351)
DEBUG 2026-08-06 03:13:25.307 [TOW task-6] Advice {type=before, action={header={headers=[X-Frame-Options, X-Content-Type-Options, X-XSS-Protection, Referrer-Policy]}}} - c.a.c.activity.AdviceActivity.executeAdvice(351)
DEBUG 2026-08-06 03:13:25.308 [TOW task-6] Advice {type=before, action={header={headers=[Content-Type, Content-Security-Policy]}}} - c.a.c.activity.AdviceActivity.executeAdvice(351)
DEBUG 2026-08-06 03:13:25.309 [TOW task-6] Advice {type=before, action={advice={method=com.aspectran.aspectow.console.common.aspect.DevCorsAdvice.process(com.aspectran.core.activity.Translet)}}} - c.a.c.activity.AdviceActivity.executeAdvice(351)
DEBUG 2026-08-06 03:13:25.310 [TOW task-6] Action {annotated={id=page, method=com.aspectran.aspectow.console.appmon.AppMonActivity.dashboard(java.lang.String)}} - c.a.core.activity.CoreActivity.execute(652)
DEBUG 2026-08-06 03:13:25.310 [TOW task-6] Response {type=dispatch, name=appmon/dashboard, viewDispatcher={name=com.aspectran.thymeleaf.view.ThymeleafViewDispatcher@52026837}} - c.a.c.a.r.d.DispatchResponse.respond(71)
DEBUG 2026-08-06 03:13:25.311 [TOW task-6] Dispatching to Thymeleaf template appmon/dashboard - c.a.t.v.ThymeleafViewDispatcher.dispatch(88)
DEBUG 2026-08-06 03:13:25.347 [TOW task-6] Session 1ljxb1af1vxkt2kna7rph5v6u0.cn0 complete, active requests=0 - c.a.c.c.session.ManagedSession.complete(334)
DEBUG 2026-08-06 03:13:25.576 [TOW task-5] Session 1ljxb1af1vxkt2kna7rph5v6u0.cn0 in use, stopping timer, active requests=1 - c.a.c.c.session.ManagedSession.access(314)
DEBUG 2026-08-06 03:13:25.577 [TOW task-5] GET /console/appmon/config/data HTTP/1.1 0:0:0:0:0:0:0:1 - c.a.w.s.DefaultWebService.service(87)
DEBUG 2026-08-06 03:13:25.577 [TOW task-5] Translet {name=/appmon/config/data, method=[GET], responseRule={response={type=transform, format=custom}}} - c.a.core.activity.CoreActivity.prepare(220)
DEBUG 2026-08-06 03:13:25.578 [TOW task-5] Advice {type=before, action={advice={method=com.aspectran.aspectow.console.auth.UserAuthAspect.checkAuthenticated(com.aspectran.core.activity.Translet)}}, order=1} - c.a.c.activity.AdviceActivity.executeAdvice(351)
DEBUG 2026-08-06 03:13:25.579 [TOW task-5] Advice {type=before, action={advice={method=com.aspectran.aspectow.console.auth.AccessControlAspect.checkPermission(com.aspectran.core.activity.Translet)}}, order=2} - c.a.c.activity.AdviceActivity.executeAdvice(351)
DEBUG 2026-08-06 03:13:25.580 [TOW task-5] Advice {type=before, action={header={headers=[X-Frame-Options, X-Content-Type-Options, X-XSS-Protection, Referrer-Policy]}}} - c.a.c.activity.AdviceActivity.executeAdvice(351)
DEBUG 2026-08-06 03:13:25.580 [TOW task-5] Advice {type=before, action={advice={method=com.aspectran.aspectow.console.common.aspect.DevCorsAdvice.process(com.aspectran.core.activity.Translet)}}} - c.a.c.activity.AdviceActivity.executeAdvice(351)
DEBUG 2026-08-06 03:13:25.581 [TOW task-5] Action {annotated={method=com.aspectran.aspectow.console.appmon.AppMonActivity.getConfigData(com.aspectran.core.activity.Translet, java.lang.String)}} - c.a.core.activity.CoreActivity.execute(652)
DEBUG 2026-08-06 03:13:25.626 [TOW task-5] Response com.aspectran.web.activity.response.DefaultRestResponse@d175785 - c.a.c.a.r.t.CustomTransformResponse.respond(85)
DEBUG 2026-08-06 03:13:25.629 [TOW task-5] Session 1ljxb1af1vxkt2kna7rph5v6u0.cn0 complete, active requests=0 - c.a.c.c.session.ManagedSession.complete(334)
DEBUG 2026-08-06 03:13:25.726 [TOW task-5] Session 1ljxb1af1vxkt2kna7rph5v6u0.cn0 in use, stopping timer, active requests=1 - c.a.c.c.session.ManagedSession.access(314)
DEBUG 2026-08-06 03:13:25.729 [TOW task-5] WebSocket connection established for session 2z2a8lc8wqQjdOK43myvH816-i94ata6Zo8F_T7O - c.a.a.a.e.r.w.WebsocketMessageRelayer.doOnOpen(74)
DEBUG 2026-08-06 03:13:25.729 [TOW task-5] Session 1ljxb1af1vxkt2kna7rph5v6u0.cn0 complete, active requests=0 - c.a.c.c.session.ManagedSession.complete(334)
DEBUG 2026-08-06 03:15:00.008 [AppmonScheduler_Worker-1] Translet {name=appmon/persist/counter/rollup.job} - c.a.core.activity.CoreActivity.prepare(220)
DEBUG 2026-08-06 03:15:00.010 [AppmonScheduler_Worker-1] Action {annotated={method=com.aspectran.aspectow.appmon.engine.schedule.CounterPersistSchedule.rollup()}} - c.a.core.activity.CoreActivity.execute(652)
DEBUG 2026-08-06 03:18:25.736 [SM worker-cn0-1] Evict idle session id=1ljxb1af1vxkt2kna7rph5v6u0.cn0 - c.a.c.c.s.AbstractSessionCache.checkInactiveSession(545)
DEBUG 2026-08-06 03:19:17.744 [root] Websocket session 2z2a8lc8wqQjdOK43myvH816-i94ata6Zo8F_T7O has been closed. Reason: CloseReason[1001] - c.a.a.a.e.r.w.WebsocketMessageRelayer.doOnClose(110)
INFO  2026-08-06 03:19:17.746 [root] WebActivityServlet 'webActivityServlet' has been destroyed. - c.a.w.s.WebActivityServlet.destroy(141)
DEBUG 2026-08-06 03:19:17.748 [root] com.aspectran.core.component.session.HouseKeeper@32f61a31(cn0) is STOPPING - c.a.u.l.AbstractLifeCycle.setStopping(203)
DEBUG 2026-08-06 03:19:17.748 [root] com.aspectran.core.component.session.HouseKeeper@32f61a31 {scavengingInterval=180000} used by DefaultSessionManager@1edb61b1(cn0) is STOPPED - c.a.u.l.AbstractLifeCycle.setStopped(213)
DEBUG 2026-08-06 03:19:17.749 [root] Destroyed FileSessionStore@cc62a3b - c.a.c.c.AbstractComponent.destroy(99)
DEBUG 2026-08-06 03:19:17.749 [root] Destroyed DefaultSessionCache@ec2bf82(cn0) - c.a.c.c.AbstractComponent.destroy(99)
DEBUG 2026-08-06 03:19:17.750 [root] Destroyed DefaultSessionManager@1edb61b1(cn0) - c.a.c.c.AbstractComponent.destroy(99)
INFO  2026-08-06 03:19:17.750 [root] WebActivityServlet 'webActivityServlet' has been destroyed. - c.a.w.s.WebActivityServlet.destroy(141)
DEBUG 2026-08-06 03:19:17.751 [root] com.aspectran.core.component.session.HouseKeeper@19b30c92(rn0) is STOPPING - c.a.u.l.AbstractLifeCycle.setStopping(203)
DEBUG 2026-08-06 03:19:17.751 [root] com.aspectran.core.component.session.HouseKeeper@19b30c92 {scavengingInterval=90000} used by DefaultSessionManager@24f360b2(rn0) is STOPPED - c.a.u.l.AbstractLifeCycle.setStopped(213)
DEBUG 2026-08-06 03:19:17.752 [root] Destroyed FileSessionStore@3bd7f8dc - c.a.c.c.AbstractComponent.destroy(99)
DEBUG 2026-08-06 03:19:17.752 [root] Destroyed DefaultSessionCache@6cea706c(rn0) - c.a.c.c.AbstractComponent.destroy(99)
DEBUG 2026-08-06 03:19:17.752 [root] Destroyed DefaultSessionManager@24f360b2(rn0) - c.a.c.c.AbstractComponent.destroy(99)
INFO  2026-08-06 03:19:17.753 [root] stopping server: Undertow - 2.3.26.Final - io.undertow.stop(259)
INFO  2026-08-06 03:19:17.757 [root] Undertow 2.3.26.Final stopped - c.a.u.server.DefaultTowServer.doStop(79)
DEBUG 2026-08-06 03:19:17.758 [root] com.aspectran.undertow.server.DefaultTowServer@3da30852 is STOPPED - c.a.u.l.AbstractLifeCycle.setStopped(213)
DEBUG 2026-08-06 03:19:17.758 [root] Destroyed DefaultBeanRegistry@7164ca4c - c.a.c.c.AbstractComponent.destroy(99)
DEBUG 2026-08-06 03:19:17.758 [root] Destroyed TemplateRuleRegistry@c68a5f8 - c.a.c.c.AbstractComponent.destroy(99)
DEBUG 2026-08-06 03:19:17.759 [root] Destroyed DefaultTemplateRenderer@69c6161d - c.a.c.c.AbstractComponent.destroy(99)
DEBUG 2026-08-06 03:19:17.759 [root] Destroyed TransletRuleRegistry@1450078a - c.a.c.c.AbstractComponent.destroy(99)
DEBUG 2026-08-06 03:19:17.759 [root] Destroyed ScheduleRuleRegistry@4642b71d - c.a.c.c.AbstractComponent.destroy(99)
DEBUG 2026-08-06 03:19:17.759 [root] Destroyed AspectRuleRegistry@5ec77191 - c.a.c.c.AbstractComponent.destroy(99)
DEBUG 2026-08-06 03:19:17.760 [root] Destroyed TypeConverterRegistry@479460a6 - c.a.c.c.AbstractComponent.destroy(99)
DEBUG 2026-08-06 03:19:17.760 [root] Destroyed DefaultActivityContext@5eccd3b9 - c.a.c.c.AbstractComponent.destroy(99)
INFO  2026-08-06 03:19:17.760 [root] Stopped DefaultShellService@27f981c6 - c.a.c.s.AbstractServiceLifeCycle.stop(168)
DEBUG 2026-08-06 03:19:17.761 [shutdown] Releasing lock on /home/aspectran/projects/public/aspectow-demo-console/app/.lock - c.aspectran.utils.FileLocker.release(142)
DEBUG 2026-08-06 03:19:17.762 [shutdown] Removed shutdown-hook: Thread[#28,shutdown,5,main] - c.aspectran.utils.ShutdownHook.run(68)
DEBUG 2026-08-06 03:19:26.555 [TOW task-2] Reside evicted session id=1ljxb1af1vxkt2kna7rph5v6u0.cn0 - c.a.c.c.s.AbstractSessionCache.get(235)
DEBUG 2026-08-06 03:19:26.559 [TOW task-2] Session 1ljxb1af1vxkt2kna7rph5v6u0.cn0 in use, stopping timer, active requests=1 - c.a.c.c.session.ManagedSession.access(314)
DEBUG 2026-08-06 03:19:26.562 [TOW task-2] DefaultWebService@591fd34d(console) is not yet started, waiting for it to start... - c.a.w.s.DefaultWebService.checkPaused(306)
DEBUG 2026-08-06 03:19:27.867 [TOW task-2] GET /console/nodes/localhost/appmon/websocket/rb2k2zj2KoNH-wUOUehoX6_KaUe4fW1ZosG2kESnH6SmSzSpLMeMcYL5ww___fKfX45tJim4eoU HTTP/1.1 0:0:0:0:0:0:0:1 - c.a.w.s.DefaultWebService.service(87)
DEBUG 2026-08-06 03:19:27.869 [TOW task-2] Response {code=404} - c.a.w.s.DefaultWebService.sendError(258)
DEBUG 2026-08-06 03:19:27.901 [TOW task-2] Session 1ljxb1af1vxkt2kna7rph5v6u0.cn0 complete, active requests=0 - c.a.c.c.session.ManagedSession.complete(334)
DEBUG 2026-08-06 03:19:34.341 [TOW task-2] Session 1ljxb1af1vxkt2kna7rph5v6u0.cn0 in use, stopping timer, active requests=1 - c.a.c.c.session.ManagedSession.access(314)
DEBUG 2026-08-06 03:19:34.350 [TOW task-2] GET /console/appmon/dashboard/ HTTP/1.1 0:0:0:0:0:0:0:1 - c.a.w.s.DefaultWebService.service(87)
DEBUG 2026-08-06 03:19:34.351 [TOW task-2] Translet {name=/appmon/dashboard/${appsToSubscribe}, namePattern=/appmon/dashboard/*, responseRule={response={type=dispatch, name=appmon/dashboard}}} - c.a.core.activity.CoreActivity.prepare(220)
DEBUG 2026-08-06 03:19:34.362 [TOW task-2] Advice {type=before, action={advice={method=com.aspectran.aspectow.console.auth.UserAuthAspect.checkAuthenticated(com.aspectran.core.activity.Translet)}}, order=1} - c.a.c.activity.AdviceActivity.executeAdvice(351)
DEBUG 2026-08-06 03:19:34.363 [TOW task-2] Advice {type=before, action={advice={method=com.aspectran.aspectow.console.auth.AccessControlAspect.checkPermission(com.aspectran.core.activity.Translet)}}, order=2} - c.a.c.activity.AdviceActivity.executeAdvice(351)
DEBUG 2026-08-06 03:19:34.363 [TOW task-2] Advice {type=before, action={header={headers=[X-Frame-Options, X-Content-Type-Options, X-XSS-Protection, Referrer-Policy]}}} - c.a.c.activity.AdviceActivity.executeAdvice(351)
DEBUG 2026-08-06 03:19:34.369 [TOW task-2] Advice {type=before, action={header={headers=[Content-Type, Content-Security-Policy]}}} - c.a.c.activity.AdviceActivity.executeAdvice(351)
DEBUG 2026-08-06 03:19:34.370 [TOW task-2] Advice {type=before, action={advice={method=com.aspectran.aspectow.console.common.aspect.DevCorsAdvice.process(com.aspectran.core.activity.Translet)}}} - c.a.c.activity.AdviceActivity.executeAdvice(351)
DEBUG 2026-08-06 03:19:34.371 [TOW task-2] Action {annotated={id=page, method=com.aspectran.aspectow.console.appmon.AppMonActivity.dashboard(java.lang.String)}} - c.a.core.activity.CoreActivity.execute(652)
DEBUG 2026-08-06 03:19:34.372 [TOW task-2] Response {type=dispatch, name=appmon/dashboard} - c.a.c.a.r.d.DispatchResponse.respond(71)
DEBUG 2026-08-06 03:19:34.373 [TOW task-2] Dispatching to Thymeleaf template appmon/dashboard - c.a.t.v.ThymeleafViewDispatcher.dispatch(88)
DEBUG 2026-08-06 03:19:35.356 [TOW task-2] Session 1ljxb1af1vxkt2kna7rph5v6u0.cn0 complete, active requests=0 - c.a.c.c.session.ManagedSession.complete(334)
DEBUG 2026-08-06 03:19:35.648 [TOW task-3] Session 1ljxb1af1vxkt2kna7rph5v6u0.cn0 in use, stopping timer, active requests=1 - c.a.c.c.session.ManagedSession.access(314)
DEBUG 2026-08-06 03:19:35.649 [TOW task-3] GET /console/appmon/config/data HTTP/1.1 0:0:0:0:0:0:0:1 - c.a.w.s.DefaultWebService.service(87)
DEBUG 2026-08-06 03:19:35.650 [TOW task-3] Translet {name=/appmon/config/data, method=[GET], responseRule={response={type=transform, format=custom}}} - c.a.core.activity.CoreActivity.prepare(220)
DEBUG 2026-08-06 03:19:35.652 [TOW task-3] Advice {type=before, action={advice={method=com.aspectran.aspectow.console.auth.UserAuthAspect.checkAuthenticated(com.aspectran.core.activity.Translet)}}, order=1} - c.a.c.activity.AdviceActivity.executeAdvice(351)
DEBUG 2026-08-06 03:19:35.653 [TOW task-3] Advice {type=before, action={advice={method=com.aspectran.aspectow.console.auth.AccessControlAspect.checkPermission(com.aspectran.core.activity.Translet)}}, order=2} - c.a.c.activity.AdviceActivity.executeAdvice(351)
DEBUG 2026-08-06 03:19:35.654 [TOW task-3] Advice {type=before, action={header={headers=[X-Frame-Options, X-Content-Type-Options, X-XSS-Protection, Referrer-Policy]}}} - c.a.c.activity.AdviceActivity.executeAdvice(351)
DEBUG 2026-08-06 03:19:35.655 [TOW task-3] Advice {type=before, action={advice={method=com.aspectran.aspectow.console.common.aspect.DevCorsAdvice.process(com.aspectran.core.activity.Translet)}}} - c.a.c.activity.AdviceActivity.executeAdvice(351)
DEBUG 2026-08-06 03:19:35.656 [TOW task-3] Action {annotated={method=com.aspectran.aspectow.console.appmon.AppMonActivity.getConfigData(com.aspectran.core.activity.Translet, java.lang.String)}} - c.a.core.activity.CoreActivity.execute(652)
DEBUG 2026-08-06 03:19:35.722 [TOW task-3] Response com.aspectran.web.activity.response.DefaultRestResponse@5be9002d - c.a.c.a.r.t.CustomTransformResponse.respond(85)
DEBUG 2026-08-06 03:19:35.730 [TOW task-3] Session 1ljxb1af1vxkt2kna7rph5v6u0.cn0 complete, active requests=0 - c.a.c.c.session.ManagedSession.complete(334)
DEBUG 2026-08-06 03:19:35.788 [TOW task-3] Session 1ljxb1af1vxkt2kna7rph5v6u0.cn0 in use, stopping timer, active requests=1 - c.a.c.c.session.ManagedSession.access(314)
DEBUG 2026-08-06 03:19:35.812 [TOW task-3] WebSocket connection established for session oiMThMiFH6qsBpjWIU6gOKoo3xYqKFWm6TFNioOR - c.a.a.a.e.r.w.WebsocketMessageRelayer.doOnOpen(74)
DEBUG 2026-08-06 03:19:35.814 [TOW task-3] Session 1ljxb1af1vxkt2kna7rph5v6u0.cn0 complete, active requests=0 - c.a.c.c.session.ManagedSession.complete(334)
DEBUG 2026-08-06 03:20:00.038 [AppmonScheduler_Worker-1] Translet {name=appmon/persist/counter/rollup.job} - c.a.core.activity.CoreActivity.prepare(220)
DEBUG 2026-08-06 03:20:00.040 [AppmonScheduler_Worker-1] Action {annotated={method=com.aspectran.aspectow.appmon.engine.schedule.CounterPersistSchedule.rollup()}} - c.a.core.activity.CoreActivity.execute(652)
DEBUG 2026-08-06 03:20:14.652 [root] Websocket session oiMThMiFH6qsBpjWIU6gOKoo3xYqKFWm6TFNioOR has been closed. Reason: CloseReason[1001] - c.a.a.a.e.r.w.WebsocketMessageRelayer.doOnClose(110)
INFO  2026-08-06 03:20:14.655 [root] WebActivityServlet 'webActivityServlet' has been destroyed. - c.a.w.s.WebActivityServlet.destroy(141)
DEBUG 2026-08-06 03:20:14.657 [root] com.aspectran.core.component.session.HouseKeeper@32f61a31(cn0) is STOPPING - c.a.u.l.AbstractLifeCycle.setStopping(203)
DEBUG 2026-08-06 03:20:14.658 [root] com.aspectran.core.component.session.HouseKeeper@32f61a31 {scavengingInterval=180000} used by DefaultSessionManager@1edb61b1(cn0) is STOPPED - c.a.u.l.AbstractLifeCycle.setStopped(213)
DEBUG 2026-08-06 03:20:14.660 [root] Destroyed FileSessionStore@cc62a3b - c.a.c.c.AbstractComponent.destroy(99)
DEBUG 2026-08-06 03:20:14.660 [root] Destroyed DefaultSessionCache@ec2bf82(cn0) - c.a.c.c.AbstractComponent.destroy(99)
DEBUG 2026-08-06 03:20:14.661 [root] Destroyed DefaultSessionManager@1edb61b1(cn0) - c.a.c.c.AbstractComponent.destroy(99)
INFO  2026-08-06 03:20:14.661 [root] WebActivityServlet 'webActivityServlet' has been destroyed. - c.a.w.s.WebActivityServlet.destroy(141)
DEBUG 2026-08-06 03:20:14.662 [root] com.aspectran.core.component.session.HouseKeeper@19b30c92(rn0) is STOPPING - c.a.u.l.AbstractLifeCycle.setStopping(203)
DEBUG 2026-08-06 03:20:14.662 [root] com.aspectran.core.component.session.HouseKeeper@19b30c92 {scavengingInterval=90000} used by DefaultSessionManager@24f360b2(rn0) is STOPPED - c.a.u.l.AbstractLifeCycle.setStopped(213)
DEBUG 2026-08-06 03:20:14.663 [root] Destroyed FileSessionStore@3bd7f8dc - c.a.c.c.AbstractComponent.destroy(99)
DEBUG 2026-08-06 03:20:14.664 [root] Destroyed DefaultSessionCache@6cea706c(rn0) - c.a.c.c.AbstractComponent.destroy(99)
DEBUG 2026-08-06 03:20:14.664 [root] Destroyed DefaultSessionManager@24f360b2(rn0) - c.a.c.c.AbstractComponent.destroy(99)
INFO  2026-08-06 03:20:14.665 [root] stopping server: Undertow - 2.3.26.Final - io.undertow.stop(259)
INFO  2026-08-06 03:20:14.668 [root] Undertow 2.3.26.Final stopped - c.a.u.server.DefaultTowServer.doStop(79)
DEBUG 2026-08-06 03:20:14.669 [root] com.aspectran.undertow.server.DefaultTowServer@3da30852 is STOPPED - c.a.u.l.AbstractLifeCycle.setStopped(213)
DEBUG 2026-08-06 03:20:14.670 [root] Destroyed DefaultBeanRegistry@7164ca4c - c.a.c.c.AbstractComponent.destroy(99)
DEBUG 2026-08-06 03:20:14.671 [root] Destroyed TemplateRuleRegistry@c68a5f8 - c.a.c.c.AbstractComponent.destroy(99)
DEBUG 2026-08-06 03:20:14.671 [root] Destroyed DefaultTemplateRenderer@69c6161d - c.a.c.c.AbstractComponent.destroy(99)
DEBUG 2026-08-06 03:20:14.672 [root] Destroyed TransletRuleRegistry@1450078a - c.a.c.c.AbstractComponent.destroy(99)
DEBUG 2026-08-06 03:20:14.673 [root] Destroyed ScheduleRuleRegistry@4642b71d - c.a.c.c.AbstractComponent.destroy(99)
DEBUG 2026-08-06 03:20:14.673 [root] Destroyed AspectRuleRegistry@5ec77191 - c.a.c.c.AbstractComponent.destroy(99)
DEBUG 2026-08-06 03:20:14.674 [root] Destroyed TypeConverterRegistry@479460a6 - c.a.c.c.AbstractComponent.destroy(99)
DEBUG 2026-08-06 03:20:14.674 [root] Destroyed DefaultActivityContext@5eccd3b9 - c.a.c.c.AbstractComponent.destroy(99)
INFO  2026-08-06 03:20:14.674 [root] Stopped DefaultShellService@27f981c6 - c.a.c.s.AbstractServiceLifeCycle.stop(168)
DEBUG 2026-08-06 03:20:14.675 [shutdown] Releasing lock on /home/aspectran/projects/public/aspectow-demo-console/app/.lock - c.aspectran.utils.FileLocker.release(142)
DEBUG 2026-08-06 03:20:14.676 [shutdown] Removed shutdown-hook: Thread[#28,shutdown,5,main] - c.aspectran.utils.ShutdownHook.run(68)
DEBUG 2026-08-06 03:20:23.025 [TOW task-2] Reside evicted session id=1ljxb1af1vxkt2kna7rph5v6u0.cn0 - c.a.c.c.s.AbstractSessionCache.get(235)
DEBUG 2026-08-06 03:20:23.038 [TOW task-2] Session 1ljxb1af1vxkt2kna7rph5v6u0.cn0 in use, stopping timer, active requests=1 - c.a.c.c.session.ManagedSession.access(314)
DEBUG 2026-08-06 03:20:23.043 [TOW task-2] DefaultWebService@18fdb6cf(console) is not yet started, waiting for it to start... - c.a.w.s.DefaultWebService.checkPaused(306)
DEBUG 2026-08-06 03:20:25.350 [TOW task-2] GET /console/nodes/localhost/appmon/websocket/Mb5UXAupq0rcNRGJRUz32AGUGCphztp7NvPoLkb4LIjqICfRWZoQKdr-ChkS2fFjT-ryIK9jK5A HTTP/1.1 0:0:0:0:0:0:0:1 - c.a.w.s.DefaultWebService.service(87)
DEBUG 2026-08-06 03:20:25.353 [TOW task-2] Response {code=404} - c.a.w.s.DefaultWebService.sendError(258)
DEBUG 2026-08-06 03:20:25.407 [TOW task-2] Session 1ljxb1af1vxkt2kna7rph5v6u0.cn0 complete, active requests=0 - c.a.c.c.session.ManagedSession.complete(334)
DEBUG 2026-08-06 03:20:38.136 [TOW task-2] Session 1ljxb1af1vxkt2kna7rph5v6u0.cn0 in use, stopping timer, active requests=1 - c.a.c.c.session.ManagedSession.access(314)
DEBUG 2026-08-06 03:20:38.144 [TOW task-2] GET /console/appmon/dashboard/ HTTP/1.1 0:0:0:0:0:0:0:1 - c.a.w.s.DefaultWebService.service(87)
DEBUG 2026-08-06 03:20:38.145 [TOW task-2] Translet {name=/appmon/dashboard/${appsToSubscribe}, namePattern=/appmon/dashboard/*, responseRule={response={type=dispatch, name=appmon/dashboard}}} - c.a.core.activity.CoreActivity.prepare(220)
DEBUG 2026-08-06 03:20:38.154 [TOW task-2] Advice {type=before, action={advice={method=com.aspectran.aspectow.console.auth.UserAuthAspect.checkAuthenticated(com.aspectran.core.activity.Translet)}}, order=1} - c.a.c.activity.AdviceActivity.executeAdvice(351)
DEBUG 2026-08-06 03:20:38.154 [TOW task-2] Advice {type=before, action={advice={method=com.aspectran.aspectow.console.auth.AccessControlAspect.checkPermission(com.aspectran.core.activity.Translet)}}, order=2} - c.a.c.activity.AdviceActivity.executeAdvice(351)
DEBUG 2026-08-06 03:20:38.155 [TOW task-2] Advice {type=before, action={header={headers=[X-Frame-Options, X-Content-Type-Options, X-XSS-Protection, Referrer-Policy]}}} - c.a.c.activity.AdviceActivity.executeAdvice(351)
DEBUG 2026-08-06 03:20:38.162 [TOW task-2] Advice {type=before, action={header={headers=[Content-Type, Content-Security-Policy]}}} - c.a.c.activity.AdviceActivity.executeAdvice(351)
DEBUG 2026-08-06 03:20:38.164 [TOW task-2] Advice {type=before, action={advice={method=com.aspectran.aspectow.console.common.aspect.DevCorsAdvice.process(com.aspectran.core.activity.Translet)}}} - c.a.c.activity.AdviceActivity.executeAdvice(351)
DEBUG 2026-08-06 03:20:38.165 [TOW task-2] Action {annotated={id=page, method=com.aspectran.aspectow.console.appmon.AppMonActivity.dashboard(java.lang.String)}} - c.a.core.activity.CoreActivity.execute(652)
DEBUG 2026-08-06 03:20:38.166 [TOW task-2] Response {type=dispatch, name=appmon/dashboard} - c.a.c.a.r.d.DispatchResponse.respond(71)
DEBUG 2026-08-06 03:20:38.167 [TOW task-2] Dispatching to Thymeleaf template appmon/dashboard - c.a.t.v.ThymeleafViewDispatcher.dispatch(88)
DEBUG 2026-08-06 03:20:39.128 [TOW task-3] Session 1ljxb1af1vxkt2kna7rph5v6u0.cn0 in use, stopping timer, active requests=2 - c.a.c.c.session.ManagedSession.access(314)
ERROR 2026-08-06 03:20:39.178 [TOW task-3] Invalid token: Mb5UXAupq0rcNRGJRUz32AGUGCphztp7NvPoLkb4LIjqICfRWZoQKdr-ChkS2fFjT-ryIK9jK5A - c.a.a.a.e.r.w.WebsocketMessageRelayer.checkAuthorized(81)
DEBUG 2026-08-06 03:20:39.198 [TOW task-3] Websocket session AXKHavUmcAKfmsX3cL-4h504Q79o4-2YT7WIMeZd has been closed. Reason: CloseReason[1003,Unauthorized] - c.a.a.a.e.r.w.WebsocketMessageRelayer.doOnClose(110)
DEBUG 2026-08-06 03:20:39.201 [TOW task-3] Session 1ljxb1af1vxkt2kna7rph5v6u0.cn0 complete, active requests=1 - c.a.c.c.session.ManagedSession.complete(334)
DEBUG 2026-08-06 03:20:39.615 [TOW task-2] Session 1ljxb1af1vxkt2kna7rph5v6u0.cn0 complete, active requests=0 - c.a.c.c.session.ManagedSession.complete(334)
DEBUG 2026-08-06 03:20:39.829 [TOW task-2] Session 1ljxb1af1vxkt2kna7rph5v6u0.cn0 in use, stopping timer, active requests=1 - c.a.c.c.session.ManagedSession.access(314)
DEBUG 2026-08-06 03:20:39.830 [TOW task-2] GET /console/appmon/config/data HTTP/1.1 0:0:0:0:0:0:0:1 - c.a.w.s.DefaultWebService.service(87)
DEBUG 2026-08-06 03:20:39.831 [TOW task-2] Translet {name=/appmon/config/data, method=[GET], responseRule={response={type=transform, format=custom}}} - c.a.core.activity.CoreActivity.prepare(220)
DEBUG 2026-08-06 03:20:39.833 [TOW task-2] Advice {type=before, action={advice={method=com.aspectran.aspectow.console.auth.UserAuthAspect.checkAuthenticated(com.aspectran.core.activity.Translet)}}, order=1} - c.a.c.activity.AdviceActivity.executeAdvice(351)
DEBUG 2026-08-06 03:20:39.834 [TOW task-2] Advice {type=before, action={advice={method=com.aspectran.aspectow.console.auth.AccessControlAspect.checkPermission(com.aspectran.core.activity.Translet)}}, order=2} - c.a.c.activity.AdviceActivity.executeAdvice(351)
DEBUG 2026-08-06 03:20:39.835 [TOW task-2] Advice {type=before, action={header={headers=[X-Frame-Options, X-Content-Type-Options, X-XSS-Protection, Referrer-Policy]}}} - c.a.c.activity.AdviceActivity.executeAdvice(351)
DEBUG 2026-08-06 03:20:39.836 [TOW task-2] Advice {type=before, action={advice={method=com.aspectran.aspectow.console.common.aspect.DevCorsAdvice.process(com.aspectran.core.activity.Translet)}}} - c.a.c.activity.AdviceActivity.executeAdvice(351)
DEBUG 2026-08-06 03:20:39.837 [TOW task-2] Action {annotated={method=com.aspectran.aspectow.console.appmon.AppMonActivity.getConfigData(com.aspectran.core.activity.Translet, java.lang.String)}} - c.a.core.activity.CoreActivity.execute(652)
DEBUG 2026-08-06 03:20:39.912 [TOW task-2] Response com.aspectran.web.activity.response.DefaultRestResponse@22da0d - c.a.c.a.r.t.CustomTransformResponse.respond(85)
DEBUG 2026-08-06 03:20:39.918 [TOW task-2] Session 1ljxb1af1vxkt2kna7rph5v6u0.cn0 complete, active requests=0 - c.a.c.c.session.ManagedSession.complete(334)
DEBUG 2026-08-06 03:20:39.983 [TOW task-2] Session 1ljxb1af1vxkt2kna7rph5v6u0.cn0 in use, stopping timer, active requests=1 - c.a.c.c.session.ManagedSession.access(314)
DEBUG 2026-08-06 03:20:39.986 [TOW task-2] WebSocket connection established for session LfHrdeBNbLU7HNPMmhB2gfTr08lkau4oDT0DnuSP - c.a.a.a.e.r.w.WebsocketMessageRelayer.doOnOpen(74)
DEBUG 2026-08-06 03:20:39.989 [TOW task-2] Session 1ljxb1af1vxkt2kna7rph5v6u0.cn0 complete, active requests=0 - c.a.c.c.session.ManagedSession.complete(334)
DEBUG 2026-08-06 03:20:46.654 [TOW I/O-3] Websocket session LfHrdeBNbLU7HNPMmhB2gfTr08lkau4oDT0DnuSP has been closed. Reason: CloseReason[1001] - c.a.a.a.e.r.w.WebsocketMessageRelayer.doOnClose(110)
DEBUG 2026-08-06 03:20:46.669 [TOW task-2] Session 1ljxb1af1vxkt2kna7rph5v6u0.cn0 in use, stopping timer, active requests=1 - c.a.c.c.session.ManagedSession.access(314)
DEBUG 2026-08-06 03:20:46.670 [TOW task-2] GET /console/appmon/dashboard/ HTTP/1.1 0:0:0:0:0:0:0:1 - c.a.w.s.DefaultWebService.service(87)
DEBUG 2026-08-06 03:20:46.671 [TOW task-2] Translet {name=/appmon/dashboard/${appsToSubscribe}, namePattern=/appmon/dashboard/*, responseRule={response={type=dispatch, name=appmon/dashboard, viewDispatcher={name=com.aspectran.thymeleaf.view.ThymeleafViewDispatcher@1a9b6071}}}} - c.a.core.activity.CoreActivity.prepare(220)
DEBUG 2026-08-06 03:20:46.672 [TOW task-2] Advice {type=before, action={advice={method=com.aspectran.aspectow.console.auth.UserAuthAspect.checkAuthenticated(com.aspectran.core.activity.Translet)}}, order=1} - c.a.c.activity.AdviceActivity.executeAdvice(351)
DEBUG 2026-08-06 03:20:46.674 [TOW task-2] Advice {type=before, action={advice={method=com.aspectran.aspectow.console.auth.AccessControlAspect.checkPermission(com.aspectran.core.activity.Translet)}}, order=2} - c.a.c.activity.AdviceActivity.executeAdvice(351)
DEBUG 2026-08-06 03:20:46.675 [TOW task-2] Advice {type=before, action={header={headers=[X-Frame-Options, X-Content-Type-Options, X-XSS-Protection, Referrer-Policy]}}} - c.a.c.activity.AdviceActivity.executeAdvice(351)
DEBUG 2026-08-06 03:20:46.676 [TOW task-2] Advice {type=before, action={header={headers=[Content-Type, Content-Security-Policy]}}} - c.a.c.activity.AdviceActivity.executeAdvice(351)
DEBUG 2026-08-06 03:20:46.677 [TOW task-2] Advice {type=before, action={advice={method=com.aspectran.aspectow.console.common.aspect.DevCorsAdvice.process(com.aspectran.core.activity.Translet)}}} - c.a.c.activity.AdviceActivity.executeAdvice(351)
DEBUG 2026-08-06 03:20:46.678 [TOW task-2] Action {annotated={id=page, method=com.aspectran.aspectow.console.appmon.AppMonActivity.dashboard(java.lang.String)}} - c.a.core.activity.CoreActivity.execute(652)
DEBUG 2026-08-06 03:20:46.679 [TOW task-2] Response {type=dispatch, name=appmon/dashboard, viewDispatcher={name=com.aspectran.thymeleaf.view.ThymeleafViewDispatcher@1a9b6071}} - c.a.c.a.r.d.DispatchResponse.respond(71)
DEBUG 2026-08-06 03:20:46.680 [TOW task-2] Dispatching to Thymeleaf template appmon/dashboard - c.a.t.v.ThymeleafViewDispatcher.dispatch(88)
DEBUG 2026-08-06 03:20:46.753 [TOW task-2] Session 1ljxb1af1vxkt2kna7rph5v6u0.cn0 complete, active requests=0 - c.a.c.c.session.ManagedSession.complete(334)
DEBUG 2026-08-06 03:20:46.965 [TOW task-2] Session 1ljxb1af1vxkt2kna7rph5v6u0.cn0 in use, stopping timer, active requests=1 - c.a.c.c.session.ManagedSession.access(314)
DEBUG 2026-08-06 03:20:46.966 [TOW task-2] GET /console/appmon/config/data HTTP/1.1 0:0:0:0:0:0:0:1 - c.a.w.s.DefaultWebService.service(87)
DEBUG 2026-08-06 03:20:46.967 [TOW task-2] Translet {name=/appmon/config/data, method=[GET], responseRule={response={type=transform, format=custom}}} - c.a.core.activity.CoreActivity.prepare(220)
DEBUG 2026-08-06 03:20:46.968 [TOW task-2] Advice {type=before, action={advice={method=com.aspectran.aspectow.console.auth.UserAuthAspect.checkAuthenticated(com.aspectran.core.activity.Translet)}}, order=1} - c.a.c.activity.AdviceActivity.executeAdvice(351)
DEBUG 2026-08-06 03:20:46.969 [TOW task-2] Advice {type=before, action={advice={method=com.aspectran.aspectow.console.auth.AccessControlAspect.checkPermission(com.aspectran.core.activity.Translet)}}, order=2} - c.a.c.activity.AdviceActivity.executeAdvice(351)
DEBUG 2026-08-06 03:20:46.970 [TOW task-2] Advice {type=before, action={header={headers=[X-Frame-Options, X-Content-Type-Options, X-XSS-Protection, Referrer-Policy]}}} - c.a.c.activity.AdviceActivity.executeAdvice(351)
DEBUG 2026-08-06 03:20:46.972 [TOW task-2] Advice {type=before, action={advice={method=com.aspectran.aspectow.console.common.aspect.DevCorsAdvice.process(com.aspectran.core.activity.Translet)}}} - c.a.c.activity.AdviceActivity.executeAdvice(351)
DEBUG 2026-08-06 03:20:46.973 [TOW task-2] Action {annotated={method=com.aspectran.aspectow.console.appmon.AppMonActivity.getConfigData(com.aspectran.core.activity.Translet, java.lang.String)}} - c.a.core.activity.CoreActivity.execute(652)
DEBUG 2026-08-06 03:20:47.031 [TOW task-2] Response com.aspectran.web.activity.response.DefaultRestResponse@5a117ada - c.a.c.a.r.t.CustomTransformResponse.respond(85)
DEBUG 2026-08-06 03:20:47.035 [TOW task-2] Session 1ljxb1af1vxkt2kna7rph5v6u0.cn0 complete, active requests=0 - c.a.c.c.session.ManagedSession.complete(334)
DEBUG 2026-08-06 03:20:47.085 [TOW task-2] Session 1ljxb1af1vxkt2kna7rph5v6u0.cn0 in use, stopping timer, active requests=1 - c.a.c.c.session.ManagedSession.access(314)
DEBUG 2026-08-06 03:20:47.088 [TOW task-2] WebSocket connection established for session gjtY_34eCEjQwK3UzQLWPWjIEqO4y8G7_j8Hxdca - c.a.a.a.e.r.w.WebsocketMessageRelayer.doOnOpen(74)
DEBUG 2026-08-06 03:20:47.089 [TOW task-2] Session 1ljxb1af1vxkt2kna7rph5v6u0.cn0 complete, active requests=0 - c.a.c.c.session.ManagedSession.complete(334)
DEBUG 2026-08-06 03:21:20.229 [TOW I/O-2] Websocket session gjtY_34eCEjQwK3UzQLWPWjIEqO4y8G7_j8Hxdca has been closed. Reason: CloseReason[1001] - c.a.a.a.e.r.w.WebsocketMessageRelayer.doOnClose(110)
DEBUG 2026-08-06 03:21:20.243 [TOW task-2] Session 1ljxb1af1vxkt2kna7rph5v6u0.cn0 in use, stopping timer, active requests=1 - c.a.c.c.session.ManagedSession.access(314)
DEBUG 2026-08-06 03:21:20.244 [TOW task-2] GET /console/appmon/dashboard/ HTTP/1.1 0:0:0:0:0:0:0:1 - c.a.w.s.DefaultWebService.service(87)
DEBUG 2026-08-06 03:21:20.244 [TOW task-2] Translet {name=/appmon/dashboard/${appsToSubscribe}, namePattern=/appmon/dashboard/*, responseRule={response={type=dispatch, name=appmon/dashboard, viewDispatcher={name=com.aspectran.thymeleaf.view.ThymeleafViewDispatcher@1a9b6071}}}} - c.a.core.activity.CoreActivity.prepare(220)
DEBUG 2026-08-06 03:21:20.246 [TOW task-2] Advice {type=before, action={advice={method=com.aspectran.aspectow.console.auth.UserAuthAspect.checkAuthenticated(com.aspectran.core.activity.Translet)}}, order=1} - c.a.c.activity.AdviceActivity.executeAdvice(351)
DEBUG 2026-08-06 03:21:20.246 [TOW task-2] Advice {type=before, action={advice={method=com.aspectran.aspectow.console.auth.AccessControlAspect.checkPermission(com.aspectran.core.activity.Translet)}}, order=2} - c.a.c.activity.AdviceActivity.executeAdvice(351)
DEBUG 2026-08-06 03:21:20.248 [TOW task-2] Advice {type=before, action={header={headers=[X-Frame-Options, X-Content-Type-Options, X-XSS-Protection, Referrer-Policy]}}} - c.a.c.activity.AdviceActivity.executeAdvice(351)
DEBUG 2026-08-06 03:21:20.249 [TOW task-2] Advice {type=before, action={header={headers=[Content-Type, Content-Security-Policy]}}} - c.a.c.activity.AdviceActivity.executeAdvice(351)
DEBUG 2026-08-06 03:21:20.250 [TOW task-2] Advice {type=before, action={advice={method=com.aspectran.aspectow.console.common.aspect.DevCorsAdvice.process(com.aspectran.core.activity.Translet)}}} - c.a.c.activity.AdviceActivity.executeAdvice(351)
DEBUG 2026-08-06 03:21:20.250 [TOW task-2] Action {annotated={id=page, method=com.aspectran.aspectow.console.appmon.AppMonActivity.dashboard(java.lang.String)}} - c.a.core.activity.CoreActivity.execute(652)
DEBUG 2026-08-06 03:21:20.251 [TOW task-2] Response {type=dispatch, name=appmon/dashboard, viewDispatcher={name=com.aspectran.thymeleaf.view.ThymeleafViewDispatcher@1a9b6071}} - c.a.c.a.r.d.DispatchResponse.respond(71)
DEBUG 2026-08-06 03:21:20.252 [TOW task-2] Dispatching to Thymeleaf template appmon/dashboard - c.a.t.v.ThymeleafViewDispatcher.dispatch(88)
DEBUG 2026-08-06 03:21:20.308 [TOW task-2] Session 1ljxb1af1vxkt2kna7rph5v6u0.cn0 complete, active requests=0 - c.a.c.c.session.ManagedSession.complete(334)
DEBUG 2026-08-06 03:21:20.529 [TOW task-4] Session 1ljxb1af1vxkt2kna7rph5v6u0.cn0 in use, stopping timer, active requests=1 - c.a.c.c.session.ManagedSession.access(314)
DEBUG 2026-08-06 03:21:20.530 [TOW task-4] GET /console/appmon/config/data HTTP/1.1 0:0:0:0:0:0:0:1 - c.a.w.s.DefaultWebService.service(87)
DEBUG 2026-08-06 03:21:20.531 [TOW task-4] Translet {name=/appmon/config/data, method=[GET], responseRule={response={type=transform, format=custom}}} - c.a.core.activity.CoreActivity.prepare(220)
DEBUG 2026-08-06 03:21:20.532 [TOW task-4] Advice {type=before, action={advice={method=com.aspectran.aspectow.console.auth.UserAuthAspect.checkAuthenticated(com.aspectran.core.activity.Translet)}}, order=1} - c.a.c.activity.AdviceActivity.executeAdvice(351)
DEBUG 2026-08-06 03:21:20.533 [TOW task-4] Advice {type=before, action={advice={method=com.aspectran.aspectow.console.auth.AccessControlAspect.checkPermission(com.aspectran.core.activity.Translet)}}, order=2} - c.a.c.activity.AdviceActivity.executeAdvice(351)
DEBUG 2026-08-06 03:21:20.534 [TOW task-4] Advice {type=before, action={header={headers=[X-Frame-Options, X-Content-Type-Options, X-XSS-Protection, Referrer-Policy]}}} - c.a.c.activity.AdviceActivity.executeAdvice(351)
DEBUG 2026-08-06 03:21:20.535 [TOW task-4] Advice {type=before, action={advice={method=com.aspectran.aspectow.console.common.aspect.DevCorsAdvice.process(com.aspectran.core.activity.Translet)}}} - c.a.c.activity.AdviceActivity.executeAdvice(351)
DEBUG 2026-08-06 03:21:20.536 [TOW task-4] Action {annotated={method=com.aspectran.aspectow.console.appmon.AppMonActivity.getConfigData(com.aspectran.core.activity.Translet, java.lang.String)}} - c.a.core.activity.CoreActivity.execute(652)
DEBUG 2026-08-06 03:21:22.799 [TOW task-4] Response com.aspectran.web.activity.response.DefaultRestResponse@1189a51c - c.a.c.a.r.t.CustomTransformResponse.respond(85)
DEBUG 2026-08-06 03:21:22.801 [TOW task-4] Session 1ljxb1af1vxkt2kna7rph5v6u0.cn0 complete, active requests=0 - c.a.c.c.session.ManagedSession.complete(334)
DEBUG 2026-08-06 03:21:22.849 [TOW task-4] Session 1ljxb1af1vxkt2kna7rph5v6u0.cn0 in use, stopping timer, active requests=1 - c.a.c.c.session.ManagedSession.access(314)
DEBUG 2026-08-06 03:21:22.852 [TOW task-4] WebSocket connection established for session W0PnywiGogkhBSI-X-3BHXyfog6GTe09QXcKvZof - c.a.a.a.e.r.w.WebsocketMessageRelayer.doOnOpen(74)
DEBUG 2026-08-06 03:21:22.853 [TOW task-4] Session 1ljxb1af1vxkt2kna7rph5v6u0.cn0 complete, active requests=0 - c.a.c.c.session.ManagedSession.complete(334)
DEBUG 2026-08-06 03:23:49.972 [root] Websocket session W0PnywiGogkhBSI-X-3BHXyfog6GTe09QXcKvZof has been closed. Reason: CloseReason[1001] - c.a.a.a.e.r.w.WebsocketMessageRelayer.doOnClose(110)
INFO  2026-08-06 03:23:49.974 [root] WebActivityServlet 'webActivityServlet' has been destroyed. - c.a.w.s.WebActivityServlet.destroy(141)
DEBUG 2026-08-06 03:23:49.975 [root] com.aspectran.core.component.session.HouseKeeper@305f7627(cn0) is STOPPING - c.a.u.l.AbstractLifeCycle.setStopping(203)
DEBUG 2026-08-06 03:23:49.976 [root] com.aspectran.core.component.session.HouseKeeper@305f7627 {scavengingInterval=180000} used by DefaultSessionManager@75e01201(cn0) is STOPPED - c.a.u.l.AbstractLifeCycle.setStopped(213)
DEBUG 2026-08-06 03:23:49.978 [root] Destroyed FileSessionStore@22d6f11 - c.a.c.c.AbstractComponent.destroy(99)
DEBUG 2026-08-06 03:23:49.979 [root] Destroyed DefaultSessionCache@15eebbff(cn0) - c.a.c.c.AbstractComponent.destroy(99)
DEBUG 2026-08-06 03:23:49.980 [root] Destroyed DefaultSessionManager@75e01201(cn0) - c.a.c.c.AbstractComponent.destroy(99)
INFO  2026-08-06 03:23:49.980 [root] WebActivityServlet 'webActivityServlet' has been destroyed. - c.a.w.s.WebActivityServlet.destroy(141)
DEBUG 2026-08-06 03:23:49.981 [root] com.aspectran.core.component.session.HouseKeeper@255990cc(rn0) is STOPPING - c.a.u.l.AbstractLifeCycle.setStopping(203)
DEBUG 2026-08-06 03:23:49.982 [root] com.aspectran.core.component.session.HouseKeeper@255990cc {scavengingInterval=90000} used by DefaultSessionManager@68ed96ca(rn0) is STOPPED - c.a.u.l.AbstractLifeCycle.setStopped(213)
DEBUG 2026-08-06 03:23:49.983 [root] Destroyed FileSessionStore@3228d990 - c.a.c.c.AbstractComponent.destroy(99)
DEBUG 2026-08-06 03:23:49.984 [root] Destroyed DefaultSessionCache@6d1310f6(rn0) - c.a.c.c.AbstractComponent.destroy(99)
DEBUG 2026-08-06 03:23:49.984 [root] Destroyed DefaultSessionManager@68ed96ca(rn0) - c.a.c.c.AbstractComponent.destroy(99)
INFO  2026-08-06 03:23:49.985 [root] stopping server: Undertow - 2.3.26.Final - io.undertow.stop(259)
INFO  2026-08-06 03:23:49.987 [root] Undertow 2.3.26.Final stopped - c.a.u.server.DefaultTowServer.doStop(79)
DEBUG 2026-08-06 03:23:49.988 [root] com.aspectran.undertow.server.DefaultTowServer@41d426b5 is STOPPED - c.a.u.l.AbstractLifeCycle.setStopped(213)
DEBUG 2026-08-06 03:23:49.988 [root] Destroyed DefaultBeanRegistry@e383572 - c.a.c.c.AbstractComponent.destroy(99)
DEBUG 2026-08-06 03:23:49.988 [root] Destroyed TemplateRuleRegistry@5f462e3b - c.a.c.c.AbstractComponent.destroy(99)
DEBUG 2026-08-06 03:23:49.989 [root] Destroyed DefaultTemplateRenderer@3d7fa3ae - c.a.c.c.AbstractComponent.destroy(99)
DEBUG 2026-08-06 03:23:49.989 [root] Destroyed TransletRuleRegistry@4d847d32 - c.a.c.c.AbstractComponent.destroy(99)
DEBUG 2026-08-06 03:23:49.989 [root] Destroyed ScheduleRuleRegistry@7c2327fa - c.a.c.c.AbstractComponent.destroy(99)
DEBUG 2026-08-06 03:23:49.990 [root] Destroyed AspectRuleRegistry@70325d20 - c.a.c.c.AbstractComponent.destroy(99)
DEBUG 2026-08-06 03:23:49.990 [root] Destroyed TypeConverterRegistry@130e116b - c.a.c.c.AbstractComponent.destroy(99)
DEBUG 2026-08-06 03:23:49.990 [root] Destroyed DefaultActivityContext@1ee29c84 - c.a.c.c.AbstractComponent.destroy(99)
INFO  2026-08-06 03:23:49.990 [root] Stopped DefaultShellService@1a6d8329 - c.a.c.s.AbstractServiceLifeCycle.stop(168)
DEBUG 2026-08-06 03:23:49.991 [shutdown] Releasing lock on /home/aspectran/projects/public/aspectow-demo-console/app/.lock - c.aspectran.utils.FileLocker.release(142)
DEBUG 2026-08-06 03:23:49.992 [shutdown] Removed shutdown-hook: Thread[#31,shutdown,5,main] - c.aspectran.utils.ShutdownHook.run(68)
DEBUG 2026-08-06 03:24:02.784 [TOW task-2] Reside evicted session id=1ljxb1af1vxkt2kna7rph5v6u0.cn0 - c.a.c.c.s.AbstractSessionCache.get(235)
DEBUG 2026-08-06 03:24:02.791 [TOW task-2] Session 1ljxb1af1vxkt2kna7rph5v6u0.cn0 in use, stopping timer, active requests=1 - c.a.c.c.session.ManagedSession.access(314)
DEBUG 2026-08-06 03:24:02.805 [TOW task-2] GET /console/appmon/dashboard/ HTTP/1.1 0:0:0:0:0:0:0:1 - c.a.w.s.DefaultWebService.service(87)
DEBUG 2026-08-06 03:24:02.806 [TOW task-2] Translet {name=/appmon/dashboard/${appsToSubscribe}, namePattern=/appmon/dashboard/*, responseRule={response={type=dispatch, name=appmon/dashboard}}} - c.a.core.activity.CoreActivity.prepare(220)
DEBUG 2026-08-06 03:24:02.815 [TOW task-2] Advice {type=before, action={advice={method=com.aspectran.aspectow.console.auth.UserAuthAspect.checkAuthenticated(com.aspectran.core.activity.Translet)}}, order=1} - c.a.c.activity.AdviceActivity.executeAdvice(351)
DEBUG 2026-08-06 03:24:02.816 [TOW task-2] Advice {type=before, action={advice={method=com.aspectran.aspectow.console.auth.AccessControlAspect.checkPermission(com.aspectran.core.activity.Translet)}}, order=2} - c.a.c.activity.AdviceActivity.executeAdvice(351)
DEBUG 2026-08-06 03:24:02.819 [TOW task-2] Advice {type=before, action={header={headers=[X-Frame-Options, X-Content-Type-Options, X-XSS-Protection, Referrer-Policy]}}} - c.a.c.activity.AdviceActivity.executeAdvice(351)
DEBUG 2026-08-06 03:24:02.827 [TOW task-2] Advice {type=before, action={header={headers=[Content-Type, Content-Security-Policy]}}} - c.a.c.activity.AdviceActivity.executeAdvice(351)
DEBUG 2026-08-06 03:24:02.829 [TOW task-2] Advice {type=before, action={advice={method=com.aspectran.aspectow.console.common.aspect.DevCorsAdvice.process(com.aspectran.core.activity.Translet)}}} - c.a.c.activity.AdviceActivity.executeAdvice(351)
DEBUG 2026-08-06 03:24:02.830 [TOW task-2] Action {annotated={id=page, method=com.aspectran.aspectow.console.appmon.AppMonActivity.dashboard(java.lang.String)}} - c.a.core.activity.CoreActivity.execute(652)
DEBUG 2026-08-06 03:24:02.831 [TOW task-2] Response {type=dispatch, name=appmon/dashboard} - c.a.c.a.r.d.DispatchResponse.respond(71)
DEBUG 2026-08-06 03:24:02.832 [TOW task-2] Dispatching to Thymeleaf template appmon/dashboard - c.a.t.v.ThymeleafViewDispatcher.dispatch(88)
DEBUG 2026-08-06 03:24:04.358 [TOW task-2] Session 1ljxb1af1vxkt2kna7rph5v6u0.cn0 complete, active requests=0 - c.a.c.c.session.ManagedSession.complete(334)
DEBUG 2026-08-06 03:24:04.689 [TOW task-5] Session 1ljxb1af1vxkt2kna7rph5v6u0.cn0 in use, stopping timer, active requests=1 - c.a.c.c.session.ManagedSession.access(314)
DEBUG 2026-08-06 03:24:04.690 [TOW task-5] GET /console/appmon/config/data HTTP/1.1 0:0:0:0:0:0:0:1 - c.a.w.s.DefaultWebService.service(87)
DEBUG 2026-08-06 03:24:04.691 [TOW task-5] Translet {name=/appmon/config/data, method=[GET], responseRule={response={type=transform, format=custom}}} - c.a.core.activity.CoreActivity.prepare(220)
DEBUG 2026-08-06 03:24:04.693 [TOW task-5] Advice {type=before, action={advice={method=com.aspectran.aspectow.console.auth.UserAuthAspect.checkAuthenticated(com.aspectran.core.activity.Translet)}}, order=1} - c.a.c.activity.AdviceActivity.executeAdvice(351)
DEBUG 2026-08-06 03:24:04.694 [TOW task-5] Advice {type=before, action={advice={method=com.aspectran.aspectow.console.auth.AccessControlAspect.checkPermission(com.aspectran.core.activity.Translet)}}, order=2} - c.a.c.activity.AdviceActivity.executeAdvice(351)
DEBUG 2026-08-06 03:24:04.695 [TOW task-5] Advice {type=before, action={header={headers=[X-Frame-Options, X-Content-Type-Options, X-XSS-Protection, Referrer-Policy]}}} - c.a.c.activity.AdviceActivity.executeAdvice(351)
DEBUG 2026-08-06 03:24:04.696 [TOW task-5] Advice {type=before, action={advice={method=com.aspectran.aspectow.console.common.aspect.DevCorsAdvice.process(com.aspectran.core.activity.Translet)}}} - c.a.c.activity.AdviceActivity.executeAdvice(351)
DEBUG 2026-08-06 03:24:04.697 [TOW task-5] Action {annotated={method=com.aspectran.aspectow.console.appmon.AppMonActivity.getConfigData(com.aspectran.core.activity.Translet, java.lang.String)}} - c.a.core.activity.CoreActivity.execute(652)
DEBUG 2026-08-06 03:24:04.779 [TOW task-5] Response com.aspectran.web.activity.response.DefaultRestResponse@56622157 - c.a.c.a.r.t.CustomTransformResponse.respond(85)
DEBUG 2026-08-06 03:24:04.788 [TOW task-5] Session 1ljxb1af1vxkt2kna7rph5v6u0.cn0 complete, active requests=0 - c.a.c.c.session.ManagedSession.complete(334)
DEBUG 2026-08-06 03:24:04.864 [TOW task-5] Session 1ljxb1af1vxkt2kna7rph5v6u0.cn0 in use, stopping timer, active requests=1 - c.a.c.c.session.ManagedSession.access(314)
DEBUG 2026-08-06 03:24:04.915 [TOW task-5] WebSocket connection established for session 2SC2cWGGjuKnKqtfsJ1GIiUhoyzDdaqitVz5M-MD - c.a.a.a.e.r.w.WebsocketMessageRelayer.doOnOpen(74)
DEBUG 2026-08-06 03:24:04.921 [TOW task-5] Session 1ljxb1af1vxkt2kna7rph5v6u0.cn0 complete, active requests=0 - c.a.c.c.session.ManagedSession.complete(334)
DEBUG 2026-08-06 03:25:00.013 [AppmonScheduler_Worker-1] Translet {name=appmon/persist/counter/rollup.job} - c.a.core.activity.CoreActivity.prepare(220)
DEBUG 2026-08-06 03:25:00.014 [AppmonScheduler_Worker-1] Action {annotated={method=com.aspectran.aspectow.appmon.engine.schedule.CounterPersistSchedule.rollup()}} - c.a.core.activity.CoreActivity.execute(652)
DEBUG 2026-08-06 03:25:15.585 [TOW I/O-4] Websocket session 2SC2cWGGjuKnKqtfsJ1GIiUhoyzDdaqitVz5M-MD has been closed. Reason: CloseReason[1001] - c.a.a.a.e.r.w.WebsocketMessageRelayer.doOnClose(110)
DEBUG 2026-08-06 03:25:15.604 [TOW task-5] Session 1ljxb1af1vxkt2kna7rph5v6u0.cn0 in use, stopping timer, active requests=1 - c.a.c.c.session.ManagedSession.access(314)
DEBUG 2026-08-06 03:25:15.606 [TOW task-5] GET /console/cluster/nodes/ HTTP/1.1 0:0:0:0:0:0:0:1 - c.a.w.s.DefaultWebService.service(87)
DEBUG 2026-08-06 03:25:15.607 [TOW task-5] Translet {name=/cluster/nodes/, responseRule={response={type=dispatch, name=cluster/nodes}}} - c.a.core.activity.CoreActivity.prepare(220)
DEBUG 2026-08-06 03:25:15.608 [TOW task-5] Advice {type=before, action={advice={method=com.aspectran.aspectow.console.auth.UserAuthAspect.checkAuthenticated(com.aspectran.core.activity.Translet)}}, order=1} - c.a.c.activity.AdviceActivity.executeAdvice(351)
DEBUG 2026-08-06 03:25:15.609 [TOW task-5] Advice {type=before, action={advice={method=com.aspectran.aspectow.console.auth.AccessControlAspect.checkPermission(com.aspectran.core.activity.Translet)}}, order=2} - c.a.c.activity.AdviceActivity.executeAdvice(351)
DEBUG 2026-08-06 03:25:15.610 [TOW task-5] Advice {type=before, action={header={headers=[X-Frame-Options, X-Content-Type-Options, X-XSS-Protection, Referrer-Policy]}}} - c.a.c.activity.AdviceActivity.executeAdvice(351)
DEBUG 2026-08-06 03:25:15.612 [TOW task-5] Advice {type=before, action={header={headers=[Content-Type, Content-Security-Policy]}}} - c.a.c.activity.AdviceActivity.executeAdvice(351)
DEBUG 2026-08-06 03:25:15.613 [TOW task-5] Action {annotated={id=page, method=com.aspectran.aspectow.console.cluster.ClusterActivity.listNodes(com.aspectran.core.activity.Translet)}} - c.a.core.activity.CoreActivity.execute(652)
DEBUG 2026-08-06 03:25:15.644 [TOW task-5] Response {type=dispatch, name=cluster/nodes} - c.a.c.a.r.d.DispatchResponse.respond(71)
DEBUG 2026-08-06 03:25:15.644 [TOW task-5] Dispatching to Thymeleaf template cluster/nodes - c.a.t.v.ThymeleafViewDispatcher.dispatch(88)
DEBUG 2026-08-06 03:25:15.775 [TOW task-5] Session 1ljxb1af1vxkt2kna7rph5v6u0.cn0 complete, active requests=0 - c.a.c.c.session.ManagedSession.complete(334)
DEBUG 2026-08-06 03:25:15.952 [TOW task-5] Session 1ljxb1af1vxkt2kna7rph5v6u0.cn0 in use, stopping timer, active requests=1 - c.a.c.c.session.ManagedSession.access(314)
DEBUG 2026-08-06 03:25:15.953 [TOW task-5] GET /console/cluster/token HTTP/1.1 0:0:0:0:0:0:0:1 - c.a.w.s.DefaultWebService.service(87)
DEBUG 2026-08-06 03:25:15.955 [TOW task-5] Translet {name=/cluster/token, responseRule={response={type=transform, format=custom}}} - c.a.core.activity.CoreActivity.prepare(220)
DEBUG 2026-08-06 03:25:15.957 [TOW task-5] Advice {type=before, action={advice={method=com.aspectran.aspectow.console.auth.UserAuthAspect.checkAuthenticated(com.aspectran.core.activity.Translet)}}, order=1} - c.a.c.activity.AdviceActivity.executeAdvice(351)
DEBUG 2026-08-06 03:25:15.957 [TOW task-5] Advice {type=before, action={advice={method=com.aspectran.aspectow.console.auth.AccessControlAspect.checkPermission(com.aspectran.core.activity.Translet)}}, order=2} - c.a.c.activity.AdviceActivity.executeAdvice(351)
DEBUG 2026-08-06 03:25:15.960 [TOW task-5] Advice {type=before, action={header={headers=[X-Frame-Options, X-Content-Type-Options, X-XSS-Protection, Referrer-Policy]}}} - c.a.c.activity.AdviceActivity.executeAdvice(351)
DEBUG 2026-08-06 03:25:15.961 [TOW task-5] Action {annotated={method=com.aspectran.aspectow.console.cluster.ClusterActivity.refreshToken(com.aspectran.core.activity.Translet)}} - c.a.core.activity.CoreActivity.execute(652)
DEBUG 2026-08-06 03:25:15.965 [TOW task-5] Response {success=true, data=GNui_zoE9PWFX-JT2WdKwalDQWO_2DV2aBWOrWU8LpF8Ga8qcFgKLv_q32DtHVT8uECI6sni8zk} - c.a.c.a.r.t.CustomTransformResponse.respond(85)
DEBUG 2026-08-06 03:25:15.968 [TOW task-5] Session 1ljxb1af1vxkt2kna7rph5v6u0.cn0 complete, active requests=0 - c.a.c.c.session.ManagedSession.complete(334)
DEBUG 2026-08-06 03:25:16.087 [TOW task-5] Session 1ljxb1af1vxkt2kna7rph5v6u0.cn0 in use, stopping timer, active requests=1 - c.a.c.c.session.ManagedSession.access(314)
DEBUG 2026-08-06 03:25:16.093 [TOW task-5] WebSocket connection established for session 3ZLFayK3Y56l64i1kRJeZHtCTXzNghRJks2sfWEw - c.a.a.c.c.b.w.WebsocketNodeBridge.doOnOpen(74)
DEBUG 2026-08-06 03:25:16.125 [TOW task-5] Session 1ljxb1af1vxkt2kna7rph5v6u0.cn0 complete, active requests=0 - c.a.c.c.session.ManagedSession.complete(334)
DEBUG 2026-08-06 03:25:16.187 [TOW I/O-1] ConsoleClient joined node management: session 3ZLFayK3Y56l64i1kRJeZHtCTXzNghRJks2sfWEw, targetNodeId: localhost-console1 - c.a.a.c.c.b.w.WebsocketNodeBridge.subscribe(155)
INFO  2026-08-06 03:25:16.274 [TOW I/O-1] Node management session established: 3ZLFayK3Y56l64i1kRJeZHtCTXzNghRJks2sfWEw (nodeId: localhost-console1) - c.a.a.c.c.b.w.WebsocketNodeBridge.established(163)
DEBUG 2026-08-06 03:25:19.900 [TOW I/O-1] Websocket session 3ZLFayK3Y56l64i1kRJeZHtCTXzNghRJks2sfWEw has been closed. Reason: CloseReason[1001] - c.a.a.c.c.b.w.WebsocketNodeBridge.doOnClose(110)
DEBUG 2026-08-06 03:25:19.900 [TOW I/O-1] Node management WebSocket session removed: 3ZLFayK3Y56l64i1kRJeZHtCTXzNghRJks2sfWEw (Total: 0) - c.a.a.c.c.b.w.WebsocketNodeBridge.onSessionRemoved(102)
DEBUG 2026-08-06 03:25:19.919 [TOW task-5] Session 1ljxb1af1vxkt2kna7rph5v6u0.cn0 in use, stopping timer, active requests=1 - c.a.c.c.session.ManagedSession.access(314)
DEBUG 2026-08-06 03:25:19.920 [TOW task-5] GET /console/cluster/commands/ HTTP/1.1 0:0:0:0:0:0:0:1 - c.a.w.s.DefaultWebService.service(87)
DEBUG 2026-08-06 03:25:19.921 [TOW task-5] Translet {name=/cluster/commands/, responseRule={response={type=dispatch, name=cluster/commands}}} - c.a.core.activity.CoreActivity.prepare(220)
DEBUG 2026-08-06 03:25:19.922 [TOW task-5] Advice {type=before, action={advice={method=com.aspectran.aspectow.console.auth.UserAuthAspect.checkAuthenticated(com.aspectran.core.activity.Translet)}}, order=1} - c.a.c.activity.AdviceActivity.executeAdvice(351)
DEBUG 2026-08-06 03:25:19.922 [TOW task-5] Advice {type=before, action={advice={method=com.aspectran.aspectow.console.auth.AccessControlAspect.checkPermission(com.aspectran.core.activity.Translet)}}, order=2} - c.a.c.activity.AdviceActivity.executeAdvice(351)
DEBUG 2026-08-06 03:25:19.923 [TOW task-5] Advice {type=before, action={header={headers=[X-Frame-Options, X-Content-Type-Options, X-XSS-Protection, Referrer-Policy]}}} - c.a.c.activity.AdviceActivity.executeAdvice(351)
DEBUG 2026-08-06 03:25:19.924 [TOW task-5] Advice {type=before, action={header={headers=[Content-Type, Content-Security-Policy]}}} - c.a.c.activity.AdviceActivity.executeAdvice(351)
DEBUG 2026-08-06 03:25:19.925 [TOW task-5] Action {annotated={id=page, method=com.aspectran.aspectow.console.commands.RemoteCommandsActivity.commands(java.lang.String)}} - c.a.core.activity.CoreActivity.execute(652)
DEBUG 2026-08-06 03:25:19.944 [TOW task-5] Response {type=dispatch, name=cluster/commands} - c.a.c.a.r.d.DispatchResponse.respond(71)
DEBUG 2026-08-06 03:25:19.945 [TOW task-5] Dispatching to Thymeleaf template cluster/commands - c.a.t.v.ThymeleafViewDispatcher.dispatch(88)
DEBUG 2026-08-06 03:25:20.014 [TOW task-5] Session 1ljxb1af1vxkt2kna7rph5v6u0.cn0 complete, active requests=0 - c.a.c.c.session.ManagedSession.complete(334)
DEBUG 2026-08-06 03:25:20.194 [TOW task-5] Session 1ljxb1af1vxkt2kna7rph5v6u0.cn0 in use, stopping timer, active requests=1 - c.a.c.c.session.ManagedSession.access(314)
DEBUG 2026-08-06 03:25:20.195 [TOW task-5] GET /console/cluster/token HTTP/1.1 0:0:0:0:0:0:0:1 - c.a.w.s.DefaultWebService.service(87)
DEBUG 2026-08-06 03:25:20.195 [TOW task-5] Translet {name=/cluster/token, responseRule={response={type=transform, format=custom}}} - c.a.core.activity.CoreActivity.prepare(220)
DEBUG 2026-08-06 03:25:20.196 [TOW task-5] Advice {type=before, action={advice={method=com.aspectran.aspectow.console.auth.UserAuthAspect.checkAuthenticated(com.aspectran.core.activity.Translet)}}, order=1} - c.a.c.activity.AdviceActivity.executeAdvice(351)
DEBUG 2026-08-06 03:25:20.197 [TOW task-5] Advice {type=before, action={advice={method=com.aspectran.aspectow.console.auth.AccessControlAspect.checkPermission(com.aspectran.core.activity.Translet)}}, order=2} - c.a.c.activity.AdviceActivity.executeAdvice(351)
DEBUG 2026-08-06 03:25:20.198 [TOW task-5] Advice {type=before, action={header={headers=[X-Frame-Options, X-Content-Type-Options, X-XSS-Protection, Referrer-Policy]}}} - c.a.c.activity.AdviceActivity.executeAdvice(351)
DEBUG 2026-08-06 03:25:20.199 [TOW task-5] Action {annotated={method=com.aspectran.aspectow.console.cluster.ClusterActivity.refreshToken(com.aspectran.core.activity.Translet)}} - c.a.core.activity.CoreActivity.execute(652)
DEBUG 2026-08-06 03:25:20.200 [TOW task-5] Response {success=true, data=-qYif7pexIsAIMRFYRWIwAovVmFNwG8QYhXMeztpWJP--1wrCa9nwji0UrpuP7RR96QKYNClX-o} - c.a.c.a.r.t.CustomTransformResponse.respond(85)
DEBUG 2026-08-06 03:25:20.203 [TOW task-5] Session 1ljxb1af1vxkt2kna7rph5v6u0.cn0 complete, active requests=0 - c.a.c.c.session.ManagedSession.complete(334)
DEBUG 2026-08-06 03:25:20.279 [TOW task-5] Session 1ljxb1af1vxkt2kna7rph5v6u0.cn0 in use, stopping timer, active requests=1 - c.a.c.c.session.ManagedSession.access(314)
DEBUG 2026-08-06 03:25:20.280 [TOW task-5] GET /console/cluster/token HTTP/1.1 0:0:0:0:0:0:0:1 - c.a.w.s.DefaultWebService.service(87)
DEBUG 2026-08-06 03:25:20.281 [TOW task-5] Translet {name=/cluster/token, responseRule={response={type=transform, format=custom}}} - c.a.core.activity.CoreActivity.prepare(220)
DEBUG 2026-08-06 03:25:20.282 [TOW task-5] Advice {type=before, action={advice={method=com.aspectran.aspectow.console.auth.UserAuthAspect.checkAuthenticated(com.aspectran.core.activity.Translet)}}, order=1} - c.a.c.activity.AdviceActivity.executeAdvice(351)
DEBUG 2026-08-06 03:25:20.283 [TOW task-5] Advice {type=before, action={advice={method=com.aspectran.aspectow.console.auth.AccessControlAspect.checkPermission(com.aspectran.core.activity.Translet)}}, order=2} - c.a.c.activity.AdviceActivity.executeAdvice(351)
DEBUG 2026-08-06 03:25:20.284 [TOW task-5] Advice {type=before, action={header={headers=[X-Frame-Options, X-Content-Type-Options, X-XSS-Protection, Referrer-Policy]}}} - c.a.c.activity.AdviceActivity.executeAdvice(351)
DEBUG 2026-08-06 03:25:20.285 [TOW task-5] Action {annotated={method=com.aspectran.aspectow.console.cluster.ClusterActivity.refreshToken(com.aspectran.core.activity.Translet)}} - c.a.core.activity.CoreActivity.execute(652)
DEBUG 2026-08-06 03:25:20.287 [TOW task-5] Response {success=true, data=bqOls7tDFKNT-vstX2YIxNHMdbPqTFBs1_BXeb4qOUmOk06qdo1E9sjKzzfCAgIdIpG9mDRTLRU} - c.a.c.a.r.t.CustomTransformResponse.respond(85)
DEBUG 2026-08-06 03:25:20.288 [TOW task-5] Session 1ljxb1af1vxkt2kna7rph5v6u0.cn0 complete, active requests=0 - c.a.c.c.session.ManagedSession.complete(334)
DEBUG 2026-08-06 03:25:20.358 [TOW task-5] Session 1ljxb1af1vxkt2kna7rph5v6u0.cn0 in use, stopping timer, active requests=1 - c.a.c.c.session.ManagedSession.access(314)
DEBUG 2026-08-06 03:25:20.364 [TOW task-5] WebSocket connection established for session 7PaQBBCTQy0Ohlg_HUqNmEv52vuP8vQpPyQmm24V - c.a.a.c.c.b.w.WebsocketCommandBridge.doOnOpen(74)
DEBUG 2026-08-06 03:25:20.365 [TOW task-5] Session 1ljxb1af1vxkt2kna7rph5v6u0.cn0 complete, active requests=0 - c.a.c.c.session.ManagedSession.complete(334)
DEBUG 2026-08-06 03:25:20.391 [TOW I/O-3] ConsoleClient joined remote command management: session 7PaQBBCTQy0Ohlg_HUqNmEv52vuP8vQpPyQmm24V, targetNodeId: localhost-console1 - c.a.a.c.c.b.w.WebsocketCommandBridge.subscribe(166)
DEBUG 2026-08-06 03:25:24.121 [TOW I/O-3] Websocket session 7PaQBBCTQy0Ohlg_HUqNmEv52vuP8vQpPyQmm24V has been closed. Reason: CloseReason[1001] - c.a.a.c.c.b.w.WebsocketCommandBridge.doOnClose(110)
DEBUG 2026-08-06 03:25:24.122 [TOW I/O-3] Remote command WebSocket session removed: 7PaQBBCTQy0Ohlg_HUqNmEv52vuP8vQpPyQmm24V (Total: 0) - c.a.a.c.c.b.w.WebsocketCommandBridge.onSessionRemoved(142)
DEBUG 2026-08-06 03:25:24.130 [TOW task-5] Session 1ljxb1af1vxkt2kna7rph5v6u0.cn0 in use, stopping timer, active requests=1 - c.a.c.c.session.ManagedSession.access(314)
DEBUG 2026-08-06 03:25:24.131 [TOW task-5] GET /console/cluster/commands/ HTTP/1.1 0:0:0:0:0:0:0:1 - c.a.w.s.DefaultWebService.service(87)
DEBUG 2026-08-06 03:25:24.131 [TOW task-5] Translet {name=/cluster/commands/, responseRule={response={type=dispatch, name=cluster/commands, viewDispatcher={name=com.aspectran.thymeleaf.view.ThymeleafViewDispatcher@413bb93c}}}} - c.a.core.activity.CoreActivity.prepare(220)
DEBUG 2026-08-06 03:25:24.132 [TOW task-5] Advice {type=before, action={advice={method=com.aspectran.aspectow.console.auth.UserAuthAspect.checkAuthenticated(com.aspectran.core.activity.Translet)}}, order=1} - c.a.c.activity.AdviceActivity.executeAdvice(351)
DEBUG 2026-08-06 03:25:24.133 [TOW task-5] Advice {type=before, action={advice={method=com.aspectran.aspectow.console.auth.AccessControlAspect.checkPermission(com.aspectran.core.activity.Translet)}}, order=2} - c.a.c.activity.AdviceActivity.executeAdvice(351)
DEBUG 2026-08-06 03:25:24.134 [TOW task-5] Advice {type=before, action={header={headers=[X-Frame-Options, X-Content-Type-Options, X-XSS-Protection, Referrer-Policy]}}} - c.a.c.activity.AdviceActivity.executeAdvice(351)
DEBUG 2026-08-06 03:25:24.135 [TOW task-5] Advice {type=before, action={header={headers=[Content-Type, Content-Security-Policy]}}} - c.a.c.activity.AdviceActivity.executeAdvice(351)
DEBUG 2026-08-06 03:25:24.136 [TOW task-5] Action {annotated={id=page, method=com.aspectran.aspectow.console.commands.RemoteCommandsActivity.commands(java.lang.String)}} - c.a.core.activity.CoreActivity.execute(652)
DEBUG 2026-08-06 03:25:24.154 [TOW task-5] Response {type=dispatch, name=cluster/commands, viewDispatcher={name=com.aspectran.thymeleaf.view.ThymeleafViewDispatcher@413bb93c}} - c.a.c.a.r.d.DispatchResponse.respond(71)
DEBUG 2026-08-06 03:25:24.155 [TOW task-5] Dispatching to Thymeleaf template cluster/commands - c.a.t.v.ThymeleafViewDispatcher.dispatch(88)
DEBUG 2026-08-06 03:25:24.192 [TOW task-5] Session 1ljxb1af1vxkt2kna7rph5v6u0.cn0 complete, active requests=0 - c.a.c.c.session.ManagedSession.complete(334)
DEBUG 2026-08-06 03:25:24.393 [TOW task-4] Session 1ljxb1af1vxkt2kna7rph5v6u0.cn0 in use, stopping timer, active requests=1 - c.a.c.c.session.ManagedSession.access(314)
DEBUG 2026-08-06 03:25:24.394 [TOW task-4] GET /console/cluster/token HTTP/1.1 0:0:0:0:0:0:0:1 - c.a.w.s.DefaultWebService.service(87)
DEBUG 2026-08-06 03:25:24.394 [TOW task-4] Translet {name=/cluster/token, responseRule={response={type=transform, format=custom}}} - c.a.core.activity.CoreActivity.prepare(220)
DEBUG 2026-08-06 03:25:24.395 [TOW task-4] Advice {type=before, action={advice={method=com.aspectran.aspectow.console.auth.UserAuthAspect.checkAuthenticated(com.aspectran.core.activity.Translet)}}, order=1} - c.a.c.activity.AdviceActivity.executeAdvice(351)
DEBUG 2026-08-06 03:25:24.396 [TOW task-4] Advice {type=before, action={advice={method=com.aspectran.aspectow.console.auth.AccessControlAspect.checkPermission(com.aspectran.core.activity.Translet)}}, order=2} - c.a.c.activity.AdviceActivity.executeAdvice(351)
DEBUG 2026-08-06 03:25:24.397 [TOW task-4] Advice {type=before, action={header={headers=[X-Frame-Options, X-Content-Type-Options, X-XSS-Protection, Referrer-Policy]}}} - c.a.c.activity.AdviceActivity.executeAdvice(351)
DEBUG 2026-08-06 03:25:24.398 [TOW task-4] Action {annotated={method=com.aspectran.aspectow.console.cluster.ClusterActivity.refreshToken(com.aspectran.core.activity.Translet)}} - c.a.core.activity.CoreActivity.execute(652)
DEBUG 2026-08-06 03:25:24.400 [TOW task-4] Response {success=true, data=DOIC7IyJS5Oj9LriVtB79w5vm2RmRAkRgDDoFsvZ9XbGlUZA3W3kiFftfiQONkgN-kgw7-YSq0E} - c.a.c.a.r.t.CustomTransformResponse.respond(85)
DEBUG 2026-08-06 03:25:24.402 [TOW task-4] Session 1ljxb1af1vxkt2kna7rph5v6u0.cn0 complete, active requests=0 - c.a.c.c.session.ManagedSession.complete(334)
DEBUG 2026-08-06 03:25:24.502 [TOW task-4] Session 1ljxb1af1vxkt2kna7rph5v6u0.cn0 in use, stopping timer, active requests=1 - c.a.c.c.session.ManagedSession.access(314)
DEBUG 2026-08-06 03:25:24.503 [TOW task-4] GET /console/cluster/token HTTP/1.1 0:0:0:0:0:0:0:1 - c.a.w.s.DefaultWebService.service(87)
DEBUG 2026-08-06 03:25:24.504 [TOW task-4] Translet {name=/cluster/token, responseRule={response={type=transform, format=custom}}} - c.a.core.activity.CoreActivity.prepare(220)
DEBUG 2026-08-06 03:25:24.505 [TOW task-4] Advice {type=before, action={advice={method=com.aspectran.aspectow.console.auth.UserAuthAspect.checkAuthenticated(com.aspectran.core.activity.Translet)}}, order=1} - c.a.c.activity.AdviceActivity.executeAdvice(351)
DEBUG 2026-08-06 03:25:24.506 [TOW task-4] Advice {type=before, action={advice={method=com.aspectran.aspectow.console.auth.AccessControlAspect.checkPermission(com.aspectran.core.activity.Translet)}}, order=2} - c.a.c.activity.AdviceActivity.executeAdvice(351)
DEBUG 2026-08-06 03:25:24.507 [TOW task-4] Advice {type=before, action={header={headers=[X-Frame-Options, X-Content-Type-Options, X-XSS-Protection, Referrer-Policy]}}} - c.a.c.activity.AdviceActivity.executeAdvice(351)
DEBUG 2026-08-06 03:25:24.508 [TOW task-4] Action {annotated={method=com.aspectran.aspectow.console.cluster.ClusterActivity.refreshToken(com.aspectran.core.activity.Translet)}} - c.a.core.activity.CoreActivity.execute(652)
DEBUG 2026-08-06 03:25:24.510 [TOW task-4] Response {success=true, data=j5hC08Q3EAkfvB9qL7IivY0VWNEGhK0zDGGPx9mwiRXpOikIj2oOoGJo5S0nsC-M4Nvk6a9j-I0} - c.a.c.a.r.t.CustomTransformResponse.respond(85)
DEBUG 2026-08-06 03:25:24.511 [TOW task-4] Session 1ljxb1af1vxkt2kna7rph5v6u0.cn0 complete, active requests=0 - c.a.c.c.session.ManagedSession.complete(334)
DEBUG 2026-08-06 03:25:24.594 [TOW task-4] Session 1ljxb1af1vxkt2kna7rph5v6u0.cn0 in use, stopping timer, active requests=1 - c.a.c.c.session.ManagedSession.access(314)
DEBUG 2026-08-06 03:25:24.598 [TOW task-4] WebSocket connection established for session qlq5ghKkPqyYF_xJRtrdvLNGgsYBMxDlF1snB-Ub - c.a.a.c.c.b.w.WebsocketCommandBridge.doOnOpen(74)
DEBUG 2026-08-06 03:25:24.598 [TOW task-4] Session 1ljxb1af1vxkt2kna7rph5v6u0.cn0 complete, active requests=0 - c.a.c.c.session.ManagedSession.complete(334)
DEBUG 2026-08-06 03:25:24.615 [TOW I/O-2] ConsoleClient joined remote command management: session qlq5ghKkPqyYF_xJRtrdvLNGgsYBMxDlF1snB-Ub, targetNodeId: localhost-console1 - c.a.a.c.c.b.w.WebsocketCommandBridge.subscribe(166)
DEBUG 2026-08-06 03:25:35.409 [TOW I/O-2] Command execution initiated: {header=execute, requestId=cmd_1785986735371, sessionId=qlq5ghKkPqyYF_xJRtrdvLNGgsYBMxDlF1snB-Ub, targetGroup=console, command={command=sysinfo, arguments={item=[{value=mem, entry=[], bean=[]}]}}} - c.a.a.c.c.b.w.WebsocketCommandBridge.execute(204)
DEBUG 2026-08-06 03:25:39.211 [TOW I/O-2] Websocket session qlq5ghKkPqyYF_xJRtrdvLNGgsYBMxDlF1snB-Ub has been closed. Reason: CloseReason[1001] - c.a.a.c.c.b.w.WebsocketCommandBridge.doOnClose(110)
DEBUG 2026-08-06 03:25:39.212 [TOW I/O-2] Remote command WebSocket session removed: qlq5ghKkPqyYF_xJRtrdvLNGgsYBMxDlF1snB-Ub (Total: 0) - c.a.a.c.c.b.w.WebsocketCommandBridge.onSessionRemoved(142)
DEBUG 2026-08-06 03:25:39.221 [TOW task-4] Session 1ljxb1af1vxkt2kna7rph5v6u0.cn0 in use, stopping timer, active requests=1 - c.a.c.c.session.ManagedSession.access(314)
DEBUG 2026-08-06 03:25:39.221 [TOW task-4] GET /console/cluster/nodes/ HTTP/1.1 0:0:0:0:0:0:0:1 - c.a.w.s.DefaultWebService.service(87)
DEBUG 2026-08-06 03:25:39.222 [TOW task-4] Translet {name=/cluster/nodes/, responseRule={response={type=dispatch, name=cluster/nodes, viewDispatcher={name=com.aspectran.thymeleaf.view.ThymeleafViewDispatcher@413bb93c}}}} - c.a.core.activity.CoreActivity.prepare(220)
DEBUG 2026-08-06 03:25:39.223 [TOW task-4] Advice {type=before, action={advice={method=com.aspectran.aspectow.console.auth.UserAuthAspect.checkAuthenticated(com.aspectran.core.activity.Translet)}}, order=1} - c.a.c.activity.AdviceActivity.executeAdvice(351)
DEBUG 2026-08-06 03:25:39.223 [TOW task-4] Advice {type=before, action={advice={method=com.aspectran.aspectow.console.auth.AccessControlAspect.checkPermission(com.aspectran.core.activity.Translet)}}, order=2} - c.a.c.activity.AdviceActivity.executeAdvice(351)
DEBUG 2026-08-06 03:25:39.224 [TOW task-4] Advice {type=before, action={header={headers=[X-Frame-Options, X-Content-Type-Options, X-XSS-Protection, Referrer-Policy]}}} - c.a.c.activity.AdviceActivity.executeAdvice(351)
DEBUG 2026-08-06 03:25:39.225 [TOW task-4] Advice {type=before, action={header={headers=[Content-Type, Content-Security-Policy]}}} - c.a.c.activity.AdviceActivity.executeAdvice(351)
DEBUG 2026-08-06 03:25:39.225 [TOW task-4] Action {annotated={id=page, method=com.aspectran.aspectow.console.cluster.ClusterActivity.listNodes(com.aspectran.core.activity.Translet)}} - c.a.core.activity.CoreActivity.execute(652)
DEBUG 2026-08-06 03:25:39.254 [TOW task-4] Response {type=dispatch, name=cluster/nodes, viewDispatcher={name=com.aspectran.thymeleaf.view.ThymeleafViewDispatcher@413bb93c}} - c.a.c.a.r.d.DispatchResponse.respond(71)
DEBUG 2026-08-06 03:25:39.255 [TOW task-4] Dispatching to Thymeleaf template cluster/nodes - c.a.t.v.ThymeleafViewDispatcher.dispatch(88)
DEBUG 2026-08-06 03:25:39.325 [TOW task-4] Session 1ljxb1af1vxkt2kna7rph5v6u0.cn0 complete, active requests=0 - c.a.c.c.session.ManagedSession.complete(334)
DEBUG 2026-08-06 03:25:39.477 [TOW task-5] Session 1ljxb1af1vxkt2kna7rph5v6u0.cn0 in use, stopping timer, active requests=1 - c.a.c.c.session.ManagedSession.access(314)
DEBUG 2026-08-06 03:25:39.478 [TOW task-5] GET /console/cluster/token HTTP/1.1 0:0:0:0:0:0:0:1 - c.a.w.s.DefaultWebService.service(87)
DEBUG 2026-08-06 03:25:39.479 [TOW task-5] Translet {name=/cluster/token, responseRule={response={type=transform, format=custom}}} - c.a.core.activity.CoreActivity.prepare(220)
DEBUG 2026-08-06 03:25:39.480 [TOW task-5] Advice {type=before, action={advice={method=com.aspectran.aspectow.console.auth.UserAuthAspect.checkAuthenticated(com.aspectran.core.activity.Translet)}}, order=1} - c.a.c.activity.AdviceActivity.executeAdvice(351)
DEBUG 2026-08-06 03:25:39.481 [TOW task-5] Advice {type=before, action={advice={method=com.aspectran.aspectow.console.auth.AccessControlAspect.checkPermission(com.aspectran.core.activity.Translet)}}, order=2} - c.a.c.activity.AdviceActivity.executeAdvice(351)
DEBUG 2026-08-06 03:25:39.482 [TOW task-5] Advice {type=before, action={header={headers=[X-Frame-Options, X-Content-Type-Options, X-XSS-Protection, Referrer-Policy]}}} - c.a.c.activity.AdviceActivity.executeAdvice(351)
DEBUG 2026-08-06 03:25:39.483 [TOW task-5] Action {annotated={method=com.aspectran.aspectow.console.cluster.ClusterActivity.refreshToken(com.aspectran.core.activity.Translet)}} - c.a.core.activity.CoreActivity.execute(652)
DEBUG 2026-08-06 03:25:39.484 [TOW task-5] Response {success=true, data=IVJ9aYl39zGxJfBdC4UMynAinpOhdumVXwVcwI2kZnB7qlPieoTxdJDM7LzEXCPFLbNmIskpbQA} - c.a.c.a.r.t.CustomTransformResponse.respond(85)
DEBUG 2026-08-06 03:25:39.486 [TOW task-5] Session 1ljxb1af1vxkt2kna7rph5v6u0.cn0 complete, active requests=0 - c.a.c.c.session.ManagedSession.complete(334)
DEBUG 2026-08-06 03:25:39.557 [TOW task-5] Session 1ljxb1af1vxkt2kna7rph5v6u0.cn0 in use, stopping timer, active requests=1 - c.a.c.c.session.ManagedSession.access(314)
DEBUG 2026-08-06 03:25:39.560 [TOW task-5] WebSocket connection established for session EuM8VsAG2A8hVtP1C28kCOHEmODwWLXB5po2zeXY - c.a.a.c.c.b.w.WebsocketNodeBridge.doOnOpen(74)
DEBUG 2026-08-06 03:25:39.561 [TOW task-5] Session 1ljxb1af1vxkt2kna7rph5v6u0.cn0 complete, active requests=0 - c.a.c.c.session.ManagedSession.complete(334)
DEBUG 2026-08-06 03:25:39.588 [TOW I/O-3] ConsoleClient joined node management: session EuM8VsAG2A8hVtP1C28kCOHEmODwWLXB5po2zeXY, targetNodeId: localhost-console1 - c.a.a.c.c.b.w.WebsocketNodeBridge.subscribe(155)
INFO  2026-08-06 03:25:39.601 [TOW I/O-3] Node management session established: EuM8VsAG2A8hVtP1C28kCOHEmODwWLXB5po2zeXY (nodeId: localhost-console1) - c.a.a.c.c.b.w.WebsocketNodeBridge.established(163)
DEBUG 2026-08-06 03:27:07.136 [TOW I/O-3] Websocket session EuM8VsAG2A8hVtP1C28kCOHEmODwWLXB5po2zeXY has been closed. Reason: CloseReason[1001] - c.a.a.c.c.b.w.WebsocketNodeBridge.doOnClose(110)
DEBUG 2026-08-06 03:27:07.136 [TOW I/O-3] Node management WebSocket session removed: EuM8VsAG2A8hVtP1C28kCOHEmODwWLXB5po2zeXY (Total: 0) - c.a.a.c.c.b.w.WebsocketNodeBridge.onSessionRemoved(102)
DEBUG 2026-08-06 03:27:07.147 [TOW task-5] Session 1ljxb1af1vxkt2kna7rph5v6u0.cn0 in use, stopping timer, active requests=1 - c.a.c.c.session.ManagedSession.access(314)
DEBUG 2026-08-06 03:27:07.148 [TOW task-5] GET /console/appmon/dashboard/ HTTP/1.1 0:0:0:0:0:0:0:1 - c.a.w.s.DefaultWebService.service(87)
DEBUG 2026-08-06 03:27:07.149 [TOW task-5] Translet {name=/appmon/dashboard/${appsToSubscribe}, namePattern=/appmon/dashboard/*, responseRule={response={type=dispatch, name=appmon/dashboard, viewDispatcher={name=com.aspectran.thymeleaf.view.ThymeleafViewDispatcher@413bb93c}}}} - c.a.core.activity.CoreActivity.prepare(220)
DEBUG 2026-08-06 03:27:07.150 [TOW task-5] Advice {type=before, action={advice={method=com.aspectran.aspectow.console.auth.UserAuthAspect.checkAuthenticated(com.aspectran.core.activity.Translet)}}, order=1} - c.a.c.activity.AdviceActivity.executeAdvice(351)
DEBUG 2026-08-06 03:27:07.151 [TOW task-5] Advice {type=before, action={advice={method=com.aspectran.aspectow.console.auth.AccessControlAspect.checkPermission(com.aspectran.core.activity.Translet)}}, order=2} - c.a.c.activity.AdviceActivity.executeAdvice(351)
DEBUG 2026-08-06 03:27:07.152 [TOW task-5] Advice {type=before, action={header={headers=[X-Frame-Options, X-Content-Type-Options, X-XSS-Protection, Referrer-Policy]}}} - c.a.c.activity.AdviceActivity.executeAdvice(351)
DEBUG 2026-08-06 03:27:07.153 [TOW task-5] Advice {type=before, action={header={headers=[Content-Type, Content-Security-Policy]}}} - c.a.c.activity.AdviceActivity.executeAdvice(351)
DEBUG 2026-08-06 03:27:07.154 [TOW task-5] Advice {type=before, action={advice={method=com.aspectran.aspectow.console.common.aspect.DevCorsAdvice.process(com.aspectran.core.activity.Translet)}}} - c.a.c.activity.AdviceActivity.executeAdvice(351)
DEBUG 2026-08-06 03:27:07.154 [TOW task-5] Action {annotated={id=page, method=com.aspectran.aspectow.console.appmon.AppMonActivity.dashboard(java.lang.String)}} - c.a.core.activity.CoreActivity.execute(652)
DEBUG 2026-08-06 03:27:07.155 [TOW task-5] Response {type=dispatch, name=appmon/dashboard, viewDispatcher={name=com.aspectran.thymeleaf.view.ThymeleafViewDispatcher@413bb93c}} - c.a.c.a.r.d.DispatchResponse.respond(71)
DEBUG 2026-08-06 03:27:07.156 [TOW task-5] Dispatching to Thymeleaf template appmon/dashboard - c.a.t.v.ThymeleafViewDispatcher.dispatch(88)
DEBUG 2026-08-06 03:27:07.204 [TOW task-5] Session 1ljxb1af1vxkt2kna7rph5v6u0.cn0 complete, active requests=0 - c.a.c.c.session.ManagedSession.complete(334)
DEBUG 2026-08-06 03:27:07.450 [TOW task-3] Session 1ljxb1af1vxkt2kna7rph5v6u0.cn0 in use, stopping timer, active requests=1 - c.a.c.c.session.ManagedSession.access(314)
DEBUG 2026-08-06 03:27:07.451 [TOW task-3] GET /console/appmon/config/data HTTP/1.1 0:0:0:0:0:0:0:1 - c.a.w.s.DefaultWebService.service(87)
DEBUG 2026-08-06 03:27:07.452 [TOW task-3] Translet {name=/appmon/config/data, method=[GET], responseRule={response={type=transform, format=custom}}} - c.a.core.activity.CoreActivity.prepare(220)
DEBUG 2026-08-06 03:27:07.455 [TOW task-3] Advice {type=before, action={advice={method=com.aspectran.aspectow.console.auth.UserAuthAspect.checkAuthenticated(com.aspectran.core.activity.Translet)}}, order=1} - c.a.c.activity.AdviceActivity.executeAdvice(351)
DEBUG 2026-08-06 03:27:07.456 [TOW task-3] Advice {type=before, action={advice={method=com.aspectran.aspectow.console.auth.AccessControlAspect.checkPermission(com.aspectran.core.activity.Translet)}}, order=2} - c.a.c.activity.AdviceActivity.executeAdvice(351)
DEBUG 2026-08-06 03:27:07.457 [TOW task-3] Advice {type=before, action={header={headers=[X-Frame-Options, X-Content-Type-Options, X-XSS-Protection, Referrer-Policy]}}} - c.a.c.activity.AdviceActivity.executeAdvice(351)
DEBUG 2026-08-06 03:27:07.458 [TOW task-3] Advice {type=before, action={advice={method=com.aspectran.aspectow.console.common.aspect.DevCorsAdvice.process(com.aspectran.core.activity.Translet)}}} - c.a.c.activity.AdviceActivity.executeAdvice(351)
DEBUG 2026-08-06 03:27:07.459 [TOW task-3] Action {annotated={method=com.aspectran.aspectow.console.appmon.AppMonActivity.getConfigData(com.aspectran.core.activity.Translet, java.lang.String)}} - c.a.core.activity.CoreActivity.execute(652)
DEBUG 2026-08-06 03:27:07.535 [TOW task-3] Response com.aspectran.web.activity.response.DefaultRestResponse@65a26333 - c.a.c.a.r.t.CustomTransformResponse.respond(85)
DEBUG 2026-08-06 03:27:07.539 [TOW task-3] Session 1ljxb1af1vxkt2kna7rph5v6u0.cn0 complete, active requests=0 - c.a.c.c.session.ManagedSession.complete(334)
DEBUG 2026-08-06 03:27:07.606 [TOW task-3] Session 1ljxb1af1vxkt2kna7rph5v6u0.cn0 in use, stopping timer, active requests=1 - c.a.c.c.session.ManagedSession.access(314)
DEBUG 2026-08-06 03:27:07.610 [TOW task-3] WebSocket connection established for session clwUBJc2G647aQW3BX4qfRY6wfW8P1RvbYrKug7U - c.a.a.a.e.r.w.WebsocketMessageRelayer.doOnOpen(74)
DEBUG 2026-08-06 03:27:07.611 [TOW task-3] Session 1ljxb1af1vxkt2kna7rph5v6u0.cn0 complete, active requests=0 - c.a.c.c.session.ManagedSession.complete(334)
DEBUG 2026-08-06 03:27:21.956 [TOW I/O-4] Websocket session clwUBJc2G647aQW3BX4qfRY6wfW8P1RvbYrKug7U has been closed. Reason: CloseReason[1001] - c.a.a.a.e.r.w.WebsocketMessageRelayer.doOnClose(110)
DEBUG 2026-08-06 03:27:21.972 [TOW task-3] Session 1ljxb1af1vxkt2kna7rph5v6u0.cn0 in use, stopping timer, active requests=1 - c.a.c.c.session.ManagedSession.access(314)
DEBUG 2026-08-06 03:27:21.973 [TOW task-3] GET /console/ HTTP/1.1 0:0:0:0:0:0:0:1 - c.a.w.s.DefaultWebService.service(87)
DEBUG 2026-08-06 03:27:21.974 [TOW task-3] Translet {name=/, responseRule={response={type=dispatch, name=home/home}}} - c.a.core.activity.CoreActivity.prepare(220)
DEBUG 2026-08-06 03:27:21.975 [TOW task-3] Advice {type=before, action={advice={method=com.aspectran.aspectow.console.auth.UserAuthAspect.checkAuthenticated(com.aspectran.core.activity.Translet)}}, order=1} - c.a.c.activity.AdviceActivity.executeAdvice(351)
DEBUG 2026-08-06 03:27:21.976 [TOW task-3] Advice {type=before, action={header={headers=[X-Frame-Options, X-Content-Type-Options, X-XSS-Protection, Referrer-Policy]}}} - c.a.c.activity.AdviceActivity.executeAdvice(351)
DEBUG 2026-08-06 03:27:21.977 [TOW task-3] Advice {type=before, action={header={headers=[Content-Type, Content-Security-Policy]}}} - c.a.c.activity.AdviceActivity.executeAdvice(351)
DEBUG 2026-08-06 03:27:21.978 [TOW task-3] Action {annotated={id=page, method=com.aspectran.aspectow.console.home.HomeActivity.home()}} - c.a.core.activity.CoreActivity.execute(652)
DEBUG 2026-08-06 03:27:22.004 [TOW task-3] Response {type=dispatch, name=home/home} - c.a.c.a.r.d.DispatchResponse.respond(71)
DEBUG 2026-08-06 03:27:22.005 [TOW task-3] Dispatching to Thymeleaf template home/home - c.a.t.v.ThymeleafViewDispatcher.dispatch(88)
DEBUG 2026-08-06 03:27:22.047 [TOW task-3] Session 1ljxb1af1vxkt2kna7rph5v6u0.cn0 complete, active requests=0 - c.a.c.c.session.ManagedSession.complete(334)
DEBUG 2026-08-06 03:27:24.611 [TOW task-3] Session 1ljxb1af1vxkt2kna7rph5v6u0.cn0 in use, stopping timer, active requests=1 - c.a.c.c.session.ManagedSession.access(314)
DEBUG 2026-08-06 03:27:24.612 [TOW task-3] GET /console/appmon/dashboard/ HTTP/1.1 0:0:0:0:0:0:0:1 - c.a.w.s.DefaultWebService.service(87)
DEBUG 2026-08-06 03:27:24.612 [TOW task-3] Translet {name=/appmon/dashboard/${appsToSubscribe}, namePattern=/appmon/dashboard/*, responseRule={response={type=dispatch, name=appmon/dashboard, viewDispatcher={name=com.aspectran.thymeleaf.view.ThymeleafViewDispatcher@413bb93c}}}} - c.a.core.activity.CoreActivity.prepare(220)
DEBUG 2026-08-06 03:27:24.613 [TOW task-3] Advice {type=before, action={advice={method=com.aspectran.aspectow.console.auth.UserAuthAspect.checkAuthenticated(com.aspectran.core.activity.Translet)}}, order=1} - c.a.c.activity.AdviceActivity.executeAdvice(351)
DEBUG 2026-08-06 03:27:24.613 [TOW task-3] Advice {type=before, action={advice={method=com.aspectran.aspectow.console.auth.AccessControlAspect.checkPermission(com.aspectran.core.activity.Translet)}}, order=2} - c.a.c.activity.AdviceActivity.executeAdvice(351)
DEBUG 2026-08-06 03:27:24.614 [TOW task-3] Advice {type=before, action={header={headers=[X-Frame-Options, X-Content-Type-Options, X-XSS-Protection, Referrer-Policy]}}} - c.a.c.activity.AdviceActivity.executeAdvice(351)
DEBUG 2026-08-06 03:27:24.615 [TOW task-3] Advice {type=before, action={header={headers=[Content-Type, Content-Security-Policy]}}} - c.a.c.activity.AdviceActivity.executeAdvice(351)
DEBUG 2026-08-06 03:27:24.615 [TOW task-3] Advice {type=before, action={advice={method=com.aspectran.aspectow.console.common.aspect.DevCorsAdvice.process(com.aspectran.core.activity.Translet)}}} - c.a.c.activity.AdviceActivity.executeAdvice(351)
DEBUG 2026-08-06 03:27:24.616 [TOW task-3] Action {annotated={id=page, method=com.aspectran.aspectow.console.appmon.AppMonActivity.dashboard(java.lang.String)}} - c.a.core.activity.CoreActivity.execute(652)
DEBUG 2026-08-06 03:27:24.616 [TOW task-3] Response {type=dispatch, name=appmon/dashboard, viewDispatcher={name=com.aspectran.thymeleaf.view.ThymeleafViewDispatcher@413bb93c}} - c.a.c.a.r.d.DispatchResponse.respond(71)
DEBUG 2026-08-06 03:27:24.617 [TOW task-3] Dispatching to Thymeleaf template appmon/dashboard - c.a.t.v.ThymeleafViewDispatcher.dispatch(88)
DEBUG 2026-08-06 03:27:24.658 [TOW task-3] Session 1ljxb1af1vxkt2kna7rph5v6u0.cn0 complete, active requests=0 - c.a.c.c.session.ManagedSession.complete(334)
DEBUG 2026-08-06 03:27:24.885 [TOW task-3] Session 1ljxb1af1vxkt2kna7rph5v6u0.cn0 in use, stopping timer, active requests=1 - c.a.c.c.session.ManagedSession.access(314)
DEBUG 2026-08-06 03:27:24.885 [TOW task-3] GET /console/appmon/config/data HTTP/1.1 0:0:0:0:0:0:0:1 - c.a.w.s.DefaultWebService.service(87)
DEBUG 2026-08-06 03:27:24.886 [TOW task-3] Translet {name=/appmon/config/data, method=[GET], responseRule={response={type=transform, format=custom}}} - c.a.core.activity.CoreActivity.prepare(220)
DEBUG 2026-08-06 03:27:24.887 [TOW task-3] Advice {type=before, action={advice={method=com.aspectran.aspectow.console.auth.UserAuthAspect.checkAuthenticated(com.aspectran.core.activity.Translet)}}, order=1} - c.a.c.activity.AdviceActivity.executeAdvice(351)
DEBUG 2026-08-06 03:27:24.888 [TOW task-3] Advice {type=before, action={advice={method=com.aspectran.aspectow.console.auth.AccessControlAspect.checkPermission(com.aspectran.core.activity.Translet)}}, order=2} - c.a.c.activity.AdviceActivity.executeAdvice(351)
DEBUG 2026-08-06 03:27:24.888 [TOW task-3] Advice {type=before, action={header={headers=[X-Frame-Options, X-Content-Type-Options, X-XSS-Protection, Referrer-Policy]}}} - c.a.c.activity.AdviceActivity.executeAdvice(351)
DEBUG 2026-08-06 03:27:24.889 [TOW task-3] Advice {type=before, action={advice={method=com.aspectran.aspectow.console.common.aspect.DevCorsAdvice.process(com.aspectran.core.activity.Translet)}}} - c.a.c.activity.AdviceActivity.executeAdvice(351)
DEBUG 2026-08-06 03:27:24.890 [TOW task-3] Action {annotated={method=com.aspectran.aspectow.console.appmon.AppMonActivity.getConfigData(com.aspectran.core.activity.Translet, java.lang.String)}} - c.a.core.activity.CoreActivity.execute(652)
DEBUG 2026-08-06 03:27:24.963 [TOW task-3] Response com.aspectran.web.activity.response.DefaultRestResponse@7be015d0 - c.a.c.a.r.t.CustomTransformResponse.respond(85)
DEBUG 2026-08-06 03:27:24.966 [TOW task-3] Session 1ljxb1af1vxkt2kna7rph5v6u0.cn0 complete, active requests=0 - c.a.c.c.session.ManagedSession.complete(334)
DEBUG 2026-08-06 03:27:25.041 [TOW task-3] Session 1ljxb1af1vxkt2kna7rph5v6u0.cn0 in use, stopping timer, active requests=1 - c.a.c.c.session.ManagedSession.access(314)
DEBUG 2026-08-06 03:27:25.045 [TOW task-3] WebSocket connection established for session 6buZvkUt2-bRPR38AaFasDCQnmozoAwz35mZylyY - c.a.a.a.e.r.w.WebsocketMessageRelayer.doOnOpen(74)
DEBUG 2026-08-06 03:27:25.045 [TOW task-3] Session 1ljxb1af1vxkt2kna7rph5v6u0.cn0 complete, active requests=0 - c.a.c.c.session.ManagedSession.complete(334)
DEBUG 2026-08-06 03:29:30.335 [TOW I/O-2] Websocket session 6buZvkUt2-bRPR38AaFasDCQnmozoAwz35mZylyY has been closed. Reason: CloseReason[1001] - c.a.a.a.e.r.w.WebsocketMessageRelayer.doOnClose(110)
DEBUG 2026-08-06 03:29:31.993 [TOW task-3] Session 1ljxb1af1vxkt2kna7rph5v6u0.cn0 in use, stopping timer, active requests=1 - c.a.c.c.session.ManagedSession.access(314)
DEBUG 2026-08-06 03:29:31.994 [TOW task-3] GET /console/appmon/dashboard/ HTTP/1.1 0:0:0:0:0:0:0:1 - c.a.w.s.DefaultWebService.service(87)
DEBUG 2026-08-06 03:29:31.995 [TOW task-3] Translet {name=/appmon/dashboard/${appsToSubscribe}, namePattern=/appmon/dashboard/*, responseRule={response={type=dispatch, name=appmon/dashboard, viewDispatcher={name=com.aspectran.thymeleaf.view.ThymeleafViewDispatcher@413bb93c}}}} - c.a.core.activity.CoreActivity.prepare(220)
DEBUG 2026-08-06 03:29:31.996 [TOW task-3] Advice {type=before, action={advice={method=com.aspectran.aspectow.console.auth.UserAuthAspect.checkAuthenticated(com.aspectran.core.activity.Translet)}}, order=1} - c.a.c.activity.AdviceActivity.executeAdvice(351)
DEBUG 2026-08-06 03:29:31.996 [TOW task-3] Advice {type=before, action={advice={method=com.aspectran.aspectow.console.auth.AccessControlAspect.checkPermission(com.aspectran.core.activity.Translet)}}, order=2} - c.a.c.activity.AdviceActivity.executeAdvice(351)
DEBUG 2026-08-06 03:29:31.998 [TOW task-3] Advice {type=before, action={header={headers=[X-Frame-Options, X-Content-Type-Options, X-XSS-Protection, Referrer-Policy]}}} - c.a.c.activity.AdviceActivity.executeAdvice(351)
DEBUG 2026-08-06 03:29:31.999 [TOW task-3] Advice {type=before, action={header={headers=[Content-Type, Content-Security-Policy]}}} - c.a.c.activity.AdviceActivity.executeAdvice(351)
DEBUG 2026-08-06 03:29:32.001 [TOW task-3] Advice {type=before, action={advice={method=com.aspectran.aspectow.console.common.aspect.DevCorsAdvice.process(com.aspectran.core.activity.Translet)}}} - c.a.c.activity.AdviceActivity.executeAdvice(351)
DEBUG 2026-08-06 03:29:32.002 [TOW task-3] Action {annotated={id=page, method=com.aspectran.aspectow.console.appmon.AppMonActivity.dashboard(java.lang.String)}} - c.a.core.activity.CoreActivity.execute(652)
DEBUG 2026-08-06 03:29:32.003 [TOW task-3] Response {type=dispatch, name=appmon/dashboard, viewDispatcher={name=com.aspectran.thymeleaf.view.ThymeleafViewDispatcher@413bb93c}} - c.a.c.a.r.d.DispatchResponse.respond(71)
DEBUG 2026-08-06 03:29:32.004 [TOW task-3] Dispatching to Thymeleaf template appmon/dashboard - c.a.t.v.ThymeleafViewDispatcher.dispatch(88)
DEBUG 2026-08-06 03:29:32.040 [TOW task-3] Session 1ljxb1af1vxkt2kna7rph5v6u0.cn0 complete, active requests=0 - c.a.c.c.session.ManagedSession.complete(334)
DEBUG 2026-08-06 03:29:32.343 [TOW task-5] Session 1ljxb1af1vxkt2kna7rph5v6u0.cn0 in use, stopping timer, active requests=1 - c.a.c.c.session.ManagedSession.access(314)
DEBUG 2026-08-06 03:29:32.344 [TOW task-5] GET /console/appmon/config/data HTTP/1.1 0:0:0:0:0:0:0:1 - c.a.w.s.DefaultWebService.service(87)
DEBUG 2026-08-06 03:29:32.344 [TOW task-5] Translet {name=/appmon/config/data, method=[GET], responseRule={response={type=transform, format=custom}}} - c.a.core.activity.CoreActivity.prepare(220)
DEBUG 2026-08-06 03:29:32.345 [TOW task-5] Advice {type=before, action={advice={method=com.aspectran.aspectow.console.auth.UserAuthAspect.checkAuthenticated(com.aspectran.core.activity.Translet)}}, order=1} - c.a.c.activity.AdviceActivity.executeAdvice(351)
DEBUG 2026-08-06 03:29:32.346 [TOW task-5] Advice {type=before, action={advice={method=com.aspectran.aspectow.console.auth.AccessControlAspect.checkPermission(com.aspectran.core.activity.Translet)}}, order=2} - c.a.c.activity.AdviceActivity.executeAdvice(351)
DEBUG 2026-08-06 03:29:32.346 [TOW task-5] Advice {type=before, action={header={headers=[X-Frame-Options, X-Content-Type-Options, X-XSS-Protection, Referrer-Policy]}}} - c.a.c.activity.AdviceActivity.executeAdvice(351)
DEBUG 2026-08-06 03:29:32.347 [TOW task-5] Advice {type=before, action={advice={method=com.aspectran.aspectow.console.common.aspect.DevCorsAdvice.process(com.aspectran.core.activity.Translet)}}} - c.a.c.activity.AdviceActivity.executeAdvice(351)
DEBUG 2026-08-06 03:29:32.348 [TOW task-5] Action {annotated={method=com.aspectran.aspectow.console.appmon.AppMonActivity.getConfigData(com.aspectran.core.activity.Translet, java.lang.String)}} - c.a.core.activity.CoreActivity.execute(652)
DEBUG 2026-08-06 03:29:32.418 [TOW task-5] Response com.aspectran.web.activity.response.DefaultRestResponse@37ce9947 - c.a.c.a.r.t.CustomTransformResponse.respond(85)
DEBUG 2026-08-06 03:29:32.421 [TOW task-5] Session 1ljxb1af1vxkt2kna7rph5v6u0.cn0 complete, active requests=0 - c.a.c.c.session.ManagedSession.complete(334)
DEBUG 2026-08-06 03:29:34.366 [TOW task-5] Session 1ljxb1af1vxkt2kna7rph5v6u0.cn0 in use, stopping timer, active requests=1 - c.a.c.c.session.ManagedSession.access(314)
DEBUG 2026-08-06 03:29:34.369 [TOW task-5] WebSocket connection established for session TNl3GViplmSdkRh0IkGfLxOaNnrGEATY3qyDm2Yg - c.a.a.a.e.r.w.WebsocketMessageRelayer.doOnOpen(74)
DEBUG 2026-08-06 03:29:34.369 [TOW task-5] Session 1ljxb1af1vxkt2kna7rph5v6u0.cn0 complete, active requests=0 - c.a.c.c.session.ManagedSession.complete(334)
DEBUG 2026-08-06 03:29:58.594 [TOW I/O-3] Websocket session TNl3GViplmSdkRh0IkGfLxOaNnrGEATY3qyDm2Yg has been closed. Reason: CloseReason[1001] - c.a.a.a.e.r.w.WebsocketMessageRelayer.doOnClose(110)
DEBUG 2026-08-06 03:29:58.630 [TOW task-5] Session 1ljxb1af1vxkt2kna7rph5v6u0.cn0 in use, stopping timer, active requests=1 - c.a.c.c.session.ManagedSession.access(314)
DEBUG 2026-08-06 03:29:58.631 [TOW task-5] GET /console/appmon/dashboard/ HTTP/1.1 0:0:0:0:0:0:0:1 - c.a.w.s.DefaultWebService.service(87)
DEBUG 2026-08-06 03:29:58.632 [TOW task-5] Translet {name=/appmon/dashboard/${appsToSubscribe}, namePattern=/appmon/dashboard/*, responseRule={response={type=dispatch, name=appmon/dashboard, viewDispatcher={name=com.aspectran.thymeleaf.view.ThymeleafViewDispatcher@413bb93c}}}} - c.a.core.activity.CoreActivity.prepare(220)
DEBUG 2026-08-06 03:29:58.633 [TOW task-5] Advice {type=before, action={advice={method=com.aspectran.aspectow.console.auth.UserAuthAspect.checkAuthenticated(com.aspectran.core.activity.Translet)}}, order=1} - c.a.c.activity.AdviceActivity.executeAdvice(351)
DEBUG 2026-08-06 03:29:58.634 [TOW task-5] Advice {type=before, action={advice={method=com.aspectran.aspectow.console.auth.AccessControlAspect.checkPermission(com.aspectran.core.activity.Translet)}}, order=2} - c.a.c.activity.AdviceActivity.executeAdvice(351)
DEBUG 2026-08-06 03:29:58.635 [TOW task-5] Advice {type=before, action={header={headers=[X-Frame-Options, X-Content-Type-Options, X-XSS-Protection, Referrer-Policy]}}} - c.a.c.activity.AdviceActivity.executeAdvice(351)
DEBUG 2026-08-06 03:29:58.636 [TOW task-5] Advice {type=before, action={header={headers=[Content-Type, Content-Security-Policy]}}} - c.a.c.activity.AdviceActivity.executeAdvice(351)
DEBUG 2026-08-06 03:29:58.636 [TOW task-5] Advice {type=before, action={advice={method=com.aspectran.aspectow.console.common.aspect.DevCorsAdvice.process(com.aspectran.core.activity.Translet)}}} - c.a.c.activity.AdviceActivity.executeAdvice(351)
DEBUG 2026-08-06 03:29:58.637 [TOW task-5] Action {annotated={id=page, method=com.aspectran.aspectow.console.appmon.AppMonActivity.dashboard(java.lang.String)}} - c.a.core.activity.CoreActivity.execute(652)
DEBUG 2026-08-06 03:29:58.637 [TOW task-5] Response {type=dispatch, name=appmon/dashboard, viewDispatcher={name=com.aspectran.thymeleaf.view.ThymeleafViewDispatcher@413bb93c}} - c.a.c.a.r.d.DispatchResponse.respond(71)
DEBUG 2026-08-06 03:29:58.638 [TOW task-5] Dispatching to Thymeleaf template appmon/dashboard - c.a.t.v.ThymeleafViewDispatcher.dispatch(88)
DEBUG 2026-08-06 03:29:58.685 [TOW task-5] Session 1ljxb1af1vxkt2kna7rph5v6u0.cn0 complete, active requests=0 - c.a.c.c.session.ManagedSession.complete(334)
DEBUG 2026-08-06 03:29:58.902 [TOW task-3] Session 1ljxb1af1vxkt2kna7rph5v6u0.cn0 in use, stopping timer, active requests=1 - c.a.c.c.session.ManagedSession.access(314)
DEBUG 2026-08-06 03:29:58.902 [TOW task-3] GET /console/appmon/config/data HTTP/1.1 0:0:0:0:0:0:0:1 - c.a.w.s.DefaultWebService.service(87)
DEBUG 2026-08-06 03:29:58.903 [TOW task-3] Translet {name=/appmon/config/data, method=[GET], responseRule={response={type=transform, format=custom}}} - c.a.core.activity.CoreActivity.prepare(220)
DEBUG 2026-08-06 03:29:58.904 [TOW task-3] Advice {type=before, action={advice={method=com.aspectran.aspectow.console.auth.UserAuthAspect.checkAuthenticated(com.aspectran.core.activity.Translet)}}, order=1} - c.a.c.activity.AdviceActivity.executeAdvice(351)
DEBUG 2026-08-06 03:29:58.905 [TOW task-3] Advice {type=before, action={advice={method=com.aspectran.aspectow.console.auth.AccessControlAspect.checkPermission(com.aspectran.core.activity.Translet)}}, order=2} - c.a.c.activity.AdviceActivity.executeAdvice(351)
DEBUG 2026-08-06 03:29:58.906 [TOW task-3] Advice {type=before, action={header={headers=[X-Frame-Options, X-Content-Type-Options, X-XSS-Protection, Referrer-Policy]}}} - c.a.c.activity.AdviceActivity.executeAdvice(351)
DEBUG 2026-08-06 03:29:58.907 [TOW task-3] Advice {type=before, action={advice={method=com.aspectran.aspectow.console.common.aspect.DevCorsAdvice.process(com.aspectran.core.activity.Translet)}}} - c.a.c.activity.AdviceActivity.executeAdvice(351)
DEBUG 2026-08-06 03:29:58.909 [TOW task-3] Action {annotated={method=com.aspectran.aspectow.console.appmon.AppMonActivity.getConfigData(com.aspectran.core.activity.Translet, java.lang.String)}} - c.a.core.activity.CoreActivity.execute(652)
DEBUG 2026-08-06 03:29:58.966 [TOW task-3] Response com.aspectran.web.activity.response.DefaultRestResponse@37ca7dd4 - c.a.c.a.r.t.CustomTransformResponse.respond(85)
DEBUG 2026-08-06 03:29:58.969 [TOW task-3] Session 1ljxb1af1vxkt2kna7rph5v6u0.cn0 complete, active requests=0 - c.a.c.c.session.ManagedSession.complete(334)
DEBUG 2026-08-06 03:29:59.018 [TOW task-3] Session 1ljxb1af1vxkt2kna7rph5v6u0.cn0 in use, stopping timer, active requests=1 - c.a.c.c.session.ManagedSession.access(314)
DEBUG 2026-08-06 03:29:59.020 [TOW task-3] WebSocket connection established for session xkvrmEczZNsaczKck2Fzrq0_lFJR9MqEPHhE5GsW - c.a.a.a.e.r.w.WebsocketMessageRelayer.doOnOpen(74)
DEBUG 2026-08-06 03:29:59.021 [TOW task-3] Session 1ljxb1af1vxkt2kna7rph5v6u0.cn0 complete, active requests=0 - c.a.c.c.session.ManagedSession.complete(334)
DEBUG 2026-08-06 03:30:00.001 [AppmonScheduler_Worker-1] Translet {name=appmon/persist/counter/rollup.job} - c.a.core.activity.CoreActivity.prepare(220)
DEBUG 2026-08-06 03:30:00.002 [AppmonScheduler_Worker-1] Action {annotated={method=com.aspectran.aspectow.appmon.engine.schedule.CounterPersistSchedule.rollup()}} - c.a.core.activity.CoreActivity.execute(652)
DEBUG 2026-08-06 03:30:28.311 [TOW I/O-3] Websocket session xkvrmEczZNsaczKck2Fzrq0_lFJR9MqEPHhE5GsW has been closed. Reason: CloseReason[1001] - c.a.a.a.e.r.w.WebsocketMessageRelayer.doOnClose(110)
DEBUG 2026-08-06 03:30:28.325 [TOW task-3] Session 1ljxb1af1vxkt2kna7rph5v6u0.cn0 in use, stopping timer, active requests=1 - c.a.c.c.session.ManagedSession.access(314)
DEBUG 2026-08-06 03:30:28.325 [TOW task-3] GET /console/appmon/dashboard/ HTTP/1.1 0:0:0:0:0:0:0:1 - c.a.w.s.DefaultWebService.service(87)
DEBUG 2026-08-06 03:30:28.326 [TOW task-3] Translet {name=/appmon/dashboard/${appsToSubscribe}, namePattern=/appmon/dashboard/*, responseRule={response={type=dispatch, name=appmon/dashboard, viewDispatcher={name=com.aspectran.thymeleaf.view.ThymeleafViewDispatcher@413bb93c}}}} - c.a.core.activity.CoreActivity.prepare(220)
DEBUG 2026-08-06 03:30:28.326 [TOW task-3] Advice {type=before, action={advice={method=com.aspectran.aspectow.console.auth.UserAuthAspect.checkAuthenticated(com.aspectran.core.activity.Translet)}}, order=1} - c.a.c.activity.AdviceActivity.executeAdvice(351)
DEBUG 2026-08-06 03:30:28.327 [TOW task-3] Advice {type=before, action={advice={method=com.aspectran.aspectow.console.auth.AccessControlAspect.checkPermission(com.aspectran.core.activity.Translet)}}, order=2} - c.a.c.activity.AdviceActivity.executeAdvice(351)
DEBUG 2026-08-06 03:30:28.327 [TOW task-3] Advice {type=before, action={header={headers=[X-Frame-Options, X-Content-Type-Options, X-XSS-Protection, Referrer-Policy]}}} - c.a.c.activity.AdviceActivity.executeAdvice(351)
DEBUG 2026-08-06 03:30:28.328 [TOW task-3] Advice {type=before, action={header={headers=[Content-Type, Content-Security-Policy]}}} - c.a.c.activity.AdviceActivity.executeAdvice(351)
DEBUG 2026-08-06 03:30:28.328 [TOW task-3] Advice {type=before, action={advice={method=com.aspectran.aspectow.console.common.aspect.DevCorsAdvice.process(com.aspectran.core.activity.Translet)}}} - c.a.c.activity.AdviceActivity.executeAdvice(351)
DEBUG 2026-08-06 03:30:28.328 [TOW task-3] Action {annotated={id=page, method=com.aspectran.aspectow.console.appmon.AppMonActivity.dashboard(java.lang.String)}} - c.a.core.activity.CoreActivity.execute(652)
DEBUG 2026-08-06 03:30:28.329 [TOW task-3] Response {type=dispatch, name=appmon/dashboard, viewDispatcher={name=com.aspectran.thymeleaf.view.ThymeleafViewDispatcher@413bb93c}} - c.a.c.a.r.d.DispatchResponse.respond(71)
DEBUG 2026-08-06 03:30:28.329 [TOW task-3] Dispatching to Thymeleaf template appmon/dashboard - c.a.t.v.ThymeleafViewDispatcher.dispatch(88)
DEBUG 2026-08-06 03:30:28.357 [TOW task-3] Session 1ljxb1af1vxkt2kna7rph5v6u0.cn0 complete, active requests=0 - c.a.c.c.session.ManagedSession.complete(334)
DEBUG 2026-08-06 03:30:28.568 [TOW task-4] Session 1ljxb1af1vxkt2kna7rph5v6u0.cn0 in use, stopping timer, active requests=1 - c.a.c.c.session.ManagedSession.access(314)
DEBUG 2026-08-06 03:30:28.569 [TOW task-4] GET /console/appmon/config/data HTTP/1.1 0:0:0:0:0:0:0:1 - c.a.w.s.DefaultWebService.service(87)
DEBUG 2026-08-06 03:30:28.569 [TOW task-4] Translet {name=/appmon/config/data, method=[GET], responseRule={response={type=transform, format=custom}}} - c.a.core.activity.CoreActivity.prepare(220)
DEBUG 2026-08-06 03:30:28.570 [TOW task-4] Advice {type=before, action={advice={method=com.aspectran.aspectow.console.auth.UserAuthAspect.checkAuthenticated(com.aspectran.core.activity.Translet)}}, order=1} - c.a.c.activity.AdviceActivity.executeAdvice(351)
DEBUG 2026-08-06 03:30:28.571 [TOW task-4] Advice {type=before, action={advice={method=com.aspectran.aspectow.console.auth.AccessControlAspect.checkPermission(com.aspectran.core.activity.Translet)}}, order=2} - c.a.c.activity.AdviceActivity.executeAdvice(351)
DEBUG 2026-08-06 03:30:28.571 [TOW task-4] Advice {type=before, action={header={headers=[X-Frame-Options, X-Content-Type-Options, X-XSS-Protection, Referrer-Policy]}}} - c.a.c.activity.AdviceActivity.executeAdvice(351)
DEBUG 2026-08-06 03:30:28.572 [TOW task-4] Advice {type=before, action={advice={method=com.aspectran.aspectow.console.common.aspect.DevCorsAdvice.process(com.aspectran.core.activity.Translet)}}} - c.a.c.activity.AdviceActivity.executeAdvice(351)
DEBUG 2026-08-06 03:30:28.573 [TOW task-4] Action {annotated={method=com.aspectran.aspectow.console.appmon.AppMonActivity.getConfigData(com.aspectran.core.activity.Translet, java.lang.String)}} - c.a.core.activity.CoreActivity.execute(652)
DEBUG 2026-08-06 03:30:28.635 [TOW task-4] Response com.aspectran.web.activity.response.DefaultRestResponse@7ddca373 - c.a.c.a.r.t.CustomTransformResponse.respond(85)
DEBUG 2026-08-06 03:30:28.636 [TOW task-4] Session 1ljxb1af1vxkt2kna7rph5v6u0.cn0 complete, active requests=0 - c.a.c.c.session.ManagedSession.complete(334)
DEBUG 2026-08-06 03:30:28.680 [TOW task-4] Session 1ljxb1af1vxkt2kna7rph5v6u0.cn0 in use, stopping timer, active requests=1 - c.a.c.c.session.ManagedSession.access(314)
DEBUG 2026-08-06 03:30:28.685 [TOW task-4] WebSocket connection established for session _GLV8CUfnhfS6pC8rbEGgosbm0KR2Y4HkbMMy8Z8 - c.a.a.a.e.r.w.WebsocketMessageRelayer.doOnOpen(74)
DEBUG 2026-08-06 03:30:28.686 [TOW task-4] Session 1ljxb1af1vxkt2kna7rph5v6u0.cn0 complete, active requests=0 - c.a.c.c.session.ManagedSession.complete(334)
DEBUG 2026-08-06 03:35:00.005 [AppmonScheduler_Worker-1] Translet {name=appmon/persist/counter/rollup.job} - c.a.core.activity.CoreActivity.prepare(220)
DEBUG 2026-08-06 03:35:00.006 [AppmonScheduler_Worker-1] Action {annotated={method=com.aspectran.aspectow.appmon.engine.schedule.CounterPersistSchedule.rollup()}} - c.a.core.activity.CoreActivity.execute(652)
DEBUG 2026-08-06 03:35:02.661 [TOW I/O-2] Websocket session _GLV8CUfnhfS6pC8rbEGgosbm0KR2Y4HkbMMy8Z8 has been closed. Reason: CloseReason[1001] - c.a.a.a.e.r.w.WebsocketMessageRelayer.doOnClose(110)
DEBUG 2026-08-06 03:35:04.769 [TOW task-4] Session 1ljxb1af1vxkt2kna7rph5v6u0.cn0 in use, stopping timer, active requests=1 - c.a.c.c.session.ManagedSession.access(314)
DEBUG 2026-08-06 03:35:04.770 [TOW task-4] GET /console/appmon/dashboard/ HTTP/1.1 0:0:0:0:0:0:0:1 - c.a.w.s.DefaultWebService.service(87)
DEBUG 2026-08-06 03:35:04.770 [TOW task-4] Translet {name=/appmon/dashboard/${appsToSubscribe}, namePattern=/appmon/dashboard/*, responseRule={response={type=dispatch, name=appmon/dashboard, viewDispatcher={name=com.aspectran.thymeleaf.view.ThymeleafViewDispatcher@413bb93c}}}} - c.a.core.activity.CoreActivity.prepare(220)
DEBUG 2026-08-06 03:35:04.771 [TOW task-4] Advice {type=before, action={advice={method=com.aspectran.aspectow.console.auth.UserAuthAspect.checkAuthenticated(com.aspectran.core.activity.Translet)}}, order=1} - c.a.c.activity.AdviceActivity.executeAdvice(351)
DEBUG 2026-08-06 03:35:04.772 [TOW task-4] Advice {type=before, action={advice={method=com.aspectran.aspectow.console.auth.AccessControlAspect.checkPermission(com.aspectran.core.activity.Translet)}}, order=2} - c.a.c.activity.AdviceActivity.executeAdvice(351)
DEBUG 2026-08-06 03:35:04.772 [TOW task-4] Advice {type=before, action={header={headers=[X-Frame-Options, X-Content-Type-Options, X-XSS-Protection, Referrer-Policy]}}} - c.a.c.activity.AdviceActivity.executeAdvice(351)
DEBUG 2026-08-06 03:35:04.773 [TOW task-4] Advice {type=before, action={header={headers=[Content-Type, Content-Security-Policy]}}} - c.a.c.activity.AdviceActivity.executeAdvice(351)
DEBUG 2026-08-06 03:35:04.773 [TOW task-4] Advice {type=before, action={advice={method=com.aspectran.aspectow.console.common.aspect.DevCorsAdvice.process(com.aspectran.core.activity.Translet)}}} - c.a.c.activity.AdviceActivity.executeAdvice(351)
DEBUG 2026-08-06 03:35:04.774 [TOW task-4] Action {annotated={id=page, method=com.aspectran.aspectow.console.appmon.AppMonActivity.dashboard(java.lang.String)}} - c.a.core.activity.CoreActivity.execute(652)
DEBUG 2026-08-06 03:35:04.774 [TOW task-4] Response {type=dispatch, name=appmon/dashboard, viewDispatcher={name=com.aspectran.thymeleaf.view.ThymeleafViewDispatcher@413bb93c}} - c.a.c.a.r.d.DispatchResponse.respond(71)
DEBUG 2026-08-06 03:35:04.775 [TOW task-4] Dispatching to Thymeleaf template appmon/dashboard - c.a.t.v.ThymeleafViewDispatcher.dispatch(88)
DEBUG 2026-08-06 03:35:04.802 [TOW task-4] Session 1ljxb1af1vxkt2kna7rph5v6u0.cn0 complete, active requests=0 - c.a.c.c.session.ManagedSession.complete(334)
DEBUG 2026-08-06 03:35:05.150 [TOW task-3] Session 1ljxb1af1vxkt2kna7rph5v6u0.cn0 in use, stopping timer, active requests=1 - c.a.c.c.session.ManagedSession.access(314)
DEBUG 2026-08-06 03:35:05.151 [TOW task-3] GET /console/appmon/config/data HTTP/1.1 0:0:0:0:0:0:0:1 - c.a.w.s.DefaultWebService.service(87)
DEBUG 2026-08-06 03:35:05.152 [TOW task-3] Translet {name=/appmon/config/data, method=[GET], responseRule={response={type=transform, format=custom}}} - c.a.core.activity.CoreActivity.prepare(220)
DEBUG 2026-08-06 03:35:05.153 [TOW task-3] Advice {type=before, action={advice={method=com.aspectran.aspectow.console.auth.UserAuthAspect.checkAuthenticated(com.aspectran.core.activity.Translet)}}, order=1} - c.a.c.activity.AdviceActivity.executeAdvice(351)
DEBUG 2026-08-06 03:35:05.153 [TOW task-3] Advice {type=before, action={advice={method=com.aspectran.aspectow.console.auth.AccessControlAspect.checkPermission(com.aspectran.core.activity.Translet)}}, order=2} - c.a.c.activity.AdviceActivity.executeAdvice(351)
DEBUG 2026-08-06 03:35:05.154 [TOW task-3] Advice {type=before, action={header={headers=[X-Frame-Options, X-Content-Type-Options, X-XSS-Protection, Referrer-Policy]}}} - c.a.c.activity.AdviceActivity.executeAdvice(351)
DEBUG 2026-08-06 03:35:05.155 [TOW task-3] Advice {type=before, action={advice={method=com.aspectran.aspectow.console.common.aspect.DevCorsAdvice.process(com.aspectran.core.activity.Translet)}}} - c.a.c.activity.AdviceActivity.executeAdvice(351)
DEBUG 2026-08-06 03:35:05.156 [TOW task-3] Action {annotated={method=com.aspectran.aspectow.console.appmon.AppMonActivity.getConfigData(com.aspectran.core.activity.Translet, java.lang.String)}} - c.a.core.activity.CoreActivity.execute(652)
DEBUG 2026-08-06 03:35:05.223 [TOW task-3] Response com.aspectran.web.activity.response.DefaultRestResponse@b81e3a8 - c.a.c.a.r.t.CustomTransformResponse.respond(85)
DEBUG 2026-08-06 03:35:05.225 [TOW task-3] Session 1ljxb1af1vxkt2kna7rph5v6u0.cn0 complete, active requests=0 - c.a.c.c.session.ManagedSession.complete(334)
DEBUG 2026-08-06 03:35:05.280 [TOW task-3] Session 1ljxb1af1vxkt2kna7rph5v6u0.cn0 in use, stopping timer, active requests=1 - c.a.c.c.session.ManagedSession.access(314)
DEBUG 2026-08-06 03:35:05.282 [TOW task-3] WebSocket connection established for session 6jnZ-KsYAldRaC8rGYPirtwQcqXLgMhgOQYyKItA - c.a.a.a.e.r.w.WebsocketMessageRelayer.doOnOpen(74)
DEBUG 2026-08-06 03:35:05.283 [TOW task-3] Session 1ljxb1af1vxkt2kna7rph5v6u0.cn0 complete, active requests=0 - c.a.c.c.session.ManagedSession.complete(334)
DEBUG 2026-08-06 03:35:16.335 [TOW I/O-2] Websocket session 6jnZ-KsYAldRaC8rGYPirtwQcqXLgMhgOQYyKItA has been closed. Reason: CloseReason[1001] - c.a.a.a.e.r.w.WebsocketMessageRelayer.doOnClose(110)
DEBUG 2026-08-06 03:35:16.381 [TOW task-3] Session 1ljxb1af1vxkt2kna7rph5v6u0.cn0 in use, stopping timer, active requests=1 - c.a.c.c.session.ManagedSession.access(314)
DEBUG 2026-08-06 03:35:16.382 [TOW task-3] GET /console/appmon/dashboard/ HTTP/1.1 0:0:0:0:0:0:0:1 - c.a.w.s.DefaultWebService.service(87)
DEBUG 2026-08-06 03:35:16.383 [TOW task-3] Translet {name=/appmon/dashboard/${appsToSubscribe}, namePattern=/appmon/dashboard/*, responseRule={response={type=dispatch, name=appmon/dashboard, viewDispatcher={name=com.aspectran.thymeleaf.view.ThymeleafViewDispatcher@413bb93c}}}} - c.a.core.activity.CoreActivity.prepare(220)
DEBUG 2026-08-06 03:35:16.385 [TOW task-3] Advice {type=before, action={advice={method=com.aspectran.aspectow.console.auth.UserAuthAspect.checkAuthenticated(com.aspectran.core.activity.Translet)}}, order=1} - c.a.c.activity.AdviceActivity.executeAdvice(351)
DEBUG 2026-08-06 03:35:16.385 [TOW task-3] Advice {type=before, action={advice={method=com.aspectran.aspectow.console.auth.AccessControlAspect.checkPermission(com.aspectran.core.activity.Translet)}}, order=2} - c.a.c.activity.AdviceActivity.executeAdvice(351)
DEBUG 2026-08-06 03:35:16.386 [TOW task-3] Advice {type=before, action={header={headers=[X-Frame-Options, X-Content-Type-Options, X-XSS-Protection, Referrer-Policy]}}} - c.a.c.activity.AdviceActivity.executeAdvice(351)
DEBUG 2026-08-06 03:35:16.388 [TOW task-3] Advice {type=before, action={header={headers=[Content-Type, Content-Security-Policy]}}} - c.a.c.activity.AdviceActivity.executeAdvice(351)
DEBUG 2026-08-06 03:35:16.389 [TOW task-3] Advice {type=before, action={advice={method=com.aspectran.aspectow.console.common.aspect.DevCorsAdvice.process(com.aspectran.core.activity.Translet)}}} - c.a.c.activity.AdviceActivity.executeAdvice(351)
DEBUG 2026-08-06 03:35:16.391 [TOW task-3] Action {annotated={id=page, method=com.aspectran.aspectow.console.appmon.AppMonActivity.dashboard(java.lang.String)}} - c.a.core.activity.CoreActivity.execute(652)
DEBUG 2026-08-06 03:35:16.393 [TOW task-3] Response {type=dispatch, name=appmon/dashboard, viewDispatcher={name=com.aspectran.thymeleaf.view.ThymeleafViewDispatcher@413bb93c}} - c.a.c.a.r.d.DispatchResponse.respond(71)
DEBUG 2026-08-06 03:35:16.393 [TOW task-3] Dispatching to Thymeleaf template appmon/dashboard - c.a.t.v.ThymeleafViewDispatcher.dispatch(88)
DEBUG 2026-08-06 03:35:16.426 [TOW task-3] Session 1ljxb1af1vxkt2kna7rph5v6u0.cn0 complete, active requests=0 - c.a.c.c.session.ManagedSession.complete(334)
DEBUG 2026-08-06 03:35:16.640 [TOW task-2] Session 1ljxb1af1vxkt2kna7rph5v6u0.cn0 in use, stopping timer, active requests=1 - c.a.c.c.session.ManagedSession.access(314)
DEBUG 2026-08-06 03:35:16.641 [TOW task-2] GET /console/appmon/config/data HTTP/1.1 0:0:0:0:0:0:0:1 - c.a.w.s.DefaultWebService.service(87)
DEBUG 2026-08-06 03:35:16.641 [TOW task-2] Translet {name=/appmon/config/data, method=[GET], responseRule={response={type=transform, format=custom}}} - c.a.core.activity.CoreActivity.prepare(220)
DEBUG 2026-08-06 03:35:16.642 [TOW task-2] Advice {type=before, action={advice={method=com.aspectran.aspectow.console.auth.UserAuthAspect.checkAuthenticated(com.aspectran.core.activity.Translet)}}, order=1} - c.a.c.activity.AdviceActivity.executeAdvice(351)
DEBUG 2026-08-06 03:35:16.643 [TOW task-2] Advice {type=before, action={advice={method=com.aspectran.aspectow.console.auth.AccessControlAspect.checkPermission(com.aspectran.core.activity.Translet)}}, order=2} - c.a.c.activity.AdviceActivity.executeAdvice(351)
DEBUG 2026-08-06 03:35:16.644 [TOW task-2] Advice {type=before, action={header={headers=[X-Frame-Options, X-Content-Type-Options, X-XSS-Protection, Referrer-Policy]}}} - c.a.c.activity.AdviceActivity.executeAdvice(351)
DEBUG 2026-08-06 03:35:16.645 [TOW task-2] Advice {type=before, action={advice={method=com.aspectran.aspectow.console.common.aspect.DevCorsAdvice.process(com.aspectran.core.activity.Translet)}}} - c.a.c.activity.AdviceActivity.executeAdvice(351)
DEBUG 2026-08-06 03:35:16.646 [TOW task-2] Action {annotated={method=com.aspectran.aspectow.console.appmon.AppMonActivity.getConfigData(com.aspectran.core.activity.Translet, java.lang.String)}} - c.a.core.activity.CoreActivity.execute(652)
DEBUG 2026-08-06 03:35:16.705 [TOW task-2] Response com.aspectran.web.activity.response.DefaultRestResponse@40ae0bd0 - c.a.c.a.r.t.CustomTransformResponse.respond(85)
DEBUG 2026-08-06 03:35:16.707 [TOW task-2] Session 1ljxb1af1vxkt2kna7rph5v6u0.cn0 complete, active requests=0 - c.a.c.c.session.ManagedSession.complete(334)
DEBUG 2026-08-06 03:35:16.751 [TOW task-2] Session 1ljxb1af1vxkt2kna7rph5v6u0.cn0 in use, stopping timer, active requests=1 - c.a.c.c.session.ManagedSession.access(314)
DEBUG 2026-08-06 03:35:16.754 [TOW task-2] WebSocket connection established for session 94CLZ2v6_tIc7oCTvgU56JXRRLDXA2_-Vxjz1_Zy - c.a.a.a.e.r.w.WebsocketMessageRelayer.doOnOpen(74)
DEBUG 2026-08-06 03:35:16.755 [TOW task-2] Session 1ljxb1af1vxkt2kna7rph5v6u0.cn0 complete, active requests=0 - c.a.c.c.session.ManagedSession.complete(334)
DEBUG 2026-08-06 03:35:28.956 [TOW I/O-2] Websocket session 94CLZ2v6_tIc7oCTvgU56JXRRLDXA2_-Vxjz1_Zy has been closed. Reason: CloseReason[1001] - c.a.a.a.e.r.w.WebsocketMessageRelayer.doOnClose(110)
DEBUG 2026-08-06 03:35:28.977 [TOW task-2] Session 1ljxb1af1vxkt2kna7rph5v6u0.cn0 in use, stopping timer, active requests=1 - c.a.c.c.session.ManagedSession.access(314)
DEBUG 2026-08-06 03:35:28.977 [TOW task-2] GET /console/appmon/dashboard/ HTTP/1.1 0:0:0:0:0:0:0:1 - c.a.w.s.DefaultWebService.service(87)
DEBUG 2026-08-06 03:35:28.978 [TOW task-2] Translet {name=/appmon/dashboard/${appsToSubscribe}, namePattern=/appmon/dashboard/*, responseRule={response={type=dispatch, name=appmon/dashboard, viewDispatcher={name=com.aspectran.thymeleaf.view.ThymeleafViewDispatcher@413bb93c}}}} - c.a.core.activity.CoreActivity.prepare(220)
DEBUG 2026-08-06 03:35:28.979 [TOW task-2] Advice {type=before, action={advice={method=com.aspectran.aspectow.console.auth.UserAuthAspect.checkAuthenticated(com.aspectran.core.activity.Translet)}}, order=1} - c.a.c.activity.AdviceActivity.executeAdvice(351)
DEBUG 2026-08-06 03:35:28.979 [TOW task-2] Advice {type=before, action={advice={method=com.aspectran.aspectow.console.auth.AccessControlAspect.checkPermission(com.aspectran.core.activity.Translet)}}, order=2} - c.a.c.activity.AdviceActivity.executeAdvice(351)
DEBUG 2026-08-06 03:35:28.980 [TOW task-2] Advice {type=before, action={header={headers=[X-Frame-Options, X-Content-Type-Options, X-XSS-Protection, Referrer-Policy]}}} - c.a.c.activity.AdviceActivity.executeAdvice(351)
DEBUG 2026-08-06 03:35:28.981 [TOW task-2] Advice {type=before, action={header={headers=[Content-Type, Content-Security-Policy]}}} - c.a.c.activity.AdviceActivity.executeAdvice(351)
DEBUG 2026-08-06 03:35:28.982 [TOW task-2] Advice {type=before, action={advice={method=com.aspectran.aspectow.console.common.aspect.DevCorsAdvice.process(com.aspectran.core.activity.Translet)}}} - c.a.c.activity.AdviceActivity.executeAdvice(351)
DEBUG 2026-08-06 03:35:28.982 [TOW task-2] Action {annotated={id=page, method=com.aspectran.aspectow.console.appmon.AppMonActivity.dashboard(java.lang.String)}} - c.a.core.activity.CoreActivity.execute(652)
DEBUG 2026-08-06 03:35:28.983 [TOW task-2] Response {type=dispatch, name=appmon/dashboard, viewDispatcher={name=com.aspectran.thymeleaf.view.ThymeleafViewDispatcher@413bb93c}} - c.a.c.a.r.d.DispatchResponse.respond(71)
DEBUG 2026-08-06 03:35:28.983 [TOW task-2] Dispatching to Thymeleaf template appmon/dashboard - c.a.t.v.ThymeleafViewDispatcher.dispatch(88)
DEBUG 2026-08-06 03:35:29.014 [TOW task-2] Session 1ljxb1af1vxkt2kna7rph5v6u0.cn0 complete, active requests=0 - c.a.c.c.session.ManagedSession.complete(334)
DEBUG 2026-08-06 03:35:29.239 [TOW task-2] Session 1ljxb1af1vxkt2kna7rph5v6u0.cn0 in use, stopping timer, active requests=1 - c.a.c.c.session.ManagedSession.access(314)
DEBUG 2026-08-06 03:35:29.240 [TOW task-2] GET /console/appmon/config/data HTTP/1.1 0:0:0:0:0:0:0:1 - c.a.w.s.DefaultWebService.service(87)
DEBUG 2026-08-06 03:35:29.240 [TOW task-2] Translet {name=/appmon/config/data, method=[GET], responseRule={response={type=transform, format=custom}}} - c.a.core.activity.CoreActivity.prepare(220)
DEBUG 2026-08-06 03:35:29.241 [TOW task-2] Advice {type=before, action={advice={method=com.aspectran.aspectow.console.auth.UserAuthAspect.checkAuthenticated(com.aspectran.core.activity.Translet)}}, order=1} - c.a.c.activity.AdviceActivity.executeAdvice(351)
DEBUG 2026-08-06 03:35:29.242 [TOW task-2] Advice {type=before, action={advice={method=com.aspectran.aspectow.console.auth.AccessControlAspect.checkPermission(com.aspectran.core.activity.Translet)}}, order=2} - c.a.c.activity.AdviceActivity.executeAdvice(351)
DEBUG 2026-08-06 03:35:29.242 [TOW task-2] Advice {type=before, action={header={headers=[X-Frame-Options, X-Content-Type-Options, X-XSS-Protection, Referrer-Policy]}}} - c.a.c.activity.AdviceActivity.executeAdvice(351)
DEBUG 2026-08-06 03:35:29.243 [TOW task-2] Advice {type=before, action={advice={method=com.aspectran.aspectow.console.common.aspect.DevCorsAdvice.process(com.aspectran.core.activity.Translet)}}} - c.a.c.activity.AdviceActivity.executeAdvice(351)
DEBUG 2026-08-06 03:35:29.244 [TOW task-2] Action {annotated={method=com.aspectran.aspectow.console.appmon.AppMonActivity.getConfigData(com.aspectran.core.activity.Translet, java.lang.String)}} - c.a.core.activity.CoreActivity.execute(652)
DEBUG 2026-08-06 03:35:29.313 [TOW task-2] Response com.aspectran.web.activity.response.DefaultRestResponse@6c9d6658 - c.a.c.a.r.t.CustomTransformResponse.respond(85)
DEBUG 2026-08-06 03:35:29.315 [TOW task-2] Session 1ljxb1af1vxkt2kna7rph5v6u0.cn0 complete, active requests=0 - c.a.c.c.session.ManagedSession.complete(334)
DEBUG 2026-08-06 03:35:29.356 [TOW task-2] Session 1ljxb1af1vxkt2kna7rph5v6u0.cn0 in use, stopping timer, active requests=1 - c.a.c.c.session.ManagedSession.access(314)
DEBUG 2026-08-06 03:35:29.358 [TOW task-2] WebSocket connection established for session TZidorXKYvfctl1t6UaGNB8ou_MorQVlEvU9Pak4 - c.a.a.a.e.r.w.WebsocketMessageRelayer.doOnOpen(74)
DEBUG 2026-08-06 03:35:29.359 [TOW task-2] Session 1ljxb1af1vxkt2kna7rph5v6u0.cn0 complete, active requests=0 - c.a.c.c.session.ManagedSession.complete(334)
DEBUG 2026-08-06 03:36:18.115 [TOW I/O-2] Websocket session TZidorXKYvfctl1t6UaGNB8ou_MorQVlEvU9Pak4 has been closed. Reason: CloseReason[1001] - c.a.a.a.e.r.w.WebsocketMessageRelayer.doOnClose(110)
DEBUG 2026-08-06 03:36:18.157 [TOW task-2] Session 1ljxb1af1vxkt2kna7rph5v6u0.cn0 in use, stopping timer, active requests=1 - c.a.c.c.session.ManagedSession.access(314)
DEBUG 2026-08-06 03:36:18.158 [TOW task-2] GET /console/appmon/dashboard/ HTTP/1.1 0:0:0:0:0:0:0:1 - c.a.w.s.DefaultWebService.service(87)
DEBUG 2026-08-06 03:36:18.159 [TOW task-2] Translet {name=/appmon/dashboard/${appsToSubscribe}, namePattern=/appmon/dashboard/*, responseRule={response={type=dispatch, name=appmon/dashboard, viewDispatcher={name=com.aspectran.thymeleaf.view.ThymeleafViewDispatcher@413bb93c}}}} - c.a.core.activity.CoreActivity.prepare(220)
DEBUG 2026-08-06 03:36:18.160 [TOW task-2] Advice {type=before, action={advice={method=com.aspectran.aspectow.console.auth.UserAuthAspect.checkAuthenticated(com.aspectran.core.activity.Translet)}}, order=1} - c.a.c.activity.AdviceActivity.executeAdvice(351)
DEBUG 2026-08-06 03:36:18.161 [TOW task-2] Advice {type=before, action={advice={method=com.aspectran.aspectow.console.auth.AccessControlAspect.checkPermission(com.aspectran.core.activity.Translet)}}, order=2} - c.a.c.activity.AdviceActivity.executeAdvice(351)
DEBUG 2026-08-06 03:36:18.161 [TOW task-2] Advice {type=before, action={header={headers=[X-Frame-Options, X-Content-Type-Options, X-XSS-Protection, Referrer-Policy]}}} - c.a.c.activity.AdviceActivity.executeAdvice(351)
DEBUG 2026-08-06 03:36:18.163 [TOW task-2] Advice {type=before, action={header={headers=[Content-Type, Content-Security-Policy]}}} - c.a.c.activity.AdviceActivity.executeAdvice(351)
DEBUG 2026-08-06 03:36:18.163 [TOW task-2] Advice {type=before, action={advice={method=com.aspectran.aspectow.console.common.aspect.DevCorsAdvice.process(com.aspectran.core.activity.Translet)}}} - c.a.c.activity.AdviceActivity.executeAdvice(351)
DEBUG 2026-08-06 03:36:18.164 [TOW task-2] Action {annotated={id=page, method=com.aspectran.aspectow.console.appmon.AppMonActivity.dashboard(java.lang.String)}} - c.a.core.activity.CoreActivity.execute(652)
DEBUG 2026-08-06 03:36:18.165 [TOW task-2] Response {type=dispatch, name=appmon/dashboard, viewDispatcher={name=com.aspectran.thymeleaf.view.ThymeleafViewDispatcher@413bb93c}} - c.a.c.a.r.d.DispatchResponse.respond(71)
DEBUG 2026-08-06 03:36:18.165 [TOW task-2] Dispatching to Thymeleaf template appmon/dashboard - c.a.t.v.ThymeleafViewDispatcher.dispatch(88)
DEBUG 2026-08-06 03:36:18.190 [TOW task-2] Session 1ljxb1af1vxkt2kna7rph5v6u0.cn0 complete, active requests=0 - c.a.c.c.session.ManagedSession.complete(334)
DEBUG 2026-08-06 03:36:18.416 [TOW task-3] Session 1ljxb1af1vxkt2kna7rph5v6u0.cn0 in use, stopping timer, active requests=1 - c.a.c.c.session.ManagedSession.access(314)
DEBUG 2026-08-06 03:36:18.417 [TOW task-3] GET /console/appmon/config/data HTTP/1.1 0:0:0:0:0:0:0:1 - c.a.w.s.DefaultWebService.service(87)
DEBUG 2026-08-06 03:36:18.417 [TOW task-3] Translet {name=/appmon/config/data, method=[GET], responseRule={response={type=transform, format=custom}}} - c.a.core.activity.CoreActivity.prepare(220)
DEBUG 2026-08-06 03:36:18.418 [TOW task-3] Advice {type=before, action={advice={method=com.aspectran.aspectow.console.auth.UserAuthAspect.checkAuthenticated(com.aspectran.core.activity.Translet)}}, order=1} - c.a.c.activity.AdviceActivity.executeAdvice(351)
DEBUG 2026-08-06 03:36:18.418 [TOW task-3] Advice {type=before, action={advice={method=com.aspectran.aspectow.console.auth.AccessControlAspect.checkPermission(com.aspectran.core.activity.Translet)}}, order=2} - c.a.c.activity.AdviceActivity.executeAdvice(351)
DEBUG 2026-08-06 03:36:18.419 [TOW task-3] Advice {type=before, action={header={headers=[X-Frame-Options, X-Content-Type-Options, X-XSS-Protection, Referrer-Policy]}}} - c.a.c.activity.AdviceActivity.executeAdvice(351)
DEBUG 2026-08-06 03:36:18.420 [TOW task-3] Advice {type=before, action={advice={method=com.aspectran.aspectow.console.common.aspect.DevCorsAdvice.process(com.aspectran.core.activity.Translet)}}} - c.a.c.activity.AdviceActivity.executeAdvice(351)
DEBUG 2026-08-06 03:36:18.420 [TOW task-3] Action {annotated={method=com.aspectran.aspectow.console.appmon.AppMonActivity.getConfigData(com.aspectran.core.activity.Translet, java.lang.String)}} - c.a.core.activity.CoreActivity.execute(652)
DEBUG 2026-08-06 03:36:18.471 [TOW task-3] Response com.aspectran.web.activity.response.DefaultRestResponse@38fe8d7a - c.a.c.a.r.t.CustomTransformResponse.respond(85)
DEBUG 2026-08-06 03:36:18.474 [TOW task-3] Session 1ljxb1af1vxkt2kna7rph5v6u0.cn0 complete, active requests=0 - c.a.c.c.session.ManagedSession.complete(334)
DEBUG 2026-08-06 03:36:18.532 [TOW task-3] Session 1ljxb1af1vxkt2kna7rph5v6u0.cn0 in use, stopping timer, active requests=1 - c.a.c.c.session.ManagedSession.access(314)
DEBUG 2026-08-06 03:36:18.535 [TOW task-3] WebSocket connection established for session JUiSzmNt3qniEeYDL1MX2KId7WUiid1Ylpf8Ixn5 - c.a.a.a.e.r.w.WebsocketMessageRelayer.doOnOpen(74)
DEBUG 2026-08-06 03:36:18.536 [TOW task-3] Session 1ljxb1af1vxkt2kna7rph5v6u0.cn0 complete, active requests=0 - c.a.c.c.session.ManagedSession.complete(334)
DEBUG 2026-08-06 03:36:45.766 [TOW I/O-2] Websocket session JUiSzmNt3qniEeYDL1MX2KId7WUiid1Ylpf8Ixn5 has been closed. Reason: CloseReason[1001] - c.a.a.a.e.r.w.WebsocketMessageRelayer.doOnClose(110)
DEBUG 2026-08-06 03:36:45.807 [TOW task-3] Session 1ljxb1af1vxkt2kna7rph5v6u0.cn0 in use, stopping timer, active requests=1 - c.a.c.c.session.ManagedSession.access(314)
DEBUG 2026-08-06 03:36:45.808 [TOW task-3] GET /console/appmon/dashboard/ HTTP/1.1 0:0:0:0:0:0:0:1 - c.a.w.s.DefaultWebService.service(87)
DEBUG 2026-08-06 03:36:45.808 [TOW task-3] Translet {name=/appmon/dashboard/${appsToSubscribe}, namePattern=/appmon/dashboard/*, responseRule={response={type=dispatch, name=appmon/dashboard, viewDispatcher={name=com.aspectran.thymeleaf.view.ThymeleafViewDispatcher@413bb93c}}}} - c.a.core.activity.CoreActivity.prepare(220)
DEBUG 2026-08-06 03:36:45.809 [TOW task-3] Advice {type=before, action={advice={method=com.aspectran.aspectow.console.auth.UserAuthAspect.checkAuthenticated(com.aspectran.core.activity.Translet)}}, order=1} - c.a.c.activity.AdviceActivity.executeAdvice(351)
DEBUG 2026-08-06 03:36:45.810 [TOW task-3] Advice {type=before, action={advice={method=com.aspectran.aspectow.console.auth.AccessControlAspect.checkPermission(com.aspectran.core.activity.Translet)}}, order=2} - c.a.c.activity.AdviceActivity.executeAdvice(351)
DEBUG 2026-08-06 03:36:45.811 [TOW task-3] Advice {type=before, action={header={headers=[X-Frame-Options, X-Content-Type-Options, X-XSS-Protection, Referrer-Policy]}}} - c.a.c.activity.AdviceActivity.executeAdvice(351)
DEBUG 2026-08-06 03:36:45.811 [TOW task-3] Advice {type=before, action={header={headers=[Content-Type, Content-Security-Policy]}}} - c.a.c.activity.AdviceActivity.executeAdvice(351)
DEBUG 2026-08-06 03:36:45.812 [TOW task-3] Advice {type=before, action={advice={method=com.aspectran.aspectow.console.common.aspect.DevCorsAdvice.process(com.aspectran.core.activity.Translet)}}} - c.a.c.activity.AdviceActivity.executeAdvice(351)
DEBUG 2026-08-06 03:36:45.812 [TOW task-3] Action {annotated={id=page, method=com.aspectran.aspectow.console.appmon.AppMonActivity.dashboard(java.lang.String)}} - c.a.core.activity.CoreActivity.execute(652)
DEBUG 2026-08-06 03:36:45.813 [TOW task-3] Response {type=dispatch, name=appmon/dashboard, viewDispatcher={name=com.aspectran.thymeleaf.view.ThymeleafViewDispatcher@413bb93c}} - c.a.c.a.r.d.DispatchResponse.respond(71)
DEBUG 2026-08-06 03:36:45.813 [TOW task-3] Dispatching to Thymeleaf template appmon/dashboard - c.a.t.v.ThymeleafViewDispatcher.dispatch(88)
DEBUG 2026-08-06 03:36:45.843 [TOW task-3] Session 1ljxb1af1vxkt2kna7rph5v6u0.cn0 complete, active requests=0 - c.a.c.c.session.ManagedSession.complete(334)
DEBUG 2026-08-06 03:36:46.067 [TOW task-5] Session 1ljxb1af1vxkt2kna7rph5v6u0.cn0 in use, stopping timer, active requests=1 - c.a.c.c.session.ManagedSession.access(314)
DEBUG 2026-08-06 03:36:46.068 [TOW task-5] GET /console/appmon/config/data HTTP/1.1 0:0:0:0:0:0:0:1 - c.a.w.s.DefaultWebService.service(87)
DEBUG 2026-08-06 03:36:46.068 [TOW task-5] Translet {name=/appmon/config/data, method=[GET], responseRule={response={type=transform, format=custom}}} - c.a.core.activity.CoreActivity.prepare(220)
DEBUG 2026-08-06 03:36:46.069 [TOW task-5] Advice {type=before, action={advice={method=com.aspectran.aspectow.console.auth.UserAuthAspect.checkAuthenticated(com.aspectran.core.activity.Translet)}}, order=1} - c.a.c.activity.AdviceActivity.executeAdvice(351)
DEBUG 2026-08-06 03:36:46.070 [TOW task-5] Advice {type=before, action={advice={method=com.aspectran.aspectow.console.auth.AccessControlAspect.checkPermission(com.aspectran.core.activity.Translet)}}, order=2} - c.a.c.activity.AdviceActivity.executeAdvice(351)
DEBUG 2026-08-06 03:36:46.070 [TOW task-5] Advice {type=before, action={header={headers=[X-Frame-Options, X-Content-Type-Options, X-XSS-Protection, Referrer-Policy]}}} - c.a.c.activity.AdviceActivity.executeAdvice(351)
DEBUG 2026-08-06 03:36:46.071 [TOW task-5] Advice {type=before, action={advice={method=com.aspectran.aspectow.console.common.aspect.DevCorsAdvice.process(com.aspectran.core.activity.Translet)}}} - c.a.c.activity.AdviceActivity.executeAdvice(351)
DEBUG 2026-08-06 03:36:46.072 [TOW task-5] Action {annotated={method=com.aspectran.aspectow.console.appmon.AppMonActivity.getConfigData(com.aspectran.core.activity.Translet, java.lang.String)}} - c.a.core.activity.CoreActivity.execute(652)
DEBUG 2026-08-06 03:36:46.128 [TOW task-5] Response com.aspectran.web.activity.response.DefaultRestResponse@3038a0d0 - c.a.c.a.r.t.CustomTransformResponse.respond(85)
DEBUG 2026-08-06 03:36:46.129 [TOW task-5] Session 1ljxb1af1vxkt2kna7rph5v6u0.cn0 complete, active requests=0 - c.a.c.c.session.ManagedSession.complete(334)
DEBUG 2026-08-06 03:36:46.177 [TOW task-5] Session 1ljxb1af1vxkt2kna7rph5v6u0.cn0 in use, stopping timer, active requests=1 - c.a.c.c.session.ManagedSession.access(314)
DEBUG 2026-08-06 03:36:46.180 [TOW task-5] WebSocket connection established for session gRrjk-Esb2Ovjvt964xmHfeqJ-OJVG-gUKiIY-9x - c.a.a.a.e.r.w.WebsocketMessageRelayer.doOnOpen(74)
DEBUG 2026-08-06 03:36:46.181 [TOW task-5] Session 1ljxb1af1vxkt2kna7rph5v6u0.cn0 complete, active requests=0 - c.a.c.c.session.ManagedSession.complete(334)
DEBUG 2026-08-06 03:36:48.001 [TOW I/O-4] Websocket session gRrjk-Esb2Ovjvt964xmHfeqJ-OJVG-gUKiIY-9x has been closed. Reason: CloseReason[1001] - c.a.a.a.e.r.w.WebsocketMessageRelayer.doOnClose(110)
DEBUG 2026-08-06 03:36:48.042 [TOW task-5] Session 1ljxb1af1vxkt2kna7rph5v6u0.cn0 in use, stopping timer, active requests=1 - c.a.c.c.session.ManagedSession.access(314)
DEBUG 2026-08-06 03:36:48.043 [TOW task-5] GET /console/appmon/dashboard/ HTTP/1.1 0:0:0:0:0:0:0:1 - c.a.w.s.DefaultWebService.service(87)
DEBUG 2026-08-06 03:36:48.044 [TOW task-5] Translet {name=/appmon/dashboard/${appsToSubscribe}, namePattern=/appmon/dashboard/*, responseRule={response={type=dispatch, name=appmon/dashboard, viewDispatcher={name=com.aspectran.thymeleaf.view.ThymeleafViewDispatcher@413bb93c}}}} - c.a.core.activity.CoreActivity.prepare(220)
DEBUG 2026-08-06 03:36:48.044 [TOW task-5] Advice {type=before, action={advice={method=com.aspectran.aspectow.console.auth.UserAuthAspect.checkAuthenticated(com.aspectran.core.activity.Translet)}}, order=1} - c.a.c.activity.AdviceActivity.executeAdvice(351)
DEBUG 2026-08-06 03:36:48.045 [TOW task-5] Advice {type=before, action={advice={method=com.aspectran.aspectow.console.auth.AccessControlAspect.checkPermission(com.aspectran.core.activity.Translet)}}, order=2} - c.a.c.activity.AdviceActivity.executeAdvice(351)
DEBUG 2026-08-06 03:36:48.045 [TOW task-5] Advice {type=before, action={header={headers=[X-Frame-Options, X-Content-Type-Options, X-XSS-Protection, Referrer-Policy]}}} - c.a.c.activity.AdviceActivity.executeAdvice(351)
DEBUG 2026-08-06 03:36:48.046 [TOW task-5] Advice {type=before, action={header={headers=[Content-Type, Content-Security-Policy]}}} - c.a.c.activity.AdviceActivity.executeAdvice(351)
DEBUG 2026-08-06 03:36:48.046 [TOW task-5] Advice {type=before, action={advice={method=com.aspectran.aspectow.console.common.aspect.DevCorsAdvice.process(com.aspectran.core.activity.Translet)}}} - c.a.c.activity.AdviceActivity.executeAdvice(351)
DEBUG 2026-08-06 03:36:48.047 [TOW task-5] Action {annotated={id=page, method=com.aspectran.aspectow.console.appmon.AppMonActivity.dashboard(java.lang.String)}} - c.a.core.activity.CoreActivity.execute(652)
DEBUG 2026-08-06 03:36:48.047 [TOW task-5] Response {type=dispatch, name=appmon/dashboard, viewDispatcher={name=com.aspectran.thymeleaf.view.ThymeleafViewDispatcher@413bb93c}} - c.a.c.a.r.d.DispatchResponse.respond(71)
DEBUG 2026-08-06 03:36:48.048 [TOW task-5] Dispatching to Thymeleaf template appmon/dashboard - c.a.t.v.ThymeleafViewDispatcher.dispatch(88)
DEBUG 2026-08-06 03:36:48.079 [TOW task-5] Session 1ljxb1af1vxkt2kna7rph5v6u0.cn0 complete, active requests=0 - c.a.c.c.session.ManagedSession.complete(334)
DEBUG 2026-08-06 03:36:48.287 [TOW task-5] Session 1ljxb1af1vxkt2kna7rph5v6u0.cn0 in use, stopping timer, active requests=1 - c.a.c.c.session.ManagedSession.access(314)
DEBUG 2026-08-06 03:36:48.287 [TOW task-5] GET /console/appmon/config/data HTTP/1.1 0:0:0:0:0:0:0:1 - c.a.w.s.DefaultWebService.service(87)
DEBUG 2026-08-06 03:36:48.288 [TOW task-5] Translet {name=/appmon/config/data, method=[GET], responseRule={response={type=transform, format=custom}}} - c.a.core.activity.CoreActivity.prepare(220)
DEBUG 2026-08-06 03:36:48.288 [TOW task-5] Advice {type=before, action={advice={method=com.aspectran.aspectow.console.auth.UserAuthAspect.checkAuthenticated(com.aspectran.core.activity.Translet)}}, order=1} - c.a.c.activity.AdviceActivity.executeAdvice(351)
DEBUG 2026-08-06 03:36:48.289 [TOW task-5] Advice {type=before, action={advice={method=com.aspectran.aspectow.console.auth.AccessControlAspect.checkPermission(com.aspectran.core.activity.Translet)}}, order=2} - c.a.c.activity.AdviceActivity.executeAdvice(351)
DEBUG 2026-08-06 03:36:48.289 [TOW task-5] Advice {type=before, action={header={headers=[X-Frame-Options, X-Content-Type-Options, X-XSS-Protection, Referrer-Policy]}}} - c.a.c.activity.AdviceActivity.executeAdvice(351)
DEBUG 2026-08-06 03:36:48.290 [TOW task-5] Advice {type=before, action={advice={method=com.aspectran.aspectow.console.common.aspect.DevCorsAdvice.process(com.aspectran.core.activity.Translet)}}} - c.a.c.activity.AdviceActivity.executeAdvice(351)
DEBUG 2026-08-06 03:36:48.290 [TOW task-5] Action {annotated={method=com.aspectran.aspectow.console.appmon.AppMonActivity.getConfigData(com.aspectran.core.activity.Translet, java.lang.String)}} - c.a.core.activity.CoreActivity.execute(652)
DEBUG 2026-08-06 03:36:48.346 [TOW task-5] Response com.aspectran.web.activity.response.DefaultRestResponse@7b270f01 - c.a.c.a.r.t.CustomTransformResponse.respond(85)
DEBUG 2026-08-06 03:36:48.348 [TOW task-5] Session 1ljxb1af1vxkt2kna7rph5v6u0.cn0 complete, active requests=0 - c.a.c.c.session.ManagedSession.complete(334)
DEBUG 2026-08-06 03:36:48.387 [TOW task-5] Session 1ljxb1af1vxkt2kna7rph5v6u0.cn0 in use, stopping timer, active requests=1 - c.a.c.c.session.ManagedSession.access(314)
DEBUG 2026-08-06 03:36:48.390 [TOW task-5] WebSocket connection established for session Vhpy_mj59BjtrgO0DLPhAXJPYlpfgVmrjZDggqOe - c.a.a.a.e.r.w.WebsocketMessageRelayer.doOnOpen(74)
DEBUG 2026-08-06 03:36:48.390 [TOW task-5] Session 1ljxb1af1vxkt2kna7rph5v6u0.cn0 complete, active requests=0 - c.a.c.c.session.ManagedSession.complete(334)
DEBUG 2026-08-06 03:40:00.002 [AppmonScheduler_Worker-1] Translet {name=appmon/persist/counter/rollup.job} - c.a.core.activity.CoreActivity.prepare(220)
DEBUG 2026-08-06 03:40:00.003 [AppmonScheduler_Worker-1] Action {annotated={method=com.aspectran.aspectow.appmon.engine.schedule.CounterPersistSchedule.rollup()}} - c.a.core.activity.CoreActivity.execute(652)
DEBUG 2026-08-06 03:40:01.787 [TOW I/O-2] Websocket session Vhpy_mj59BjtrgO0DLPhAXJPYlpfgVmrjZDggqOe has been closed. Reason: CloseReason[1001] - c.a.a.a.e.r.w.WebsocketMessageRelayer.doOnClose(110)
DEBUG 2026-08-06 03:40:03.901 [TOW task-5] Session 1ljxb1af1vxkt2kna7rph5v6u0.cn0 in use, stopping timer, active requests=1 - c.a.c.c.session.ManagedSession.access(314)
DEBUG 2026-08-06 03:40:03.902 [TOW task-5] GET /console/appmon/dashboard/ HTTP/1.1 0:0:0:0:0:0:0:1 - c.a.w.s.DefaultWebService.service(87)
DEBUG 2026-08-06 03:40:03.902 [TOW task-5] Translet {name=/appmon/dashboard/${appsToSubscribe}, namePattern=/appmon/dashboard/*, responseRule={response={type=dispatch, name=appmon/dashboard, viewDispatcher={name=com.aspectran.thymeleaf.view.ThymeleafViewDispatcher@413bb93c}}}} - c.a.core.activity.CoreActivity.prepare(220)
DEBUG 2026-08-06 03:40:03.904 [TOW task-5] Advice {type=before, action={advice={method=com.aspectran.aspectow.console.auth.UserAuthAspect.checkAuthenticated(com.aspectran.core.activity.Translet)}}, order=1} - c.a.c.activity.AdviceActivity.executeAdvice(351)
DEBUG 2026-08-06 03:40:03.906 [TOW task-5] Advice {type=before, action={advice={method=com.aspectran.aspectow.console.auth.AccessControlAspect.checkPermission(com.aspectran.core.activity.Translet)}}, order=2} - c.a.c.activity.AdviceActivity.executeAdvice(351)
DEBUG 2026-08-06 03:40:03.907 [TOW task-5] Advice {type=before, action={header={headers=[X-Frame-Options, X-Content-Type-Options, X-XSS-Protection, Referrer-Policy]}}} - c.a.c.activity.AdviceActivity.executeAdvice(351)
DEBUG 2026-08-06 03:40:03.908 [TOW task-5] Advice {type=before, action={header={headers=[Content-Type, Content-Security-Policy]}}} - c.a.c.activity.AdviceActivity.executeAdvice(351)
DEBUG 2026-08-06 03:40:03.908 [TOW task-5] Advice {type=before, action={advice={method=com.aspectran.aspectow.console.common.aspect.DevCorsAdvice.process(com.aspectran.core.activity.Translet)}}} - c.a.c.activity.AdviceActivity.executeAdvice(351)
DEBUG 2026-08-06 03:40:03.909 [TOW task-5] Action {annotated={id=page, method=com.aspectran.aspectow.console.appmon.AppMonActivity.dashboard(java.lang.String)}} - c.a.core.activity.CoreActivity.execute(652)
DEBUG 2026-08-06 03:40:03.909 [TOW task-5] Response {type=dispatch, name=appmon/dashboard, viewDispatcher={name=com.aspectran.thymeleaf.view.ThymeleafViewDispatcher@413bb93c}} - c.a.c.a.r.d.DispatchResponse.respond(71)
DEBUG 2026-08-06 03:40:03.909 [TOW task-5] Dispatching to Thymeleaf template appmon/dashboard - c.a.t.v.ThymeleafViewDispatcher.dispatch(88)
DEBUG 2026-08-06 03:40:03.954 [TOW task-5] Session 1ljxb1af1vxkt2kna7rph5v6u0.cn0 complete, active requests=0 - c.a.c.c.session.ManagedSession.complete(334)
DEBUG 2026-08-06 03:40:04.279 [TOW task-3] Session 1ljxb1af1vxkt2kna7rph5v6u0.cn0 in use, stopping timer, active requests=1 - c.a.c.c.session.ManagedSession.access(314)
DEBUG 2026-08-06 03:40:04.280 [TOW task-3] GET /console/appmon/config/data HTTP/1.1 0:0:0:0:0:0:0:1 - c.a.w.s.DefaultWebService.service(87)
DEBUG 2026-08-06 03:40:04.280 [TOW task-3] Translet {name=/appmon/config/data, method=[GET], responseRule={response={type=transform, format=custom}}} - c.a.core.activity.CoreActivity.prepare(220)
DEBUG 2026-08-06 03:40:04.281 [TOW task-3] Advice {type=before, action={advice={method=com.aspectran.aspectow.console.auth.UserAuthAspect.checkAuthenticated(com.aspectran.core.activity.Translet)}}, order=1} - c.a.c.activity.AdviceActivity.executeAdvice(351)
DEBUG 2026-08-06 03:40:04.282 [TOW task-3] Advice {type=before, action={advice={method=com.aspectran.aspectow.console.auth.AccessControlAspect.checkPermission(com.aspectran.core.activity.Translet)}}, order=2} - c.a.c.activity.AdviceActivity.executeAdvice(351)
DEBUG 2026-08-06 03:40:04.282 [TOW task-3] Advice {type=before, action={header={headers=[X-Frame-Options, X-Content-Type-Options, X-XSS-Protection, Referrer-Policy]}}} - c.a.c.activity.AdviceActivity.executeAdvice(351)
DEBUG 2026-08-06 03:40:04.283 [TOW task-3] Advice {type=before, action={advice={method=com.aspectran.aspectow.console.common.aspect.DevCorsAdvice.process(com.aspectran.core.activity.Translet)}}} - c.a.c.activity.AdviceActivity.executeAdvice(351)
DEBUG 2026-08-06 03:40:04.283 [TOW task-3] Action {annotated={method=com.aspectran.aspectow.console.appmon.AppMonActivity.getConfigData(com.aspectran.core.activity.Translet, java.lang.String)}} - c.a.core.activity.CoreActivity.execute(652)
DEBUG 2026-08-06 03:40:04.332 [TOW task-3] Response com.aspectran.web.activity.response.DefaultRestResponse@661d1850 - c.a.c.a.r.t.CustomTransformResponse.respond(85)
DEBUG 2026-08-06 03:40:04.334 [TOW task-3] Session 1ljxb1af1vxkt2kna7rph5v6u0.cn0 complete, active requests=0 - c.a.c.c.session.ManagedSession.complete(334)
DEBUG 2026-08-06 03:40:04.372 [TOW task-3] Session 1ljxb1af1vxkt2kna7rph5v6u0.cn0 in use, stopping timer, active requests=1 - c.a.c.c.session.ManagedSession.access(314)
DEBUG 2026-08-06 03:40:04.374 [TOW task-3] WebSocket connection established for session Bxhm6pJUDemZLn6MpY7CJLQp1Vx45R0p4nAIrVHG - c.a.a.a.e.r.w.WebsocketMessageRelayer.doOnOpen(74)
DEBUG 2026-08-06 03:40:04.375 [TOW task-3] Session 1ljxb1af1vxkt2kna7rph5v6u0.cn0 complete, active requests=0 - c.a.c.c.session.ManagedSession.complete(334)
DEBUG 2026-08-06 03:45:06.077 [AppmonScheduler_Worker-1] Translet {name=appmon/persist/counter/rollup.job} - c.a.core.activity.CoreActivity.prepare(220)
DEBUG 2026-08-06 03:45:06.078 [AppmonScheduler_Worker-1] Action {annotated={method=com.aspectran.aspectow.appmon.engine.schedule.CounterPersistSchedule.rollup()}} - c.a.core.activity.CoreActivity.execute(652)
DEBUG 2026-08-06 03:45:06.080 [SM worker-cn0-1] Evict idle session id=1ljxb1af1vxkt2kna7rph5v6u0.cn0 - c.a.c.c.s.AbstractSessionCache.checkInactiveSession(545)
DEBUG 2026-08-06 03:47:46.464 [root] Websocket session Bxhm6pJUDemZLn6MpY7CJLQp1Vx45R0p4nAIrVHG has been closed. Reason: CloseReason[1001] - c.a.a.a.e.r.w.WebsocketMessageRelayer.doOnClose(110)
INFO  2026-08-06 03:47:46.467 [root] WebActivityServlet 'webActivityServlet' has been destroyed. - c.a.w.s.WebActivityServlet.destroy(141)
DEBUG 2026-08-06 03:47:46.468 [root] com.aspectran.core.component.session.HouseKeeper@305f7627(cn0) is STOPPING - c.a.u.l.AbstractLifeCycle.setStopping(203)
DEBUG 2026-08-06 03:47:46.468 [root] com.aspectran.core.component.session.HouseKeeper@305f7627 {scavengingInterval=180000} used by DefaultSessionManager@75e01201(cn0) is STOPPED - c.a.u.l.AbstractLifeCycle.setStopped(213)
DEBUG 2026-08-06 03:47:46.469 [root] Destroyed FileSessionStore@22d6f11 - c.a.c.c.AbstractComponent.destroy(99)
DEBUG 2026-08-06 03:47:46.469 [root] Destroyed DefaultSessionCache@15eebbff(cn0) - c.a.c.c.AbstractComponent.destroy(99)
DEBUG 2026-08-06 03:47:46.470 [root] Destroyed DefaultSessionManager@75e01201(cn0) - c.a.c.c.AbstractComponent.destroy(99)
INFO  2026-08-06 03:47:46.470 [root] WebActivityServlet 'webActivityServlet' has been destroyed. - c.a.w.s.WebActivityServlet.destroy(141)
DEBUG 2026-08-06 03:47:46.470 [root] com.aspectran.core.component.session.HouseKeeper@255990cc(rn0) is STOPPING - c.a.u.l.AbstractLifeCycle.setStopping(203)
DEBUG 2026-08-06 03:47:46.470 [root] com.aspectran.core.component.session.HouseKeeper@255990cc {scavengingInterval=90000} used by DefaultSessionManager@68ed96ca(rn0) is STOPPED - c.a.u.l.AbstractLifeCycle.setStopped(213)
DEBUG 2026-08-06 03:47:46.471 [root] Destroyed FileSessionStore@3228d990 - c.a.c.c.AbstractComponent.destroy(99)
DEBUG 2026-08-06 03:47:46.471 [root] Destroyed DefaultSessionCache@6d1310f6(rn0) - c.a.c.c.AbstractComponent.destroy(99)
DEBUG 2026-08-06 03:47:46.471 [root] Destroyed DefaultSessionManager@68ed96ca(rn0) - c.a.c.c.AbstractComponent.destroy(99)
INFO  2026-08-06 03:47:46.472 [root] stopping server: Undertow - 2.3.26.Final - io.undertow.stop(259)
INFO  2026-08-06 03:47:46.475 [root] Undertow 2.3.26.Final stopped - c.a.u.server.DefaultTowServer.doStop(79)
DEBUG 2026-08-06 03:47:46.475 [root] com.aspectran.undertow.server.DefaultTowServer@41d426b5 is STOPPED - c.a.u.l.AbstractLifeCycle.setStopped(213)
DEBUG 2026-08-06 03:47:46.475 [root] Destroyed DefaultBeanRegistry@e383572 - c.a.c.c.AbstractComponent.destroy(99)
DEBUG 2026-08-06 03:47:46.476 [root] Destroyed TemplateRuleRegistry@5f462e3b - c.a.c.c.AbstractComponent.destroy(99)
DEBUG 2026-08-06 03:47:46.476 [root] Destroyed DefaultTemplateRenderer@3d7fa3ae - c.a.c.c.AbstractComponent.destroy(99)
DEBUG 2026-08-06 03:47:46.476 [root] Destroyed TransletRuleRegistry@4d847d32 - c.a.c.c.AbstractComponent.destroy(99)
DEBUG 2026-08-06 03:47:46.476 [root] Destroyed ScheduleRuleRegistry@7c2327fa - c.a.c.c.AbstractComponent.destroy(99)
DEBUG 2026-08-06 03:47:46.476 [root] Destroyed AspectRuleRegistry@70325d20 - c.a.c.c.AbstractComponent.destroy(99)
DEBUG 2026-08-06 03:47:46.476 [root] Destroyed TypeConverterRegistry@130e116b - c.a.c.c.AbstractComponent.destroy(99)
DEBUG 2026-08-06 03:47:46.477 [root] Destroyed DefaultActivityContext@1ee29c84 - c.a.c.c.AbstractComponent.destroy(99)
INFO  2026-08-06 03:47:46.477 [root] Stopped DefaultShellService@1a6d8329 - c.a.c.s.AbstractServiceLifeCycle.stop(168)
DEBUG 2026-08-06 03:47:46.477 [shutdown] Releasing lock on /home/aspectran/projects/public/aspectow-demo-console/app/.lock - c.aspectran.utils.FileLocker.release(142)
DEBUG 2026-08-06 03:47:46.478 [shutdown] Removed shutdown-hook: Thread[#31,shutdown,5,main] - c.aspectran.utils.ShutdownHook.run(68)
DEBUG 2026-08-06 03:48:11.629 [TOW task-2] Reside evicted session id=1ljxb1af1vxkt2kna7rph5v6u0.cn0 - c.a.c.c.s.AbstractSessionCache.get(235)
DEBUG 2026-08-06 03:48:11.637 [TOW task-2] Session 1ljxb1af1vxkt2kna7rph5v6u0.cn0 in use, stopping timer, active requests=1 - c.a.c.c.session.ManagedSession.access(314)
ERROR 2026-08-06 03:48:11.733 [TOW task-2] Invalid token: thVbaitcEzf7AWFYsRqS-KPLS0UBJBpJ8RTTqx2sHd0bcRAUhvPBlnP8C2yPAV8ISWRGk318t1Y - c.a.a.a.e.r.w.WebsocketMessageRelayer.checkAuthorized(81)
DEBUG 2026-08-06 03:48:11.749 [TOW task-2] Websocket session Ab4GQZYawlAsA0ucjOJpUDdIAuby3rlHpyd_JCFq has been closed. Reason: CloseReason[1003,Unauthorized] - c.a.a.a.e.r.w.WebsocketMessageRelayer.doOnClose(110)
DEBUG 2026-08-06 03:48:11.752 [TOW task-2] Session 1ljxb1af1vxkt2kna7rph5v6u0.cn0 complete, active requests=0 - c.a.c.c.session.ManagedSession.complete(334)
DEBUG 2026-08-06 03:48:12.916 [TOW task-2] Session 1ljxb1af1vxkt2kna7rph5v6u0.cn0 in use, stopping timer, active requests=1 - c.a.c.c.session.ManagedSession.access(314)
DEBUG 2026-08-06 03:48:12.925 [TOW task-2] GET /console/appmon/config/data HTTP/1.1 0:0:0:0:0:0:0:1 - c.a.w.s.DefaultWebService.service(87)
DEBUG 2026-08-06 03:48:12.928 [TOW task-2] Translet {name=/appmon/config/data, method=[GET], responseRule={response={type=transform, format=custom}}} - c.a.core.activity.CoreActivity.prepare(220)
DEBUG 2026-08-06 03:48:12.940 [TOW task-2] Advice {type=before, action={advice={method=com.aspectran.aspectow.console.auth.UserAuthAspect.checkAuthenticated(com.aspectran.core.activity.Translet)}}, order=1} - c.a.c.activity.AdviceActivity.executeAdvice(351)
DEBUG 2026-08-06 03:48:12.941 [TOW task-2] Advice {type=before, action={advice={method=com.aspectran.aspectow.console.auth.AccessControlAspect.checkPermission(com.aspectran.core.activity.Translet)}}, order=2} - c.a.c.activity.AdviceActivity.executeAdvice(351)
DEBUG 2026-08-06 03:48:12.941 [TOW task-2] Advice {type=before, action={header={headers=[X-Frame-Options, X-Content-Type-Options, X-XSS-Protection, Referrer-Policy]}}} - c.a.c.activity.AdviceActivity.executeAdvice(351)
DEBUG 2026-08-06 03:48:12.949 [TOW task-2] Advice {type=before, action={advice={method=com.aspectran.aspectow.console.common.aspect.DevCorsAdvice.process(com.aspectran.core.activity.Translet)}}} - c.a.c.activity.AdviceActivity.executeAdvice(351)
DEBUG 2026-08-06 03:48:12.951 [TOW task-2] Action {annotated={method=com.aspectran.aspectow.console.appmon.AppMonActivity.getConfigData(com.aspectran.core.activity.Translet, java.lang.String)}} - c.a.core.activity.CoreActivity.execute(652)
DEBUG 2026-08-06 03:48:13.013 [TOW task-2] Response com.aspectran.web.activity.response.DefaultRestResponse@5b5defae - c.a.c.a.r.t.CustomTransformResponse.respond(85)
DEBUG 2026-08-06 03:48:13.030 [TOW task-2] Session 1ljxb1af1vxkt2kna7rph5v6u0.cn0 complete, active requests=0 - c.a.c.c.session.ManagedSession.complete(334)
DEBUG 2026-08-06 03:48:13.064 [TOW task-2] Session 1ljxb1af1vxkt2kna7rph5v6u0.cn0 in use, stopping timer, active requests=1 - c.a.c.c.session.ManagedSession.access(314)
DEBUG 2026-08-06 03:48:13.067 [TOW task-2] WebSocket connection established for session HHvZ_o2IoeX7Voz3dcvnpXLefcpB09I9NyrqDIlG - c.a.a.a.e.r.w.WebsocketMessageRelayer.doOnOpen(74)
DEBUG 2026-08-06 03:48:13.070 [TOW task-2] Session 1ljxb1af1vxkt2kna7rph5v6u0.cn0 complete, active requests=0 - c.a.c.c.session.ManagedSession.complete(334)
DEBUG 2026-08-06 03:48:24.934 [TOW I/O-2] Websocket session HHvZ_o2IoeX7Voz3dcvnpXLefcpB09I9NyrqDIlG has been closed. Reason: CloseReason[1001] - c.a.a.a.e.r.w.WebsocketMessageRelayer.doOnClose(110)
DEBUG 2026-08-06 03:48:25.046 [TOW task-2] Session 1ljxb1af1vxkt2kna7rph5v6u0.cn0 in use, stopping timer, active requests=1 - c.a.c.c.session.ManagedSession.access(314)
DEBUG 2026-08-06 03:48:25.047 [TOW task-2] GET /console/appmon/dashboard/ HTTP/1.1 0:0:0:0:0:0:0:1 - c.a.w.s.DefaultWebService.service(87)
DEBUG 2026-08-06 03:48:25.048 [TOW task-2] Translet {name=/appmon/dashboard/${appsToSubscribe}, namePattern=/appmon/dashboard/*, responseRule={response={type=dispatch, name=appmon/dashboard}}} - c.a.core.activity.CoreActivity.prepare(220)
DEBUG 2026-08-06 03:48:25.053 [TOW task-2] Advice {type=before, action={advice={method=com.aspectran.aspectow.console.auth.UserAuthAspect.checkAuthenticated(com.aspectran.core.activity.Translet)}}, order=1} - c.a.c.activity.AdviceActivity.executeAdvice(351)
DEBUG 2026-08-06 03:48:25.054 [TOW task-2] Advice {type=before, action={advice={method=com.aspectran.aspectow.console.auth.AccessControlAspect.checkPermission(com.aspectran.core.activity.Translet)}}, order=2} - c.a.c.activity.AdviceActivity.executeAdvice(351)
DEBUG 2026-08-06 03:48:25.055 [TOW task-2] Advice {type=before, action={header={headers=[X-Frame-Options, X-Content-Type-Options, X-XSS-Protection, Referrer-Policy]}}} - c.a.c.activity.AdviceActivity.executeAdvice(351)
DEBUG 2026-08-06 03:48:25.056 [TOW task-2] Advice {type=before, action={header={headers=[Content-Type, Content-Security-Policy]}}} - c.a.c.activity.AdviceActivity.executeAdvice(351)
DEBUG 2026-08-06 03:48:25.057 [TOW task-2] Advice {type=before, action={advice={method=com.aspectran.aspectow.console.common.aspect.DevCorsAdvice.process(com.aspectran.core.activity.Translet)}}} - c.a.c.activity.AdviceActivity.executeAdvice(351)
DEBUG 2026-08-06 03:48:25.058 [TOW task-2] Action {annotated={id=page, method=com.aspectran.aspectow.console.appmon.AppMonActivity.dashboard(java.lang.String)}} - c.a.core.activity.CoreActivity.execute(652)
DEBUG 2026-08-06 03:48:25.059 [TOW task-2] Response {type=dispatch, name=appmon/dashboard} - c.a.c.a.r.d.DispatchResponse.respond(71)
DEBUG 2026-08-06 03:48:25.060 [TOW task-2] Dispatching to Thymeleaf template appmon/dashboard - c.a.t.v.ThymeleafViewDispatcher.dispatch(88)
DEBUG 2026-08-06 03:48:27.976 [TOW task-2] Session 1ljxb1af1vxkt2kna7rph5v6u0.cn0 complete, active requests=0 - c.a.c.c.session.ManagedSession.complete(334)
DEBUG 2026-08-06 03:48:28.368 [TOW task-4] Session 1ljxb1af1vxkt2kna7rph5v6u0.cn0 in use, stopping timer, active requests=1 - c.a.c.c.session.ManagedSession.access(314)
DEBUG 2026-08-06 03:48:28.369 [TOW task-4] GET /console/appmon/config/data HTTP/1.1 0:0:0:0:0:0:0:1 - c.a.w.s.DefaultWebService.service(87)
DEBUG 2026-08-06 03:48:28.370 [TOW task-4] Translet {name=/appmon/config/data, method=[GET], responseRule={response={type=transform, format=custom}}} - c.a.core.activity.CoreActivity.prepare(220)
DEBUG 2026-08-06 03:48:28.371 [TOW task-4] Advice {type=before, action={advice={method=com.aspectran.aspectow.console.auth.UserAuthAspect.checkAuthenticated(com.aspectran.core.activity.Translet)}}, order=1} - c.a.c.activity.AdviceActivity.executeAdvice(351)
DEBUG 2026-08-06 03:48:28.371 [TOW task-4] Advice {type=before, action={advice={method=com.aspectran.aspectow.console.auth.AccessControlAspect.checkPermission(com.aspectran.core.activity.Translet)}}, order=2} - c.a.c.activity.AdviceActivity.executeAdvice(351)
DEBUG 2026-08-06 03:48:28.372 [TOW task-4] Advice {type=before, action={header={headers=[X-Frame-Options, X-Content-Type-Options, X-XSS-Protection, Referrer-Policy]}}} - c.a.c.activity.AdviceActivity.executeAdvice(351)
DEBUG 2026-08-06 03:48:28.373 [TOW task-4] Advice {type=before, action={advice={method=com.aspectran.aspectow.console.common.aspect.DevCorsAdvice.process(com.aspectran.core.activity.Translet)}}} - c.a.c.activity.AdviceActivity.executeAdvice(351)
DEBUG 2026-08-06 03:48:28.374 [TOW task-4] Action {annotated={method=com.aspectran.aspectow.console.appmon.AppMonActivity.getConfigData(com.aspectran.core.activity.Translet, java.lang.String)}} - c.a.core.activity.CoreActivity.execute(652)
DEBUG 2026-08-06 03:48:28.477 [TOW task-4] Response com.aspectran.web.activity.response.DefaultRestResponse@32c701db - c.a.c.a.r.t.CustomTransformResponse.respond(85)
DEBUG 2026-08-06 03:48:28.481 [TOW task-4] Session 1ljxb1af1vxkt2kna7rph5v6u0.cn0 complete, active requests=0 - c.a.c.c.session.ManagedSession.complete(334)
DEBUG 2026-08-06 03:48:28.553 [TOW task-4] Session 1ljxb1af1vxkt2kna7rph5v6u0.cn0 in use, stopping timer, active requests=1 - c.a.c.c.session.ManagedSession.access(314)
DEBUG 2026-08-06 03:48:28.557 [TOW task-4] WebSocket connection established for session gkOK6oP21a-jloyIvrLwDq3GQfrrUwndpRjEY9E1 - c.a.a.a.e.r.w.WebsocketMessageRelayer.doOnOpen(74)
DEBUG 2026-08-06 03:48:28.558 [TOW task-4] Session 1ljxb1af1vxkt2kna7rph5v6u0.cn0 complete, active requests=0 - c.a.c.c.session.ManagedSession.complete(334)
DEBUG 2026-08-06 03:49:49.451 [TOW I/O-2] Websocket session gkOK6oP21a-jloyIvrLwDq3GQfrrUwndpRjEY9E1 has been closed. Reason: CloseReason[1001] - c.a.a.a.e.r.w.WebsocketMessageRelayer.doOnClose(110)
DEBUG 2026-08-06 03:49:51.492 [TOW task-4] Session 1ljxb1af1vxkt2kna7rph5v6u0.cn0 in use, stopping timer, active requests=1 - c.a.c.c.session.ManagedSession.access(314)
DEBUG 2026-08-06 03:49:51.494 [TOW task-4] GET /console/appmon/dashboard/demo HTTP/1.1 0:0:0:0:0:0:0:1 - c.a.w.s.DefaultWebService.service(87)
DEBUG 2026-08-06 03:49:51.494 [TOW task-4] Translet {name=/appmon/dashboard/${appsToSubscribe}, namePattern=/appmon/dashboard/*, responseRule={response={type=dispatch, name=appmon/dashboard, viewDispatcher={name=com.aspectran.thymeleaf.view.ThymeleafViewDispatcher@7d3df3c8}}}} - c.a.core.activity.CoreActivity.prepare(220)
DEBUG 2026-08-06 03:49:51.496 [TOW task-4] Advice {type=before, action={advice={method=com.aspectran.aspectow.console.auth.UserAuthAspect.checkAuthenticated(com.aspectran.core.activity.Translet)}}, order=1} - c.a.c.activity.AdviceActivity.executeAdvice(351)
DEBUG 2026-08-06 03:49:51.496 [TOW task-4] Advice {type=before, action={advice={method=com.aspectran.aspectow.console.auth.AccessControlAspect.checkPermission(com.aspectran.core.activity.Translet)}}, order=2} - c.a.c.activity.AdviceActivity.executeAdvice(351)
DEBUG 2026-08-06 03:49:51.497 [TOW task-4] Advice {type=before, action={header={headers=[X-Frame-Options, X-Content-Type-Options, X-XSS-Protection, Referrer-Policy]}}} - c.a.c.activity.AdviceActivity.executeAdvice(351)
DEBUG 2026-08-06 03:49:51.498 [TOW task-4] Advice {type=before, action={header={headers=[Content-Type, Content-Security-Policy]}}} - c.a.c.activity.AdviceActivity.executeAdvice(351)
DEBUG 2026-08-06 03:49:51.499 [TOW task-4] Advice {type=before, action={advice={method=com.aspectran.aspectow.console.common.aspect.DevCorsAdvice.process(com.aspectran.core.activity.Translet)}}} - c.a.c.activity.AdviceActivity.executeAdvice(351)
DEBUG 2026-08-06 03:49:51.500 [TOW task-4] Action {annotated={id=page, method=com.aspectran.aspectow.console.appmon.AppMonActivity.dashboard(java.lang.String)}} - c.a.core.activity.CoreActivity.execute(652)
DEBUG 2026-08-06 03:49:51.500 [TOW task-4] Response {type=dispatch, name=appmon/dashboard, viewDispatcher={name=com.aspectran.thymeleaf.view.ThymeleafViewDispatcher@7d3df3c8}} - c.a.c.a.r.d.DispatchResponse.respond(71)
DEBUG 2026-08-06 03:49:51.501 [TOW task-4] Dispatching to Thymeleaf template appmon/dashboard - c.a.t.v.ThymeleafViewDispatcher.dispatch(88)
DEBUG 2026-08-06 03:49:51.546 [TOW task-4] Session 1ljxb1af1vxkt2kna7rph5v6u0.cn0 complete, active requests=0 - c.a.c.c.session.ManagedSession.complete(334)
DEBUG 2026-08-06 03:49:51.770 [TOW task-3] Session 1ljxb1af1vxkt2kna7rph5v6u0.cn0 in use, stopping timer, active requests=1 - c.a.c.c.session.ManagedSession.access(314)
DEBUG 2026-08-06 03:49:51.770 [TOW task-3] GET /console/appmon/config/data HTTP/1.1 0:0:0:0:0:0:0:1 - c.a.w.s.DefaultWebService.service(87)
DEBUG 2026-08-06 03:49:51.771 [TOW task-3] Translet {name=/appmon/config/data, method=[GET], responseRule={response={type=transform, format=custom}}} - c.a.core.activity.CoreActivity.prepare(220)
DEBUG 2026-08-06 03:49:51.772 [TOW task-3] Advice {type=before, action={advice={method=com.aspectran.aspectow.console.auth.UserAuthAspect.checkAuthenticated(com.aspectran.core.activity.Translet)}}, order=1} - c.a.c.activity.AdviceActivity.executeAdvice(351)
DEBUG 2026-08-06 03:49:51.772 [TOW task-3] Advice {type=before, action={advice={method=com.aspectran.aspectow.console.auth.AccessControlAspect.checkPermission(com.aspectran.core.activity.Translet)}}, order=2} - c.a.c.activity.AdviceActivity.executeAdvice(351)
DEBUG 2026-08-06 03:49:51.773 [TOW task-3] Advice {type=before, action={header={headers=[X-Frame-Options, X-Content-Type-Options, X-XSS-Protection, Referrer-Policy]}}} - c.a.c.activity.AdviceActivity.executeAdvice(351)
DEBUG 2026-08-06 03:49:51.774 [TOW task-3] Advice {type=before, action={advice={method=com.aspectran.aspectow.console.common.aspect.DevCorsAdvice.process(com.aspectran.core.activity.Translet)}}} - c.a.c.activity.AdviceActivity.executeAdvice(351)
DEBUG 2026-08-06 03:49:51.775 [TOW task-3] Action {annotated={method=com.aspectran.aspectow.console.appmon.AppMonActivity.getConfigData(com.aspectran.core.activity.Translet, java.lang.String)}} - c.a.core.activity.CoreActivity.execute(652)
DEBUG 2026-08-06 03:49:51.843 [TOW task-3] Response com.aspectran.web.activity.response.DefaultRestResponse@5558b74c - c.a.c.a.r.t.CustomTransformResponse.respond(85)
DEBUG 2026-08-06 03:49:51.845 [TOW task-3] Session 1ljxb1af1vxkt2kna7rph5v6u0.cn0 complete, active requests=0 - c.a.c.c.session.ManagedSession.complete(334)
DEBUG 2026-08-06 03:49:51.863 [TOW task-3] Session 1ljxb1af1vxkt2kna7rph5v6u0.cn0 in use, stopping timer, active requests=1 - c.a.c.c.session.ManagedSession.access(314)
DEBUG 2026-08-06 03:49:51.866 [TOW task-3] WebSocket connection established for session nUjyQNHmgBZmQmQoQA2QM07-uJIm0af_XTdxXpOZ - c.a.a.a.e.r.w.WebsocketMessageRelayer.doOnOpen(74)
DEBUG 2026-08-06 03:49:51.867 [TOW task-3] Session 1ljxb1af1vxkt2kna7rph5v6u0.cn0 complete, active requests=0 - c.a.c.c.session.ManagedSession.complete(334)
DEBUG 2026-08-06 03:50:00.038 [AppmonScheduler_Worker-1] Translet {name=appmon/persist/counter/rollup.job} - c.a.core.activity.CoreActivity.prepare(220)
DEBUG 2026-08-06 03:50:00.042 [AppmonScheduler_Worker-1] Action {annotated={method=com.aspectran.aspectow.appmon.engine.schedule.CounterPersistSchedule.rollup()}} - c.a.core.activity.CoreActivity.execute(652)
DEBUG 2026-08-06 03:50:24.038 [TOW I/O-4] Websocket session nUjyQNHmgBZmQmQoQA2QM07-uJIm0af_XTdxXpOZ has been closed. Reason: CloseReason[1001] - c.a.a.a.e.r.w.WebsocketMessageRelayer.doOnClose(110)
DEBUG 2026-08-06 03:50:24.055 [TOW task-3] Session 1ljxb1af1vxkt2kna7rph5v6u0.cn0 in use, stopping timer, active requests=1 - c.a.c.c.session.ManagedSession.access(314)
DEBUG 2026-08-06 03:50:24.056 [TOW task-3] GET /console/appmon/dashboard/demo HTTP/1.1 0:0:0:0:0:0:0:1 - c.a.w.s.DefaultWebService.service(87)
DEBUG 2026-08-06 03:50:24.057 [TOW task-3] Translet {name=/appmon/dashboard/${appsToSubscribe}, namePattern=/appmon/dashboard/*, responseRule={response={type=dispatch, name=appmon/dashboard, viewDispatcher={name=com.aspectran.thymeleaf.view.ThymeleafViewDispatcher@7d3df3c8}}}} - c.a.core.activity.CoreActivity.prepare(220)
DEBUG 2026-08-06 03:50:24.058 [TOW task-3] Advice {type=before, action={advice={method=com.aspectran.aspectow.console.auth.UserAuthAspect.checkAuthenticated(com.aspectran.core.activity.Translet)}}, order=1} - c.a.c.activity.AdviceActivity.executeAdvice(351)
DEBUG 2026-08-06 03:50:24.059 [TOW task-3] Advice {type=before, action={advice={method=com.aspectran.aspectow.console.auth.AccessControlAspect.checkPermission(com.aspectran.core.activity.Translet)}}, order=2} - c.a.c.activity.AdviceActivity.executeAdvice(351)
DEBUG 2026-08-06 03:50:24.060 [TOW task-3] Advice {type=before, action={header={headers=[X-Frame-Options, X-Content-Type-Options, X-XSS-Protection, Referrer-Policy]}}} - c.a.c.activity.AdviceActivity.executeAdvice(351)
DEBUG 2026-08-06 03:50:24.061 [TOW task-3] Advice {type=before, action={header={headers=[Content-Type, Content-Security-Policy]}}} - c.a.c.activity.AdviceActivity.executeAdvice(351)
DEBUG 2026-08-06 03:50:24.062 [TOW task-3] Advice {type=before, action={advice={method=com.aspectran.aspectow.console.common.aspect.DevCorsAdvice.process(com.aspectran.core.activity.Translet)}}} - c.a.c.activity.AdviceActivity.executeAdvice(351)
DEBUG 2026-08-06 03:50:24.063 [TOW task-3] Action {annotated={id=page, method=com.aspectran.aspectow.console.appmon.AppMonActivity.dashboard(java.lang.String)}} - c.a.core.activity.CoreActivity.execute(652)
DEBUG 2026-08-06 03:50:24.064 [TOW task-3] Response {type=dispatch, name=appmon/dashboard, viewDispatcher={name=com.aspectran.thymeleaf.view.ThymeleafViewDispatcher@7d3df3c8}} - c.a.c.a.r.d.DispatchResponse.respond(71)
DEBUG 2026-08-06 03:50:24.065 [TOW task-3] Dispatching to Thymeleaf template appmon/dashboard - c.a.t.v.ThymeleafViewDispatcher.dispatch(88)
DEBUG 2026-08-06 03:50:24.115 [TOW task-3] Session 1ljxb1af1vxkt2kna7rph5v6u0.cn0 complete, active requests=0 - c.a.c.c.session.ManagedSession.complete(334)
DEBUG 2026-08-06 03:50:24.344 [TOW task-4] Session 1ljxb1af1vxkt2kna7rph5v6u0.cn0 in use, stopping timer, active requests=1 - c.a.c.c.session.ManagedSession.access(314)
DEBUG 2026-08-06 03:50:24.345 [TOW task-4] GET /console/appmon/config/data HTTP/1.1 0:0:0:0:0:0:0:1 - c.a.w.s.DefaultWebService.service(87)
DEBUG 2026-08-06 03:50:24.346 [TOW task-4] Translet {name=/appmon/config/data, method=[GET], responseRule={response={type=transform, format=custom}}} - c.a.core.activity.CoreActivity.prepare(220)
DEBUG 2026-08-06 03:50:24.348 [TOW task-4] Advice {type=before, action={advice={method=com.aspectran.aspectow.console.auth.UserAuthAspect.checkAuthenticated(com.aspectran.core.activity.Translet)}}, order=1} - c.a.c.activity.AdviceActivity.executeAdvice(351)
DEBUG 2026-08-06 03:50:24.348 [TOW task-4] Advice {type=before, action={advice={method=com.aspectran.aspectow.console.auth.AccessControlAspect.checkPermission(com.aspectran.core.activity.Translet)}}, order=2} - c.a.c.activity.AdviceActivity.executeAdvice(351)
DEBUG 2026-08-06 03:50:24.349 [TOW task-4] Advice {type=before, action={header={headers=[X-Frame-Options, X-Content-Type-Options, X-XSS-Protection, Referrer-Policy]}}} - c.a.c.activity.AdviceActivity.executeAdvice(351)
DEBUG 2026-08-06 03:50:24.350 [TOW task-4] Advice {type=before, action={advice={method=com.aspectran.aspectow.console.common.aspect.DevCorsAdvice.process(com.aspectran.core.activity.Translet)}}} - c.a.c.activity.AdviceActivity.executeAdvice(351)
DEBUG 2026-08-06 03:50:24.351 [TOW task-4] Action {annotated={method=com.aspectran.aspectow.console.appmon.AppMonActivity.getConfigData(com.aspectran.core.activity.Translet, java.lang.String)}} - c.a.core.activity.CoreActivity.execute(652)
DEBUG 2026-08-06 03:50:24.446 [TOW task-4] Response com.aspectran.web.activity.response.DefaultRestResponse@6d05f9f2 - c.a.c.a.r.t.CustomTransformResponse.respond(85)
DEBUG 2026-08-06 03:50:24.447 [TOW task-4] Session 1ljxb1af1vxkt2kna7rph5v6u0.cn0 complete, active requests=0 - c.a.c.c.session.ManagedSession.complete(334)
DEBUG 2026-08-06 03:50:24.470 [TOW task-4] Session 1ljxb1af1vxkt2kna7rph5v6u0.cn0 in use, stopping timer, active requests=1 - c.a.c.c.session.ManagedSession.access(314)
DEBUG 2026-08-06 03:50:24.473 [TOW task-4] WebSocket connection established for session klE-2DeiT5ettkJX-rwsmM3TM4HPGvXq5bCn9XTy - c.a.a.a.e.r.w.WebsocketMessageRelayer.doOnOpen(74)
DEBUG 2026-08-06 03:50:24.473 [TOW task-4] Session 1ljxb1af1vxkt2kna7rph5v6u0.cn0 complete, active requests=0 - c.a.c.c.session.ManagedSession.complete(334)
DEBUG 2026-08-06 03:50:25.625 [TOW I/O-3] Websocket session klE-2DeiT5ettkJX-rwsmM3TM4HPGvXq5bCn9XTy has been closed. Reason: CloseReason[1001] - c.a.a.a.e.r.w.WebsocketMessageRelayer.doOnClose(110)
DEBUG 2026-08-06 03:50:25.645 [TOW task-4] Session 1ljxb1af1vxkt2kna7rph5v6u0.cn0 in use, stopping timer, active requests=1 - c.a.c.c.session.ManagedSession.access(314)
DEBUG 2026-08-06 03:50:25.645 [TOW task-4] GET /console/appmon/dashboard/ HTTP/1.1 0:0:0:0:0:0:0:1 - c.a.w.s.DefaultWebService.service(87)
DEBUG 2026-08-06 03:50:25.646 [TOW task-4] Translet {name=/appmon/dashboard/${appsToSubscribe}, namePattern=/appmon/dashboard/*, responseRule={response={type=dispatch, name=appmon/dashboard, viewDispatcher={name=com.aspectran.thymeleaf.view.ThymeleafViewDispatcher@7d3df3c8}}}} - c.a.core.activity.CoreActivity.prepare(220)
DEBUG 2026-08-06 03:50:25.647 [TOW task-4] Advice {type=before, action={advice={method=com.aspectran.aspectow.console.auth.UserAuthAspect.checkAuthenticated(com.aspectran.core.activity.Translet)}}, order=1} - c.a.c.activity.AdviceActivity.executeAdvice(351)
DEBUG 2026-08-06 03:50:25.648 [TOW task-4] Advice {type=before, action={advice={method=com.aspectran.aspectow.console.auth.AccessControlAspect.checkPermission(com.aspectran.core.activity.Translet)}}, order=2} - c.a.c.activity.AdviceActivity.executeAdvice(351)
DEBUG 2026-08-06 03:50:25.648 [TOW task-4] Advice {type=before, action={header={headers=[X-Frame-Options, X-Content-Type-Options, X-XSS-Protection, Referrer-Policy]}}} - c.a.c.activity.AdviceActivity.executeAdvice(351)
DEBUG 2026-08-06 03:50:25.649 [TOW task-4] Advice {type=before, action={header={headers=[Content-Type, Content-Security-Policy]}}} - c.a.c.activity.AdviceActivity.executeAdvice(351)
DEBUG 2026-08-06 03:50:25.650 [TOW task-4] Advice {type=before, action={advice={method=com.aspectran.aspectow.console.common.aspect.DevCorsAdvice.process(com.aspectran.core.activity.Translet)}}} - c.a.c.activity.AdviceActivity.executeAdvice(351)
DEBUG 2026-08-06 03:50:25.650 [TOW task-4] Action {annotated={id=page, method=com.aspectran.aspectow.console.appmon.AppMonActivity.dashboard(java.lang.String)}} - c.a.core.activity.CoreActivity.execute(652)
DEBUG 2026-08-06 03:50:25.650 [TOW task-4] Response {type=dispatch, name=appmon/dashboard, viewDispatcher={name=com.aspectran.thymeleaf.view.ThymeleafViewDispatcher@7d3df3c8}} - c.a.c.a.r.d.DispatchResponse.respond(71)
DEBUG 2026-08-06 03:50:25.651 [TOW task-4] Dispatching to Thymeleaf template appmon/dashboard - c.a.t.v.ThymeleafViewDispatcher.dispatch(88)
DEBUG 2026-08-06 03:50:25.688 [TOW task-4] Session 1ljxb1af1vxkt2kna7rph5v6u0.cn0 complete, active requests=0 - c.a.c.c.session.ManagedSession.complete(334)
DEBUG 2026-08-06 03:50:25.905 [TOW task-4] Session 1ljxb1af1vxkt2kna7rph5v6u0.cn0 in use, stopping timer, active requests=1 - c.a.c.c.session.ManagedSession.access(314)
DEBUG 2026-08-06 03:50:25.906 [TOW task-4] GET /console/appmon/config/data HTTP/1.1 0:0:0:0:0:0:0:1 - c.a.w.s.DefaultWebService.service(87)
DEBUG 2026-08-06 03:50:25.906 [TOW task-4] Translet {name=/appmon/config/data, method=[GET], responseRule={response={type=transform, format=custom}}} - c.a.core.activity.CoreActivity.prepare(220)
DEBUG 2026-08-06 03:50:25.908 [TOW task-4] Advice {type=before, action={advice={method=com.aspectran.aspectow.console.auth.UserAuthAspect.checkAuthenticated(com.aspectran.core.activity.Translet)}}, order=1} - c.a.c.activity.AdviceActivity.executeAdvice(351)
DEBUG 2026-08-06 03:50:25.909 [TOW task-4] Advice {type=before, action={advice={method=com.aspectran.aspectow.console.auth.AccessControlAspect.checkPermission(com.aspectran.core.activity.Translet)}}, order=2} - c.a.c.activity.AdviceActivity.executeAdvice(351)
DEBUG 2026-08-06 03:50:25.910 [TOW task-4] Advice {type=before, action={header={headers=[X-Frame-Options, X-Content-Type-Options, X-XSS-Protection, Referrer-Policy]}}} - c.a.c.activity.AdviceActivity.executeAdvice(351)
DEBUG 2026-08-06 03:50:25.912 [TOW task-4] Advice {type=before, action={advice={method=com.aspectran.aspectow.console.common.aspect.DevCorsAdvice.process(com.aspectran.core.activity.Translet)}}} - c.a.c.activity.AdviceActivity.executeAdvice(351)
DEBUG 2026-08-06 03:50:25.913 [TOW task-4] Action {annotated={method=com.aspectran.aspectow.console.appmon.AppMonActivity.getConfigData(com.aspectran.core.activity.Translet, java.lang.String)}} - c.a.core.activity.CoreActivity.execute(652)
DEBUG 2026-08-06 03:50:25.967 [TOW task-4] Response com.aspectran.web.activity.response.DefaultRestResponse@2d520ea8 - c.a.c.a.r.t.CustomTransformResponse.respond(85)
DEBUG 2026-08-06 03:50:25.969 [TOW task-4] Session 1ljxb1af1vxkt2kna7rph5v6u0.cn0 complete, active requests=0 - c.a.c.c.session.ManagedSession.complete(334)
DEBUG 2026-08-06 03:50:26.011 [TOW task-4] Session 1ljxb1af1vxkt2kna7rph5v6u0.cn0 in use, stopping timer, active requests=1 - c.a.c.c.session.ManagedSession.access(314)
DEBUG 2026-08-06 03:50:26.014 [TOW task-4] WebSocket connection established for session QgCb2-9Rc9_85OEEAiwR3dqbZwHHJIBe5Y0vGLz5 - c.a.a.a.e.r.w.WebsocketMessageRelayer.doOnOpen(74)
DEBUG 2026-08-06 03:50:26.014 [TOW task-4] Session 1ljxb1af1vxkt2kna7rph5v6u0.cn0 complete, active requests=0 - c.a.c.c.session.ManagedSession.complete(334)
DEBUG 2026-08-06 03:50:30.697 [TOW I/O-4] Websocket session QgCb2-9Rc9_85OEEAiwR3dqbZwHHJIBe5Y0vGLz5 has been closed. Reason: CloseReason[1001] - c.a.a.a.e.r.w.WebsocketMessageRelayer.doOnClose(110)
DEBUG 2026-08-06 03:50:30.722 [TOW task-4] Session 1ljxb1af1vxkt2kna7rph5v6u0.cn0 in use, stopping timer, active requests=1 - c.a.c.c.session.ManagedSession.access(314)
DEBUG 2026-08-06 03:50:30.725 [TOW task-4] GET /console/appmon/dashboard/ HTTP/1.1 0:0:0:0:0:0:0:1 - c.a.w.s.DefaultWebService.service(87)
DEBUG 2026-08-06 03:50:30.726 [TOW task-4] Translet {name=/appmon/dashboard/${appsToSubscribe}, namePattern=/appmon/dashboard/*, responseRule={response={type=dispatch, name=appmon/dashboard, viewDispatcher={name=com.aspectran.thymeleaf.view.ThymeleafViewDispatcher@7d3df3c8}}}} - c.a.core.activity.CoreActivity.prepare(220)
DEBUG 2026-08-06 03:50:30.728 [TOW task-4] Advice {type=before, action={advice={method=com.aspectran.aspectow.console.auth.UserAuthAspect.checkAuthenticated(com.aspectran.core.activity.Translet)}}, order=1} - c.a.c.activity.AdviceActivity.executeAdvice(351)
DEBUG 2026-08-06 03:50:30.730 [TOW task-4] Advice {type=before, action={advice={method=com.aspectran.aspectow.console.auth.AccessControlAspect.checkPermission(com.aspectran.core.activity.Translet)}}, order=2} - c.a.c.activity.AdviceActivity.executeAdvice(351)
DEBUG 2026-08-06 03:50:30.732 [TOW task-4] Advice {type=before, action={header={headers=[X-Frame-Options, X-Content-Type-Options, X-XSS-Protection, Referrer-Policy]}}} - c.a.c.activity.AdviceActivity.executeAdvice(351)
DEBUG 2026-08-06 03:50:30.741 [TOW task-4] Advice {type=before, action={header={headers=[Content-Type, Content-Security-Policy]}}} - c.a.c.activity.AdviceActivity.executeAdvice(351)
DEBUG 2026-08-06 03:50:30.743 [TOW task-4] Advice {type=before, action={advice={method=com.aspectran.aspectow.console.common.aspect.DevCorsAdvice.process(com.aspectran.core.activity.Translet)}}} - c.a.c.activity.AdviceActivity.executeAdvice(351)
DEBUG 2026-08-06 03:50:30.743 [TOW task-4] Action {annotated={id=page, method=com.aspectran.aspectow.console.appmon.AppMonActivity.dashboard(java.lang.String)}} - c.a.core.activity.CoreActivity.execute(652)
DEBUG 2026-08-06 03:50:30.744 [TOW task-4] Response {type=dispatch, name=appmon/dashboard, viewDispatcher={name=com.aspectran.thymeleaf.view.ThymeleafViewDispatcher@7d3df3c8}} - c.a.c.a.r.d.DispatchResponse.respond(71)
DEBUG 2026-08-06 03:50:30.745 [TOW task-4] Dispatching to Thymeleaf template appmon/dashboard - c.a.t.v.ThymeleafViewDispatcher.dispatch(88)
DEBUG 2026-08-06 03:50:30.795 [TOW task-4] Session 1ljxb1af1vxkt2kna7rph5v6u0.cn0 complete, active requests=0 - c.a.c.c.session.ManagedSession.complete(334)
DEBUG 2026-08-06 03:50:31.474 [TOW task-4] Session 1ljxb1af1vxkt2kna7rph5v6u0.cn0 in use, stopping timer, active requests=1 - c.a.c.c.session.ManagedSession.access(314)
DEBUG 2026-08-06 03:50:31.475 [TOW task-4] GET /console/appmon/config/data HTTP/1.1 0:0:0:0:0:0:0:1 - c.a.w.s.DefaultWebService.service(87)
DEBUG 2026-08-06 03:50:31.475 [TOW task-4] Translet {name=/appmon/config/data, method=[GET], responseRule={response={type=transform, format=custom}}} - c.a.core.activity.CoreActivity.prepare(220)
DEBUG 2026-08-06 03:50:31.476 [TOW task-4] Advice {type=before, action={advice={method=com.aspectran.aspectow.console.auth.UserAuthAspect.checkAuthenticated(com.aspectran.core.activity.Translet)}}, order=1} - c.a.c.activity.AdviceActivity.executeAdvice(351)
DEBUG 2026-08-06 03:50:31.477 [TOW task-4] Advice {type=before, action={advice={method=com.aspectran.aspectow.console.auth.AccessControlAspect.checkPermission(com.aspectran.core.activity.Translet)}}, order=2} - c.a.c.activity.AdviceActivity.executeAdvice(351)
DEBUG 2026-08-06 03:50:31.477 [TOW task-4] Advice {type=before, action={header={headers=[X-Frame-Options, X-Content-Type-Options, X-XSS-Protection, Referrer-Policy]}}} - c.a.c.activity.AdviceActivity.executeAdvice(351)
DEBUG 2026-08-06 03:50:31.478 [TOW task-4] Advice {type=before, action={advice={method=com.aspectran.aspectow.console.common.aspect.DevCorsAdvice.process(com.aspectran.core.activity.Translet)}}} - c.a.c.activity.AdviceActivity.executeAdvice(351)
DEBUG 2026-08-06 03:50:31.479 [TOW task-4] Action {annotated={method=com.aspectran.aspectow.console.appmon.AppMonActivity.getConfigData(com.aspectran.core.activity.Translet, java.lang.String)}} - c.a.core.activity.CoreActivity.execute(652)
DEBUG 2026-08-06 03:50:31.534 [TOW task-4] Response com.aspectran.web.activity.response.DefaultRestResponse@14ee796c - c.a.c.a.r.t.CustomTransformResponse.respond(85)
DEBUG 2026-08-06 03:50:31.536 [TOW task-4] Session 1ljxb1af1vxkt2kna7rph5v6u0.cn0 complete, active requests=0 - c.a.c.c.session.ManagedSession.complete(334)
DEBUG 2026-08-06 03:50:31.570 [TOW task-4] Session 1ljxb1af1vxkt2kna7rph5v6u0.cn0 in use, stopping timer, active requests=1 - c.a.c.c.session.ManagedSession.access(314)
DEBUG 2026-08-06 03:50:31.572 [TOW task-4] WebSocket connection established for session FW8z_7OgOrwCEeqkGLPIC7QNYLbXFwSTYhJVFpR9 - c.a.a.a.e.r.w.WebsocketMessageRelayer.doOnOpen(74)
DEBUG 2026-08-06 03:50:31.573 [TOW task-4] Session 1ljxb1af1vxkt2kna7rph5v6u0.cn0 complete, active requests=0 - c.a.c.c.session.ManagedSession.complete(334)
DEBUG 2026-08-06 03:50:40.776 [TOW I/O-4] Websocket session FW8z_7OgOrwCEeqkGLPIC7QNYLbXFwSTYhJVFpR9 has been closed. Reason: CloseReason[1001] - c.a.a.a.e.r.w.WebsocketMessageRelayer.doOnClose(110)
DEBUG 2026-08-06 03:50:40.794 [TOW task-4] Session 1ljxb1af1vxkt2kna7rph5v6u0.cn0 in use, stopping timer, active requests=1 - c.a.c.c.session.ManagedSession.access(314)
DEBUG 2026-08-06 03:50:40.795 [TOW task-4] GET /console/cluster/commands/ HTTP/1.1 0:0:0:0:0:0:0:1 - c.a.w.s.DefaultWebService.service(87)
DEBUG 2026-08-06 03:50:40.796 [TOW task-4] Translet {name=/cluster/commands/, responseRule={response={type=dispatch, name=cluster/commands}}} - c.a.core.activity.CoreActivity.prepare(220)
DEBUG 2026-08-06 03:50:40.797 [TOW task-4] Advice {type=before, action={advice={method=com.aspectran.aspectow.console.auth.UserAuthAspect.checkAuthenticated(com.aspectran.core.activity.Translet)}}, order=1} - c.a.c.activity.AdviceActivity.executeAdvice(351)
DEBUG 2026-08-06 03:50:40.797 [TOW task-4] Advice {type=before, action={advice={method=com.aspectran.aspectow.console.auth.AccessControlAspect.checkPermission(com.aspectran.core.activity.Translet)}}, order=2} - c.a.c.activity.AdviceActivity.executeAdvice(351)
DEBUG 2026-08-06 03:50:40.798 [TOW task-4] Advice {type=before, action={header={headers=[X-Frame-Options, X-Content-Type-Options, X-XSS-Protection, Referrer-Policy]}}} - c.a.c.activity.AdviceActivity.executeAdvice(351)
DEBUG 2026-08-06 03:50:40.799 [TOW task-4] Advice {type=before, action={header={headers=[Content-Type, Content-Security-Policy]}}} - c.a.c.activity.AdviceActivity.executeAdvice(351)
DEBUG 2026-08-06 03:50:40.800 [TOW task-4] Action {annotated={id=page, method=com.aspectran.aspectow.console.commands.RemoteCommandsActivity.commands(java.lang.String)}} - c.a.core.activity.CoreActivity.execute(652)
DEBUG 2026-08-06 03:50:40.817 [TOW task-4] Response {type=dispatch, name=cluster/commands} - c.a.c.a.r.d.DispatchResponse.respond(71)
DEBUG 2026-08-06 03:50:40.818 [TOW task-4] Dispatching to Thymeleaf template cluster/commands - c.a.t.v.ThymeleafViewDispatcher.dispatch(88)
DEBUG 2026-08-06 03:50:40.881 [TOW task-4] Session 1ljxb1af1vxkt2kna7rph5v6u0.cn0 complete, active requests=0 - c.a.c.c.session.ManagedSession.complete(334)
DEBUG 2026-08-06 03:50:41.074 [TOW task-5] Session 1ljxb1af1vxkt2kna7rph5v6u0.cn0 in use, stopping timer, active requests=1 - c.a.c.c.session.ManagedSession.access(314)
DEBUG 2026-08-06 03:50:41.075 [TOW task-5] GET /console/cluster/token HTTP/1.1 0:0:0:0:0:0:0:1 - c.a.w.s.DefaultWebService.service(87)
DEBUG 2026-08-06 03:50:41.075 [TOW task-5] Translet {name=/cluster/token, responseRule={response={type=transform, format=custom}}} - c.a.core.activity.CoreActivity.prepare(220)
DEBUG 2026-08-06 03:50:41.076 [TOW task-5] Advice {type=before, action={advice={method=com.aspectran.aspectow.console.auth.UserAuthAspect.checkAuthenticated(com.aspectran.core.activity.Translet)}}, order=1} - c.a.c.activity.AdviceActivity.executeAdvice(351)
DEBUG 2026-08-06 03:50:41.077 [TOW task-5] Advice {type=before, action={advice={method=com.aspectran.aspectow.console.auth.AccessControlAspect.checkPermission(com.aspectran.core.activity.Translet)}}, order=2} - c.a.c.activity.AdviceActivity.executeAdvice(351)
DEBUG 2026-08-06 03:50:41.078 [TOW task-5] Advice {type=before, action={header={headers=[X-Frame-Options, X-Content-Type-Options, X-XSS-Protection, Referrer-Policy]}}} - c.a.c.activity.AdviceActivity.executeAdvice(351)
DEBUG 2026-08-06 03:50:41.079 [TOW task-5] Action {annotated={method=com.aspectran.aspectow.console.cluster.ClusterActivity.refreshToken(com.aspectran.core.activity.Translet)}} - c.a.core.activity.CoreActivity.execute(652)
DEBUG 2026-08-06 03:50:41.081 [TOW task-5] Response {success=true, data=n1JmMp7Pun5pbL0MreKeC0C0L9rK_5I-SXVMBbWQ7r8itmQwTE5fffJoLD7uOOiCunnTHtmIIpc} - c.a.c.a.r.t.CustomTransformResponse.respond(85)
DEBUG 2026-08-06 03:50:41.083 [TOW task-5] Session 1ljxb1af1vxkt2kna7rph5v6u0.cn0 complete, active requests=0 - c.a.c.c.session.ManagedSession.complete(334)
DEBUG 2026-08-06 03:50:41.100 [TOW task-5] Session 1ljxb1af1vxkt2kna7rph5v6u0.cn0 in use, stopping timer, active requests=1 - c.a.c.c.session.ManagedSession.access(314)
DEBUG 2026-08-06 03:50:41.101 [TOW task-5] GET /console/cluster/token HTTP/1.1 0:0:0:0:0:0:0:1 - c.a.w.s.DefaultWebService.service(87)
DEBUG 2026-08-06 03:50:41.101 [TOW task-5] Translet {name=/cluster/token, responseRule={response={type=transform, format=custom}}} - c.a.core.activity.CoreActivity.prepare(220)
DEBUG 2026-08-06 03:50:41.102 [TOW task-5] Advice {type=before, action={advice={method=com.aspectran.aspectow.console.auth.UserAuthAspect.checkAuthenticated(com.aspectran.core.activity.Translet)}}, order=1} - c.a.c.activity.AdviceActivity.executeAdvice(351)
DEBUG 2026-08-06 03:50:41.102 [TOW task-5] Advice {type=before, action={advice={method=com.aspectran.aspectow.console.auth.AccessControlAspect.checkPermission(com.aspectran.core.activity.Translet)}}, order=2} - c.a.c.activity.AdviceActivity.executeAdvice(351)
DEBUG 2026-08-06 03:50:41.103 [TOW task-5] Advice {type=before, action={header={headers=[X-Frame-Options, X-Content-Type-Options, X-XSS-Protection, Referrer-Policy]}}} - c.a.c.activity.AdviceActivity.executeAdvice(351)
DEBUG 2026-08-06 03:50:41.104 [TOW task-5] Action {annotated={method=com.aspectran.aspectow.console.cluster.ClusterActivity.refreshToken(com.aspectran.core.activity.Translet)}} - c.a.core.activity.CoreActivity.execute(652)
DEBUG 2026-08-06 03:50:41.105 [TOW task-5] Response {success=true, data=sKCF8YdZa7EwP3qOeXikEYNpDVrzRemQ0ggCbm8SR63PiJhkijZZTV4JnfhNRjSy6WA5PyJ4Xz4} - c.a.c.a.r.t.CustomTransformResponse.respond(85)
DEBUG 2026-08-06 03:50:41.107 [TOW task-5] Session 1ljxb1af1vxkt2kna7rph5v6u0.cn0 complete, active requests=0 - c.a.c.c.session.ManagedSession.complete(334)
DEBUG 2026-08-06 03:50:41.126 [TOW task-5] Session 1ljxb1af1vxkt2kna7rph5v6u0.cn0 in use, stopping timer, active requests=1 - c.a.c.c.session.ManagedSession.access(314)
DEBUG 2026-08-06 03:50:41.130 [TOW task-5] WebSocket connection established for session d0mMKAx20QJpYJRl1eq4IFzZjsCG9jD5Wc4TlkN2 - c.a.a.c.c.b.w.WebsocketCommandBridge.doOnOpen(74)
DEBUG 2026-08-06 03:50:41.131 [TOW task-5] Session 1ljxb1af1vxkt2kna7rph5v6u0.cn0 complete, active requests=0 - c.a.c.c.session.ManagedSession.complete(334)
DEBUG 2026-08-06 03:50:41.139 [TOW I/O-1] ConsoleClient joined remote command management: session d0mMKAx20QJpYJRl1eq4IFzZjsCG9jD5Wc4TlkN2, targetNodeId: localhost-console1 - c.a.a.c.c.b.w.WebsocketCommandBridge.subscribe(166)
DEBUG 2026-08-06 03:50:47.278 [TOW I/O-1] Websocket session d0mMKAx20QJpYJRl1eq4IFzZjsCG9jD5Wc4TlkN2 has been closed. Reason: CloseReason[1001] - c.a.a.c.c.b.w.WebsocketCommandBridge.doOnClose(110)
DEBUG 2026-08-06 03:50:47.279 [TOW I/O-1] Remote command WebSocket session removed: d0mMKAx20QJpYJRl1eq4IFzZjsCG9jD5Wc4TlkN2 (Total: 0) - c.a.a.c.c.b.w.WebsocketCommandBridge.onSessionRemoved(142)
DEBUG 2026-08-06 03:50:47.293 [TOW task-5] Session 1ljxb1af1vxkt2kna7rph5v6u0.cn0 in use, stopping timer, active requests=1 - c.a.c.c.session.ManagedSession.access(314)
DEBUG 2026-08-06 03:50:47.294 [TOW task-5] GET /console/appmon/dashboard/ HTTP/1.1 0:0:0:0:0:0:0:1 - c.a.w.s.DefaultWebService.service(87)
DEBUG 2026-08-06 03:50:47.295 [TOW task-5] Translet {name=/appmon/dashboard/${appsToSubscribe}, namePattern=/appmon/dashboard/*, responseRule={response={type=dispatch, name=appmon/dashboard, viewDispatcher={name=com.aspectran.thymeleaf.view.ThymeleafViewDispatcher@7d3df3c8}}}} - c.a.core.activity.CoreActivity.prepare(220)
DEBUG 2026-08-06 03:50:47.296 [TOW task-5] Advice {type=before, action={advice={method=com.aspectran.aspectow.console.auth.UserAuthAspect.checkAuthenticated(com.aspectran.core.activity.Translet)}}, order=1} - c.a.c.activity.AdviceActivity.executeAdvice(351)
DEBUG 2026-08-06 03:50:47.296 [TOW task-5] Advice {type=before, action={advice={method=com.aspectran.aspectow.console.auth.AccessControlAspect.checkPermission(com.aspectran.core.activity.Translet)}}, order=2} - c.a.c.activity.AdviceActivity.executeAdvice(351)
DEBUG 2026-08-06 03:50:47.297 [TOW task-5] Advice {type=before, action={header={headers=[X-Frame-Options, X-Content-Type-Options, X-XSS-Protection, Referrer-Policy]}}} - c.a.c.activity.AdviceActivity.executeAdvice(351)
DEBUG 2026-08-06 03:50:47.298 [TOW task-5] Advice {type=before, action={header={headers=[Content-Type, Content-Security-Policy]}}} - c.a.c.activity.AdviceActivity.executeAdvice(351)
DEBUG 2026-08-06 03:50:47.298 [TOW task-5] Advice {type=before, action={advice={method=com.aspectran.aspectow.console.common.aspect.DevCorsAdvice.process(com.aspectran.core.activity.Translet)}}} - c.a.c.activity.AdviceActivity.executeAdvice(351)
DEBUG 2026-08-06 03:50:47.299 [TOW task-5] Action {annotated={id=page, method=com.aspectran.aspectow.console.appmon.AppMonActivity.dashboard(java.lang.String)}} - c.a.core.activity.CoreActivity.execute(652)
DEBUG 2026-08-06 03:50:47.299 [TOW task-5] Response {type=dispatch, name=appmon/dashboard, viewDispatcher={name=com.aspectran.thymeleaf.view.ThymeleafViewDispatcher@7d3df3c8}} - c.a.c.a.r.d.DispatchResponse.respond(71)
DEBUG 2026-08-06 03:50:47.300 [TOW task-5] Dispatching to Thymeleaf template appmon/dashboard - c.a.t.v.ThymeleafViewDispatcher.dispatch(88)
DEBUG 2026-08-06 03:50:47.334 [TOW task-5] Session 1ljxb1af1vxkt2kna7rph5v6u0.cn0 complete, active requests=0 - c.a.c.c.session.ManagedSession.complete(334)
DEBUG 2026-08-06 03:50:47.542 [TOW task-3] Session 1ljxb1af1vxkt2kna7rph5v6u0.cn0 in use, stopping timer, active requests=1 - c.a.c.c.session.ManagedSession.access(314)
DEBUG 2026-08-06 03:50:47.543 [TOW task-3] GET /console/appmon/config/data HTTP/1.1 0:0:0:0:0:0:0:1 - c.a.w.s.DefaultWebService.service(87)
DEBUG 2026-08-06 03:50:47.544 [TOW task-3] Translet {name=/appmon/config/data, method=[GET], responseRule={response={type=transform, format=custom}}} - c.a.core.activity.CoreActivity.prepare(220)
DEBUG 2026-08-06 03:50:47.545 [TOW task-3] Advice {type=before, action={advice={method=com.aspectran.aspectow.console.auth.UserAuthAspect.checkAuthenticated(com.aspectran.core.activity.Translet)}}, order=1} - c.a.c.activity.AdviceActivity.executeAdvice(351)
DEBUG 2026-08-06 03:50:47.546 [TOW task-3] Advice {type=before, action={advice={method=com.aspectran.aspectow.console.auth.AccessControlAspect.checkPermission(com.aspectran.core.activity.Translet)}}, order=2} - c.a.c.activity.AdviceActivity.executeAdvice(351)
DEBUG 2026-08-06 03:50:47.547 [TOW task-3] Advice {type=before, action={header={headers=[X-Frame-Options, X-Content-Type-Options, X-XSS-Protection, Referrer-Policy]}}} - c.a.c.activity.AdviceActivity.executeAdvice(351)
DEBUG 2026-08-06 03:50:47.548 [TOW task-3] Advice {type=before, action={advice={method=com.aspectran.aspectow.console.common.aspect.DevCorsAdvice.process(com.aspectran.core.activity.Translet)}}} - c.a.c.activity.AdviceActivity.executeAdvice(351)
DEBUG 2026-08-06 03:50:47.549 [TOW task-3] Action {annotated={method=com.aspectran.aspectow.console.appmon.AppMonActivity.getConfigData(com.aspectran.core.activity.Translet, java.lang.String)}} - c.a.core.activity.CoreActivity.execute(652)
DEBUG 2026-08-06 03:50:47.601 [TOW task-3] Response com.aspectran.web.activity.response.DefaultRestResponse@2c28a58d - c.a.c.a.r.t.CustomTransformResponse.respond(85)
DEBUG 2026-08-06 03:50:47.603 [TOW task-3] Session 1ljxb1af1vxkt2kna7rph5v6u0.cn0 complete, active requests=0 - c.a.c.c.session.ManagedSession.complete(334)
DEBUG 2026-08-06 03:50:47.638 [TOW task-3] Session 1ljxb1af1vxkt2kna7rph5v6u0.cn0 in use, stopping timer, active requests=1 - c.a.c.c.session.ManagedSession.access(314)
DEBUG 2026-08-06 03:50:47.640 [TOW task-3] WebSocket connection established for session 6Cb7V8Q9IyWwd2oyvWafwBDI5A9EHtwZlqfDD9Da - c.a.a.a.e.r.w.WebsocketMessageRelayer.doOnOpen(74)
DEBUG 2026-08-06 03:50:47.640 [TOW task-3] Session 1ljxb1af1vxkt2kna7rph5v6u0.cn0 complete, active requests=0 - c.a.c.c.session.ManagedSession.complete(334)
DEBUG 2026-08-06 03:51:23.890 [TOW I/O-2] Websocket session 6Cb7V8Q9IyWwd2oyvWafwBDI5A9EHtwZlqfDD9Da has been closed. Reason: CloseReason[1001] - c.a.a.a.e.r.w.WebsocketMessageRelayer.doOnClose(110)
DEBUG 2026-08-06 03:51:23.915 [TOW task-3] Session 1ljxb1af1vxkt2kna7rph5v6u0.cn0 in use, stopping timer, active requests=1 - c.a.c.c.session.ManagedSession.access(314)
DEBUG 2026-08-06 03:51:23.916 [TOW task-3] GET /console/cluster/scheduler/ HTTP/1.1 0:0:0:0:0:0:0:1 - c.a.w.s.DefaultWebService.service(87)
DEBUG 2026-08-06 03:51:23.917 [TOW task-3] Translet {name=/cluster/scheduler/, responseRule={response={type=dispatch, name=cluster/scheduler}}} - c.a.core.activity.CoreActivity.prepare(220)
DEBUG 2026-08-06 03:51:23.918 [TOW task-3] Advice {type=before, action={advice={method=com.aspectran.aspectow.console.auth.UserAuthAspect.checkAuthenticated(com.aspectran.core.activity.Translet)}}, order=1} - c.a.c.activity.AdviceActivity.executeAdvice(351)
DEBUG 2026-08-06 03:51:23.918 [TOW task-3] Advice {type=before, action={advice={method=com.aspectran.aspectow.console.auth.AccessControlAspect.checkPermission(com.aspectran.core.activity.Translet)}}, order=2} - c.a.c.activity.AdviceActivity.executeAdvice(351)
DEBUG 2026-08-06 03:51:23.919 [TOW task-3] Advice {type=before, action={header={headers=[X-Frame-Options, X-Content-Type-Options, X-XSS-Protection, Referrer-Policy]}}} - c.a.c.activity.AdviceActivity.executeAdvice(351)
DEBUG 2026-08-06 03:51:23.920 [TOW task-3] Advice {type=before, action={header={headers=[Content-Type, Content-Security-Policy]}}} - c.a.c.activity.AdviceActivity.executeAdvice(351)
DEBUG 2026-08-06 03:51:23.921 [TOW task-3] Action {annotated={id=page, method=com.aspectran.aspectow.console.scheduler.SchedulerActivity.scheduler(com.aspectran.core.activity.Translet, java.lang.String)}} - c.a.core.activity.CoreActivity.execute(652)
DEBUG 2026-08-06 03:51:23.939 [TOW task-3] Response {type=dispatch, name=cluster/scheduler} - c.a.c.a.r.d.DispatchResponse.respond(71)
DEBUG 2026-08-06 03:51:23.940 [TOW task-3] Dispatching to Thymeleaf template cluster/scheduler - c.a.t.v.ThymeleafViewDispatcher.dispatch(88)
DEBUG 2026-08-06 03:51:24.000 [TOW task-3] Session 1ljxb1af1vxkt2kna7rph5v6u0.cn0 complete, active requests=0 - c.a.c.c.session.ManagedSession.complete(334)
DEBUG 2026-08-06 03:51:24.208 [TOW task-3] Session 1ljxb1af1vxkt2kna7rph5v6u0.cn0 in use, stopping timer, active requests=1 - c.a.c.c.session.ManagedSession.access(314)
DEBUG 2026-08-06 03:51:24.209 [TOW task-3] GET /console/cluster/token HTTP/1.1 0:0:0:0:0:0:0:1 - c.a.w.s.DefaultWebService.service(87)
DEBUG 2026-08-06 03:51:24.210 [TOW task-3] Translet {name=/cluster/token, responseRule={response={type=transform, format=custom}}} - c.a.core.activity.CoreActivity.prepare(220)
DEBUG 2026-08-06 03:51:24.211 [TOW task-3] Advice {type=before, action={advice={method=com.aspectran.aspectow.console.auth.UserAuthAspect.checkAuthenticated(com.aspectran.core.activity.Translet)}}, order=1} - c.a.c.activity.AdviceActivity.executeAdvice(351)
DEBUG 2026-08-06 03:51:24.212 [TOW task-3] Advice {type=before, action={advice={method=com.aspectran.aspectow.console.auth.AccessControlAspect.checkPermission(com.aspectran.core.activity.Translet)}}, order=2} - c.a.c.activity.AdviceActivity.executeAdvice(351)
DEBUG 2026-08-06 03:51:24.213 [TOW task-3] Advice {type=before, action={header={headers=[X-Frame-Options, X-Content-Type-Options, X-XSS-Protection, Referrer-Policy]}}} - c.a.c.activity.AdviceActivity.executeAdvice(351)
DEBUG 2026-08-06 03:51:24.214 [TOW task-3] Action {annotated={method=com.aspectran.aspectow.console.cluster.ClusterActivity.refreshToken(com.aspectran.core.activity.Translet)}} - c.a.core.activity.CoreActivity.execute(652)
DEBUG 2026-08-06 03:51:24.215 [TOW task-3] Response {success=true, data=_fzNLowmOCYB7SzfA8E-WZyZqh5cC2EUN03ZbXWxbZ7glVkwTYmN2gVUkqr7DW-LMv9X553eGlA} - c.a.c.a.r.t.CustomTransformResponse.respond(85)
DEBUG 2026-08-06 03:51:24.217 [TOW task-3] Session 1ljxb1af1vxkt2kna7rph5v6u0.cn0 complete, active requests=0 - c.a.c.c.session.ManagedSession.complete(334)
DEBUG 2026-08-06 03:51:24.250 [TOW task-3] Session 1ljxb1af1vxkt2kna7rph5v6u0.cn0 in use, stopping timer, active requests=1 - c.a.c.c.session.ManagedSession.access(314)
DEBUG 2026-08-06 03:51:24.251 [TOW task-3] GET /console/cluster/token HTTP/1.1 0:0:0:0:0:0:0:1 - c.a.w.s.DefaultWebService.service(87)
DEBUG 2026-08-06 03:51:24.251 [TOW task-3] Translet {name=/cluster/token, responseRule={response={type=transform, format=custom}}} - c.a.core.activity.CoreActivity.prepare(220)
DEBUG 2026-08-06 03:51:24.252 [TOW task-3] Advice {type=before, action={advice={method=com.aspectran.aspectow.console.auth.UserAuthAspect.checkAuthenticated(com.aspectran.core.activity.Translet)}}, order=1} - c.a.c.activity.AdviceActivity.executeAdvice(351)
DEBUG 2026-08-06 03:51:24.253 [TOW task-3] Advice {type=before, action={advice={method=com.aspectran.aspectow.console.auth.AccessControlAspect.checkPermission(com.aspectran.core.activity.Translet)}}, order=2} - c.a.c.activity.AdviceActivity.executeAdvice(351)
DEBUG 2026-08-06 03:51:24.253 [TOW task-3] Advice {type=before, action={header={headers=[X-Frame-Options, X-Content-Type-Options, X-XSS-Protection, Referrer-Policy]}}} - c.a.c.activity.AdviceActivity.executeAdvice(351)
DEBUG 2026-08-06 03:51:24.254 [TOW task-3] Action {annotated={method=com.aspectran.aspectow.console.cluster.ClusterActivity.refreshToken(com.aspectran.core.activity.Translet)}} - c.a.core.activity.CoreActivity.execute(652)
DEBUG 2026-08-06 03:51:24.256 [TOW task-3] Response {success=true, data=XOKg-Hxwz4-Dz1Li0iSG5FP1NjwBsGsC3vYjvmDaDD13c5tdL8aX8huTYup5Tp6wnP2RhquyGH4} - c.a.c.a.r.t.CustomTransformResponse.respond(85)
DEBUG 2026-08-06 03:51:24.258 [TOW task-3] Session 1ljxb1af1vxkt2kna7rph5v6u0.cn0 complete, active requests=0 - c.a.c.c.session.ManagedSession.complete(334)
DEBUG 2026-08-06 03:51:24.280 [TOW task-3] Session 1ljxb1af1vxkt2kna7rph5v6u0.cn0 in use, stopping timer, active requests=1 - c.a.c.c.session.ManagedSession.access(314)
DEBUG 2026-08-06 03:51:24.283 [TOW task-3] WebSocket connection established for session 4o9C8-5xqUSlKcAwReZNSfMZD2SKZsagWoIvbYLw - c.a.a.c.s.b.w.WebsocketSchedulerBridge.doOnOpen(74)
DEBUG 2026-08-06 03:51:24.285 [TOW task-3] Session 1ljxb1af1vxkt2kna7rph5v6u0.cn0 complete, active requests=0 - c.a.c.c.session.ManagedSession.complete(334)
DEBUG 2026-08-06 03:51:24.296 [TOW I/O-3] Discovering scheduler log files in: /home/aspectran/projects/public/aspectow-demo-console/app/logs - c.a.a.n.m.s.RemoteSchedulerManager.discoverLogFiles(238)
INFO  2026-08-06 03:51:24.297 [TOW I/O-3] Discovered scheduler log file: /home/aspectran/projects/public/aspectow-demo-console/app/logs/console-scheduler.log - c.a.a.n.m.s.RemoteSchedulerManager.discoverLogFiles(251)
DEBUG 2026-08-06 03:51:24.302 [TOW I/O-3] com.aspectran.aspectow.node.management.scheduler.log.SchedulerLogExporter@44e9c58a is STARTING - c.a.u.l.AbstractLifeCycle.setStarting(183)
INFO  2026-08-06 03:51:24.326 [TOW I/O-3] Started tailing scheduler log file: /home/aspectran/projects/public/aspectow-demo-console/app/logs/console-scheduler.log - c.a.a.n.m.s.l.SchedulerLogExporter.doStart(328)
DEBUG 2026-08-06 03:51:24.327 [TOW I/O-3] com.aspectran.aspectow.node.management.scheduler.log.SchedulerLogExporter@44e9c58a is STARTED - c.a.u.l.AbstractLifeCycle.setStarted(193)
DEBUG 2026-08-06 03:51:24.336 [TOW I/O-3] ConsoleClient joined scheduler management: session 4o9C8-5xqUSlKcAwReZNSfMZD2SKZsagWoIvbYLw, targetNodeId: localhost-console1 - c.a.a.c.s.b.w.WebsocketSchedulerBridge.subscribe(153)
DEBUG 2026-08-06 03:51:24.344 [TOW I/O-3] Scheduler request dispatched to node localhost: services - c.a.a.n.m.s.RemoteSchedulerManager.dispatch(321)
DEBUG 2026-08-06 03:51:24.345 [TOW I/O-3] Executing local scheduler request: services - c.a.a.n.m.s.RemoteSchedulerManager.process(297)
DEBUG 2026-08-06 03:51:24.351 [TOW I/O-3] Collected scheduler list from 1 active services - c.a.a.n.m.s.LocalSchedulerService.getSchedulesAsJson(75)
DEBUG 2026-08-06 03:51:24.361 [TOW I/O-3] Scheduler management session established: session 4o9C8-5xqUSlKcAwReZNSfMZD2SKZsagWoIvbYLw - c.a.a.c.s.b.w.WebsocketSchedulerBridge.established(162)
DEBUG 2026-08-06 03:51:26.551 [TOW I/O-3] Websocket session 4o9C8-5xqUSlKcAwReZNSfMZD2SKZsagWoIvbYLw has been closed. Reason: CloseReason[1001] - c.a.a.c.s.b.w.WebsocketSchedulerBridge.doOnClose(110)
DEBUG 2026-08-06 03:51:26.552 [TOW I/O-3] com.aspectran.aspectow.node.management.scheduler.log.SchedulerLogExporter@44e9c58a is STOPPING - c.a.u.l.AbstractLifeCycle.setStopping(203)
INFO  2026-08-06 03:51:26.553 [TOW I/O-3] Stopped tailing scheduler log file: /home/aspectran/projects/public/aspectow-demo-console/app/logs/console-scheduler.log - c.a.a.n.m.s.l.SchedulerLogExporter.doStop(343)
DEBUG 2026-08-06 03:51:26.553 [TOW I/O-3] com.aspectran.aspectow.node.management.scheduler.log.SchedulerLogExporter@44e9c58a is STOPPED - c.a.u.l.AbstractLifeCycle.setStopped(213)
DEBUG 2026-08-06 03:51:26.562 [TOW task-3] Session 1ljxb1af1vxkt2kna7rph5v6u0.cn0 in use, stopping timer, active requests=1 - c.a.c.c.session.ManagedSession.access(314)
DEBUG 2026-08-06 03:51:26.563 [TOW task-3] GET /console/cluster/commands/ HTTP/1.1 0:0:0:0:0:0:0:1 - c.a.w.s.DefaultWebService.service(87)
DEBUG 2026-08-06 03:51:26.563 [TOW task-3] Translet {name=/cluster/commands/, responseRule={response={type=dispatch, name=cluster/commands, viewDispatcher={name=com.aspectran.thymeleaf.view.ThymeleafViewDispatcher@7d3df3c8}}}} - c.a.core.activity.CoreActivity.prepare(220)
DEBUG 2026-08-06 03:51:26.564 [TOW task-3] Advice {type=before, action={advice={method=com.aspectran.aspectow.console.auth.UserAuthAspect.checkAuthenticated(com.aspectran.core.activity.Translet)}}, order=1} - c.a.c.activity.AdviceActivity.executeAdvice(351)
DEBUG 2026-08-06 03:51:26.564 [TOW task-3] Advice {type=before, action={advice={method=com.aspectran.aspectow.console.auth.AccessControlAspect.checkPermission(com.aspectran.core.activity.Translet)}}, order=2} - c.a.c.activity.AdviceActivity.executeAdvice(351)
DEBUG 2026-08-06 03:51:26.565 [TOW task-3] Advice {type=before, action={header={headers=[X-Frame-Options, X-Content-Type-Options, X-XSS-Protection, Referrer-Policy]}}} - c.a.c.activity.AdviceActivity.executeAdvice(351)
DEBUG 2026-08-06 03:51:26.566 [TOW task-3] Advice {type=before, action={header={headers=[Content-Type, Content-Security-Policy]}}} - c.a.c.activity.AdviceActivity.executeAdvice(351)
DEBUG 2026-08-06 03:51:26.566 [TOW task-3] Action {annotated={id=page, method=com.aspectran.aspectow.console.commands.RemoteCommandsActivity.commands(java.lang.String)}} - c.a.core.activity.CoreActivity.execute(652)
DEBUG 2026-08-06 03:51:26.568 [TOW I/O-3] Scheduler WebSocket session removed: 4o9C8-5xqUSlKcAwReZNSfMZD2SKZsagWoIvbYLw - c.a.a.c.s.b.w.WebsocketSchedulerBridge.onSessionRemoved(132)
DEBUG 2026-08-06 03:51:26.583 [TOW task-3] Response {type=dispatch, name=cluster/commands, viewDispatcher={name=com.aspectran.thymeleaf.view.ThymeleafViewDispatcher@7d3df3c8}} - c.a.c.a.r.d.DispatchResponse.respond(71)
DEBUG 2026-08-06 03:51:26.584 [TOW task-3] Dispatching to Thymeleaf template cluster/commands - c.a.t.v.ThymeleafViewDispatcher.dispatch(88)
DEBUG 2026-08-06 03:51:26.620 [TOW task-3] Session 1ljxb1af1vxkt2kna7rph5v6u0.cn0 complete, active requests=0 - c.a.c.c.session.ManagedSession.complete(334)
DEBUG 2026-08-06 03:51:26.818 [TOW task-5] Session 1ljxb1af1vxkt2kna7rph5v6u0.cn0 in use, stopping timer, active requests=1 - c.a.c.c.session.ManagedSession.access(314)
DEBUG 2026-08-06 03:51:26.819 [TOW task-5] GET /console/cluster/token HTTP/1.1 0:0:0:0:0:0:0:1 - c.a.w.s.DefaultWebService.service(87)
DEBUG 2026-08-06 03:51:26.819 [TOW task-5] Translet {name=/cluster/token, responseRule={response={type=transform, format=custom}}} - c.a.core.activity.CoreActivity.prepare(220)
DEBUG 2026-08-06 03:51:26.820 [TOW task-5] Advice {type=before, action={advice={method=com.aspectran.aspectow.console.auth.UserAuthAspect.checkAuthenticated(com.aspectran.core.activity.Translet)}}, order=1} - c.a.c.activity.AdviceActivity.executeAdvice(351)
DEBUG 2026-08-06 03:51:26.820 [TOW task-5] Advice {type=before, action={advice={method=com.aspectran.aspectow.console.auth.AccessControlAspect.checkPermission(com.aspectran.core.activity.Translet)}}, order=2} - c.a.c.activity.AdviceActivity.executeAdvice(351)
DEBUG 2026-08-06 03:51:26.821 [TOW task-5] Advice {type=before, action={header={headers=[X-Frame-Options, X-Content-Type-Options, X-XSS-Protection, Referrer-Policy]}}} - c.a.c.activity.AdviceActivity.executeAdvice(351)
DEBUG 2026-08-06 03:51:26.822 [TOW task-5] Action {annotated={method=com.aspectran.aspectow.console.cluster.ClusterActivity.refreshToken(com.aspectran.core.activity.Translet)}} - c.a.core.activity.CoreActivity.execute(652)
DEBUG 2026-08-06 03:51:26.823 [TOW task-5] Response {success=true, data=ypiVi_pqQff-9DDAiu_WP8JR9PBo1p-OkKPfM2HyosjOY6KrLfFam6Phw-srIr_W39jkVgtf8jM} - c.a.c.a.r.t.CustomTransformResponse.respond(85)
DEBUG 2026-08-06 03:51:26.824 [TOW task-5] Session 1ljxb1af1vxkt2kna7rph5v6u0.cn0 complete, active requests=0 - c.a.c.c.session.ManagedSession.complete(334)
DEBUG 2026-08-06 03:51:26.846 [TOW task-5] Session 1ljxb1af1vxkt2kna7rph5v6u0.cn0 in use, stopping timer, active requests=1 - c.a.c.c.session.ManagedSession.access(314)
DEBUG 2026-08-06 03:51:26.846 [TOW task-5] GET /console/cluster/token HTTP/1.1 0:0:0:0:0:0:0:1 - c.a.w.s.DefaultWebService.service(87)
DEBUG 2026-08-06 03:51:26.847 [TOW task-5] Translet {name=/cluster/token, responseRule={response={type=transform, format=custom}}} - c.a.core.activity.CoreActivity.prepare(220)
DEBUG 2026-08-06 03:51:26.847 [TOW task-5] Advice {type=before, action={advice={method=com.aspectran.aspectow.console.auth.UserAuthAspect.checkAuthenticated(com.aspectran.core.activity.Translet)}}, order=1} - c.a.c.activity.AdviceActivity.executeAdvice(351)
DEBUG 2026-08-06 03:51:26.848 [TOW task-5] Advice {type=before, action={advice={method=com.aspectran.aspectow.console.auth.AccessControlAspect.checkPermission(com.aspectran.core.activity.Translet)}}, order=2} - c.a.c.activity.AdviceActivity.executeAdvice(351)
DEBUG 2026-08-06 03:51:26.848 [TOW task-5] Advice {type=before, action={header={headers=[X-Frame-Options, X-Content-Type-Options, X-XSS-Protection, Referrer-Policy]}}} - c.a.c.activity.AdviceActivity.executeAdvice(351)
DEBUG 2026-08-06 03:51:26.849 [TOW task-5] Action {annotated={method=com.aspectran.aspectow.console.cluster.ClusterActivity.refreshToken(com.aspectran.core.activity.Translet)}} - c.a.core.activity.CoreActivity.execute(652)
DEBUG 2026-08-06 03:51:26.850 [TOW task-5] Response {success=true, data=Ktvok_eduML2lULYrCZNPg8So33bGPPUT47cKNLjNAumrWaaYhT-aCOZORg6iFGChjFzOrPjRL4} - c.a.c.a.r.t.CustomTransformResponse.respond(85)
DEBUG 2026-08-06 03:51:26.852 [TOW task-5] Session 1ljxb1af1vxkt2kna7rph5v6u0.cn0 complete, active requests=0 - c.a.c.c.session.ManagedSession.complete(334)
DEBUG 2026-08-06 03:51:26.876 [TOW task-5] Session 1ljxb1af1vxkt2kna7rph5v6u0.cn0 in use, stopping timer, active requests=1 - c.a.c.c.session.ManagedSession.access(314)
DEBUG 2026-08-06 03:51:26.878 [TOW task-5] WebSocket connection established for session th9rcDCaxxqzZli2sEllTW3-wQlIXC2CD0HyiTII - c.a.a.c.c.b.w.WebsocketCommandBridge.doOnOpen(74)
DEBUG 2026-08-06 03:51:26.879 [TOW task-5] Session 1ljxb1af1vxkt2kna7rph5v6u0.cn0 complete, active requests=0 - c.a.c.c.session.ManagedSession.complete(334)
DEBUG 2026-08-06 03:51:26.881 [TOW I/O-1] ConsoleClient joined remote command management: session th9rcDCaxxqzZli2sEllTW3-wQlIXC2CD0HyiTII, targetNodeId: localhost-console1 - c.a.a.c.c.b.w.WebsocketCommandBridge.subscribe(166)
DEBUG 2026-08-06 03:51:31.232 [TOW I/O-1] Websocket session th9rcDCaxxqzZli2sEllTW3-wQlIXC2CD0HyiTII has been closed. Reason: CloseReason[1001] - c.a.a.c.c.b.w.WebsocketCommandBridge.doOnClose(110)
DEBUG 2026-08-06 03:51:31.233 [TOW I/O-1] Remote command WebSocket session removed: th9rcDCaxxqzZli2sEllTW3-wQlIXC2CD0HyiTII (Total: 0) - c.a.a.c.c.b.w.WebsocketCommandBridge.onSessionRemoved(142)
DEBUG 2026-08-06 03:51:31.247 [TOW task-5] Session 1ljxb1af1vxkt2kna7rph5v6u0.cn0 in use, stopping timer, active requests=1 - c.a.c.c.session.ManagedSession.access(314)
DEBUG 2026-08-06 03:51:31.248 [TOW task-5] GET /console/cluster/nodes/ HTTP/1.1 0:0:0:0:0:0:0:1 - c.a.w.s.DefaultWebService.service(87)
DEBUG 2026-08-06 03:51:31.248 [TOW task-5] Translet {name=/cluster/nodes/, responseRule={response={type=dispatch, name=cluster/nodes}}} - c.a.core.activity.CoreActivity.prepare(220)
DEBUG 2026-08-06 03:51:31.249 [TOW task-5] Advice {type=before, action={advice={method=com.aspectran.aspectow.console.auth.UserAuthAspect.checkAuthenticated(com.aspectran.core.activity.Translet)}}, order=1} - c.a.c.activity.AdviceActivity.executeAdvice(351)
DEBUG 2026-08-06 03:51:31.249 [TOW task-5] Advice {type=before, action={advice={method=com.aspectran.aspectow.console.auth.AccessControlAspect.checkPermission(com.aspectran.core.activity.Translet)}}, order=2} - c.a.c.activity.AdviceActivity.executeAdvice(351)
DEBUG 2026-08-06 03:51:31.250 [TOW task-5] Advice {type=before, action={header={headers=[X-Frame-Options, X-Content-Type-Options, X-XSS-Protection, Referrer-Policy]}}} - c.a.c.activity.AdviceActivity.executeAdvice(351)
DEBUG 2026-08-06 03:51:31.250 [TOW task-5] Advice {type=before, action={header={headers=[Content-Type, Content-Security-Policy]}}} - c.a.c.activity.AdviceActivity.executeAdvice(351)
DEBUG 2026-08-06 03:51:31.251 [TOW task-5] Action {annotated={id=page, method=com.aspectran.aspectow.console.cluster.ClusterActivity.listNodes(com.aspectran.core.activity.Translet)}} - c.a.core.activity.CoreActivity.execute(652)
DEBUG 2026-08-06 03:51:31.279 [TOW task-5] Response {type=dispatch, name=cluster/nodes} - c.a.c.a.r.d.DispatchResponse.respond(71)
DEBUG 2026-08-06 03:51:31.280 [TOW task-5] Dispatching to Thymeleaf template cluster/nodes - c.a.t.v.ThymeleafViewDispatcher.dispatch(88)
DEBUG 2026-08-06 03:51:31.374 [TOW task-5] Session 1ljxb1af1vxkt2kna7rph5v6u0.cn0 complete, active requests=0 - c.a.c.c.session.ManagedSession.complete(334)
DEBUG 2026-08-06 03:51:31.524 [TOW task-5] Session 1ljxb1af1vxkt2kna7rph5v6u0.cn0 in use, stopping timer, active requests=1 - c.a.c.c.session.ManagedSession.access(314)
DEBUG 2026-08-06 03:51:31.525 [TOW task-5] GET /console/cluster/token HTTP/1.1 0:0:0:0:0:0:0:1 - c.a.w.s.DefaultWebService.service(87)
DEBUG 2026-08-06 03:51:31.526 [TOW task-5] Translet {name=/cluster/token, responseRule={response={type=transform, format=custom}}} - c.a.core.activity.CoreActivity.prepare(220)
DEBUG 2026-08-06 03:51:31.527 [TOW task-5] Advice {type=before, action={advice={method=com.aspectran.aspectow.console.auth.UserAuthAspect.checkAuthenticated(com.aspectran.core.activity.Translet)}}, order=1} - c.a.c.activity.AdviceActivity.executeAdvice(351)
DEBUG 2026-08-06 03:51:31.528 [TOW task-5] Advice {type=before, action={advice={method=com.aspectran.aspectow.console.auth.AccessControlAspect.checkPermission(com.aspectran.core.activity.Translet)}}, order=2} - c.a.c.activity.AdviceActivity.executeAdvice(351)
DEBUG 2026-08-06 03:51:31.529 [TOW task-5] Advice {type=before, action={header={headers=[X-Frame-Options, X-Content-Type-Options, X-XSS-Protection, Referrer-Policy]}}} - c.a.c.activity.AdviceActivity.executeAdvice(351)
DEBUG 2026-08-06 03:51:31.530 [TOW task-5] Action {annotated={method=com.aspectran.aspectow.console.cluster.ClusterActivity.refreshToken(com.aspectran.core.activity.Translet)}} - c.a.core.activity.CoreActivity.execute(652)
DEBUG 2026-08-06 03:51:31.531 [TOW task-5] Response {success=true, data=Y-bp66IEx8Or0e-qz5MKSGQzWPM3vlIQwz_bDKNqgMWYkaSHwUcK3AEPrYDqL53egcI47m4BLmA} - c.a.c.a.r.t.CustomTransformResponse.respond(85)
DEBUG 2026-08-06 03:51:31.533 [TOW task-5] Session 1ljxb1af1vxkt2kna7rph5v6u0.cn0 complete, active requests=0 - c.a.c.c.session.ManagedSession.complete(334)
DEBUG 2026-08-06 03:51:31.552 [TOW task-5] Session 1ljxb1af1vxkt2kna7rph5v6u0.cn0 in use, stopping timer, active requests=1 - c.a.c.c.session.ManagedSession.access(314)
DEBUG 2026-08-06 03:51:31.555 [TOW task-5] WebSocket connection established for session bQudk-VW_ZZDfrPZ8GYWAAYmM1Ud4S19TBFAXUcx - c.a.a.c.c.b.w.WebsocketNodeBridge.doOnOpen(74)
DEBUG 2026-08-06 03:51:31.557 [TOW task-5] Session 1ljxb1af1vxkt2kna7rph5v6u0.cn0 complete, active requests=0 - c.a.c.c.session.ManagedSession.complete(334)
DEBUG 2026-08-06 03:51:31.571 [TOW I/O-3] ConsoleClient joined node management: session bQudk-VW_ZZDfrPZ8GYWAAYmM1Ud4S19TBFAXUcx, targetNodeId: localhost-console1 - c.a.a.c.c.b.w.WebsocketNodeBridge.subscribe(155)
INFO  2026-08-06 03:51:31.583 [TOW I/O-3] Node management session established: bQudk-VW_ZZDfrPZ8GYWAAYmM1Ud4S19TBFAXUcx (nodeId: localhost-console1) - c.a.a.c.c.b.w.WebsocketNodeBridge.established(163)
DEBUG 2026-08-06 03:51:34.120 [TOW I/O-3] Websocket session bQudk-VW_ZZDfrPZ8GYWAAYmM1Ud4S19TBFAXUcx has been closed. Reason: CloseReason[1001] - c.a.a.c.c.b.w.WebsocketNodeBridge.doOnClose(110)
DEBUG 2026-08-06 03:51:34.121 [TOW I/O-3] Node management WebSocket session removed: bQudk-VW_ZZDfrPZ8GYWAAYmM1Ud4S19TBFAXUcx (Total: 0) - c.a.a.c.c.b.w.WebsocketNodeBridge.onSessionRemoved(102)
DEBUG 2026-08-06 03:51:34.136 [TOW task-5] Session 1ljxb1af1vxkt2kna7rph5v6u0.cn0 in use, stopping timer, active requests=1 - c.a.c.c.session.ManagedSession.access(314)
DEBUG 2026-08-06 03:51:34.137 [TOW task-5] GET /console/vault/ HTTP/1.1 0:0:0:0:0:0:0:1 - c.a.w.s.DefaultWebService.service(87)
DEBUG 2026-08-06 03:51:34.137 [TOW task-5] Translet {name=/vault/, responseRule={response={type=dispatch, name=vault/list}}} - c.a.core.activity.CoreActivity.prepare(220)
DEBUG 2026-08-06 03:51:34.138 [TOW task-5] Advice {type=before, action={advice={method=com.aspectran.aspectow.console.auth.UserAuthAspect.checkAuthenticated(com.aspectran.core.activity.Translet)}}, order=1} - c.a.c.activity.AdviceActivity.executeAdvice(351)
DEBUG 2026-08-06 03:51:34.139 [TOW task-5] Advice {type=before, action={advice={method=com.aspectran.aspectow.console.auth.AccessControlAspect.checkPermission(com.aspectran.core.activity.Translet)}}, order=2} - c.a.c.activity.AdviceActivity.executeAdvice(351)
DEBUG 2026-08-06 03:51:34.139 [TOW task-5] Advice {type=before, action={header={headers=[X-Frame-Options, X-Content-Type-Options, X-XSS-Protection, Referrer-Policy]}}} - c.a.c.activity.AdviceActivity.executeAdvice(351)
DEBUG 2026-08-06 03:51:34.139 [TOW task-5] Advice {type=before, action={header={headers=[Content-Type, Content-Security-Policy]}}} - c.a.c.activity.AdviceActivity.executeAdvice(351)
DEBUG 2026-08-06 03:51:34.140 [TOW task-5] Action {annotated={id=page, method=com.aspectran.aspectow.console.vault.VaultActivity.list(com.aspectran.core.activity.Translet, java.lang.String)}} - c.a.core.activity.CoreActivity.execute(652)
DEBUG 2026-08-06 03:51:34.142 [TOW task-5] Advice {type=before, instance=com.aspectran.mybatis.SqlSessionAdviceRegister$$Lambda/0x00000000a06126b0@6253e59a, order=0} - c.a.c.activity.AdviceActivity.executeAdvice(351)
DEBUG 2026-08-06 03:51:34.163 [TOW task-5] Open DefaultSqlSession@180f704b {executorType=SIMPLE, autoCommit=false, readOnly=false} - c.a.mybatis.SqlSessionAdvice.doOpen(239)
DEBUG 2026-08-06 03:51:34.203 [TOW task-5] ==>  Preparing: select * from asc_vault order by vault_id desc limit ? offset ? - c.a.a.c.c.d.m.V.getVaultList.debug(135)
DEBUG 2026-08-06 03:51:34.224 [TOW task-5] ==> Parameters: 19(Integer), 0(Long) - c.a.a.c.c.d.m.V.getVaultList.debug(135)
DEBUG 2026-08-06 03:51:34.251 [TOW task-5] <==      Total: 1 - c.a.a.c.c.d.m.V.getVaultList.debug(135)
DEBUG 2026-08-06 03:51:34.253 [TOW task-5] Response {type=dispatch, name=vault/list} - c.a.c.a.r.d.DispatchResponse.respond(71)
DEBUG 2026-08-06 03:51:34.254 [TOW task-5] Dispatching to Thymeleaf template vault/list - c.a.t.v.ThymeleafViewDispatcher.dispatch(88)
DEBUG 2026-08-06 03:51:34.312 [TOW task-5] Advice {type=after, instance=com.aspectran.mybatis.SqlSessionAdviceRegister$$Lambda/0x00000000a0612910@7d1cb59f, order=0} - c.a.c.activity.AdviceActivity.executeAdvice(351)
DEBUG 2026-08-06 03:51:34.313 [TOW task-5] Commit transaction for DefaultSqlSession@180f704b - c.a.mybatis.SqlSessionAdvice.commit(257)
DEBUG 2026-08-06 03:51:34.313 [TOW task-5] Advice {type=finally, instance=com.aspectran.mybatis.SqlSessionAdviceRegister$$Lambda/0x00000000a0612dd0@16ccd2bc, order=0} - c.a.c.activity.AdviceActivity.executeAdvice(351)
DEBUG 2026-08-06 03:51:34.322 [TOW task-5] Close DefaultSqlSession@180f704b - c.a.mybatis.SqlSessionAdvice.close(351)
DEBUG 2026-08-06 03:51:34.324 [TOW task-5] Session 1ljxb1af1vxkt2kna7rph5v6u0.cn0 complete, active requests=0 - c.a.c.c.session.ManagedSession.complete(334)
DEBUG 2026-08-06 03:51:36.551 [TOW task-5] Session 1ljxb1af1vxkt2kna7rph5v6u0.cn0 in use, stopping timer, active requests=1 - c.a.c.c.session.ManagedSession.access(314)
DEBUG 2026-08-06 03:51:36.552 [TOW task-5] GET /console/framework/config/ HTTP/1.1 0:0:0:0:0:0:0:1 - c.a.w.s.DefaultWebService.service(87)
DEBUG 2026-08-06 03:51:36.553 [TOW task-5] Translet {name=/framework/config/${contextName}, namePattern=/framework/config/*, responseRule={response={type=dispatch, name=framework/config/viewer}}} - c.a.core.activity.CoreActivity.prepare(220)
DEBUG 2026-08-06 03:51:36.554 [TOW task-5] Advice {type=before, action={advice={method=com.aspectran.aspectow.console.auth.UserAuthAspect.checkAuthenticated(com.aspectran.core.activity.Translet)}}, order=1} - c.a.c.activity.AdviceActivity.executeAdvice(351)
DEBUG 2026-08-06 03:51:36.555 [TOW task-5] Advice {type=before, action={advice={method=com.aspectran.aspectow.console.auth.AccessControlAspect.checkPermission(com.aspectran.core.activity.Translet)}}, order=2} - c.a.c.activity.AdviceActivity.executeAdvice(351)
DEBUG 2026-08-06 03:51:36.555 [TOW task-5] Advice {type=before, action={header={headers=[X-Frame-Options, X-Content-Type-Options, X-XSS-Protection, Referrer-Policy]}}} - c.a.c.activity.AdviceActivity.executeAdvice(351)
DEBUG 2026-08-06 03:51:36.557 [TOW task-5] Advice {type=before, action={header={headers=[Content-Type, Content-Security-Policy]}}} - c.a.c.activity.AdviceActivity.executeAdvice(351)
DEBUG 2026-08-06 03:51:36.557 [TOW task-5] Action {annotated={id=page, method=com.aspectran.aspectow.console.framework.ConfigurationActivity.viewer(java.lang.String)}} - c.a.core.activity.CoreActivity.execute(652)
DEBUG 2026-08-06 03:51:36.558 [TOW task-5] Response {type=dispatch, name=framework/config/viewer} - c.a.c.a.r.d.DispatchResponse.respond(71)
DEBUG 2026-08-06 03:51:36.559 [TOW task-5] Dispatching to Thymeleaf template framework/config/viewer - c.a.t.v.ThymeleafViewDispatcher.dispatch(88)
DEBUG 2026-08-06 03:51:36.589 [TOW task-5] Session 1ljxb1af1vxkt2kna7rph5v6u0.cn0 complete, active requests=0 - c.a.c.c.session.ManagedSession.complete(334)
DEBUG 2026-08-06 03:51:37.286 [TOW task-3] Session 1ljxb1af1vxkt2kna7rph5v6u0.cn0 in use, stopping timer, active requests=1 - c.a.c.c.session.ManagedSession.access(314)
DEBUG 2026-08-06 03:51:37.286 [TOW task-3] GET /console/framework/config/root/data HTTP/1.1 0:0:0:0:0:0:0:1 - c.a.w.s.DefaultWebService.service(87)
DEBUG 2026-08-06 03:51:37.287 [TOW task-3] Translet {name=/framework/config/${contextName}/data, namePattern=/framework/config/*/data, responseRule={response={type=transform, format=custom}}} - c.a.core.activity.CoreActivity.prepare(220)
DEBUG 2026-08-06 03:51:37.287 [TOW task-3] Advice {type=before, action={advice={method=com.aspectran.aspectow.console.auth.UserAuthAspect.checkAuthenticated(com.aspectran.core.activity.Translet)}}, order=1} - c.a.c.activity.AdviceActivity.executeAdvice(351)
DEBUG 2026-08-06 03:51:37.288 [TOW task-3] Advice {type=before, action={advice={method=com.aspectran.aspectow.console.auth.AccessControlAspect.checkPermission(com.aspectran.core.activity.Translet)}}, order=2} - c.a.c.activity.AdviceActivity.executeAdvice(351)
DEBUG 2026-08-06 03:51:37.289 [TOW task-3] Advice {type=before, action={header={headers=[X-Frame-Options, X-Content-Type-Options, X-XSS-Protection, Referrer-Policy]}}} - c.a.c.activity.AdviceActivity.executeAdvice(351)
DEBUG 2026-08-06 03:51:37.290 [TOW task-3] Action {annotated={method=com.aspectran.aspectow.console.framework.ConfigurationActivity.data(java.lang.String)}} - c.a.core.activity.CoreActivity.execute(652)
DEBUG 2026-08-06 03:51:37.300 [TOW task-3] Response com.aspectran.web.activity.response.DefaultRestResponse@36b83282 - c.a.c.a.r.t.CustomTransformResponse.respond(85)
DEBUG 2026-08-06 03:51:37.303 [TOW task-3] Session 1ljxb1af1vxkt2kna7rph5v6u0.cn0 complete, active requests=0 - c.a.c.c.session.ManagedSession.complete(334)
DEBUG 2026-08-06 03:51:38.262 [TOW task-3] Session 1ljxb1af1vxkt2kna7rph5v6u0.cn0 in use, stopping timer, active requests=1 - c.a.c.c.session.ManagedSession.access(314)
DEBUG 2026-08-06 03:51:38.263 [TOW task-3] GET /console/framework/anatomy/ HTTP/1.1 0:0:0:0:0:0:0:1 - c.a.w.s.DefaultWebService.service(87)
DEBUG 2026-08-06 03:51:38.264 [TOW task-3] Translet {name=/framework/anatomy/${contextName}, namePattern=/framework/anatomy/*, responseRule={response={type=dispatch, name=framework/anatomy/viewer}}} - c.a.core.activity.CoreActivity.prepare(220)
DEBUG 2026-08-06 03:51:38.265 [TOW task-3] Advice {type=before, action={advice={method=com.aspectran.aspectow.console.auth.UserAuthAspect.checkAuthenticated(com.aspectran.core.activity.Translet)}}, order=1} - c.a.c.activity.AdviceActivity.executeAdvice(351)
DEBUG 2026-08-06 03:51:38.265 [TOW task-3] Advice {type=before, action={advice={method=com.aspectran.aspectow.console.auth.AccessControlAspect.checkPermission(com.aspectran.core.activity.Translet)}}, order=2} - c.a.c.activity.AdviceActivity.executeAdvice(351)
DEBUG 2026-08-06 03:51:38.266 [TOW task-3] Advice {type=before, action={header={headers=[X-Frame-Options, X-Content-Type-Options, X-XSS-Protection, Referrer-Policy]}}} - c.a.c.activity.AdviceActivity.executeAdvice(351)
DEBUG 2026-08-06 03:51:38.267 [TOW task-3] Advice {type=before, action={header={headers=[Content-Type, Content-Security-Policy]}}} - c.a.c.activity.AdviceActivity.executeAdvice(351)
DEBUG 2026-08-06 03:51:38.267 [TOW task-3] Action {annotated={id=page, method=com.aspectran.aspectow.console.framework.AnatomyActivity.viewer(java.lang.String)}} - c.a.core.activity.CoreActivity.execute(652)
DEBUG 2026-08-06 03:51:38.268 [TOW task-3] Response {type=dispatch, name=framework/anatomy/viewer} - c.a.c.a.r.d.DispatchResponse.respond(71)
DEBUG 2026-08-06 03:51:38.268 [TOW task-3] Dispatching to Thymeleaf template framework/anatomy/viewer - c.a.t.v.ThymeleafViewDispatcher.dispatch(88)
DEBUG 2026-08-06 03:51:38.299 [TOW task-3] Session 1ljxb1af1vxkt2kna7rph5v6u0.cn0 complete, active requests=0 - c.a.c.c.session.ManagedSession.complete(334)
DEBUG 2026-08-06 03:51:38.497 [TOW task-5] Session 1ljxb1af1vxkt2kna7rph5v6u0.cn0 in use, stopping timer, active requests=1 - c.a.c.c.session.ManagedSession.access(314)
DEBUG 2026-08-06 03:51:38.498 [TOW task-5] GET /console/framework/anatomy/root/data HTTP/1.1 0:0:0:0:0:0:0:1 - c.a.w.s.DefaultWebService.service(87)
DEBUG 2026-08-06 03:51:38.498 [TOW task-5] Translet {name=/framework/anatomy/${contextName}/data, namePattern=/framework/anatomy/*/data, responseRule={response={type=transform, format=custom}}} - c.a.core.activity.CoreActivity.prepare(220)
DEBUG 2026-08-06 03:51:38.499 [TOW task-5] Advice {type=before, action={advice={method=com.aspectran.aspectow.console.auth.UserAuthAspect.checkAuthenticated(com.aspectran.core.activity.Translet)}}, order=1} - c.a.c.activity.AdviceActivity.executeAdvice(351)
DEBUG 2026-08-06 03:51:38.499 [TOW task-5] Advice {type=before, action={advice={method=com.aspectran.aspectow.console.auth.AccessControlAspect.checkPermission(com.aspectran.core.activity.Translet)}}, order=2} - c.a.c.activity.AdviceActivity.executeAdvice(351)
DEBUG 2026-08-06 03:51:38.500 [TOW task-5] Advice {type=before, action={header={headers=[X-Frame-Options, X-Content-Type-Options, X-XSS-Protection, Referrer-Policy]}}} - c.a.c.activity.AdviceActivity.executeAdvice(351)
DEBUG 2026-08-06 03:51:38.500 [TOW task-5] Action {annotated={method=com.aspectran.aspectow.console.framework.AnatomyActivity.data(java.lang.String)}} - c.a.core.activity.CoreActivity.execute(652)
DEBUG 2026-08-06 03:51:38.539 [TOW task-5] Response com.aspectran.web.activity.response.DefaultRestResponse@180487e2 - c.a.c.a.r.t.CustomTransformResponse.respond(85)
DEBUG 2026-08-06 03:51:38.541 [TOW task-5] Session 1ljxb1af1vxkt2kna7rph5v6u0.cn0 complete, active requests=0 - c.a.c.c.session.ManagedSession.complete(334)
DEBUG 2026-08-06 03:51:47.874 [TOW task-5] Session 1ljxb1af1vxkt2kna7rph5v6u0.cn0 in use, stopping timer, active requests=1 - c.a.c.c.session.ManagedSession.access(314)
DEBUG 2026-08-06 03:51:47.875 [TOW task-5] GET /console/framework/config/ HTTP/1.1 0:0:0:0:0:0:0:1 - c.a.w.s.DefaultWebService.service(87)
DEBUG 2026-08-06 03:51:47.875 [TOW task-5] Translet {name=/framework/config/${contextName}, namePattern=/framework/config/*, responseRule={response={type=dispatch, name=framework/config/viewer, viewDispatcher={name=com.aspectran.thymeleaf.view.ThymeleafViewDispatcher@7d3df3c8}}}} - c.a.core.activity.CoreActivity.prepare(220)
DEBUG 2026-08-06 03:51:47.876 [TOW task-5] Advice {type=before, action={advice={method=com.aspectran.aspectow.console.auth.UserAuthAspect.checkAuthenticated(com.aspectran.core.activity.Translet)}}, order=1} - c.a.c.activity.AdviceActivity.executeAdvice(351)
DEBUG 2026-08-06 03:51:47.877 [TOW task-5] Advice {type=before, action={advice={method=com.aspectran.aspectow.console.auth.AccessControlAspect.checkPermission(com.aspectran.core.activity.Translet)}}, order=2} - c.a.c.activity.AdviceActivity.executeAdvice(351)
DEBUG 2026-08-06 03:51:47.877 [TOW task-5] Advice {type=before, action={header={headers=[X-Frame-Options, X-Content-Type-Options, X-XSS-Protection, Referrer-Policy]}}} - c.a.c.activity.AdviceActivity.executeAdvice(351)
DEBUG 2026-08-06 03:51:47.878 [TOW task-5] Advice {type=before, action={header={headers=[Content-Type, Content-Security-Policy]}}} - c.a.c.activity.AdviceActivity.executeAdvice(351)
DEBUG 2026-08-06 03:51:47.879 [TOW task-5] Action {annotated={id=page, method=com.aspectran.aspectow.console.framework.ConfigurationActivity.viewer(java.lang.String)}} - c.a.core.activity.CoreActivity.execute(652)
DEBUG 2026-08-06 03:51:47.879 [TOW task-5] Response {type=dispatch, name=framework/config/viewer, viewDispatcher={name=com.aspectran.thymeleaf.view.ThymeleafViewDispatcher@7d3df3c8}} - c.a.c.a.r.d.DispatchResponse.respond(71)
DEBUG 2026-08-06 03:51:47.880 [TOW task-5] Dispatching to Thymeleaf template framework/config/viewer - c.a.t.v.ThymeleafViewDispatcher.dispatch(88)
DEBUG 2026-08-06 03:51:47.899 [TOW task-5] Session 1ljxb1af1vxkt2kna7rph5v6u0.cn0 complete, active requests=0 - c.a.c.c.session.ManagedSession.complete(334)
DEBUG 2026-08-06 03:51:48.110 [TOW task-5] Session 1ljxb1af1vxkt2kna7rph5v6u0.cn0 in use, stopping timer, active requests=1 - c.a.c.c.session.ManagedSession.access(314)
DEBUG 2026-08-06 03:51:48.111 [TOW task-5] GET /console/framework/config/root/data HTTP/1.1 0:0:0:0:0:0:0:1 - c.a.w.s.DefaultWebService.service(87)
DEBUG 2026-08-06 03:51:48.111 [TOW task-5] Translet {name=/framework/config/${contextName}/data, namePattern=/framework/config/*/data, responseRule={response={type=transform, format=custom}}} - c.a.core.activity.CoreActivity.prepare(220)
DEBUG 2026-08-06 03:51:48.112 [TOW task-5] Advice {type=before, action={advice={method=com.aspectran.aspectow.console.auth.UserAuthAspect.checkAuthenticated(com.aspectran.core.activity.Translet)}}, order=1} - c.a.c.activity.AdviceActivity.executeAdvice(351)
DEBUG 2026-08-06 03:51:48.113 [TOW task-5] Advice {type=before, action={advice={method=com.aspectran.aspectow.console.auth.AccessControlAspect.checkPermission(com.aspectran.core.activity.Translet)}}, order=2} - c.a.c.activity.AdviceActivity.executeAdvice(351)
DEBUG 2026-08-06 03:51:48.113 [TOW task-5] Advice {type=before, action={header={headers=[X-Frame-Options, X-Content-Type-Options, X-XSS-Protection, Referrer-Policy]}}} - c.a.c.activity.AdviceActivity.executeAdvice(351)
DEBUG 2026-08-06 03:51:48.114 [TOW task-5] Action {annotated={method=com.aspectran.aspectow.console.framework.ConfigurationActivity.data(java.lang.String)}} - c.a.core.activity.CoreActivity.execute(652)
DEBUG 2026-08-06 03:51:48.121 [TOW task-5] Response com.aspectran.web.activity.response.DefaultRestResponse@8a22577 - c.a.c.a.r.t.CustomTransformResponse.respond(85)
DEBUG 2026-08-06 03:51:48.122 [TOW task-5] Session 1ljxb1af1vxkt2kna7rph5v6u0.cn0 complete, active requests=0 - c.a.c.c.session.ManagedSession.complete(334)
DEBUG 2026-08-06 03:51:49.204 [TOW task-5] Session 1ljxb1af1vxkt2kna7rph5v6u0.cn0 in use, stopping timer, active requests=1 - c.a.c.c.session.ManagedSession.access(314)
DEBUG 2026-08-06 03:51:49.204 [TOW task-5] GET /console/framework/anatomy/ HTTP/1.1 0:0:0:0:0:0:0:1 - c.a.w.s.DefaultWebService.service(87)
DEBUG 2026-08-06 03:51:49.205 [TOW task-5] Translet {name=/framework/anatomy/${contextName}, namePattern=/framework/anatomy/*, responseRule={response={type=dispatch, name=framework/anatomy/viewer, viewDispatcher={name=com.aspectran.thymeleaf.view.ThymeleafViewDispatcher@7d3df3c8}}}} - c.a.core.activity.CoreActivity.prepare(220)
DEBUG 2026-08-06 03:51:49.206 [TOW task-5] Advice {type=before, action={advice={method=com.aspectran.aspectow.console.auth.UserAuthAspect.checkAuthenticated(com.aspectran.core.activity.Translet)}}, order=1} - c.a.c.activity.AdviceActivity.executeAdvice(351)
DEBUG 2026-08-06 03:51:49.206 [TOW task-5] Advice {type=before, action={advice={method=com.aspectran.aspectow.console.auth.AccessControlAspect.checkPermission(com.aspectran.core.activity.Translet)}}, order=2} - c.a.c.activity.AdviceActivity.executeAdvice(351)
DEBUG 2026-08-06 03:51:49.206 [TOW task-5] Advice {type=before, action={header={headers=[X-Frame-Options, X-Content-Type-Options, X-XSS-Protection, Referrer-Policy]}}} - c.a.c.activity.AdviceActivity.executeAdvice(351)
DEBUG 2026-08-06 03:51:49.207 [TOW task-5] Advice {type=before, action={header={headers=[Content-Type, Content-Security-Policy]}}} - c.a.c.activity.AdviceActivity.executeAdvice(351)
DEBUG 2026-08-06 03:51:49.207 [TOW task-5] Action {annotated={id=page, method=com.aspectran.aspectow.console.framework.AnatomyActivity.viewer(java.lang.String)}} - c.a.core.activity.CoreActivity.execute(652)
DEBUG 2026-08-06 03:51:49.208 [TOW task-5] Response {type=dispatch, name=framework/anatomy/viewer, viewDispatcher={name=com.aspectran.thymeleaf.view.ThymeleafViewDispatcher@7d3df3c8}} - c.a.c.a.r.d.DispatchResponse.respond(71)
DEBUG 2026-08-06 03:51:49.208 [TOW task-5] Dispatching to Thymeleaf template framework/anatomy/viewer - c.a.t.v.ThymeleafViewDispatcher.dispatch(88)
DEBUG 2026-08-06 03:51:49.231 [TOW task-5] Session 1ljxb1af1vxkt2kna7rph5v6u0.cn0 complete, active requests=0 - c.a.c.c.session.ManagedSession.complete(334)
DEBUG 2026-08-06 03:51:49.441 [TOW task-5] Session 1ljxb1af1vxkt2kna7rph5v6u0.cn0 in use, stopping timer, active requests=1 - c.a.c.c.session.ManagedSession.access(314)
DEBUG 2026-08-06 03:51:49.441 [TOW task-5] GET /console/framework/anatomy/root/data HTTP/1.1 0:0:0:0:0:0:0:1 - c.a.w.s.DefaultWebService.service(87)
DEBUG 2026-08-06 03:51:49.442 [TOW task-5] Translet {name=/framework/anatomy/${contextName}/data, namePattern=/framework/anatomy/*/data, responseRule={response={type=transform, format=custom}}} - c.a.core.activity.CoreActivity.prepare(220)
DEBUG 2026-08-06 03:51:49.442 [TOW task-5] Advice {type=before, action={advice={method=com.aspectran.aspectow.console.auth.UserAuthAspect.checkAuthenticated(com.aspectran.core.activity.Translet)}}, order=1} - c.a.c.activity.AdviceActivity.executeAdvice(351)
DEBUG 2026-08-06 03:51:49.443 [TOW task-5] Advice {type=before, action={advice={method=com.aspectran.aspectow.console.auth.AccessControlAspect.checkPermission(com.aspectran.core.activity.Translet)}}, order=2} - c.a.c.activity.AdviceActivity.executeAdvice(351)
DEBUG 2026-08-06 03:51:49.443 [TOW task-5] Advice {type=before, action={header={headers=[X-Frame-Options, X-Content-Type-Options, X-XSS-Protection, Referrer-Policy]}}} - c.a.c.activity.AdviceActivity.executeAdvice(351)
DEBUG 2026-08-06 03:51:49.443 [TOW task-5] Action {annotated={method=com.aspectran.aspectow.console.framework.AnatomyActivity.data(java.lang.String)}} - c.a.core.activity.CoreActivity.execute(652)
DEBUG 2026-08-06 03:51:49.454 [TOW task-5] Response com.aspectran.web.activity.response.DefaultRestResponse@31c0309c - c.a.c.a.r.t.CustomTransformResponse.respond(85)
DEBUG 2026-08-06 03:51:49.456 [TOW task-5] Session 1ljxb1af1vxkt2kna7rph5v6u0.cn0 complete, active requests=0 - c.a.c.c.session.ManagedSession.complete(334)
DEBUG 2026-08-06 03:52:32.929 [TOW task-5] Session 1ljxb1af1vxkt2kna7rph5v6u0.cn0 in use, stopping timer, active requests=1 - c.a.c.c.session.ManagedSession.access(314)
DEBUG 2026-08-06 03:52:32.930 [TOW task-5] GET /console/framework/config/ HTTP/1.1 0:0:0:0:0:0:0:1 - c.a.w.s.DefaultWebService.service(87)
DEBUG 2026-08-06 03:52:32.931 [TOW task-5] Translet {name=/framework/config/${contextName}, namePattern=/framework/config/*, responseRule={response={type=dispatch, name=framework/config/viewer, viewDispatcher={name=com.aspectran.thymeleaf.view.ThymeleafViewDispatcher@7d3df3c8}}}} - c.a.core.activity.CoreActivity.prepare(220)
DEBUG 2026-08-06 03:52:32.932 [TOW task-5] Advice {type=before, action={advice={method=com.aspectran.aspectow.console.auth.UserAuthAspect.checkAuthenticated(com.aspectran.core.activity.Translet)}}, order=1} - c.a.c.activity.AdviceActivity.executeAdvice(351)
DEBUG 2026-08-06 03:52:32.932 [TOW task-5] Advice {type=before, action={advice={method=com.aspectran.aspectow.console.auth.AccessControlAspect.checkPermission(com.aspectran.core.activity.Translet)}}, order=2} - c.a.c.activity.AdviceActivity.executeAdvice(351)
DEBUG 2026-08-06 03:52:32.932 [TOW task-5] Advice {type=before, action={header={headers=[X-Frame-Options, X-Content-Type-Options, X-XSS-Protection, Referrer-Policy]}}} - c.a.c.activity.AdviceActivity.executeAdvice(351)
DEBUG 2026-08-06 03:52:32.933 [TOW task-5] Advice {type=before, action={header={headers=[Content-Type, Content-Security-Policy]}}} - c.a.c.activity.AdviceActivity.executeAdvice(351)
DEBUG 2026-08-06 03:52:32.934 [TOW task-5] Action {annotated={id=page, method=com.aspectran.aspectow.console.framework.ConfigurationActivity.viewer(java.lang.String)}} - c.a.core.activity.CoreActivity.execute(652)
DEBUG 2026-08-06 03:52:32.934 [TOW task-5] Response {type=dispatch, name=framework/config/viewer, viewDispatcher={name=com.aspectran.thymeleaf.view.ThymeleafViewDispatcher@7d3df3c8}} - c.a.c.a.r.d.DispatchResponse.respond(71)
DEBUG 2026-08-06 03:52:32.935 [TOW task-5] Dispatching to Thymeleaf template framework/config/viewer - c.a.t.v.ThymeleafViewDispatcher.dispatch(88)
DEBUG 2026-08-06 03:52:32.955 [TOW task-5] Session 1ljxb1af1vxkt2kna7rph5v6u0.cn0 complete, active requests=0 - c.a.c.c.session.ManagedSession.complete(334)
DEBUG 2026-08-06 03:52:33.199 [TOW task-5] Session 1ljxb1af1vxkt2kna7rph5v6u0.cn0 in use, stopping timer, active requests=1 - c.a.c.c.session.ManagedSession.access(314)
DEBUG 2026-08-06 03:52:33.200 [TOW task-5] GET /console/framework/config/root/data HTTP/1.1 0:0:0:0:0:0:0:1 - c.a.w.s.DefaultWebService.service(87)
DEBUG 2026-08-06 03:52:33.200 [TOW task-5] Translet {name=/framework/config/${contextName}/data, namePattern=/framework/config/*/data, responseRule={response={type=transform, format=custom}}} - c.a.core.activity.CoreActivity.prepare(220)
DEBUG 2026-08-06 03:52:33.201 [TOW task-5] Advice {type=before, action={advice={method=com.aspectran.aspectow.console.auth.UserAuthAspect.checkAuthenticated(com.aspectran.core.activity.Translet)}}, order=1} - c.a.c.activity.AdviceActivity.executeAdvice(351)
DEBUG 2026-08-06 03:52:33.202 [TOW task-5] Advice {type=before, action={advice={method=com.aspectran.aspectow.console.auth.AccessControlAspect.checkPermission(com.aspectran.core.activity.Translet)}}, order=2} - c.a.c.activity.AdviceActivity.executeAdvice(351)
DEBUG 2026-08-06 03:52:33.202 [TOW task-5] Advice {type=before, action={header={headers=[X-Frame-Options, X-Content-Type-Options, X-XSS-Protection, Referrer-Policy]}}} - c.a.c.activity.AdviceActivity.executeAdvice(351)
DEBUG 2026-08-06 03:52:33.203 [TOW task-5] Action {annotated={method=com.aspectran.aspectow.console.framework.ConfigurationActivity.data(java.lang.String)}} - c.a.core.activity.CoreActivity.execute(652)
DEBUG 2026-08-06 03:52:33.209 [TOW task-5] Response com.aspectran.web.activity.response.DefaultRestResponse@34ff1348 - c.a.c.a.r.t.CustomTransformResponse.respond(85)
DEBUG 2026-08-06 03:52:33.211 [TOW task-5] Session 1ljxb1af1vxkt2kna7rph5v6u0.cn0 complete, active requests=0 - c.a.c.c.session.ManagedSession.complete(334)
DEBUG 2026-08-06 03:52:41.333 [TOW task-5] Session 1ljxb1af1vxkt2kna7rph5v6u0.cn0 in use, stopping timer, active requests=1 - c.a.c.c.session.ManagedSession.access(314)
DEBUG 2026-08-06 03:52:41.334 [TOW task-5] GET /console/framework/anatomy/ HTTP/1.1 0:0:0:0:0:0:0:1 - c.a.w.s.DefaultWebService.service(87)
DEBUG 2026-08-06 03:52:41.334 [TOW task-5] Translet {name=/framework/anatomy/${contextName}, namePattern=/framework/anatomy/*, responseRule={response={type=dispatch, name=framework/anatomy/viewer, viewDispatcher={name=com.aspectran.thymeleaf.view.ThymeleafViewDispatcher@7d3df3c8}}}} - c.a.core.activity.CoreActivity.prepare(220)
DEBUG 2026-08-06 03:52:41.335 [TOW task-5] Advice {type=before, action={advice={method=com.aspectran.aspectow.console.auth.UserAuthAspect.checkAuthenticated(com.aspectran.core.activity.Translet)}}, order=1} - c.a.c.activity.AdviceActivity.executeAdvice(351)
DEBUG 2026-08-06 03:52:41.336 [TOW task-5] Advice {type=before, action={advice={method=com.aspectran.aspectow.console.auth.AccessControlAspect.checkPermission(com.aspectran.core.activity.Translet)}}, order=2} - c.a.c.activity.AdviceActivity.executeAdvice(351)
DEBUG 2026-08-06 03:52:41.336 [TOW task-5] Advice {type=before, action={header={headers=[X-Frame-Options, X-Content-Type-Options, X-XSS-Protection, Referrer-Policy]}}} - c.a.c.activity.AdviceActivity.executeAdvice(351)
DEBUG 2026-08-06 03:52:41.336 [TOW task-5] Advice {type=before, action={header={headers=[Content-Type, Content-Security-Policy]}}} - c.a.c.activity.AdviceActivity.executeAdvice(351)
DEBUG 2026-08-06 03:52:41.337 [TOW task-5] Action {annotated={id=page, method=com.aspectran.aspectow.console.framework.AnatomyActivity.viewer(java.lang.String)}} - c.a.core.activity.CoreActivity.execute(652)
DEBUG 2026-08-06 03:52:41.337 [TOW task-5] Response {type=dispatch, name=framework/anatomy/viewer, viewDispatcher={name=com.aspectran.thymeleaf.view.ThymeleafViewDispatcher@7d3df3c8}} - c.a.c.a.r.d.DispatchResponse.respond(71)
DEBUG 2026-08-06 03:52:41.337 [TOW task-5] Dispatching to Thymeleaf template framework/anatomy/viewer - c.a.t.v.ThymeleafViewDispatcher.dispatch(88)
DEBUG 2026-08-06 03:52:41.359 [TOW task-5] Session 1ljxb1af1vxkt2kna7rph5v6u0.cn0 complete, active requests=0 - c.a.c.c.session.ManagedSession.complete(334)
DEBUG 2026-08-06 03:52:41.561 [TOW task-5] Session 1ljxb1af1vxkt2kna7rph5v6u0.cn0 in use, stopping timer, active requests=1 - c.a.c.c.session.ManagedSession.access(314)
DEBUG 2026-08-06 03:52:41.561 [TOW task-5] GET /console/framework/anatomy/root/data HTTP/1.1 0:0:0:0:0:0:0:1 - c.a.w.s.DefaultWebService.service(87)
DEBUG 2026-08-06 03:52:41.562 [TOW task-5] Translet {name=/framework/anatomy/${contextName}/data, namePattern=/framework/anatomy/*/data, responseRule={response={type=transform, format=custom}}} - c.a.core.activity.CoreActivity.prepare(220)
DEBUG 2026-08-06 03:52:41.562 [TOW task-5] Advice {type=before, action={advice={method=com.aspectran.aspectow.console.auth.UserAuthAspect.checkAuthenticated(com.aspectran.core.activity.Translet)}}, order=1} - c.a.c.activity.AdviceActivity.executeAdvice(351)
DEBUG 2026-08-06 03:52:41.563 [TOW task-5] Advice {type=before, action={advice={method=com.aspectran.aspectow.console.auth.AccessControlAspect.checkPermission(com.aspectran.core.activity.Translet)}}, order=2} - c.a.c.activity.AdviceActivity.executeAdvice(351)
DEBUG 2026-08-06 03:52:41.563 [TOW task-5] Advice {type=before, action={header={headers=[X-Frame-Options, X-Content-Type-Options, X-XSS-Protection, Referrer-Policy]}}} - c.a.c.activity.AdviceActivity.executeAdvice(351)
DEBUG 2026-08-06 03:52:41.564 [TOW task-5] Action {annotated={method=com.aspectran.aspectow.console.framework.AnatomyActivity.data(java.lang.String)}} - c.a.core.activity.CoreActivity.execute(652)
DEBUG 2026-08-06 03:52:41.574 [TOW task-5] Response com.aspectran.web.activity.response.DefaultRestResponse@349253fc - c.a.c.a.r.t.CustomTransformResponse.respond(85)
DEBUG 2026-08-06 03:52:41.576 [TOW task-5] Session 1ljxb1af1vxkt2kna7rph5v6u0.cn0 complete, active requests=0 - c.a.c.c.session.ManagedSession.complete(334)
DEBUG 2026-08-06 03:52:44.508 [TOW task-5] Session 1ljxb1af1vxkt2kna7rph5v6u0.cn0 in use, stopping timer, active requests=1 - c.a.c.c.session.ManagedSession.access(314)
DEBUG 2026-08-06 03:52:44.509 [TOW task-5] GET /console/vault/tool HTTP/1.1 0:0:0:0:0:0:0:1 - c.a.w.s.DefaultWebService.service(87)
DEBUG 2026-08-06 03:52:44.509 [TOW task-5] Translet {name=/vault/tool, responseRule={response={type=dispatch, name=vault/tool}}} - c.a.core.activity.CoreActivity.prepare(220)
DEBUG 2026-08-06 03:52:44.510 [TOW task-5] Advice {type=before, action={advice={method=com.aspectran.aspectow.console.auth.UserAuthAspect.checkAuthenticated(com.aspectran.core.activity.Translet)}}, order=1} - c.a.c.activity.AdviceActivity.executeAdvice(351)
DEBUG 2026-08-06 03:52:44.510 [TOW task-5] Advice {type=before, action={advice={method=com.aspectran.aspectow.console.auth.AccessControlAspect.checkPermission(com.aspectran.core.activity.Translet)}}, order=2} - c.a.c.activity.AdviceActivity.executeAdvice(351)
DEBUG 2026-08-06 03:52:44.511 [TOW task-5] Advice {type=before, action={header={headers=[X-Frame-Options, X-Content-Type-Options, X-XSS-Protection, Referrer-Policy]}}} - c.a.c.activity.AdviceActivity.executeAdvice(351)
DEBUG 2026-08-06 03:52:44.511 [TOW task-5] Advice {type=before, action={header={headers=[Content-Type, Content-Security-Policy]}}} - c.a.c.activity.AdviceActivity.executeAdvice(351)
DEBUG 2026-08-06 03:52:44.512 [TOW task-5] Action {annotated={id=page, method=com.aspectran.aspectow.console.vault.VaultActivity.tool()}} - c.a.core.activity.CoreActivity.execute(652)
DEBUG 2026-08-06 03:52:44.512 [TOW task-5] Response {type=dispatch, name=vault/tool} - c.a.c.a.r.d.DispatchResponse.respond(71)
DEBUG 2026-08-06 03:52:44.513 [TOW task-5] Dispatching to Thymeleaf template vault/tool - c.a.t.v.ThymeleafViewDispatcher.dispatch(88)
DEBUG 2026-08-06 03:52:44.551 [TOW task-5] Session 1ljxb1af1vxkt2kna7rph5v6u0.cn0 complete, active requests=0 - c.a.c.c.session.ManagedSession.complete(334)
DEBUG 2026-08-06 03:52:45.793 [TOW task-5] Session 1ljxb1af1vxkt2kna7rph5v6u0.cn0 in use, stopping timer, active requests=1 - c.a.c.c.session.ManagedSession.access(314)
DEBUG 2026-08-06 03:52:45.793 [TOW task-5] GET /console/framework/wildcard/ HTTP/1.1 0:0:0:0:0:0:0:1 - c.a.w.s.DefaultWebService.service(87)
DEBUG 2026-08-06 03:52:45.794 [TOW task-5] Translet {name=/framework/wildcard/, responseRule={response={type=dispatch, name=framework/wildcard/tester}}} - c.a.core.activity.CoreActivity.prepare(220)
DEBUG 2026-08-06 03:52:45.795 [TOW task-5] Advice {type=before, action={advice={method=com.aspectran.aspectow.console.auth.UserAuthAspect.checkAuthenticated(com.aspectran.core.activity.Translet)}}, order=1} - c.a.c.activity.AdviceActivity.executeAdvice(351)
DEBUG 2026-08-06 03:52:45.795 [TOW task-5] Advice {type=before, action={advice={method=com.aspectran.aspectow.console.auth.AccessControlAspect.checkPermission(com.aspectran.core.activity.Translet)}}, order=2} - c.a.c.activity.AdviceActivity.executeAdvice(351)
DEBUG 2026-08-06 03:52:45.796 [TOW task-5] Advice {type=before, action={header={headers=[X-Frame-Options, X-Content-Type-Options, X-XSS-Protection, Referrer-Policy]}}} - c.a.c.activity.AdviceActivity.executeAdvice(351)
DEBUG 2026-08-06 03:52:45.797 [TOW task-5] Advice {type=before, action={header={headers=[Content-Type, Content-Security-Policy]}}} - c.a.c.activity.AdviceActivity.executeAdvice(351)
DEBUG 2026-08-06 03:52:45.797 [TOW task-5] Action {annotated={id=page, method=com.aspectran.aspectow.console.framework.WildcardActivity.index()}} - c.a.core.activity.CoreActivity.execute(652)
DEBUG 2026-08-06 03:52:45.798 [TOW task-5] Response {type=dispatch, name=framework/wildcard/tester} - c.a.c.a.r.d.DispatchResponse.respond(71)
DEBUG 2026-08-06 03:52:45.799 [TOW task-5] Dispatching to Thymeleaf template framework/wildcard/tester - c.a.t.v.ThymeleafViewDispatcher.dispatch(88)
DEBUG 2026-08-06 03:52:45.832 [TOW task-5] Session 1ljxb1af1vxkt2kna7rph5v6u0.cn0 complete, active requests=0 - c.a.c.c.session.ManagedSession.complete(334)
DEBUG 2026-08-06 03:52:46.884 [TOW task-5] Session 1ljxb1af1vxkt2kna7rph5v6u0.cn0 in use, stopping timer, active requests=1 - c.a.c.c.session.ManagedSession.access(314)
DEBUG 2026-08-06 03:52:46.885 [TOW task-5] GET /console/framework/asel/ HTTP/1.1 0:0:0:0:0:0:0:1 - c.a.w.s.DefaultWebService.service(87)
DEBUG 2026-08-06 03:52:46.885 [TOW task-5] Translet {name=/framework/asel/, responseRule={response={type=dispatch, name=framework/asel/tester}}} - c.a.core.activity.CoreActivity.prepare(220)
DEBUG 2026-08-06 03:52:46.885 [TOW task-5] Advice {type=before, action={advice={method=com.aspectran.aspectow.console.auth.UserAuthAspect.checkAuthenticated(com.aspectran.core.activity.Translet)}}, order=1} - c.a.c.activity.AdviceActivity.executeAdvice(351)
DEBUG 2026-08-06 03:52:46.886 [TOW task-5] Advice {type=before, action={advice={method=com.aspectran.aspectow.console.auth.AccessControlAspect.checkPermission(com.aspectran.core.activity.Translet)}}, order=2} - c.a.c.activity.AdviceActivity.executeAdvice(351)
DEBUG 2026-08-06 03:52:46.886 [TOW task-5] Advice {type=before, action={header={headers=[X-Frame-Options, X-Content-Type-Options, X-XSS-Protection, Referrer-Policy]}}} - c.a.c.activity.AdviceActivity.executeAdvice(351)
DEBUG 2026-08-06 03:52:46.886 [TOW task-5] Advice {type=before, action={header={headers=[Content-Type, Content-Security-Policy]}}} - c.a.c.activity.AdviceActivity.executeAdvice(351)
DEBUG 2026-08-06 03:52:46.887 [TOW task-5] Action {annotated={id=page, method=com.aspectran.aspectow.console.framework.AselActivity.index()}} - c.a.core.activity.CoreActivity.execute(652)
DEBUG 2026-08-06 03:52:46.887 [TOW task-5] Response {type=dispatch, name=framework/asel/tester} - c.a.c.a.r.d.DispatchResponse.respond(71)
DEBUG 2026-08-06 03:52:46.887 [TOW task-5] Dispatching to Thymeleaf template framework/asel/tester - c.a.t.v.ThymeleafViewDispatcher.dispatch(88)
DEBUG 2026-08-06 03:52:46.915 [TOW task-5] Session 1ljxb1af1vxkt2kna7rph5v6u0.cn0 complete, active requests=0 - c.a.c.c.session.ManagedSession.complete(334)
DEBUG 2026-08-06 03:52:47.807 [TOW task-5] Session 1ljxb1af1vxkt2kna7rph5v6u0.cn0 in use, stopping timer, active requests=1 - c.a.c.c.session.ManagedSession.access(314)
DEBUG 2026-08-06 03:52:47.808 [TOW task-5] GET /console/framework/apon/ HTTP/1.1 0:0:0:0:0:0:0:1 - c.a.w.s.DefaultWebService.service(87)
DEBUG 2026-08-06 03:52:47.808 [TOW task-5] Translet {name=/framework/apon/, responseRule={response={type=dispatch, name=framework/apon/converter}}} - c.a.core.activity.CoreActivity.prepare(220)
DEBUG 2026-08-06 03:52:47.809 [TOW task-5] Advice {type=before, action={advice={method=com.aspectran.aspectow.console.auth.UserAuthAspect.checkAuthenticated(com.aspectran.core.activity.Translet)}}, order=1} - c.a.c.activity.AdviceActivity.executeAdvice(351)
DEBUG 2026-08-06 03:52:47.809 [TOW task-5] Advice {type=before, action={advice={method=com.aspectran.aspectow.console.auth.AccessControlAspect.checkPermission(com.aspectran.core.activity.Translet)}}, order=2} - c.a.c.activity.AdviceActivity.executeAdvice(351)
DEBUG 2026-08-06 03:52:47.810 [TOW task-5] Advice {type=before, action={header={headers=[X-Frame-Options, X-Content-Type-Options, X-XSS-Protection, Referrer-Policy]}}} - c.a.c.activity.AdviceActivity.executeAdvice(351)
DEBUG 2026-08-06 03:52:47.810 [TOW task-5] Advice {type=before, action={header={headers=[Content-Type, Content-Security-Policy]}}} - c.a.c.activity.AdviceActivity.executeAdvice(351)
DEBUG 2026-08-06 03:52:47.810 [TOW task-5] Action {annotated={id=page, method=com.aspectran.aspectow.console.framework.AponActivity.index()}} - c.a.core.activity.CoreActivity.execute(652)
DEBUG 2026-08-06 03:52:47.811 [TOW task-5] Response {type=dispatch, name=framework/apon/converter} - c.a.c.a.r.d.DispatchResponse.respond(71)
DEBUG 2026-08-06 03:52:47.811 [TOW task-5] Dispatching to Thymeleaf template framework/apon/converter - c.a.t.v.ThymeleafViewDispatcher.dispatch(88)
DEBUG 2026-08-06 03:52:47.833 [TOW task-5] Session 1ljxb1af1vxkt2kna7rph5v6u0.cn0 complete, active requests=0 - c.a.c.c.session.ManagedSession.complete(334)
DEBUG 2026-08-06 03:52:50.870 [TOW task-5] Session 1ljxb1af1vxkt2kna7rph5v6u0.cn0 in use, stopping timer, active requests=1 - c.a.c.c.session.ManagedSession.access(314)
DEBUG 2026-08-06 03:52:50.871 [TOW task-5] GET /console/user/ HTTP/1.1 0:0:0:0:0:0:0:1 - c.a.w.s.DefaultWebService.service(87)
DEBUG 2026-08-06 03:52:50.871 [TOW task-5] Translet {name=/user/, responseRule={response={type=dispatch, name=user/list}}} - c.a.core.activity.CoreActivity.prepare(220)
DEBUG 2026-08-06 03:52:50.872 [TOW task-5] Advice {type=before, action={advice={method=com.aspectran.aspectow.console.auth.UserAuthAspect.checkAuthenticated(com.aspectran.core.activity.Translet)}}, order=1} - c.a.c.activity.AdviceActivity.executeAdvice(351)
DEBUG 2026-08-06 03:52:50.872 [TOW task-5] Advice {type=before, action={advice={method=com.aspectran.aspectow.console.auth.AccessControlAspect.checkPermission(com.aspectran.core.activity.Translet)}}, order=2} - c.a.c.activity.AdviceActivity.executeAdvice(351)
DEBUG 2026-08-06 03:52:50.873 [TOW task-5] Advice {type=before, action={header={headers=[X-Frame-Options, X-Content-Type-Options, X-XSS-Protection, Referrer-Policy]}}} - c.a.c.activity.AdviceActivity.executeAdvice(351)
DEBUG 2026-08-06 03:52:50.873 [TOW task-5] Advice {type=before, action={header={headers=[Content-Type, Content-Security-Policy]}}} - c.a.c.activity.AdviceActivity.executeAdvice(351)
DEBUG 2026-08-06 03:52:50.874 [TOW task-5] Action {annotated={id=page, method=com.aspectran.aspectow.console.user.UserManagementActivity.list(com.aspectran.core.activity.Translet, java.lang.String)}} - c.a.core.activity.CoreActivity.execute(652)
DEBUG 2026-08-06 03:52:50.875 [TOW task-5] Advice {type=before, instance=com.aspectran.mybatis.SqlSessionAdviceRegister$$Lambda/0x00000000a06126b0@6253e59a, order=0} - c.a.c.activity.AdviceActivity.executeAdvice(351)
DEBUG 2026-08-06 03:52:50.878 [TOW task-5] Open DefaultSqlSession@678020e {executorType=SIMPLE, autoCommit=false, readOnly=false} - c.a.mybatis.SqlSessionAdvice.doOpen(239)
DEBUG 2026-08-06 03:52:50.880 [TOW task-5] Cache Hit Ratio [com.aspectran.aspectow.console.common.db.mapper.AccountMapper]: 0.0 - c.a.a.c.c.d.m.AccountMapper.getObject(60)
DEBUG 2026-08-06 03:52:50.888 [TOW task-5] ==>  Preparing: select * from asc_user order by user_id desc limit ? offset ? - c.a.a.c.c.d.m.A.getUserList.debug(135)
DEBUG 2026-08-06 03:52:50.889 [TOW task-5] ==> Parameters: 20(Integer), 0(Long) - c.a.a.c.c.d.m.A.getUserList.debug(135)
DEBUG 2026-08-06 03:52:50.898 [TOW task-5] Cache Hit Ratio [com.aspectran.aspectow.console.common.db.mapper.AccountMapper]: 0.0 - c.a.a.c.c.d.m.AccountMapper.getObject(60)
DEBUG 2026-08-06 03:52:50.899 [TOW task-5] ====>  Preparing: select r.* from asc_role r inner join asc_user_role ur on r.role_id = ur.role_id where ur.user_id = ? - c.a.a.c.c.d.m.A.getRolesByUserId.debug(135)
DEBUG 2026-08-06 03:52:50.900 [TOW task-5] ====> Parameters: 2(Long) - c.a.a.c.c.d.m.A.getRolesByUserId.debug(135)
DEBUG 2026-08-06 03:52:50.907 [TOW task-5] Cache Hit Ratio [com.aspectran.aspectow.console.common.db.mapper.AccountMapper]: 0.0 - c.a.a.c.c.d.m.AccountMapper.getObject(60)
DEBUG 2026-08-06 03:52:50.908 [TOW task-5] ======>  Preparing: select p.* from asc_permission p inner join asc_role_permission rp on p.perm_id = rp.perm_id where rp.role_id = ? - c.a.a.c.c.d.m.A.getPermissionsByRoleId.debug(135)
DEBUG 2026-08-06 03:52:50.908 [TOW task-5] ======> Parameters: 4(Long) - c.a.a.c.c.d.m.A.getPermissionsByRoleId.debug(135)
DEBUG 2026-08-06 03:52:50.917 [TOW task-5] <======      Total: 4 - c.a.a.c.c.d.m.A.getPermissionsByRoleId.debug(135)
DEBUG 2026-08-06 03:52:50.918 [TOW task-5] <====      Total: 1 - c.a.a.c.c.d.m.A.getRolesByUserId.debug(135)
DEBUG 2026-08-06 03:52:50.919 [TOW task-5] Cache Hit Ratio [com.aspectran.aspectow.console.common.db.mapper.AccountMapper]: 0.0 - c.a.a.c.c.d.m.AccountMapper.getObject(60)
DEBUG 2026-08-06 03:52:50.920 [TOW task-5] ====>  Preparing: select r.* from asc_role r inner join asc_user_role ur on r.role_id = ur.role_id where ur.user_id = ? - c.a.a.c.c.d.m.A.getRolesByUserId.debug(135)
DEBUG 2026-08-06 03:52:50.920 [TOW task-5] ====> Parameters: 1(Long) - c.a.a.c.c.d.m.A.getRolesByUserId.debug(135)
DEBUG 2026-08-06 03:52:50.930 [TOW task-5] Cache Hit Ratio [com.aspectran.aspectow.console.common.db.mapper.AccountMapper]: 0.0 - c.a.a.c.c.d.m.AccountMapper.getObject(60)
DEBUG 2026-08-06 03:52:50.930 [TOW task-5] ======>  Preparing: select p.* from asc_permission p inner join asc_role_permission rp on p.perm_id = rp.perm_id where rp.role_id = ? - c.a.a.c.c.d.m.A.getPermissionsByRoleId.debug(135)
DEBUG 2026-08-06 03:52:50.930 [TOW task-5] ======> Parameters: 1(Long) - c.a.a.c.c.d.m.A.getPermissionsByRoleId.debug(135)
DEBUG 2026-08-06 03:52:50.938 [TOW task-5] <======      Total: 5 - c.a.a.c.c.d.m.A.getPermissionsByRoleId.debug(135)
DEBUG 2026-08-06 03:52:50.939 [TOW task-5] <====      Total: 1 - c.a.a.c.c.d.m.A.getRolesByUserId.debug(135)
DEBUG 2026-08-06 03:52:50.939 [TOW task-5] <==      Total: 2 - c.a.a.c.c.d.m.A.getUserList.debug(135)
DEBUG 2026-08-06 03:52:50.940 [TOW task-5] Cache Hit Ratio [com.aspectran.aspectow.console.common.db.mapper.AccountMapper]: 0.0 - c.a.a.c.c.d.m.AccountMapper.getObject(60)
DEBUG 2026-08-06 03:52:50.940 [TOW task-5] ==>  Preparing: select * from asc_role - c.a.a.c.c.d.m.A.getRoleList.debug(135)
DEBUG 2026-08-06 03:52:50.941 [TOW task-5] ==> Parameters:  - c.a.a.c.c.d.m.A.getRoleList.debug(135)
DEBUG 2026-08-06 03:52:50.950 [TOW task-5] Cache Hit Ratio [com.aspectran.aspectow.console.common.db.mapper.AccountMapper]: 0.0 - c.a.a.c.c.d.m.AccountMapper.getObject(60)
DEBUG 2026-08-06 03:52:50.950 [TOW task-5] ====>  Preparing: select p.* from asc_permission p inner join asc_role_permission rp on p.perm_id = rp.perm_id where rp.role_id = ? - c.a.a.c.c.d.m.A.getPermissionsByRoleId.debug(135)
DEBUG 2026-08-06 03:52:50.951 [TOW task-5] ====> Parameters: 2(Long) - c.a.a.c.c.d.m.A.getPermissionsByRoleId.debug(135)
DEBUG 2026-08-06 03:52:50.958 [TOW task-5] <====      Total: 3 - c.a.a.c.c.d.m.A.getPermissionsByRoleId.debug(135)
DEBUG 2026-08-06 03:52:50.959 [TOW task-5] Cache Hit Ratio [com.aspectran.aspectow.console.common.db.mapper.AccountMapper]: 0.0 - c.a.a.c.c.d.m.AccountMapper.getObject(60)
DEBUG 2026-08-06 03:52:50.959 [TOW task-5] ====>  Preparing: select p.* from asc_permission p inner join asc_role_permission rp on p.perm_id = rp.perm_id where rp.role_id = ? - c.a.a.c.c.d.m.A.getPermissionsByRoleId.debug(135)
DEBUG 2026-08-06 03:52:50.959 [TOW task-5] ====> Parameters: 3(Long) - c.a.a.c.c.d.m.A.getPermissionsByRoleId.debug(135)
DEBUG 2026-08-06 03:52:50.969 [TOW task-5] <====      Total: 1 - c.a.a.c.c.d.m.A.getPermissionsByRoleId.debug(135)
DEBUG 2026-08-06 03:52:50.970 [TOW task-5] <==      Total: 4 - c.a.a.c.c.d.m.A.getRoleList.debug(135)
DEBUG 2026-08-06 03:52:50.971 [TOW task-5] Cache Hit Ratio [com.aspectran.aspectow.console.common.db.mapper.AccountMapper]: 0.0 - c.a.a.c.c.d.m.AccountMapper.getObject(60)
DEBUG 2026-08-06 03:52:50.971 [TOW task-5] ==>  Preparing: select * from asc_permission - c.a.a.c.c.d.m.A.getPermissionList.debug(135)
DEBUG 2026-08-06 03:52:50.972 [TOW task-5] ==> Parameters:  - c.a.a.c.c.d.m.A.getPermissionList.debug(135)
DEBUG 2026-08-06 03:52:50.980 [TOW task-5] <==      Total: 5 - c.a.a.c.c.d.m.A.getPermissionList.debug(135)
DEBUG 2026-08-06 03:52:50.980 [TOW task-5] Response {type=dispatch, name=user/list} - c.a.c.a.r.d.DispatchResponse.respond(71)
DEBUG 2026-08-06 03:52:50.981 [TOW task-5] Dispatching to Thymeleaf template user/list - c.a.t.v.ThymeleafViewDispatcher.dispatch(88)
DEBUG 2026-08-06 03:52:51.031 [TOW task-5] Advice {type=after, instance=com.aspectran.mybatis.SqlSessionAdviceRegister$$Lambda/0x00000000a0612910@7d1cb59f, order=0} - c.a.c.activity.AdviceActivity.executeAdvice(351)
DEBUG 2026-08-06 03:52:51.032 [TOW task-5] Commit transaction for DefaultSqlSession@678020e - c.a.mybatis.SqlSessionAdvice.commit(257)
DEBUG 2026-08-06 03:52:51.036 [TOW task-5] Advice {type=finally, instance=com.aspectran.mybatis.SqlSessionAdviceRegister$$Lambda/0x00000000a0612dd0@16ccd2bc, order=0} - c.a.c.activity.AdviceActivity.executeAdvice(351)
DEBUG 2026-08-06 03:52:51.044 [TOW task-5] Close DefaultSqlSession@678020e - c.a.mybatis.SqlSessionAdvice.close(351)
DEBUG 2026-08-06 03:52:51.045 [TOW task-5] Session 1ljxb1af1vxkt2kna7rph5v6u0.cn0 complete, active requests=0 - c.a.c.c.session.ManagedSession.complete(334)
DEBUG 2026-08-06 03:52:52.498 [TOW task-5] Session 1ljxb1af1vxkt2kna7rph5v6u0.cn0 in use, stopping timer, active requests=1 - c.a.c.c.session.ManagedSession.access(314)
DEBUG 2026-08-06 03:52:52.499 [TOW task-5] GET /console/user/login-history HTTP/1.1 0:0:0:0:0:0:0:1 - c.a.w.s.DefaultWebService.service(87)
DEBUG 2026-08-06 03:52:52.499 [TOW task-5] Translet {name=/user/login-history, responseRule={response={type=dispatch, name=user/login-history}}} - c.a.core.activity.CoreActivity.prepare(220)
DEBUG 2026-08-06 03:52:52.500 [TOW task-5] Advice {type=before, action={advice={method=com.aspectran.aspectow.console.auth.UserAuthAspect.checkAuthenticated(com.aspectran.core.activity.Translet)}}, order=1} - c.a.c.activity.AdviceActivity.executeAdvice(351)
DEBUG 2026-08-06 03:52:52.500 [TOW task-5] Advice {type=before, action={advice={method=com.aspectran.aspectow.console.auth.AccessControlAspect.checkPermission(com.aspectran.core.activity.Translet)}}, order=2} - c.a.c.activity.AdviceActivity.executeAdvice(351)
DEBUG 2026-08-06 03:52:52.500 [TOW task-5] Advice {type=before, action={header={headers=[X-Frame-Options, X-Content-Type-Options, X-XSS-Protection, Referrer-Policy]}}} - c.a.c.activity.AdviceActivity.executeAdvice(351)
DEBUG 2026-08-06 03:52:52.501 [TOW task-5] Advice {type=before, action={header={headers=[Content-Type, Content-Security-Policy]}}} - c.a.c.activity.AdviceActivity.executeAdvice(351)
DEBUG 2026-08-06 03:52:52.501 [TOW task-5] Action {annotated={id=page, method=com.aspectran.aspectow.console.user.UserManagementActivity.loginHistory(com.aspectran.core.activity.Translet, java.lang.String, java.lang.String)}} - c.a.core.activity.CoreActivity.execute(652)
DEBUG 2026-08-06 03:52:52.503 [TOW task-5] Advice {type=before, instance=com.aspectran.mybatis.SqlSessionAdviceRegister$$Lambda/0x00000000a06126b0@6253e59a, order=0} - c.a.c.activity.AdviceActivity.executeAdvice(351)
DEBUG 2026-08-06 03:52:52.504 [TOW task-5] Open DefaultSqlSession@25b0577d {executorType=SIMPLE, autoCommit=false, readOnly=false} - c.a.mybatis.SqlSessionAdvice.doOpen(239)
DEBUG 2026-08-06 03:52:52.504 [TOW task-5] Cache Hit Ratio [com.aspectran.aspectow.console.common.db.mapper.AccountMapper]: 0.0 - c.a.a.c.c.d.m.AccountMapper.getObject(60)
DEBUG 2026-08-06 03:52:52.512 [TOW task-5] ==>  Preparing: select * from asc_login_history order by history_id desc limit ? offset ? - c.a.a.c.c.d.m.A.getLoginHistoryList.debug(135)
DEBUG 2026-08-06 03:52:52.513 [TOW task-5] ==> Parameters: 24(Integer), 0(Long) - c.a.a.c.c.d.m.A.getLoginHistoryList.debug(135)
DEBUG 2026-08-06 03:52:52.524 [TOW task-5] <==      Total: 24 - c.a.a.c.c.d.m.A.getLoginHistoryList.debug(135)
DEBUG 2026-08-06 03:52:52.526 [TOW task-5] Cache Hit Ratio [com.aspectran.aspectow.console.common.db.mapper.AccountMapper]: 0.0 - c.a.a.c.c.d.m.AccountMapper.getObject(60)
DEBUG 2026-08-06 03:52:52.526 [TOW task-5] ==>  Preparing: select count(*) from asc_login_history - c.a.a.c.c.d.m.A.getLoginHistoryCount.debug(135)
DEBUG 2026-08-06 03:52:52.526 [TOW task-5] ==> Parameters:  - c.a.a.c.c.d.m.A.getLoginHistoryCount.debug(135)
DEBUG 2026-08-06 03:52:52.535 [TOW task-5] <==      Total: 1 - c.a.a.c.c.d.m.A.getLoginHistoryCount.debug(135)
DEBUG 2026-08-06 03:52:52.536 [TOW task-5] Response {type=dispatch, name=user/login-history} - c.a.c.a.r.d.DispatchResponse.respond(71)
DEBUG 2026-08-06 03:52:52.536 [TOW task-5] Dispatching to Thymeleaf template user/login-history - c.a.t.v.ThymeleafViewDispatcher.dispatch(88)
DEBUG 2026-08-06 03:52:52.596 [TOW task-5] Advice {type=after, instance=com.aspectran.mybatis.SqlSessionAdviceRegister$$Lambda/0x00000000a0612910@7d1cb59f, order=0} - c.a.c.activity.AdviceActivity.executeAdvice(351)
DEBUG 2026-08-06 03:52:52.596 [TOW task-5] Commit transaction for DefaultSqlSession@25b0577d - c.a.mybatis.SqlSessionAdvice.commit(257)
DEBUG 2026-08-06 03:52:52.598 [TOW task-5] Advice {type=finally, instance=com.aspectran.mybatis.SqlSessionAdviceRegister$$Lambda/0x00000000a0612dd0@16ccd2bc, order=0} - c.a.c.activity.AdviceActivity.executeAdvice(351)
DEBUG 2026-08-06 03:52:52.605 [TOW task-5] Close DefaultSqlSession@25b0577d - c.a.mybatis.SqlSessionAdvice.close(351)
DEBUG 2026-08-06 03:52:52.606 [TOW task-5] Session 1ljxb1af1vxkt2kna7rph5v6u0.cn0 complete, active requests=0 - c.a.c.c.session.ManagedSession.complete(334)
DEBUG 2026-08-06 03:52:53.909 [TOW task-5] Session 1ljxb1af1vxkt2kna7rph5v6u0.cn0 in use, stopping timer, active requests=1 - c.a.c.c.session.ManagedSession.access(314)
DEBUG 2026-08-06 03:52:53.910 [TOW task-5] GET /console/user/audit-log HTTP/1.1 0:0:0:0:0:0:0:1 - c.a.w.s.DefaultWebService.service(87)
DEBUG 2026-08-06 03:52:53.910 [TOW task-5] Translet {name=/user/audit-log, responseRule={response={type=dispatch, name=user/audit-log}}} - c.a.core.activity.CoreActivity.prepare(220)
DEBUG 2026-08-06 03:52:53.911 [TOW task-5] Advice {type=before, action={advice={method=com.aspectran.aspectow.console.auth.UserAuthAspect.checkAuthenticated(com.aspectran.core.activity.Translet)}}, order=1} - c.a.c.activity.AdviceActivity.executeAdvice(351)
DEBUG 2026-08-06 03:52:53.912 [TOW task-5] Advice {type=before, action={advice={method=com.aspectran.aspectow.console.auth.AccessControlAspect.checkPermission(com.aspectran.core.activity.Translet)}}, order=2} - c.a.c.activity.AdviceActivity.executeAdvice(351)
DEBUG 2026-08-06 03:52:53.912 [TOW task-5] Advice {type=before, action={header={headers=[X-Frame-Options, X-Content-Type-Options, X-XSS-Protection, Referrer-Policy]}}} - c.a.c.activity.AdviceActivity.executeAdvice(351)
DEBUG 2026-08-06 03:52:53.913 [TOW task-5] Advice {type=before, action={header={headers=[Content-Type, Content-Security-Policy]}}} - c.a.c.activity.AdviceActivity.executeAdvice(351)
DEBUG 2026-08-06 03:52:53.913 [TOW task-5] Action {annotated={id=page, method=com.aspectran.aspectow.console.user.UserManagementActivity.auditLog(com.aspectran.core.activity.Translet, java.lang.String, java.lang.String)}} - c.a.core.activity.CoreActivity.execute(652)
DEBUG 2026-08-06 03:52:53.915 [TOW task-5] Advice {type=before, instance=com.aspectran.mybatis.SqlSessionAdviceRegister$$Lambda/0x00000000a06126b0@6253e59a, order=0} - c.a.c.activity.AdviceActivity.executeAdvice(351)
DEBUG 2026-08-06 03:52:53.916 [TOW task-5] Open DefaultSqlSession@a2e1d69 {executorType=SIMPLE, autoCommit=false, readOnly=false} - c.a.mybatis.SqlSessionAdvice.doOpen(239)
DEBUG 2026-08-06 03:52:53.917 [TOW task-5] Cache Hit Ratio [com.aspectran.aspectow.console.common.db.mapper.AccountMapper]: 0.0 - c.a.a.c.c.d.m.AccountMapper.getObject(60)
DEBUG 2026-08-06 03:52:53.928 [TOW task-5] ==>  Preparing: select * from asc_audit_log order by audit_id desc limit ? offset ? - c.a.a.c.c.d.m.A.getAuditLogList.debug(135)
DEBUG 2026-08-06 03:52:53.929 [TOW task-5] ==> Parameters: 24(Integer), 0(Long) - c.a.a.c.c.d.m.A.getAuditLogList.debug(135)
DEBUG 2026-08-06 03:52:53.936 [TOW task-5] <==      Total: 1 - c.a.a.c.c.d.m.A.getAuditLogList.debug(135)
DEBUG 2026-08-06 03:52:53.937 [TOW task-5] Response {type=dispatch, name=user/audit-log} - c.a.c.a.r.d.DispatchResponse.respond(71)
DEBUG 2026-08-06 03:52:53.938 [TOW task-5] Dispatching to Thymeleaf template user/audit-log - c.a.t.v.ThymeleafViewDispatcher.dispatch(88)
DEBUG 2026-08-06 03:52:53.972 [TOW task-5] Advice {type=after, instance=com.aspectran.mybatis.SqlSessionAdviceRegister$$Lambda/0x00000000a0612910@7d1cb59f, order=0} - c.a.c.activity.AdviceActivity.executeAdvice(351)
DEBUG 2026-08-06 03:52:53.972 [TOW task-5] Commit transaction for DefaultSqlSession@a2e1d69 - c.a.mybatis.SqlSessionAdvice.commit(257)
DEBUG 2026-08-06 03:52:53.974 [TOW task-5] Advice {type=finally, instance=com.aspectran.mybatis.SqlSessionAdviceRegister$$Lambda/0x00000000a0612dd0@16ccd2bc, order=0} - c.a.c.activity.AdviceActivity.executeAdvice(351)
DEBUG 2026-08-06 03:52:53.981 [TOW task-5] Close DefaultSqlSession@a2e1d69 - c.a.mybatis.SqlSessionAdvice.close(351)
DEBUG 2026-08-06 03:52:53.983 [TOW task-5] Session 1ljxb1af1vxkt2kna7rph5v6u0.cn0 complete, active requests=0 - c.a.c.c.session.ManagedSession.complete(334)
DEBUG 2026-08-06 03:52:58.110 [TOW task-5] Session 1ljxb1af1vxkt2kna7rph5v6u0.cn0 in use, stopping timer, active requests=1 - c.a.c.c.session.ManagedSession.access(314)
DEBUG 2026-08-06 03:52:58.110 [TOW task-5] GET /console/cluster/nodes/ HTTP/1.1 0:0:0:0:0:0:0:1 - c.a.w.s.DefaultWebService.service(87)
DEBUG 2026-08-06 03:52:58.110 [TOW task-5] Translet {name=/cluster/nodes/, responseRule={response={type=dispatch, name=cluster/nodes, viewDispatcher={name=com.aspectran.thymeleaf.view.ThymeleafViewDispatcher@7d3df3c8}}}} - c.a.core.activity.CoreActivity.prepare(220)
DEBUG 2026-08-06 03:52:58.111 [TOW task-5] Advice {type=before, action={advice={method=com.aspectran.aspectow.console.auth.UserAuthAspect.checkAuthenticated(com.aspectran.core.activity.Translet)}}, order=1} - c.a.c.activity.AdviceActivity.executeAdvice(351)
DEBUG 2026-08-06 03:52:58.111 [TOW task-5] Advice {type=before, action={advice={method=com.aspectran.aspectow.console.auth.AccessControlAspect.checkPermission(com.aspectran.core.activity.Translet)}}, order=2} - c.a.c.activity.AdviceActivity.executeAdvice(351)
DEBUG 2026-08-06 03:52:58.111 [TOW task-5] Advice {type=before, action={header={headers=[X-Frame-Options, X-Content-Type-Options, X-XSS-Protection, Referrer-Policy]}}} - c.a.c.activity.AdviceActivity.executeAdvice(351)
DEBUG 2026-08-06 03:52:58.112 [TOW task-5] Advice {type=before, action={header={headers=[Content-Type, Content-Security-Policy]}}} - c.a.c.activity.AdviceActivity.executeAdvice(351)
DEBUG 2026-08-06 03:52:58.112 [TOW task-5] Action {annotated={id=page, method=com.aspectran.aspectow.console.cluster.ClusterActivity.listNodes(com.aspectran.core.activity.Translet)}} - c.a.core.activity.CoreActivity.execute(652)
DEBUG 2026-08-06 03:52:58.135 [TOW task-5] Response {type=dispatch, name=cluster/nodes, viewDispatcher={name=com.aspectran.thymeleaf.view.ThymeleafViewDispatcher@7d3df3c8}} - c.a.c.a.r.d.DispatchResponse.respond(71)
DEBUG 2026-08-06 03:52:58.135 [TOW task-5] Dispatching to Thymeleaf template cluster/nodes - c.a.t.v.ThymeleafViewDispatcher.dispatch(88)
DEBUG 2026-08-06 03:52:58.206 [TOW task-5] Session 1ljxb1af1vxkt2kna7rph5v6u0.cn0 complete, active requests=0 - c.a.c.c.session.ManagedSession.complete(334)
DEBUG 2026-08-06 03:52:58.379 [TOW task-5] Session 1ljxb1af1vxkt2kna7rph5v6u0.cn0 in use, stopping timer, active requests=1 - c.a.c.c.session.ManagedSession.access(314)
DEBUG 2026-08-06 03:52:58.380 [TOW task-5] GET /console/cluster/token HTTP/1.1 0:0:0:0:0:0:0:1 - c.a.w.s.DefaultWebService.service(87)
DEBUG 2026-08-06 03:52:58.380 [TOW task-5] Translet {name=/cluster/token, responseRule={response={type=transform, format=custom}}} - c.a.core.activity.CoreActivity.prepare(220)
DEBUG 2026-08-06 03:52:58.381 [TOW task-5] Advice {type=before, action={advice={method=com.aspectran.aspectow.console.auth.UserAuthAspect.checkAuthenticated(com.aspectran.core.activity.Translet)}}, order=1} - c.a.c.activity.AdviceActivity.executeAdvice(351)
DEBUG 2026-08-06 03:52:58.381 [TOW task-5] Advice {type=before, action={advice={method=com.aspectran.aspectow.console.auth.AccessControlAspect.checkPermission(com.aspectran.core.activity.Translet)}}, order=2} - c.a.c.activity.AdviceActivity.executeAdvice(351)
DEBUG 2026-08-06 03:52:58.382 [TOW task-5] Advice {type=before, action={header={headers=[X-Frame-Options, X-Content-Type-Options, X-XSS-Protection, Referrer-Policy]}}} - c.a.c.activity.AdviceActivity.executeAdvice(351)
DEBUG 2026-08-06 03:52:58.383 [TOW task-5] Action {annotated={method=com.aspectran.aspectow.console.cluster.ClusterActivity.refreshToken(com.aspectran.core.activity.Translet)}} - c.a.core.activity.CoreActivity.execute(652)
DEBUG 2026-08-06 03:52:58.384 [TOW task-5] Response {success=true, data=Vd8EiRkvgBMX4_h4hRSmOP7FoEMyvWbt2UVbw_Kz6xhCAItrdtgQR44Q_9MbD9_HjjFnZrU66-w} - c.a.c.a.r.t.CustomTransformResponse.respond(85)
DEBUG 2026-08-06 03:52:58.385 [TOW task-5] Session 1ljxb1af1vxkt2kna7rph5v6u0.cn0 complete, active requests=0 - c.a.c.c.session.ManagedSession.complete(334)
DEBUG 2026-08-06 03:52:58.405 [TOW task-5] Session 1ljxb1af1vxkt2kna7rph5v6u0.cn0 in use, stopping timer, active requests=1 - c.a.c.c.session.ManagedSession.access(314)
DEBUG 2026-08-06 03:52:58.407 [TOW task-5] WebSocket connection established for session rctGHXT3Vej2uGT-gTqzjGMzV2C9A0WQdR_KZFcK - c.a.a.c.c.b.w.WebsocketNodeBridge.doOnOpen(74)
DEBUG 2026-08-06 03:52:58.408 [TOW task-5] Session 1ljxb1af1vxkt2kna7rph5v6u0.cn0 complete, active requests=0 - c.a.c.c.session.ManagedSession.complete(334)
DEBUG 2026-08-06 03:52:58.418 [TOW I/O-3] ConsoleClient joined node management: session rctGHXT3Vej2uGT-gTqzjGMzV2C9A0WQdR_KZFcK, targetNodeId: localhost-console1 - c.a.a.c.c.b.w.WebsocketNodeBridge.subscribe(155)
INFO  2026-08-06 03:52:58.425 [TOW I/O-3] Node management session established: rctGHXT3Vej2uGT-gTqzjGMzV2C9A0WQdR_KZFcK (nodeId: localhost-console1) - c.a.a.c.c.b.w.WebsocketNodeBridge.established(163)
DEBUG 2026-08-06 03:52:59.527 [TOW I/O-3] Websocket session rctGHXT3Vej2uGT-gTqzjGMzV2C9A0WQdR_KZFcK has been closed. Reason: CloseReason[1001] - c.a.a.c.c.b.w.WebsocketNodeBridge.doOnClose(110)
DEBUG 2026-08-06 03:52:59.527 [TOW I/O-3] Node management WebSocket session removed: rctGHXT3Vej2uGT-gTqzjGMzV2C9A0WQdR_KZFcK (Total: 0) - c.a.a.c.c.b.w.WebsocketNodeBridge.onSessionRemoved(102)
DEBUG 2026-08-06 03:52:59.539 [TOW task-5] Session 1ljxb1af1vxkt2kna7rph5v6u0.cn0 in use, stopping timer, active requests=1 - c.a.c.c.session.ManagedSession.access(314)
DEBUG 2026-08-06 03:52:59.540 [TOW task-5] GET /console/cluster/commands/ HTTP/1.1 0:0:0:0:0:0:0:1 - c.a.w.s.DefaultWebService.service(87)
DEBUG 2026-08-06 03:52:59.540 [TOW task-5] Translet {name=/cluster/commands/, responseRule={response={type=dispatch, name=cluster/commands, viewDispatcher={name=com.aspectran.thymeleaf.view.ThymeleafViewDispatcher@7d3df3c8}}}} - c.a.core.activity.CoreActivity.prepare(220)
DEBUG 2026-08-06 03:52:59.541 [TOW task-5] Advice {type=before, action={advice={method=com.aspectran.aspectow.console.auth.UserAuthAspect.checkAuthenticated(com.aspectran.core.activity.Translet)}}, order=1} - c.a.c.activity.AdviceActivity.executeAdvice(351)
DEBUG 2026-08-06 03:52:59.542 [TOW task-5] Advice {type=before, action={advice={method=com.aspectran.aspectow.console.auth.AccessControlAspect.checkPermission(com.aspectran.core.activity.Translet)}}, order=2} - c.a.c.activity.AdviceActivity.executeAdvice(351)
DEBUG 2026-08-06 03:52:59.542 [TOW task-5] Advice {type=before, action={header={headers=[X-Frame-Options, X-Content-Type-Options, X-XSS-Protection, Referrer-Policy]}}} - c.a.c.activity.AdviceActivity.executeAdvice(351)
DEBUG 2026-08-06 03:52:59.543 [TOW task-5] Advice {type=before, action={header={headers=[Content-Type, Content-Security-Policy]}}} - c.a.c.activity.AdviceActivity.executeAdvice(351)
DEBUG 2026-08-06 03:52:59.544 [TOW task-5] Action {annotated={id=page, method=com.aspectran.aspectow.console.commands.RemoteCommandsActivity.commands(java.lang.String)}} - c.a.core.activity.CoreActivity.execute(652)
DEBUG 2026-08-06 03:52:59.560 [TOW task-5] Response {type=dispatch, name=cluster/commands, viewDispatcher={name=com.aspectran.thymeleaf.view.ThymeleafViewDispatcher@7d3df3c8}} - c.a.c.a.r.d.DispatchResponse.respond(71)
DEBUG 2026-08-06 03:52:59.561 [TOW task-5] Dispatching to Thymeleaf template cluster/commands - c.a.t.v.ThymeleafViewDispatcher.dispatch(88)
DEBUG 2026-08-06 03:52:59.586 [TOW task-5] Session 1ljxb1af1vxkt2kna7rph5v6u0.cn0 complete, active requests=0 - c.a.c.c.session.ManagedSession.complete(334)
DEBUG 2026-08-06 03:52:59.790 [TOW task-5] Session 1ljxb1af1vxkt2kna7rph5v6u0.cn0 in use, stopping timer, active requests=1 - c.a.c.c.session.ManagedSession.access(314)
DEBUG 2026-08-06 03:52:59.791 [TOW task-5] GET /console/cluster/token HTTP/1.1 0:0:0:0:0:0:0:1 - c.a.w.s.DefaultWebService.service(87)
DEBUG 2026-08-06 03:52:59.791 [TOW task-5] Translet {name=/cluster/token, responseRule={response={type=transform, format=custom}}} - c.a.core.activity.CoreActivity.prepare(220)
DEBUG 2026-08-06 03:52:59.791 [TOW task-5] Advice {type=before, action={advice={method=com.aspectran.aspectow.console.auth.UserAuthAspect.checkAuthenticated(com.aspectran.core.activity.Translet)}}, order=1} - c.a.c.activity.AdviceActivity.executeAdvice(351)
DEBUG 2026-08-06 03:52:59.791 [TOW task-5] Advice {type=before, action={advice={method=com.aspectran.aspectow.console.auth.AccessControlAspect.checkPermission(com.aspectran.core.activity.Translet)}}, order=2} - c.a.c.activity.AdviceActivity.executeAdvice(351)
DEBUG 2026-08-06 03:52:59.792 [TOW task-5] Advice {type=before, action={header={headers=[X-Frame-Options, X-Content-Type-Options, X-XSS-Protection, Referrer-Policy]}}} - c.a.c.activity.AdviceActivity.executeAdvice(351)
DEBUG 2026-08-06 03:52:59.792 [TOW task-5] Action {annotated={method=com.aspectran.aspectow.console.cluster.ClusterActivity.refreshToken(com.aspectran.core.activity.Translet)}} - c.a.core.activity.CoreActivity.execute(652)
DEBUG 2026-08-06 03:52:59.793 [TOW task-5] Response {success=true, data=h6uEm4QNl3m9abDuG1twieqdzvSBb9pDnvfdS2gULCe44O8OJPU4L76ezG7julIvoPL7tSxG3dA} - c.a.c.a.r.t.CustomTransformResponse.respond(85)
DEBUG 2026-08-06 03:52:59.794 [TOW task-5] Session 1ljxb1af1vxkt2kna7rph5v6u0.cn0 complete, active requests=0 - c.a.c.c.session.ManagedSession.complete(334)
DEBUG 2026-08-06 03:52:59.808 [TOW task-5] Session 1ljxb1af1vxkt2kna7rph5v6u0.cn0 in use, stopping timer, active requests=1 - c.a.c.c.session.ManagedSession.access(314)
DEBUG 2026-08-06 03:52:59.809 [TOW task-5] GET /console/cluster/token HTTP/1.1 0:0:0:0:0:0:0:1 - c.a.w.s.DefaultWebService.service(87)
DEBUG 2026-08-06 03:52:59.809 [TOW task-5] Translet {name=/cluster/token, responseRule={response={type=transform, format=custom}}} - c.a.core.activity.CoreActivity.prepare(220)
DEBUG 2026-08-06 03:52:59.810 [TOW task-5] Advice {type=before, action={advice={method=com.aspectran.aspectow.console.auth.UserAuthAspect.checkAuthenticated(com.aspectran.core.activity.Translet)}}, order=1} - c.a.c.activity.AdviceActivity.executeAdvice(351)
DEBUG 2026-08-06 03:52:59.810 [TOW task-5] Advice {type=before, action={advice={method=com.aspectran.aspectow.console.auth.AccessControlAspect.checkPermission(com.aspectran.core.activity.Translet)}}, order=2} - c.a.c.activity.AdviceActivity.executeAdvice(351)
DEBUG 2026-08-06 03:52:59.811 [TOW task-5] Advice {type=before, action={header={headers=[X-Frame-Options, X-Content-Type-Options, X-XSS-Protection, Referrer-Policy]}}} - c.a.c.activity.AdviceActivity.executeAdvice(351)
DEBUG 2026-08-06 03:52:59.812 [TOW task-5] Action {annotated={method=com.aspectran.aspectow.console.cluster.ClusterActivity.refreshToken(com.aspectran.core.activity.Translet)}} - c.a.core.activity.CoreActivity.execute(652)
DEBUG 2026-08-06 03:52:59.813 [TOW task-5] Response {success=true, data=TdmZYyNAYZb7HyVIbwjHtarzWPz9rUBQW7XeQchKeZXBxcTIY6R9SIVu5lR3PmrN_KIgjEbSzyM} - c.a.c.a.r.t.CustomTransformResponse.respond(85)
DEBUG 2026-08-06 03:52:59.814 [TOW task-5] Session 1ljxb1af1vxkt2kna7rph5v6u0.cn0 complete, active requests=0 - c.a.c.c.session.ManagedSession.complete(334)
DEBUG 2026-08-06 03:52:59.828 [TOW task-5] Session 1ljxb1af1vxkt2kna7rph5v6u0.cn0 in use, stopping timer, active requests=1 - c.a.c.c.session.ManagedSession.access(314)
DEBUG 2026-08-06 03:52:59.831 [TOW task-5] WebSocket connection established for session dLKMnuqj_c5G2ucC1I6thzbjsGUvJi3dFVemq1cD - c.a.a.c.c.b.w.WebsocketCommandBridge.doOnOpen(74)
DEBUG 2026-08-06 03:52:59.831 [TOW task-5] Session 1ljxb1af1vxkt2kna7rph5v6u0.cn0 complete, active requests=0 - c.a.c.c.session.ManagedSession.complete(334)
DEBUG 2026-08-06 03:52:59.848 [TOW I/O-3] ConsoleClient joined remote command management: session dLKMnuqj_c5G2ucC1I6thzbjsGUvJi3dFVemq1cD, targetNodeId: localhost-console1 - c.a.a.c.c.b.w.WebsocketCommandBridge.subscribe(166)
DEBUG 2026-08-06 03:53:00.486 [TOW I/O-3] Websocket session dLKMnuqj_c5G2ucC1I6thzbjsGUvJi3dFVemq1cD has been closed. Reason: CloseReason[1001] - c.a.a.c.c.b.w.WebsocketCommandBridge.doOnClose(110)
DEBUG 2026-08-06 03:53:00.486 [TOW I/O-3] Remote command WebSocket session removed: dLKMnuqj_c5G2ucC1I6thzbjsGUvJi3dFVemq1cD (Total: 0) - c.a.a.c.c.b.w.WebsocketCommandBridge.onSessionRemoved(142)
DEBUG 2026-08-06 03:53:00.497 [TOW task-5] Session 1ljxb1af1vxkt2kna7rph5v6u0.cn0 in use, stopping timer, active requests=1 - c.a.c.c.session.ManagedSession.access(314)
DEBUG 2026-08-06 03:53:00.497 [TOW task-5] GET /console/cluster/scheduler/ HTTP/1.1 0:0:0:0:0:0:0:1 - c.a.w.s.DefaultWebService.service(87)
DEBUG 2026-08-06 03:53:00.498 [TOW task-5] Translet {name=/cluster/scheduler/, responseRule={response={type=dispatch, name=cluster/scheduler, viewDispatcher={name=com.aspectran.thymeleaf.view.ThymeleafViewDispatcher@7d3df3c8}}}} - c.a.core.activity.CoreActivity.prepare(220)
DEBUG 2026-08-06 03:53:00.499 [TOW task-5] Advice {type=before, action={advice={method=com.aspectran.aspectow.console.auth.UserAuthAspect.checkAuthenticated(com.aspectran.core.activity.Translet)}}, order=1} - c.a.c.activity.AdviceActivity.executeAdvice(351)
DEBUG 2026-08-06 03:53:00.499 [TOW task-5] Advice {type=before, action={advice={method=com.aspectran.aspectow.console.auth.AccessControlAspect.checkPermission(com.aspectran.core.activity.Translet)}}, order=2} - c.a.c.activity.AdviceActivity.executeAdvice(351)
DEBUG 2026-08-06 03:53:00.500 [TOW task-5] Advice {type=before, action={header={headers=[X-Frame-Options, X-Content-Type-Options, X-XSS-Protection, Referrer-Policy]}}} - c.a.c.activity.AdviceActivity.executeAdvice(351)
DEBUG 2026-08-06 03:53:00.501 [TOW task-5] Advice {type=before, action={header={headers=[Content-Type, Content-Security-Policy]}}} - c.a.c.activity.AdviceActivity.executeAdvice(351)
DEBUG 2026-08-06 03:53:00.501 [TOW task-5] Action {annotated={id=page, method=com.aspectran.aspectow.console.scheduler.SchedulerActivity.scheduler(com.aspectran.core.activity.Translet, java.lang.String)}} - c.a.core.activity.CoreActivity.execute(652)
DEBUG 2026-08-06 03:53:00.517 [TOW task-5] Response {type=dispatch, name=cluster/scheduler, viewDispatcher={name=com.aspectran.thymeleaf.view.ThymeleafViewDispatcher@7d3df3c8}} - c.a.c.a.r.d.DispatchResponse.respond(71)
DEBUG 2026-08-06 03:53:00.517 [TOW task-5] Dispatching to Thymeleaf template cluster/scheduler - c.a.t.v.ThymeleafViewDispatcher.dispatch(88)
DEBUG 2026-08-06 03:53:00.536 [TOW task-5] Session 1ljxb1af1vxkt2kna7rph5v6u0.cn0 complete, active requests=0 - c.a.c.c.session.ManagedSession.complete(334)
DEBUG 2026-08-06 03:53:00.734 [TOW task-3] Session 1ljxb1af1vxkt2kna7rph5v6u0.cn0 in use, stopping timer, active requests=1 - c.a.c.c.session.ManagedSession.access(314)
DEBUG 2026-08-06 03:53:00.735 [TOW task-3] GET /console/cluster/token HTTP/1.1 0:0:0:0:0:0:0:1 - c.a.w.s.DefaultWebService.service(87)
DEBUG 2026-08-06 03:53:00.735 [TOW task-3] Translet {name=/cluster/token, responseRule={response={type=transform, format=custom}}} - c.a.core.activity.CoreActivity.prepare(220)
DEBUG 2026-08-06 03:53:00.736 [TOW task-3] Advice {type=before, action={advice={method=com.aspectran.aspectow.console.auth.UserAuthAspect.checkAuthenticated(com.aspectran.core.activity.Translet)}}, order=1} - c.a.c.activity.AdviceActivity.executeAdvice(351)
DEBUG 2026-08-06 03:53:00.736 [TOW task-3] Advice {type=before, action={advice={method=com.aspectran.aspectow.console.auth.AccessControlAspect.checkPermission(com.aspectran.core.activity.Translet)}}, order=2} - c.a.c.activity.AdviceActivity.executeAdvice(351)
DEBUG 2026-08-06 03:53:00.736 [TOW task-3] Advice {type=before, action={header={headers=[X-Frame-Options, X-Content-Type-Options, X-XSS-Protection, Referrer-Policy]}}} - c.a.c.activity.AdviceActivity.executeAdvice(351)
DEBUG 2026-08-06 03:53:00.737 [TOW task-3] Action {annotated={method=com.aspectran.aspectow.console.cluster.ClusterActivity.refreshToken(com.aspectran.core.activity.Translet)}} - c.a.core.activity.CoreActivity.execute(652)
DEBUG 2026-08-06 03:53:00.738 [TOW task-3] Response {success=true, data=iESNnyYqL_WWCnGTbWNC6IPJ0SPJvqJTWIy4dqmyx9Ne6O4qwHEAqjc9j0ZOozriI8v33_hF7mU} - c.a.c.a.r.t.CustomTransformResponse.respond(85)
DEBUG 2026-08-06 03:53:00.739 [TOW task-3] Session 1ljxb1af1vxkt2kna7rph5v6u0.cn0 complete, active requests=0 - c.a.c.c.session.ManagedSession.complete(334)
DEBUG 2026-08-06 03:53:00.754 [TOW task-3] Session 1ljxb1af1vxkt2kna7rph5v6u0.cn0 in use, stopping timer, active requests=1 - c.a.c.c.session.ManagedSession.access(314)
DEBUG 2026-08-06 03:53:00.755 [TOW task-3] GET /console/cluster/token HTTP/1.1 0:0:0:0:0:0:0:1 - c.a.w.s.DefaultWebService.service(87)
DEBUG 2026-08-06 03:53:00.755 [TOW task-3] Translet {name=/cluster/token, responseRule={response={type=transform, format=custom}}} - c.a.core.activity.CoreActivity.prepare(220)
DEBUG 2026-08-06 03:53:00.756 [TOW task-3] Advice {type=before, action={advice={method=com.aspectran.aspectow.console.auth.UserAuthAspect.checkAuthenticated(com.aspectran.core.activity.Translet)}}, order=1} - c.a.c.activity.AdviceActivity.executeAdvice(351)
DEBUG 2026-08-06 03:53:00.757 [TOW task-3] Advice {type=before, action={advice={method=com.aspectran.aspectow.console.auth.AccessControlAspect.checkPermission(com.aspectran.core.activity.Translet)}}, order=2} - c.a.c.activity.AdviceActivity.executeAdvice(351)
DEBUG 2026-08-06 03:53:00.757 [TOW task-3] Advice {type=before, action={header={headers=[X-Frame-Options, X-Content-Type-Options, X-XSS-Protection, Referrer-Policy]}}} - c.a.c.activity.AdviceActivity.executeAdvice(351)
DEBUG 2026-08-06 03:53:00.758 [TOW task-3] Action {annotated={method=com.aspectran.aspectow.console.cluster.ClusterActivity.refreshToken(com.aspectran.core.activity.Translet)}} - c.a.core.activity.CoreActivity.execute(652)
DEBUG 2026-08-06 03:53:00.759 [TOW task-3] Response {success=true, data=NrMW9El46_H9m-meI5xGORityHXBYhcVmLiuXIybyGDAHoqkeNDB6ck7d4cv94r68U5or3gxGII} - c.a.c.a.r.t.CustomTransformResponse.respond(85)
DEBUG 2026-08-06 03:53:00.760 [TOW task-3] Session 1ljxb1af1vxkt2kna7rph5v6u0.cn0 complete, active requests=0 - c.a.c.c.session.ManagedSession.complete(334)
DEBUG 2026-08-06 03:53:00.775 [TOW task-3] Session 1ljxb1af1vxkt2kna7rph5v6u0.cn0 in use, stopping timer, active requests=1 - c.a.c.c.session.ManagedSession.access(314)
DEBUG 2026-08-06 03:53:00.776 [TOW task-3] WebSocket connection established for session ydFyeHZHCQBJz0aofA-FuvOnxVxYFEEUoHnzkf_- - c.a.a.c.s.b.w.WebsocketSchedulerBridge.doOnOpen(74)
DEBUG 2026-08-06 03:53:00.777 [TOW task-3] Session 1ljxb1af1vxkt2kna7rph5v6u0.cn0 complete, active requests=0 - c.a.c.c.session.ManagedSession.complete(334)
DEBUG 2026-08-06 03:53:00.779 [TOW I/O-2] Discovering scheduler log files in: /home/aspectran/projects/public/aspectow-demo-console/app/logs - c.a.a.n.m.s.RemoteSchedulerManager.discoverLogFiles(238)
DEBUG 2026-08-06 03:53:00.779 [TOW I/O-2] com.aspectran.aspectow.node.management.scheduler.log.SchedulerLogExporter@44e9c58a is STARTING - c.a.u.l.AbstractLifeCycle.setStarting(183)
INFO  2026-08-06 03:53:00.779 [TOW I/O-2] Started tailing scheduler log file: /home/aspectran/projects/public/aspectow-demo-console/app/logs/console-scheduler.log - c.a.a.n.m.s.l.SchedulerLogExporter.doStart(328)
DEBUG 2026-08-06 03:53:00.780 [TOW I/O-2] com.aspectran.aspectow.node.management.scheduler.log.SchedulerLogExporter@44e9c58a is STARTED - c.a.u.l.AbstractLifeCycle.setStarted(193)
DEBUG 2026-08-06 03:53:00.787 [TOW I/O-2] ConsoleClient joined scheduler management: session ydFyeHZHCQBJz0aofA-FuvOnxVxYFEEUoHnzkf_-, targetNodeId: localhost-console1 - c.a.a.c.s.b.w.WebsocketSchedulerBridge.subscribe(153)
DEBUG 2026-08-06 03:53:00.801 [TOW I/O-2] Scheduler request dispatched to node localhost: services - c.a.a.n.m.s.RemoteSchedulerManager.dispatch(321)
DEBUG 2026-08-06 03:53:00.810 [TOW I/O-2] Executing local scheduler request: services - c.a.a.n.m.s.RemoteSchedulerManager.process(297)
DEBUG 2026-08-06 03:53:00.811 [TOW I/O-2] Collected scheduler list from 1 active services - c.a.a.n.m.s.LocalSchedulerService.getSchedulesAsJson(75)
DEBUG 2026-08-06 03:53:00.819 [TOW I/O-2] Scheduler management session established: session ydFyeHZHCQBJz0aofA-FuvOnxVxYFEEUoHnzkf_- - c.a.a.c.s.b.w.WebsocketSchedulerBridge.established(162)
DEBUG 2026-08-06 03:53:01.949 [TOW I/O-2] Websocket session ydFyeHZHCQBJz0aofA-FuvOnxVxYFEEUoHnzkf_- has been closed. Reason: CloseReason[1001] - c.a.a.c.s.b.w.WebsocketSchedulerBridge.doOnClose(110)
DEBUG 2026-08-06 03:53:01.950 [TOW I/O-2] com.aspectran.aspectow.node.management.scheduler.log.SchedulerLogExporter@44e9c58a is STOPPING - c.a.u.l.AbstractLifeCycle.setStopping(203)
INFO  2026-08-06 03:53:01.950 [TOW I/O-2] Stopped tailing scheduler log file: /home/aspectran/projects/public/aspectow-demo-console/app/logs/console-scheduler.log - c.a.a.n.m.s.l.SchedulerLogExporter.doStop(343)
DEBUG 2026-08-06 03:53:01.951 [TOW I/O-2] com.aspectran.aspectow.node.management.scheduler.log.SchedulerLogExporter@44e9c58a is STOPPED - c.a.u.l.AbstractLifeCycle.setStopped(213)
DEBUG 2026-08-06 03:53:01.961 [TOW I/O-2] Scheduler WebSocket session removed: ydFyeHZHCQBJz0aofA-FuvOnxVxYFEEUoHnzkf_- - c.a.a.c.s.b.w.WebsocketSchedulerBridge.onSessionRemoved(132)
DEBUG 2026-08-06 03:53:01.962 [TOW task-3] Session 1ljxb1af1vxkt2kna7rph5v6u0.cn0 in use, stopping timer, active requests=1 - c.a.c.c.session.ManagedSession.access(314)
DEBUG 2026-08-06 03:53:01.963 [TOW task-3] GET /console/appmon/dashboard/ HTTP/1.1 0:0:0:0:0:0:0:1 - c.a.w.s.DefaultWebService.service(87)
DEBUG 2026-08-06 03:53:01.963 [TOW task-3] Translet {name=/appmon/dashboard/${appsToSubscribe}, namePattern=/appmon/dashboard/*, responseRule={response={type=dispatch, name=appmon/dashboard, viewDispatcher={name=com.aspectran.thymeleaf.view.ThymeleafViewDispatcher@7d3df3c8}}}} - c.a.core.activity.CoreActivity.prepare(220)
DEBUG 2026-08-06 03:53:01.964 [TOW task-3] Advice {type=before, action={advice={method=com.aspectran.aspectow.console.auth.UserAuthAspect.checkAuthenticated(com.aspectran.core.activity.Translet)}}, order=1} - c.a.c.activity.AdviceActivity.executeAdvice(351)
DEBUG 2026-08-06 03:53:01.964 [TOW task-3] Advice {type=before, action={advice={method=com.aspectran.aspectow.console.auth.AccessControlAspect.checkPermission(com.aspectran.core.activity.Translet)}}, order=2} - c.a.c.activity.AdviceActivity.executeAdvice(351)
DEBUG 2026-08-06 03:53:01.964 [TOW task-3] Advice {type=before, action={header={headers=[X-Frame-Options, X-Content-Type-Options, X-XSS-Protection, Referrer-Policy]}}} - c.a.c.activity.AdviceActivity.executeAdvice(351)
DEBUG 2026-08-06 03:53:01.965 [TOW task-3] Advice {type=before, action={header={headers=[Content-Type, Content-Security-Policy]}}} - c.a.c.activity.AdviceActivity.executeAdvice(351)
DEBUG 2026-08-06 03:53:01.965 [TOW task-3] Advice {type=before, action={advice={method=com.aspectran.aspectow.console.common.aspect.DevCorsAdvice.process(com.aspectran.core.activity.Translet)}}} - c.a.c.activity.AdviceActivity.executeAdvice(351)
DEBUG 2026-08-06 03:53:01.965 [TOW task-3] Action {annotated={id=page, method=com.aspectran.aspectow.console.appmon.AppMonActivity.dashboard(java.lang.String)}} - c.a.core.activity.CoreActivity.execute(652)
DEBUG 2026-08-06 03:53:01.965 [TOW task-3] Response {type=dispatch, name=appmon/dashboard, viewDispatcher={name=com.aspectran.thymeleaf.view.ThymeleafViewDispatcher@7d3df3c8}} - c.a.c.a.r.d.DispatchResponse.respond(71)
DEBUG 2026-08-06 03:53:01.966 [TOW task-3] Dispatching to Thymeleaf template appmon/dashboard - c.a.t.v.ThymeleafViewDispatcher.dispatch(88)
DEBUG 2026-08-06 03:53:01.993 [TOW task-3] Session 1ljxb1af1vxkt2kna7rph5v6u0.cn0 complete, active requests=0 - c.a.c.c.session.ManagedSession.complete(334)
DEBUG 2026-08-06 03:53:02.218 [TOW task-3] Session 1ljxb1af1vxkt2kna7rph5v6u0.cn0 in use, stopping timer, active requests=1 - c.a.c.c.session.ManagedSession.access(314)
DEBUG 2026-08-06 03:53:02.219 [TOW task-3] GET /console/appmon/config/data HTTP/1.1 0:0:0:0:0:0:0:1 - c.a.w.s.DefaultWebService.service(87)
DEBUG 2026-08-06 03:53:02.219 [TOW task-3] Translet {name=/appmon/config/data, method=[GET], responseRule={response={type=transform, format=custom}}} - c.a.core.activity.CoreActivity.prepare(220)
DEBUG 2026-08-06 03:53:02.220 [TOW task-3] Advice {type=before, action={advice={method=com.aspectran.aspectow.console.auth.UserAuthAspect.checkAuthenticated(com.aspectran.core.activity.Translet)}}, order=1} - c.a.c.activity.AdviceActivity.executeAdvice(351)
DEBUG 2026-08-06 03:53:02.220 [TOW task-3] Advice {type=before, action={advice={method=com.aspectran.aspectow.console.auth.AccessControlAspect.checkPermission(com.aspectran.core.activity.Translet)}}, order=2} - c.a.c.activity.AdviceActivity.executeAdvice(351)
DEBUG 2026-08-06 03:53:02.221 [TOW task-3] Advice {type=before, action={header={headers=[X-Frame-Options, X-Content-Type-Options, X-XSS-Protection, Referrer-Policy]}}} - c.a.c.activity.AdviceActivity.executeAdvice(351)
DEBUG 2026-08-06 03:53:02.221 [TOW task-3] Advice {type=before, action={advice={method=com.aspectran.aspectow.console.common.aspect.DevCorsAdvice.process(com.aspectran.core.activity.Translet)}}} - c.a.c.activity.AdviceActivity.executeAdvice(351)
DEBUG 2026-08-06 03:53:02.222 [TOW task-3] Action {annotated={method=com.aspectran.aspectow.console.appmon.AppMonActivity.getConfigData(com.aspectran.core.activity.Translet, java.lang.String)}} - c.a.core.activity.CoreActivity.execute(652)
DEBUG 2026-08-06 03:53:02.274 [TOW task-3] Response com.aspectran.web.activity.response.DefaultRestResponse@4313d40d - c.a.c.a.r.t.CustomTransformResponse.respond(85)
DEBUG 2026-08-06 03:53:02.276 [TOW task-3] Session 1ljxb1af1vxkt2kna7rph5v6u0.cn0 complete, active requests=0 - c.a.c.c.session.ManagedSession.complete(334)
DEBUG 2026-08-06 03:53:02.329 [TOW task-3] Session 1ljxb1af1vxkt2kna7rph5v6u0.cn0 in use, stopping timer, active requests=1 - c.a.c.c.session.ManagedSession.access(314)
DEBUG 2026-08-06 03:53:02.332 [TOW task-3] WebSocket connection established for session HKW539MclX19ms2Xwxa4bjQZDmpOzYX5Ke74ZmW6 - c.a.a.a.e.r.w.WebsocketMessageRelayer.doOnOpen(74)
DEBUG 2026-08-06 03:53:02.332 [TOW task-3] Session 1ljxb1af1vxkt2kna7rph5v6u0.cn0 complete, active requests=0 - c.a.c.c.session.ManagedSession.complete(334)
DEBUG 2026-08-06 03:53:04.393 [TOW I/O-1] Websocket session HKW539MclX19ms2Xwxa4bjQZDmpOzYX5Ke74ZmW6 has been closed. Reason: CloseReason[1001] - c.a.a.a.e.r.w.WebsocketMessageRelayer.doOnClose(110)
DEBUG 2026-08-06 03:53:04.400 [TOW task-3] Session 1ljxb1af1vxkt2kna7rph5v6u0.cn0 in use, stopping timer, active requests=1 - c.a.c.c.session.ManagedSession.access(314)
DEBUG 2026-08-06 03:53:04.400 [TOW task-3] GET /console/vault/ HTTP/1.1 0:0:0:0:0:0:0:1 - c.a.w.s.DefaultWebService.service(87)
DEBUG 2026-08-06 03:53:04.400 [TOW task-3] Translet {name=/vault/, responseRule={response={type=dispatch, name=vault/list, viewDispatcher={name=com.aspectran.thymeleaf.view.ThymeleafViewDispatcher@7d3df3c8}}}} - c.a.core.activity.CoreActivity.prepare(220)
DEBUG 2026-08-06 03:53:04.401 [TOW task-3] Advice {type=before, action={advice={method=com.aspectran.aspectow.console.auth.UserAuthAspect.checkAuthenticated(com.aspectran.core.activity.Translet)}}, order=1} - c.a.c.activity.AdviceActivity.executeAdvice(351)
DEBUG 2026-08-06 03:53:04.401 [TOW task-3] Advice {type=before, action={advice={method=com.aspectran.aspectow.console.auth.AccessControlAspect.checkPermission(com.aspectran.core.activity.Translet)}}, order=2} - c.a.c.activity.AdviceActivity.executeAdvice(351)
DEBUG 2026-08-06 03:53:04.402 [TOW task-3] Advice {type=before, action={header={headers=[X-Frame-Options, X-Content-Type-Options, X-XSS-Protection, Referrer-Policy]}}} - c.a.c.activity.AdviceActivity.executeAdvice(351)
DEBUG 2026-08-06 03:53:04.402 [TOW task-3] Advice {type=before, action={header={headers=[Content-Type, Content-Security-Policy]}}} - c.a.c.activity.AdviceActivity.executeAdvice(351)
DEBUG 2026-08-06 03:53:04.403 [TOW task-3] Action {annotated={id=page, method=com.aspectran.aspectow.console.vault.VaultActivity.list(com.aspectran.core.activity.Translet, java.lang.String)}} - c.a.core.activity.CoreActivity.execute(652)
DEBUG 2026-08-06 03:53:04.404 [TOW task-3] Advice {type=before, instance=com.aspectran.mybatis.SqlSessionAdviceRegister$$Lambda/0x00000000a06126b0@6253e59a, order=0} - c.a.c.activity.AdviceActivity.executeAdvice(351)
DEBUG 2026-08-06 03:53:04.404 [TOW task-3] Open DefaultSqlSession@2b099f6e {executorType=SIMPLE, autoCommit=false, readOnly=false} - c.a.mybatis.SqlSessionAdvice.doOpen(239)
DEBUG 2026-08-06 03:53:04.412 [TOW task-3] ==>  Preparing: select * from asc_vault order by vault_id desc limit ? offset ? - c.a.a.c.c.d.m.V.getVaultList.debug(135)
DEBUG 2026-08-06 03:53:04.412 [TOW task-3] ==> Parameters: 19(Integer), 0(Long) - c.a.a.c.c.d.m.V.getVaultList.debug(135)
DEBUG 2026-08-06 03:53:04.421 [TOW task-3] <==      Total: 1 - c.a.a.c.c.d.m.V.getVaultList.debug(135)
DEBUG 2026-08-06 03:53:04.438 [TOW task-3] Response {type=dispatch, name=vault/list, viewDispatcher={name=com.aspectran.thymeleaf.view.ThymeleafViewDispatcher@7d3df3c8}} - c.a.c.a.r.d.DispatchResponse.respond(71)
DEBUG 2026-08-06 03:53:04.438 [TOW task-3] Dispatching to Thymeleaf template vault/list - c.a.t.v.ThymeleafViewDispatcher.dispatch(88)
DEBUG 2026-08-06 03:53:04.460 [TOW task-3] Advice {type=after, instance=com.aspectran.mybatis.SqlSessionAdviceRegister$$Lambda/0x00000000a0612910@7d1cb59f, order=0} - c.a.c.activity.AdviceActivity.executeAdvice(351)
DEBUG 2026-08-06 03:53:04.460 [TOW task-3] Commit transaction for DefaultSqlSession@2b099f6e - c.a.mybatis.SqlSessionAdvice.commit(257)
DEBUG 2026-08-06 03:53:04.461 [TOW task-3] Advice {type=finally, instance=com.aspectran.mybatis.SqlSessionAdviceRegister$$Lambda/0x00000000a0612dd0@16ccd2bc, order=0} - c.a.c.activity.AdviceActivity.executeAdvice(351)
DEBUG 2026-08-06 03:53:04.468 [TOW task-3] Close DefaultSqlSession@2b099f6e - c.a.mybatis.SqlSessionAdvice.close(351)
DEBUG 2026-08-06 03:53:04.469 [TOW task-3] Session 1ljxb1af1vxkt2kna7rph5v6u0.cn0 complete, active requests=0 - c.a.c.c.session.ManagedSession.complete(334)
DEBUG 2026-08-06 03:53:08.079 [TOW task-3] Session 1ljxb1af1vxkt2kna7rph5v6u0.cn0 in use, stopping timer, active requests=1 - c.a.c.c.session.ManagedSession.access(314)
DEBUG 2026-08-06 03:53:08.080 [TOW task-3] GET /console/framework/config/ HTTP/1.1 0:0:0:0:0:0:0:1 - c.a.w.s.DefaultWebService.service(87)
DEBUG 2026-08-06 03:53:08.080 [TOW task-3] Translet {name=/framework/config/${contextName}, namePattern=/framework/config/*, responseRule={response={type=dispatch, name=framework/config/viewer, viewDispatcher={name=com.aspectran.thymeleaf.view.ThymeleafViewDispatcher@7d3df3c8}}}} - c.a.core.activity.CoreActivity.prepare(220)
DEBUG 2026-08-06 03:53:08.081 [TOW task-3] Advice {type=before, action={advice={method=com.aspectran.aspectow.console.auth.UserAuthAspect.checkAuthenticated(com.aspectran.core.activity.Translet)}}, order=1} - c.a.c.activity.AdviceActivity.executeAdvice(351)
DEBUG 2026-08-06 03:53:08.081 [TOW task-3] Advice {type=before, action={advice={method=com.aspectran.aspectow.console.auth.AccessControlAspect.checkPermission(com.aspectran.core.activity.Translet)}}, order=2} - c.a.c.activity.AdviceActivity.executeAdvice(351)
DEBUG 2026-08-06 03:53:08.082 [TOW task-3] Advice {type=before, action={header={headers=[X-Frame-Options, X-Content-Type-Options, X-XSS-Protection, Referrer-Policy]}}} - c.a.c.activity.AdviceActivity.executeAdvice(351)
DEBUG 2026-08-06 03:53:08.082 [TOW task-3] Advice {type=before, action={header={headers=[Content-Type, Content-Security-Policy]}}} - c.a.c.activity.AdviceActivity.executeAdvice(351)
DEBUG 2026-08-06 03:53:08.082 [TOW task-3] Action {annotated={id=page, method=com.aspectran.aspectow.console.framework.ConfigurationActivity.viewer(java.lang.String)}} - c.a.core.activity.CoreActivity.execute(652)
DEBUG 2026-08-06 03:53:08.083 [TOW task-3] Response {type=dispatch, name=framework/config/viewer, viewDispatcher={name=com.aspectran.thymeleaf.view.ThymeleafViewDispatcher@7d3df3c8}} - c.a.c.a.r.d.DispatchResponse.respond(71)
DEBUG 2026-08-06 03:53:08.083 [TOW task-3] Dispatching to Thymeleaf template framework/config/viewer - c.a.t.v.ThymeleafViewDispatcher.dispatch(88)
DEBUG 2026-08-06 03:53:08.101 [TOW task-3] Session 1ljxb1af1vxkt2kna7rph5v6u0.cn0 complete, active requests=0 - c.a.c.c.session.ManagedSession.complete(334)
DEBUG 2026-08-06 03:53:08.287 [TOW task-3] Session 1ljxb1af1vxkt2kna7rph5v6u0.cn0 in use, stopping timer, active requests=1 - c.a.c.c.session.ManagedSession.access(314)
DEBUG 2026-08-06 03:53:08.288 [TOW task-3] GET /console/framework/config/root/data HTTP/1.1 0:0:0:0:0:0:0:1 - c.a.w.s.DefaultWebService.service(87)
DEBUG 2026-08-06 03:53:08.288 [TOW task-3] Translet {name=/framework/config/${contextName}/data, namePattern=/framework/config/*/data, responseRule={response={type=transform, format=custom}}} - c.a.core.activity.CoreActivity.prepare(220)
DEBUG 2026-08-06 03:53:08.289 [TOW task-3] Advice {type=before, action={advice={method=com.aspectran.aspectow.console.auth.UserAuthAspect.checkAuthenticated(com.aspectran.core.activity.Translet)}}, order=1} - c.a.c.activity.AdviceActivity.executeAdvice(351)
DEBUG 2026-08-06 03:53:08.290 [TOW task-3] Advice {type=before, action={advice={method=com.aspectran.aspectow.console.auth.AccessControlAspect.checkPermission(com.aspectran.core.activity.Translet)}}, order=2} - c.a.c.activity.AdviceActivity.executeAdvice(351)
DEBUG 2026-08-06 03:53:08.290 [TOW task-3] Advice {type=before, action={header={headers=[X-Frame-Options, X-Content-Type-Options, X-XSS-Protection, Referrer-Policy]}}} - c.a.c.activity.AdviceActivity.executeAdvice(351)
DEBUG 2026-08-06 03:53:08.291 [TOW task-3] Action {annotated={method=com.aspectran.aspectow.console.framework.ConfigurationActivity.data(java.lang.String)}} - c.a.core.activity.CoreActivity.execute(652)
DEBUG 2026-08-06 03:53:08.296 [TOW task-3] Response com.aspectran.web.activity.response.DefaultRestResponse@46a126d6 - c.a.c.a.r.t.CustomTransformResponse.respond(85)
DEBUG 2026-08-06 03:53:08.298 [TOW task-3] Session 1ljxb1af1vxkt2kna7rph5v6u0.cn0 complete, active requests=0 - c.a.c.c.session.ManagedSession.complete(334)
DEBUG 2026-08-06 03:55:00.001 [AppmonScheduler_Worker-1] Translet {name=appmon/persist/counter/rollup.job} - c.a.core.activity.CoreActivity.prepare(220)
DEBUG 2026-08-06 03:55:00.002 [AppmonScheduler_Worker-1] Action {annotated={method=com.aspectran.aspectow.appmon.engine.schedule.CounterPersistSchedule.rollup()}} - c.a.core.activity.CoreActivity.execute(652)
DEBUG 2026-08-06 03:58:08.304 [SM worker-cn0-1] Evict idle session id=1ljxb1af1vxkt2kna7rph5v6u0.cn0 - c.a.c.c.s.AbstractSessionCache.checkInactiveSession(545)
DEBUG 2026-08-06 04:00:00.005 [AppmonScheduler_Worker-1] Translet {name=appmon/persist/counter/rollup.job} - c.a.core.activity.CoreActivity.prepare(220)
DEBUG 2026-08-06 04:00:00.005 [AppmonScheduler_Worker-1] Action {annotated={method=com.aspectran.aspectow.appmon.engine.schedule.CounterPersistSchedule.rollup()}} - c.a.core.activity.CoreActivity.execute(652)
DEBUG 2026-08-06 04:05:00.001 [AppmonScheduler_Worker-1] Translet {name=appmon/persist/counter/rollup.job} - c.a.core.activity.CoreActivity.prepare(220)
DEBUG 2026-08-06 04:05:00.002 [AppmonScheduler_Worker-1] Action {annotated={method=com.aspectran.aspectow.appmon.engine.schedule.CounterPersistSchedule.rollup()}} - c.a.core.activity.CoreActivity.execute(652)
