DEBUG 2026-08-06 02:28:41.651 [main] Acquiring lock on /home/aspectran/projects/public/aspectow-demo-console/app/.lock - c.aspectran.utils.FileLocker.lock(93)
DEBUG 2026-08-06 02:28:41.718 [main] Successfully wrote PID 10940 to /home/aspectran/projects/public/aspectow-demo-console/app/.lock - c.aspectran.utils.FileLocker.lock(121)
DEBUG 2026-08-06 02:28:41.720 [main] Registering shutdown-hook: Thread[#28,shutdown,5,main] - c.aspectran.utils.ShutdownHook.registerHook(112)
DEBUG 2026-08-06 02:28:41.721 [main] Adding shutdown-hook task: Stop DefaultShellService@4310d43 - c.aspectran.utils.ShutdownHook.addTask(76)
INFO  2026-08-06 02:28:41.723 [root] Starting DefaultShellService@4310d43 - c.a.c.s.AbstractServiceLifeCycle.start(117)
INFO  2026-08-06 02:28:41.723 [root] Building ActivityContext with context rules [/config/aspectran-rules.xml, /config/server/server.xml] - c.a.c.c.b.HybridActivityContextBuilder.doBuild(120)
DEBUG 2026-08-06 02:28:41.724 [root] Running in an IDE environment, so the resource locations [/home/aspectran/projects/public/aspectow-demo-console/app/lib/ext] will be ignored to avoid class loading conflicts - c.a.c.c.b.AbstractActivityContextBuilder.createSiblingClassLoader(387)
DEBUG 2026-08-06 02:28:41.726 [root] Sweeping /home/aspectran/projects/public/aspectow-demo-console/app/work/* for old resource files - c.a.c.c.r.LocalResourceManager.sweepWorkResourceFiles(236)
INFO  2026-08-06 02:28:41.731 [root] Default profiles [dev] - c.a.c.c.e.EnvironmentProfiles.setDefaultProfiles(154)
INFO  2026-08-06 02:28:41.732 [root] Activating profiles [dev] - c.a.c.c.e.EnvironmentProfiles.setActiveProfiles(205)
DEBUG 2026-08-06 02:28:41.813 [root] Appending rules {file=/config/server/undertow/tow-server.xml, format=xml} - c.a.c.c.r.a.HybridRuleAppendHandler.handle(109)
DEBUG 2026-08-06 02:28:41.834 [root] Appending rules {file=/config/server/undertow/tow-context-root.xml, format=xml} - c.a.c.c.r.a.HybridRuleAppendHandler.handle(109)
DEBUG 2026-08-06 02:28:41.849 [root] Appending rules {file=/config/server/undertow/tow-context-console.xml, format=xml} - c.a.c.c.r.a.HybridRuleAppendHandler.handle(109)
DEBUG 2026-08-06 02:28:41.853 [root] Appending rules {resource=com/aspectran/aspectow/console/config/rules/context/tow-context-console.xml} - c.a.c.c.r.a.HybridRuleAppendHandler.handle(109)
DEBUG 2026-08-06 02:28:41.861 [root] Appending rules {file=/config/server/undertow/tow-support.xml, format=xml} - c.a.c.c.r.a.HybridRuleAppendHandler.handle(109)
DEBUG 2026-08-06 02:28:41.871 [root] Parsing for ID-based bean rules: 14 - c.a.c.c.b.AnnotatedConfigParser.parse(176)
DEBUG 2026-08-06 02:28:41.906 [root] Parsing for type-based bean rules: 22 - c.a.c.c.b.AnnotatedConfigParser.parse(192)
INFO  2026-08-06 02:28:41.919 [root] ActivityContext build completed in 195 ms - c.a.c.c.b.HybridActivityContextBuilder.doBuild(203)
DEBUG 2026-08-06 02:28:41.923 [root] Initialized TypeConverterRegistry@49c66ade - c.a.c.c.AbstractComponent.initialize(80)
DEBUG 2026-08-06 02:28:41.923 [root] Initializing singletons in com.aspectran.core.component.bean.DefaultBeanRegistry@6239aba6 - c.a.c.c.b.AbstractBeanRegistry.instantiateSingletons(427)
DEBUG 2026-08-06 02:28:41.955 [root] com.aspectran.undertow.server.DefaultTowServer@79517588 is STARTING - c.a.u.l.AbstractLifeCycle.setStarting(183)
INFO  2026-08-06 02:28:42.036 [root] XNIO version 3.8.16.Final - org.xnio.<clinit>(95)
INFO  2026-08-06 02:28:42.043 [root] XNIO NIO Implementation Version 3.8.16.Final - org.xnio.nio.<clinit>(58)
DEBUG 2026-08-06 02:28:42.170 [root] Initializing DefaultSessionManager@6063d80a {workerName=rn0, maxActiveSessions=9999, maxIdleSeconds=489, evictionIdleSeconds=258, maxIdleSecondsForNew=60, evictionIdleSecondsForNew=30, scavengingIntervalSeconds=90, clusterEnabled=false} - c.a.c.c.s.DefaultSessionManager.doInitialize(175)
DEBUG 2026-08-06 02:28:42.172 [root] DefaultSessionManager@6063d80a(rn0) default maxIdleSecs=489 - c.a.c.c.s.AbstractSessionManager.setDefaultMaxIdleSecs(176)
DEBUG 2026-08-06 02:28:42.176 [root] Initialized FileSessionStore@48c40605 - c.a.c.c.AbstractComponent.initialize(80)
DEBUG 2026-08-06 02:28:42.177 [root] Initialized DefaultSessionCache@770d0ea6(rn0) - c.a.c.c.AbstractComponent.initialize(80)
DEBUG 2026-08-06 02:28:42.179 [root] com.aspectran.core.component.session.HouseKeeper@363f6148(rn0) is STARTING - c.a.u.l.AbstractLifeCycle.setStarting(183)
DEBUG 2026-08-06 02:28:42.182 [root] com.aspectran.core.component.session.HouseKeeper@363f6148(rn0) is STARTED - c.a.u.l.AbstractLifeCycle.setStarted(193)
DEBUG 2026-08-06 02:28:42.182 [root] Initialized DefaultSessionManager@6063d80a(rn0) - c.a.c.c.AbstractComponent.initialize(80)
DEBUG 2026-08-06 02:28:42.187 [root] Register session listener com.aspectran.undertow.server.session.TowSessionListener@4152d38d in DefaultSessionManager@6063d80a(rn0) - c.a.c.c.s.AbstractSessionManager.addSessionListener(500)
DEBUG 2026-08-06 02:28:42.188 [root] Register session listener com.aspectran.undertow.server.session.TowSessionListener@5398edd0 in DefaultSessionManager@6063d80a(rn0) - c.a.c.c.s.AbstractSessionManager.addSessionListener(500)
DEBUG 2026-08-06 02:28:42.221 [root] Initializing DefaultSessionManager@54ec8cc9 {workerName=cn0, maxActiveSessions=999, maxIdleSeconds=600, evictionIdleSeconds=300, scavengingIntervalSeconds=180, clusterEnabled=false} - c.a.c.c.s.DefaultSessionManager.doInitialize(175)
DEBUG 2026-08-06 02:28:42.221 [root] DefaultSessionManager@54ec8cc9(cn0) default maxIdleSecs=600 - c.a.c.c.s.AbstractSessionManager.setDefaultMaxIdleSecs(176)
DEBUG 2026-08-06 02:28:42.222 [root] Initialized FileSessionStore@5528a42c - c.a.c.c.AbstractComponent.initialize(80)
DEBUG 2026-08-06 02:28:42.222 [root] Initialized DefaultSessionCache@52eacb4b(cn0) - c.a.c.c.AbstractComponent.initialize(80)
DEBUG 2026-08-06 02:28:42.223 [root] com.aspectran.core.component.session.HouseKeeper@1edb61b1(cn0) is STARTING - c.a.u.l.AbstractLifeCycle.setStarting(183)
DEBUG 2026-08-06 02:28:42.224 [root] com.aspectran.core.component.session.HouseKeeper@1edb61b1(cn0) is STARTED - c.a.u.l.AbstractLifeCycle.setStarted(193)
DEBUG 2026-08-06 02:28:42.224 [root] Initialized DefaultSessionManager@54ec8cc9(cn0) - c.a.c.c.AbstractComponent.initialize(80)
DEBUG 2026-08-06 02:28:42.225 [root] Register session listener com.aspectran.undertow.server.session.TowSessionListener@6cc0bcf6 in DefaultSessionManager@54ec8cc9(cn0) - c.a.c.c.s.AbstractSessionManager.addSessionListener(500)
DEBUG 2026-08-06 02:28:42.225 [root] Register session listener com.aspectran.undertow.server.session.TowSessionListener@32f61a31 in DefaultSessionManager@54ec8cc9(cn0) - c.a.c.c.s.AbstractSessionManager.addSessionListener(500)
INFO  2026-08-06 02:28:42.235 [root] WebActivityServlet 'webActivityServlet' has been initialized. - c.a.w.s.WebActivityServlet.init(101)
INFO  2026-08-06 02:28:42.238 [root] TowResourceHandler includePatterns=[/console/assets/js/**, /console/assets/css/**, /console/assets/appmon/css/**, /console/assets/appmon/js/**] - c.a.u.s.h.r.TowResourceHandler.autoDetect(142)
INFO  2026-08-06 02:28:42.248 [root] WebActivityServlet 'webActivityServlet' has been initialized. - c.a.w.s.WebActivityServlet.init(101)
INFO  2026-08-06 02:28:42.249 [root] TowResourceHandler includePatterns=[/favicon.ico, /WEB-INF/**] - c.a.u.s.h.r.TowResourceHandler.autoDetect(142)
INFO  2026-08-06 02:28:42.278 [root] starting server: Undertow - 2.3.26.Final - io.undertow.start(120)
INFO  2026-08-06 02:28:42.317 [root] Undertow 2.3.26.Final started - c.a.u.server.DefaultTowServer.doStart(54)
DEBUG 2026-08-06 02:28:42.317 [root] com.aspectran.undertow.server.DefaultTowServer@79517588 is STARTED - c.a.u.l.AbstractLifeCycle.setStarted(193)
DEBUG 2026-08-06 02:28:42.318 [root] Initialized DefaultBeanRegistry@6239aba6 - c.a.c.c.AbstractComponent.initialize(80)
DEBUG 2026-08-06 02:28:42.318 [root] Initialized AspectRuleRegistry@4303b7f0 - c.a.c.c.AbstractComponent.initialize(80)
DEBUG 2026-08-06 02:28:42.318 [root] Initialized ScheduleRuleRegistry@757529a4 - c.a.c.c.AbstractComponent.initialize(80)
DEBUG 2026-08-06 02:28:42.319 [root] Initialized TransletRuleRegistry@779de014 - c.a.c.c.AbstractComponent.initialize(80)
DEBUG 2026-08-06 02:28:42.319 [root] Initialized TemplateRuleRegistry@5c41d037 - c.a.c.c.AbstractComponent.initialize(80)
DEBUG 2026-08-06 02:28:42.320 [root] Initialized DefaultTemplateRenderer@2234078 - c.a.c.c.AbstractComponent.initialize(80)
DEBUG 2026-08-06 02:28:42.321 [root] Unable to locate MessageSource with name 'messageSource': using default [com.aspectran.core.support.i18n.message.DelegatingMessageSource@3aefae67] - c.a.c.c.DefaultActivityContext.resolveMessageSource(347)
DEBUG 2026-08-06 02:28:42.322 [root] Initialized DefaultActivityContext@3eb631b8 - c.a.c.c.AbstractComponent.initialize(80)
INFO  2026-08-06 02:28:42.323 [root] Started DefaultShellService@4310d43(root) - c.a.c.s.AbstractServiceLifeCycle.start(121)
INFO  2026-08-06 02:28:42.324 [root] Starting DefaultWebService@6ef7623(root) - c.a.c.s.AbstractServiceLifeCycle.start(117)
INFO  2026-08-06 02:28:42.324 [root] Started DefaultWebService@6ef7623(root) - c.a.c.s.AbstractServiceLifeCycle.start(121)
INFO  2026-08-06 02:28:42.326 [root:console] Starting DefaultWebService@3122b117 - c.a.c.s.AbstractServiceLifeCycle.start(117)
INFO  2026-08-06 02:28:42.327 [root:console] Building ActivityContext with context rules [classpath:com/aspectran/aspectow/console/config/rules/root.xml, /config/console/console-rules.xml] - c.a.c.c.b.HybridActivityContextBuilder.doBuild(120)
INFO  2026-08-06 02:28:42.328 [root:console] Base profiles [mariadb, demo, console.ui] - c.a.c.c.e.EnvironmentProfiles.setBaseProfiles(100)
INFO  2026-08-06 02:28:42.328 [root:console] Ignored base profiles [h2] - c.a.c.c.b.AbstractActivityContextBuilder.createEnvironmentProfiles(424)
INFO  2026-08-06 02:28:42.329 [root:console] Default profiles [dev] - c.a.c.c.e.EnvironmentProfiles.setDefaultProfiles(154)
INFO  2026-08-06 02:28:42.329 [root:console] Activating profiles [dev] - c.a.c.c.e.EnvironmentProfiles.setActiveProfiles(205)
INFO  2026-08-06 02:28:42.330 [root:console] Auto Components Scanning {basePackages=[com.aspectran.aspectow.appmon.engine, com.aspectran.aspectow.console.appmon, com.aspectran.aspectow.console.auth, com.aspectran.aspectow.console.cluster, com.aspectran.aspectow.console.commands, com.aspectran.aspectow.console.common, com.aspectran.aspectow.console.framework, com.aspectran.aspectow.console.home, com.aspectran.aspectow.console.scheduler, com.aspectran.aspectow.console.user, com.aspectran.aspectow.console.vault]} - c.a.c.c.bean.BeanRuleRegistry.scanConfigurableBeans(312)
DEBUG 2026-08-06 02:28:42.333 [root:console] Scanning components from /home/aspectran/projects/public/aspectow/appmon/target/classes/com/aspectran/aspectow/appmon/engine/ - c.aspectran.utils.ClassScanner.scan(128)
DEBUG 2026-08-06 02:28:42.384 [root:console] Scanning components from /home/aspectran/projects/public/aspectow/console/target/classes/com/aspectran/aspectow/console/appmon/ - c.aspectran.utils.ClassScanner.scan(128)
DEBUG 2026-08-06 02:28:42.386 [root:console] Scanning components from /home/aspectran/projects/public/aspectow/console/target/classes/com/aspectran/aspectow/console/auth/ - c.aspectran.utils.ClassScanner.scan(128)
DEBUG 2026-08-06 02:28:42.389 [root:console] Scanning components from /home/aspectran/projects/public/aspectow/console/target/classes/com/aspectran/aspectow/console/cluster/ - c.aspectran.utils.ClassScanner.scan(128)
DEBUG 2026-08-06 02:28:42.394 [root:console] Scanning components from /home/aspectran/projects/public/aspectow/console/target/classes/com/aspectran/aspectow/console/commands/ - c.aspectran.utils.ClassScanner.scan(128)
DEBUG 2026-08-06 02:28:42.399 [root:console] Scanning components from /home/aspectran/projects/public/aspectow/console/target/classes/com/aspectran/aspectow/console/common/ - c.aspectran.utils.ClassScanner.scan(128)
DEBUG 2026-08-06 02:28:42.408 [root:console] Scanning components from /home/aspectran/projects/public/aspectow/console/target/classes/com/aspectran/aspectow/console/framework/ - c.aspectran.utils.ClassScanner.scan(128)
DEBUG 2026-08-06 02:28:42.411 [root:console] Scanning components from /home/aspectran/projects/public/aspectow/console/target/classes/com/aspectran/aspectow/console/home/ - c.aspectran.utils.ClassScanner.scan(128)
DEBUG 2026-08-06 02:28:42.413 [root:console] Scanning components from /home/aspectran/projects/public/aspectow/console/target/classes/com/aspectran/aspectow/console/scheduler/ - c.aspectran.utils.ClassScanner.scan(128)
DEBUG 2026-08-06 02:28:42.417 [root:console] Scanning components from /home/aspectran/projects/public/aspectow/console/target/classes/com/aspectran/aspectow/console/user/ - c.aspectran.utils.ClassScanner.scan(128)
DEBUG 2026-08-06 02:28:42.419 [root:console] Scanning components from /home/aspectran/projects/public/aspectow/console/target/classes/com/aspectran/aspectow/console/vault/ - c.aspectran.utils.ClassScanner.scan(128)
DEBUG 2026-08-06 02:28:42.424 [root:console] Appending rules {resource=com/aspectran/aspectow/appmon/config/rules/scheduler.xml} - c.a.c.c.r.a.HybridRuleAppendHandler.handle(109)
DEBUG 2026-08-06 02:28:42.428 [root:console] Appending rules {resource=com/aspectran/aspectow/console/config/rules/db.xml} - c.a.c.c.r.a.HybridRuleAppendHandler.handle(109)
DEBUG 2026-08-06 02:28:42.437 [root:console] Appending rules {resource=com/aspectran/aspectow/console/config/rules/web.xml, profile=[console.ui, console.custom-ui]} - c.a.c.c.r.a.HybridRuleAppendHandler.handle(109)
DEBUG 2026-08-06 02:28:42.452 [root:console] Appending rules {resource=com/aspectran/aspectow/console/framework/asel-test-rules.xml, profile=[console.ui, console.custom-ui]} - c.a.c.c.r.a.HybridRuleAppendHandler.handle(109)
DEBUG 2026-08-06 02:28:42.457 [root:console] Appending rules {file=/config/console/node-rules.xml, format=xml} - c.a.c.c.r.a.HybridRuleAppendHandler.handle(109)
DEBUG 2026-08-06 02:28:42.465 [root:console] Appending rules {file=/config/console/appmon-rules.xml, format=xml} - c.a.c.c.r.a.HybridRuleAppendHandler.handle(109)
DEBUG 2026-08-06 02:28:42.468 [root:console] Parsing bean rules for annotated configurations: 45 - c.a.c.c.b.AnnotatedConfigParser.parse(158)
DEBUG 2026-08-06 02:28:42.528 [root:console] Parsing for ID-based bean rules: 29 - c.a.c.c.b.AnnotatedConfigParser.parse(176)
DEBUG 2026-08-06 02:28:42.546 [root:console] Parsing for type-based bean rules: 52 - c.a.c.c.b.AnnotatedConfigParser.parse(192)
INFO  2026-08-06 02:28:42.565 [root:console] ActivityContext build completed in 237 ms - c.a.c.c.b.HybridActivityContextBuilder.doBuild(203)
DEBUG 2026-08-06 02:28:42.566 [root:console] Initialized TypeConverterRegistry@4dafba3e - c.a.c.c.AbstractComponent.initialize(80)
DEBUG 2026-08-06 02:28:42.566 [root:console] Initializing singletons in com.aspectran.core.component.bean.DefaultBeanRegistry@53e3a87a - c.a.c.c.b.AbstractBeanRegistry.instantiateSingletons(427)
INFO  2026-08-06 02:28:42.590 [root:console] Using default implementation for ThreadExecutor - o.q.impl.StdSchedulerFactory.instantiate(1222)
INFO  2026-08-06 02:28:42.592 [root:console] Job execution threads will use class loader of thread: root:console - o.q.simpl.SimpleThreadPool.initialize(269)
INFO  2026-08-06 02:28:42.599 [root:console] Initialized Scheduler Signaller of type: class org.quartz.core.SchedulerSignalerImpl - o.q.core.SchedulerSignalerImpl.<init>(62)
INFO  2026-08-06 02:28:42.599 [root:console] Quartz Scheduler v2.5.2 created. - o.quartz.core.QuartzScheduler.<init>(224)
INFO  2026-08-06 02:28:42.600 [root:console] RAMJobStore initialized. - org.quartz.simpl.RAMJobStore.initialize(152)
INFO  2026-08-06 02:28:42.601 [root:console] Scheduler meta-data: Quartz Scheduler (v2.5.2) 'AppmonScheduler' with instanceId 'NON_CLUSTERED'
  Scheduler class: 'org.quartz.core.QuartzScheduler' - running locally.
  NOT STARTED.
  Currently in standby mode.
  Number of jobs executed: 0
  Using thread pool 'org.quartz.simpl.SimpleThreadPool' - with 1 threads.
  Using job-store 'org.quartz.simpl.RAMJobStore' - which does not support persistence. and is not clustered.
 - o.quartz.core.QuartzScheduler.initialize(289)
INFO  2026-08-06 02:28:42.602 [root:console] Quartz scheduler 'AppmonScheduler' initialized from an externally provided properties instance. - o.q.impl.StdSchedulerFactory.instantiate(1376)
INFO  2026-08-06 02:28:42.602 [root:console] Quartz scheduler version: 2.5.2 - o.q.impl.StdSchedulerFactory.instantiate(1378)
DEBUG 2026-08-06 02:28:42.604 [root:console] IGNORED - Invalid properties resource; java.io.IOException: Could not find resource com/aspectran/aspectow/console/config/db/aspectow-console.db-mariadb.properties - c.a.u.PropertiesLoaderSupport.loadProperties(152)
DEBUG 2026-08-06 02:28:42.605 [root:console] IGNORED - Invalid properties resource; java.io.IOException: Could not find resource com/aspectran/aspectow/console/config/db/aspectow-console.db-mariadb.system.properties - c.a.u.PropertiesLoaderSupport.loadProperties(152)
DEBUG 2026-08-06 02:28:43.170 [root:console] Unable to locate MessageSource with name 'messageSource': using default [com.aspectran.core.support.i18n.message.DelegatingMessageSource@784223e9] - c.a.c.c.DefaultActivityContext.resolveMessageSource(347)
INFO  2026-08-06 02:28:43.246 [root:console] Current Node: localhost-console1 (Host: juhoN21) - c.a.a.n.m.NodeManagerBuilder.build(169)
INFO  2026-08-06 02:28:43.873 [root:console] Registered group info to Redis: aspectow:cluster:groups:cluster1 (Group: console) - c.a.a.n.m.NodeManagerBuilder.build(210)
INFO  2026-08-06 02:28:43.883 [root:console] Registered RedisScheduledJobLockProvider for cluster-wide job locking - c.a.a.n.m.NodeManagerBuilder.build(247)
INFO  2026-08-06 02:28:43.883 [root:console] Initializing NodeReporter for cluster: cluster1, node: localhost-console1 - c.a.a.n.manager.NodeReporter.start(70)
DEBUG 2026-08-06 02:28:43.887 [root:console] Registering node 'localhost-console1' in Redis hash 'aspectow:cluster:nodes:cluster1': {id=localhost-console1, group=console, host=juhoN21, port=8082, status=live, endpoint={path=/nodes}, token=ybUbFMYvjqJqQL-MRfivOxiCWZJ7k6zTChy20nzaqSAn5-rDtrYj7S5mATafXW55t4xMv684waI3OfVKWcCmbwszmKiOpJha, hasNodeManager=true, hasSchedulerManager=true, hasCommandManager=true} - c.a.a.n.manager.NodeReporter.registerNode(141)
INFO  2026-08-06 02:28:44.075 [root:console] NodeMessageSubscriber initialized and subscribed to pattern: aspectow:cluster:*:*:cluster1:localhost-console1:* - c.a.a.n.m.NodeMessageSubscriber.start(140)
INFO  2026-08-06 02:28:44.133 [root:console] ClusterEventSubscriber initialized and subscribed to channel: aspectow:cluster:event:cluster1 - c.a.a.n.m.ClusterEventSubscriber.start(121)
INFO  2026-08-06 02:28:44.135 [root:console] Initializing RemoteNodeManager for node: localhost-console1 - c.a.a.n.m.n.RemoteNodeManager.initialize(63)
INFO  2026-08-06 02:28:44.137 [root:console] Initializing RemoteSchedulerManager for node: localhost-console1 - c.a.a.n.m.s.RemoteSchedulerManager.initialize(113)
INFO  2026-08-06 02:28:44.138 [root:console] Initializing RemoteCommandManager for node: localhost-console1 - c.a.a.n.m.c.RemoteCommandManager.initialize(74)
INFO  2026-08-06 02:28:44.157 [root:console] Registered app info to Redis: aspectow:cluster:apps:cluster1:console (Apps: []) - c.a.a.a.e.m.AppMonManagerBuilder.build(167)
DEBUG 2026-08-06 02:28:44.187 [root:console] Registered AspectRule {id=consoleTxAspect, order=0, joinpoint={target=activity, pointcut={type=wildcard, patterns=[{type=wildcard, pattern=@class:com.aspectran.aspectow.console.common.db.tx.ConsoleSqlSession}]}}, advices=[{type=before, action={instance=com.aspectran.mybatis.SqlSessionAdviceRegister$$Lambda/0x0000000053612460@542ff147}}, {type=after, action={instance=com.aspectran.mybatis.SqlSessionAdviceRegister$$Lambda/0x00000000536126c0@2d801d8}}, {type=finally, action={instance=com.aspectran.mybatis.SqlSessionAdviceRegister$$Lambda/0x0000000053612b80@b9b97ad}}]} - c.a.m.SqlSessionAdviceRegister.register(294)
DEBUG 2026-08-06 02:28:44.195 [root:console] Registered AspectRule {id=consoleBatchTxAspect, order=0, joinpoint={target=activity, pointcut={type=wildcard, patterns=[{type=wildcard, pattern=@class:com.aspectran.aspectow.console.common.db.tx.ConsoleBatchSqlSession}]}}, advices=[{type=before, action={instance=com.aspectran.mybatis.SqlSessionAdviceRegister$$Lambda/0x0000000053612460@5613247e}}, {type=after, action={instance=com.aspectran.mybatis.SqlSessionAdviceRegister$$Lambda/0x00000000536126c0@6851b296}}, {type=finally, action={instance=com.aspectran.mybatis.SqlSessionAdviceRegister$$Lambda/0x0000000053612b80@9e50283}}]} - c.a.m.SqlSessionAdviceRegister.register(294)
DEBUG 2026-08-06 02:28:44.202 [root:console] Registered AspectRule {id=consoleReuseTxAspect, order=0, joinpoint={target=activity, pointcut={type=wildcard, patterns=[{type=wildcard, pattern=@class:com.aspectran.aspectow.console.common.db.tx.ConsoleReuseSqlSession}]}}, advices=[{type=before, action={instance=com.aspectran.mybatis.SqlSessionAdviceRegister$$Lambda/0x0000000053612460@1c171746}}, {type=after, action={instance=com.aspectran.mybatis.SqlSessionAdviceRegister$$Lambda/0x00000000536126c0@79b7c350}}, {type=finally, action={instance=com.aspectran.mybatis.SqlSessionAdviceRegister$$Lambda/0x0000000053612b80@586737ff}}]} - c.a.m.SqlSessionAdviceRegister.register(294)
DEBUG 2026-08-06 02:28:44.206 [root:console] Initialized PollingSessionManager@350f18a6 - c.a.c.c.AbstractComponent.initialize(80)
INFO  2026-08-06 02:28:44.214 [root:console] CounterPersistSchedule is dynamically set to run every 5 minutes - c.a.a.a.e.s.CounterPersistSchedule.initialize(115)
DEBUG 2026-08-06 02:28:44.219 [root:console] Initialized DefaultBeanRegistry@53e3a87a - c.a.c.c.AbstractComponent.initialize(80)
DEBUG 2026-08-06 02:28:44.219 [root:console] Initialized AspectRuleRegistry@78bad03b - c.a.c.c.AbstractComponent.initialize(80)
DEBUG 2026-08-06 02:28:44.220 [root:console] Initialized ScheduleRuleRegistry@26101efc - c.a.c.c.AbstractComponent.initialize(80)
DEBUG 2026-08-06 02:28:44.220 [root:console] Initialized TransletRuleRegistry@4e2109fe - c.a.c.c.AbstractComponent.initialize(80)
DEBUG 2026-08-06 02:28:44.220 [root:console] Initialized TemplateRuleRegistry@18dac12f - c.a.c.c.AbstractComponent.initialize(80)
DEBUG 2026-08-06 02:28:44.221 [root:console] Initialized DefaultTemplateRenderer@36cfe107 - c.a.c.c.AbstractComponent.initialize(80)
DEBUG 2026-08-06 02:28:44.221 [root:console] Initialized DefaultActivityContext@100eeedc - c.a.c.c.AbstractComponent.initialize(80)
INFO  2026-08-06 02:28:44.224 [root:console] Started DefaultWebService@3122b117(console) - c.a.c.s.AbstractServiceLifeCycle.start(121)
INFO  2026-08-06 02:28:44.224 [root:console] Starting DefaultSchedulerService@9f1ca74 - c.a.c.s.AbstractServiceLifeCycle.start(117)
INFO  2026-08-06 02:28:44.231 [root:console] Starting scheduler 'AppmonScheduler' - c.a.c.s.s.AbstractSchedulerService.doStart(192)
INFO  2026-08-06 02:28:44.233 [root:console] Started DefaultSchedulerService@9f1ca74 - c.a.c.s.AbstractServiceLifeCycle.start(121)
DEBUG 2026-08-06 02:28:44.233 [root:console] Registering @ServerEndpoint: class com.aspectran.aspectow.appmon.engine.relay.websocket.WebsocketMessageRelayer - c.a.w.w.j.ServerEndpointExporter.registerEndpoint(122)
INFO  2026-08-06 02:28:44.236 [root:console] UT026003: Adding annotated server endpoint class com.aspectran.aspectow.appmon.engine.relay.websocket.WebsocketMessageRelayer for path /nodes/{nodeId}/appmon/websocket/{token} - io.undertow.websockets.jsr.addEndpointInternal(647)
DEBUG 2026-08-06 02:28:44.241 [root:console] Registering @ServerEndpoint: class com.aspectran.aspectow.console.cluster.bridge.websocket.WebsocketNodeBridge - c.a.w.w.j.ServerEndpointExporter.registerEndpoint(122)
INFO  2026-08-06 02:28:44.241 [root:console] UT026003: Adding annotated server endpoint class com.aspectran.aspectow.console.cluster.bridge.websocket.WebsocketNodeBridge for path /nodes/{nodeId}/websocket/{token} - io.undertow.websockets.jsr.addEndpointInternal(647)
DEBUG 2026-08-06 02:28:44.242 [root:console] Registering @ServerEndpoint: class com.aspectran.aspectow.console.commands.bridge.websocket.WebsocketCommandBridge - c.a.w.w.j.ServerEndpointExporter.registerEndpoint(122)
INFO  2026-08-06 02:28:44.242 [root:console] UT026003: Adding annotated server endpoint class com.aspectran.aspectow.console.commands.bridge.websocket.WebsocketCommandBridge for path /nodes/{nodeId}/commands/websocket/{token} - io.undertow.websockets.jsr.addEndpointInternal(647)
DEBUG 2026-08-06 02:28:44.243 [root:console] Registering @ServerEndpoint: class com.aspectran.aspectow.console.scheduler.bridge.websocket.WebsocketSchedulerBridge - c.a.w.w.j.ServerEndpointExporter.registerEndpoint(122)
INFO  2026-08-06 02:28:44.243 [root:console] UT026003: Adding annotated server endpoint class com.aspectran.aspectow.console.scheduler.bridge.websocket.WebsocketSchedulerBridge for path /nodes/{nodeId}/scheduler/websocket/{token} - io.undertow.websockets.jsr.addEndpointInternal(647)
DEBUG 2026-08-06 02:28:44.244 [root] Initializing DefaultSessionManager@7b598d05 {workerName=shell, maxActiveSessions=1, maxIdleSeconds=1800, scavengingIntervalSeconds=600, fileStore={storeDir=/work/_sessions/shell, nonPersistentAttributes=[]}, enabled=true} - c.a.c.c.s.DefaultSessionManager.doInitialize(175)
DEBUG 2026-08-06 02:28:44.245 [root] DefaultSessionManager@7b598d05(shell) default maxIdleSecs=1800 - c.a.c.c.s.AbstractSessionManager.setDefaultMaxIdleSecs(176)
DEBUG 2026-08-06 02:28:44.245 [root] Initialized FileSessionStore@371cd2fc - c.a.c.c.AbstractComponent.initialize(80)
DEBUG 2026-08-06 02:28:44.246 [root] Initialized DefaultSessionCache@6cc8c13c(shell) - c.a.c.c.AbstractComponent.initialize(80)
DEBUG 2026-08-06 02:28:44.246 [root] com.aspectran.core.component.session.HouseKeeper@16df9bde(shell) is STARTING - c.a.u.l.AbstractLifeCycle.setStarting(183)
DEBUG 2026-08-06 02:28:44.247 [root] com.aspectran.core.component.session.HouseKeeper@16df9bde(shell) is STARTED - c.a.u.l.AbstractLifeCycle.setStarted(193)
DEBUG 2026-08-06 02:28:44.247 [root] Initialized DefaultSessionManager@7b598d05(shell) - c.a.c.c.AbstractComponent.initialize(80)
DEBUG 2026-08-06 02:28:44.248 [root] Advice {type=before, action={echo={attributes=[data]}}} - c.a.c.activity.AdviceActivity.executeAdvice(351)
DEBUG 2026-08-06 02:28:44.252 [root] Destroy request scoped beans from RequestScope@23321be7 - c.a.c.c.b.scope.AbstractScope.destroy(112)
INFO  2026-08-06 02:28:46.235 [Thread-0] Scheduler AppmonScheduler_$_NON_CLUSTERED started. - o.quartz.core.QuartzScheduler.start(541)
DEBUG 2026-08-06 02:30:37.124 [shutdown] Running all shutdown-hook tasks: 1 - c.aspectran.utils.ShutdownHook.runTasks(147)
DEBUG 2026-08-06 02:30:37.125 [shutdown] Running task [1/1]: Stop DefaultShellService@4310d43(root) - c.aspectran.utils.ShutdownHook.runTasks(156)
DEBUG 2026-08-06 02:30:37.126 [root] com.aspectran.core.component.session.HouseKeeper@16df9bde(shell) is STOPPING - c.a.u.l.AbstractLifeCycle.setStopping(203)
DEBUG 2026-08-06 02:30:37.127 [root] com.aspectran.core.component.session.HouseKeeper@16df9bde {scavengingInterval=600000} used by DefaultSessionManager@7b598d05(shell) is STOPPED - c.a.u.l.AbstractLifeCycle.setStopped(213)
DEBUG 2026-08-06 02:30:37.128 [root] Destroyed FileSessionStore@371cd2fc - c.a.c.c.AbstractComponent.destroy(99)
DEBUG 2026-08-06 02:30:37.129 [root] Destroyed DefaultSessionCache@6cc8c13c(shell) - c.a.c.c.AbstractComponent.destroy(99)
DEBUG 2026-08-06 02:30:37.130 [root] Destroyed DefaultSessionManager@7b598d05(shell) - c.a.c.c.AbstractComponent.destroy(99)
INFO  2026-08-06 02:30:37.132 [root] Stopping DefaultWebService@6ef7623(root) - c.a.c.s.AbstractServiceLifeCycle.stop(164)
INFO  2026-08-06 02:30:37.133 [root] Stopped DefaultWebService@6ef7623(root) - c.a.c.s.AbstractServiceLifeCycle.stop(168)
INFO  2026-08-06 02:30:37.135 [root:console] Stopping DefaultSchedulerService@9f1ca74 - c.a.c.s.AbstractServiceLifeCycle.stop(164)
INFO  2026-08-06 02:30:37.136 [root:console] Shutting down the scheduler 'AppmonScheduler' with waitForJobsToComplete=true - c.a.c.s.s.AbstractSchedulerService.doStop(218)
INFO  2026-08-06 02:30:37.136 [root:console] Scheduler AppmonScheduler_$_NON_CLUSTERED shutting down. - o.quartz.core.QuartzScheduler.shutdown(656)
INFO  2026-08-06 02:30:37.137 [root:console] Scheduler AppmonScheduler_$_NON_CLUSTERED paused. - o.quartz.core.QuartzScheduler.standby(576)
INFO  2026-08-06 02:30:37.549 [root:console] Scheduler AppmonScheduler_$_NON_CLUSTERED shutdown complete. - o.quartz.core.QuartzScheduler.shutdown(728)
INFO  2026-08-06 02:30:37.550 [root:console] Stopped DefaultSchedulerService@9f1ca74 - c.a.c.s.AbstractServiceLifeCycle.stop(168)
INFO  2026-08-06 02:30:37.550 [root:console] Stopping DefaultWebService@3122b117(console) - c.a.c.s.AbstractServiceLifeCycle.stop(164)
DEBUG 2026-08-06 02:30:37.551 [root:console] Destroying all cached resources... - c.a.c.s.DefaultCoreService.destroyActivityContext(176)
DEBUG 2026-08-06 02:30:37.552 [root:console] Destroying singletons in com.aspectran.core.component.bean.DefaultBeanRegistry@53e3a87a - c.a.c.c.b.AbstractBeanRegistry.destroySingletons(464)
DEBUG 2026-08-06 02:30:37.552 [root:console] Destroy singleton scoped beans from SingletonScope@390a9fde - c.a.c.c.b.scope.AbstractScope.destroy(112)
DEBUG 2026-08-06 02:30:37.554 [root:console] Destroyed PollingSessionManager@350f18a6 - c.a.c.c.AbstractComponent.destroy(99)
INFO  2026-08-06 02:30:37.555 [root:console] Stopping NodeReporter for node: localhost-console1 - c.a.a.n.manager.NodeReporter.stop(95)
DEBUG 2026-08-06 02:30:37.558 [root:console] Registering node 'localhost-console1' in Redis hash 'aspectow:cluster:nodes:cluster1': {id=localhost-console1, group=console, host=juhoN21, port=8082, status=stopping, endpoint={path=/nodes}, token=WwDIO0jJTWdAh8mAiElK7PNGUEvWUPCNJQzjGey6xdvyF0TLJis_F4m6ThtSg5YTIi_r24Rzr8WiuMZWeI6oxbq8uCa8zXzq, hasNodeManager=true, hasSchedulerManager=true, hasCommandManager=true} - c.a.a.n.manager.NodeReporter.registerNode(141)
DEBUG 2026-08-06 02:30:37.600 [root:console] Unregistering node 'localhost-console1' from cluster 'cluster1' - c.a.a.n.manager.NodeReporter.unregisterNode(212)
INFO  2026-08-06 02:30:37.706 [root:console] Cleaning up orphaned group metadata: console (Cluster: cluster1) - c.a.a.n.manager.NodeRegistry.cleanupOrphanedGroups(324)
INFO  2026-08-06 02:30:37.730 [root:console] Closing Redis connection pool for node: localhost-console1 - c.a.a.node.manager.NodeManager.destroy(343)
INFO  2026-08-06 02:30:37.744 [root:console] NodeManager destroyed successfully for node: localhost-console1 - c.a.a.node.manager.NodeManager.destroy(350)
DEBUG 2026-08-06 02:30:37.745 [root:console] Destroyed DefaultBeanRegistry@53e3a87a - c.a.c.c.AbstractComponent.destroy(99)
DEBUG 2026-08-06 02:30:37.745 [root:console] Destroyed TemplateRuleRegistry@18dac12f - c.a.c.c.AbstractComponent.destroy(99)
DEBUG 2026-08-06 02:30:37.745 [root:console] Destroyed DefaultTemplateRenderer@36cfe107 - c.a.c.c.AbstractComponent.destroy(99)
DEBUG 2026-08-06 02:30:37.746 [root:console] Destroyed TransletRuleRegistry@4e2109fe - c.a.c.c.AbstractComponent.destroy(99)
DEBUG 2026-08-06 02:30:37.746 [root:console] Destroyed ScheduleRuleRegistry@26101efc - c.a.c.c.AbstractComponent.destroy(99)
DEBUG 2026-08-06 02:30:37.746 [root:console] Destroyed AspectRuleRegistry@78bad03b - c.a.c.c.AbstractComponent.destroy(99)
DEBUG 2026-08-06 02:30:37.747 [root:console] Destroyed TypeConverterRegistry@4dafba3e - c.a.c.c.AbstractComponent.destroy(99)
DEBUG 2026-08-06 02:30:37.747 [root:console] Destroyed DefaultActivityContext@100eeedc - c.a.c.c.AbstractComponent.destroy(99)
INFO  2026-08-06 02:30:37.747 [root:console] Stopped DefaultWebService@3122b117 - c.a.c.s.AbstractServiceLifeCycle.stop(168)
INFO  2026-08-06 02:30:37.748 [root] Stopping DefaultShellService@4310d43(root) - c.a.c.s.AbstractServiceLifeCycle.stop(164)
DEBUG 2026-08-06 02:30:37.748 [root] Destroying all cached resources... - c.a.c.s.DefaultCoreService.destroyActivityContext(176)
DEBUG 2026-08-06 02:30:37.748 [root] Destroying singletons in com.aspectran.core.component.bean.DefaultBeanRegistry@6239aba6 - c.a.c.c.b.AbstractBeanRegistry.destroySingletons(464)
DEBUG 2026-08-06 02:30:37.749 [root] Destroy singleton scoped beans from SingletonScope@374c9dda - c.a.c.c.b.scope.AbstractScope.destroy(112)
DEBUG 2026-08-06 02:30:37.749 [root] com.aspectran.undertow.server.DefaultTowServer@79517588 is STOPPING - c.a.u.l.AbstractLifeCycle.setStopping(203)
INFO  2026-08-06 02:30:37.751 [root] WebActivityServlet 'webActivityServlet' has been destroyed. - c.a.w.s.WebActivityServlet.destroy(141)
DEBUG 2026-08-06 02:30:37.752 [root] com.aspectran.core.component.session.HouseKeeper@1edb61b1(cn0) is STOPPING - c.a.u.l.AbstractLifeCycle.setStopping(203)
DEBUG 2026-08-06 02:30:37.752 [root] com.aspectran.core.component.session.HouseKeeper@1edb61b1 {scavengingInterval=180000} used by DefaultSessionManager@54ec8cc9(cn0) is STOPPED - c.a.u.l.AbstractLifeCycle.setStopped(213)
DEBUG 2026-08-06 02:30:37.753 [root] Destroyed FileSessionStore@5528a42c - c.a.c.c.AbstractComponent.destroy(99)
DEBUG 2026-08-06 02:30:37.753 [root] Destroyed DefaultSessionCache@52eacb4b(cn0) - c.a.c.c.AbstractComponent.destroy(99)
DEBUG 2026-08-06 02:30:37.754 [root] Destroyed DefaultSessionManager@54ec8cc9(cn0) - c.a.c.c.AbstractComponent.destroy(99)
INFO  2026-08-06 02:30:37.754 [root] WebActivityServlet 'webActivityServlet' has been destroyed. - c.a.w.s.WebActivityServlet.destroy(141)
DEBUG 2026-08-06 02:30:37.755 [root] com.aspectran.core.component.session.HouseKeeper@363f6148(rn0) is STOPPING - c.a.u.l.AbstractLifeCycle.setStopping(203)
DEBUG 2026-08-06 02:30:37.756 [root] com.aspectran.core.component.session.HouseKeeper@363f6148 {scavengingInterval=90000} used by DefaultSessionManager@6063d80a(rn0) is STOPPED - c.a.u.l.AbstractLifeCycle.setStopped(213)
DEBUG 2026-08-06 02:30:37.756 [root] Destroyed FileSessionStore@48c40605 - c.a.c.c.AbstractComponent.destroy(99)
DEBUG 2026-08-06 02:30:37.757 [root] Destroyed DefaultSessionCache@770d0ea6(rn0) - c.a.c.c.AbstractComponent.destroy(99)
DEBUG 2026-08-06 02:30:37.757 [root] Destroyed DefaultSessionManager@6063d80a(rn0) - c.a.c.c.AbstractComponent.destroy(99)
INFO  2026-08-06 02:30:37.758 [root] stopping server: Undertow - 2.3.26.Final - io.undertow.stop(259)
INFO  2026-08-06 02:30:37.764 [root] Undertow 2.3.26.Final stopped - c.a.u.server.DefaultTowServer.doStop(79)
DEBUG 2026-08-06 02:30:37.765 [root] com.aspectran.undertow.server.DefaultTowServer@79517588 is STOPPED - c.a.u.l.AbstractLifeCycle.setStopped(213)
DEBUG 2026-08-06 02:30:37.765 [root] Destroyed DefaultBeanRegistry@6239aba6 - c.a.c.c.AbstractComponent.destroy(99)
DEBUG 2026-08-06 02:30:37.765 [root] Destroyed TemplateRuleRegistry@5c41d037 - c.a.c.c.AbstractComponent.destroy(99)
DEBUG 2026-08-06 02:30:37.766 [root] Destroyed DefaultTemplateRenderer@2234078 - c.a.c.c.AbstractComponent.destroy(99)
DEBUG 2026-08-06 02:30:37.766 [root] Destroyed TransletRuleRegistry@779de014 - c.a.c.c.AbstractComponent.destroy(99)
DEBUG 2026-08-06 02:30:37.767 [root] Destroyed ScheduleRuleRegistry@757529a4 - c.a.c.c.AbstractComponent.destroy(99)
DEBUG 2026-08-06 02:30:37.767 [root] Destroyed AspectRuleRegistry@4303b7f0 - c.a.c.c.AbstractComponent.destroy(99)
DEBUG 2026-08-06 02:30:37.767 [root] Destroyed TypeConverterRegistry@49c66ade - c.a.c.c.AbstractComponent.destroy(99)
DEBUG 2026-08-06 02:30:37.768 [root] Destroyed DefaultActivityContext@3eb631b8 - c.a.c.c.AbstractComponent.destroy(99)
INFO  2026-08-06 02:30:37.768 [root] Stopped DefaultShellService@4310d43 - c.a.c.s.AbstractServiceLifeCycle.stop(168)
DEBUG 2026-08-06 02:30:37.769 [shutdown] Releasing lock on /home/aspectran/projects/public/aspectow-demo-console/app/.lock - c.aspectran.utils.FileLocker.release(142)
DEBUG 2026-08-06 02:30:37.770 [shutdown] Removed shutdown-hook: Thread[#28,shutdown,5,main] - c.aspectran.utils.ShutdownHook.run(68)
DEBUG 2026-08-06 02:30:42.963 [main] Acquiring lock on /home/aspectran/projects/public/aspectow-demo-console/app/.lock - c.aspectran.utils.FileLocker.lock(93)
DEBUG 2026-08-06 02:30:43.033 [main] Successfully wrote PID 11444 to /home/aspectran/projects/public/aspectow-demo-console/app/.lock - c.aspectran.utils.FileLocker.lock(121)
DEBUG 2026-08-06 02:30:43.035 [main] Registering shutdown-hook: Thread[#28,shutdown,5,main] - c.aspectran.utils.ShutdownHook.registerHook(112)
DEBUG 2026-08-06 02:30:43.036 [main] Adding shutdown-hook task: Stop DefaultShellService@1b11171f - c.aspectran.utils.ShutdownHook.addTask(76)
INFO  2026-08-06 02:30:43.038 [root] Starting DefaultShellService@1b11171f - c.a.c.s.AbstractServiceLifeCycle.start(117)
INFO  2026-08-06 02:30:43.038 [root] Building ActivityContext with context rules [/config/app-description.xml, /config/aspectran-rules.xml, /config/server/server.xml] - c.a.c.c.b.HybridActivityContextBuilder.doBuild(120)
DEBUG 2026-08-06 02:30:43.039 [root] Running in an IDE environment, so the resource locations [/home/aspectran/projects/public/aspectow-demo-console/app/lib/ext] will be ignored to avoid class loading conflicts - c.a.c.c.b.AbstractActivityContextBuilder.createSiblingClassLoader(387)
DEBUG 2026-08-06 02:30:43.041 [root] Sweeping /home/aspectran/projects/public/aspectow-demo-console/app/work/* for old resource files - c.a.c.c.r.LocalResourceManager.sweepWorkResourceFiles(236)
INFO  2026-08-06 02:30:43.046 [root] Default profiles [dev] - c.a.c.c.e.EnvironmentProfiles.setDefaultProfiles(154)
INFO  2026-08-06 02:30:43.047 [root] Activating profiles [dev] - c.a.c.c.e.EnvironmentProfiles.setActiveProfiles(205)
DEBUG 2026-08-06 02:30:43.128 [root] Appending rules {file=/config/server/undertow/tow-server.xml, format=xml} - c.a.c.c.r.a.HybridRuleAppendHandler.handle(109)
DEBUG 2026-08-06 02:30:43.148 [root] Appending rules {file=/config/server/undertow/tow-context-root.xml, format=xml} - c.a.c.c.r.a.HybridRuleAppendHandler.handle(109)
DEBUG 2026-08-06 02:30:43.162 [root] Appending rules {file=/config/server/undertow/tow-context-console.xml, format=xml} - c.a.c.c.r.a.HybridRuleAppendHandler.handle(109)
DEBUG 2026-08-06 02:30:43.167 [root] Appending rules {resource=com/aspectran/aspectow/console/config/rules/context/tow-context-console.xml} - c.a.c.c.r.a.HybridRuleAppendHandler.handle(109)
DEBUG 2026-08-06 02:30:43.176 [root] Appending rules {file=/config/server/undertow/tow-support.xml, format=xml} - c.a.c.c.r.a.HybridRuleAppendHandler.handle(109)
DEBUG 2026-08-06 02:30:43.189 [root] Parsing for ID-based bean rules: 14 - c.a.c.c.b.AnnotatedConfigParser.parse(176)
DEBUG 2026-08-06 02:30:43.228 [root] Parsing for type-based bean rules: 22 - c.a.c.c.b.AnnotatedConfigParser.parse(192)
INFO  2026-08-06 02:30:43.242 [root] ActivityContext build completed in 203 ms - c.a.c.c.b.HybridActivityContextBuilder.doBuild(203)
DEBUG 2026-08-06 02:30:43.246 [root] Initialized TypeConverterRegistry@7164ca4c - c.a.c.c.AbstractComponent.initialize(80)
DEBUG 2026-08-06 02:30:43.247 [root] Initializing singletons in com.aspectran.core.component.bean.DefaultBeanRegistry@4f3bbf68 - c.a.c.c.b.AbstractBeanRegistry.instantiateSingletons(427)
DEBUG 2026-08-06 02:30:43.279 [root] com.aspectran.undertow.server.DefaultTowServer@289710d9 is STARTING - c.a.u.l.AbstractLifeCycle.setStarting(183)
INFO  2026-08-06 02:30:43.365 [root] XNIO version 3.8.16.Final - org.xnio.<clinit>(95)
INFO  2026-08-06 02:30:43.373 [root] XNIO NIO Implementation Version 3.8.16.Final - org.xnio.nio.<clinit>(58)
DEBUG 2026-08-06 02:30:43.499 [root] Initializing DefaultSessionManager@60cf80e7 {workerName=rn0, maxActiveSessions=9999, maxIdleSeconds=489, evictionIdleSeconds=258, maxIdleSecondsForNew=60, evictionIdleSecondsForNew=30, scavengingIntervalSeconds=90, clusterEnabled=false} - c.a.c.c.s.DefaultSessionManager.doInitialize(175)
DEBUG 2026-08-06 02:30:43.500 [root] DefaultSessionManager@60cf80e7(rn0) default maxIdleSecs=489 - c.a.c.c.s.AbstractSessionManager.setDefaultMaxIdleSecs(176)
DEBUG 2026-08-06 02:30:43.505 [root] Initialized FileSessionStore@2f2bf0e2 - c.a.c.c.AbstractComponent.initialize(80)
DEBUG 2026-08-06 02:30:43.506 [root] Initialized DefaultSessionCache@3bd7f8dc(rn0) - c.a.c.c.AbstractComponent.initialize(80)
DEBUG 2026-08-06 02:30:43.508 [root] com.aspectran.core.component.session.HouseKeeper@455351c4(rn0) is STARTING - c.a.u.l.AbstractLifeCycle.setStarting(183)
DEBUG 2026-08-06 02:30:43.511 [root] com.aspectran.core.component.session.HouseKeeper@455351c4(rn0) is STARTED - c.a.u.l.AbstractLifeCycle.setStarted(193)
DEBUG 2026-08-06 02:30:43.511 [root] Initialized DefaultSessionManager@60cf80e7(rn0) - c.a.c.c.AbstractComponent.initialize(80)
DEBUG 2026-08-06 02:30:43.516 [root] Register session listener com.aspectran.undertow.server.session.TowSessionListener@758f4f03 in DefaultSessionManager@60cf80e7(rn0) - c.a.c.c.s.AbstractSessionManager.addSessionListener(500)
DEBUG 2026-08-06 02:30:43.516 [root] Register session listener com.aspectran.undertow.server.session.TowSessionListener@6928f576 in DefaultSessionManager@60cf80e7(rn0) - c.a.c.c.s.AbstractSessionManager.addSessionListener(500)
DEBUG 2026-08-06 02:30:43.558 [root] Initializing DefaultSessionManager@ec2bf82 {workerName=cn0, maxActiveSessions=999, maxIdleSeconds=600, evictionIdleSeconds=300, scavengingIntervalSeconds=180, clusterEnabled=false} - c.a.c.c.s.DefaultSessionManager.doInitialize(175)
DEBUG 2026-08-06 02:30:43.559 [root] DefaultSessionManager@ec2bf82(cn0) default maxIdleSecs=600 - c.a.c.c.s.AbstractSessionManager.setDefaultMaxIdleSecs(176)
DEBUG 2026-08-06 02:30:43.559 [root] Initialized FileSessionStore@6cc0bcf6 - c.a.c.c.AbstractComponent.initialize(80)
DEBUG 2026-08-06 02:30:43.560 [root] Initialized DefaultSessionCache@cc62a3b(cn0) - c.a.c.c.AbstractComponent.initialize(80)
DEBUG 2026-08-06 02:30:43.560 [root] com.aspectran.core.component.session.HouseKeeper@f5c79a6(cn0) is STARTING - c.a.u.l.AbstractLifeCycle.setStarting(183)
DEBUG 2026-08-06 02:30:43.561 [root] com.aspectran.core.component.session.HouseKeeper@f5c79a6(cn0) is STARTED - c.a.u.l.AbstractLifeCycle.setStarted(193)
DEBUG 2026-08-06 02:30:43.562 [root] Initialized DefaultSessionManager@ec2bf82(cn0) - c.a.c.c.AbstractComponent.initialize(80)
DEBUG 2026-08-06 02:30:43.562 [root] Register session listener com.aspectran.undertow.server.session.TowSessionListener@51a06cbe in DefaultSessionManager@ec2bf82(cn0) - c.a.c.c.s.AbstractSessionManager.addSessionListener(500)
DEBUG 2026-08-06 02:30:43.562 [root] Register session listener com.aspectran.undertow.server.session.TowSessionListener@49a64d82 in DefaultSessionManager@ec2bf82(cn0) - c.a.c.c.s.AbstractSessionManager.addSessionListener(500)
INFO  2026-08-06 02:30:43.575 [root] WebActivityServlet 'webActivityServlet' has been initialized. - c.a.w.s.WebActivityServlet.init(101)
INFO  2026-08-06 02:30:43.579 [root] TowResourceHandler includePatterns=[/console/assets/js/**, /console/assets/css/**, /console/assets/appmon/css/**, /console/assets/appmon/js/**] - c.a.u.s.h.r.TowResourceHandler.autoDetect(142)
INFO  2026-08-06 02:30:43.592 [root] WebActivityServlet 'webActivityServlet' has been initialized. - c.a.w.s.WebActivityServlet.init(101)
INFO  2026-08-06 02:30:43.593 [root] TowResourceHandler includePatterns=[/favicon.ico, /WEB-INF/**] - c.a.u.s.h.r.TowResourceHandler.autoDetect(142)
INFO  2026-08-06 02:30:43.621 [root] starting server: Undertow - 2.3.26.Final - io.undertow.start(120)
INFO  2026-08-06 02:30:43.665 [root] Undertow 2.3.26.Final started - c.a.u.server.DefaultTowServer.doStart(54)
DEBUG 2026-08-06 02:30:43.666 [root] com.aspectran.undertow.server.DefaultTowServer@289710d9 is STARTED - c.a.u.l.AbstractLifeCycle.setStarted(193)
DEBUG 2026-08-06 02:30:43.667 [root] Initialized DefaultBeanRegistry@4f3bbf68 - c.a.c.c.AbstractComponent.initialize(80)
DEBUG 2026-08-06 02:30:43.667 [root] Initialized AspectRuleRegistry@4642b71d - c.a.c.c.AbstractComponent.initialize(80)
DEBUG 2026-08-06 02:30:43.667 [root] Initialized ScheduleRuleRegistry@1450078a - c.a.c.c.AbstractComponent.initialize(80)
DEBUG 2026-08-06 02:30:43.668 [root] Initialized TransletRuleRegistry@c68a5f8 - c.a.c.c.AbstractComponent.initialize(80)
DEBUG 2026-08-06 02:30:43.668 [root] Initialized TemplateRuleRegistry@69c6161d - c.a.c.c.AbstractComponent.initialize(80)
DEBUG 2026-08-06 02:30:43.669 [root] Initialized DefaultTemplateRenderer@3aefae67 - c.a.c.c.AbstractComponent.initialize(80)
DEBUG 2026-08-06 02:30:43.670 [root] Unable to locate MessageSource with name 'messageSource': using default [com.aspectran.core.support.i18n.message.DelegatingMessageSource@41e1455d] - c.a.c.c.DefaultActivityContext.resolveMessageSource(347)
DEBUG 2026-08-06 02:30:43.671 [root] Initialized DefaultActivityContext@4d6f197e - c.a.c.c.AbstractComponent.initialize(80)
INFO  2026-08-06 02:30:43.673 [root] Started DefaultShellService@1b11171f(root) - c.a.c.s.AbstractServiceLifeCycle.start(121)
INFO  2026-08-06 02:30:43.673 [root] Starting DefaultWebService@66908383(root) - c.a.c.s.AbstractServiceLifeCycle.start(117)
INFO  2026-08-06 02:30:43.674 [root] Started DefaultWebService@66908383(root) - c.a.c.s.AbstractServiceLifeCycle.start(121)
INFO  2026-08-06 02:30:43.676 [root:console] Starting DefaultWebService@61e45f87 - c.a.c.s.AbstractServiceLifeCycle.start(117)
INFO  2026-08-06 02:30:43.676 [root:console] Building ActivityContext with context rules [classpath:com/aspectran/aspectow/console/config/rules/root.xml, /config/console/console-rules.xml] - c.a.c.c.b.HybridActivityContextBuilder.doBuild(120)
INFO  2026-08-06 02:30:43.677 [root:console] Base profiles [mariadb, demo, console.ui] - c.a.c.c.e.EnvironmentProfiles.setBaseProfiles(100)
INFO  2026-08-06 02:30:43.677 [root:console] Ignored base profiles [h2] - c.a.c.c.b.AbstractActivityContextBuilder.createEnvironmentProfiles(424)
INFO  2026-08-06 02:30:43.678 [root:console] Default profiles [dev] - c.a.c.c.e.EnvironmentProfiles.setDefaultProfiles(154)
INFO  2026-08-06 02:30:43.679 [root:console] Activating profiles [dev] - c.a.c.c.e.EnvironmentProfiles.setActiveProfiles(205)
INFO  2026-08-06 02:30:43.679 [root:console] Auto Components Scanning {basePackages=[com.aspectran.aspectow.appmon.engine, com.aspectran.aspectow.console.appmon, com.aspectran.aspectow.console.auth, com.aspectran.aspectow.console.cluster, com.aspectran.aspectow.console.commands, com.aspectran.aspectow.console.common, com.aspectran.aspectow.console.framework, com.aspectran.aspectow.console.home, com.aspectran.aspectow.console.scheduler, com.aspectran.aspectow.console.user, com.aspectran.aspectow.console.vault]} - c.a.c.c.bean.BeanRuleRegistry.scanConfigurableBeans(312)
DEBUG 2026-08-06 02:30:43.682 [root:console] Scanning components from /home/aspectran/projects/public/aspectow/appmon/target/classes/com/aspectran/aspectow/appmon/engine/ - c.aspectran.utils.ClassScanner.scan(128)
DEBUG 2026-08-06 02:30:43.734 [root:console] Scanning components from /home/aspectran/projects/public/aspectow/console/target/classes/com/aspectran/aspectow/console/appmon/ - c.aspectran.utils.ClassScanner.scan(128)
DEBUG 2026-08-06 02:30:43.736 [root:console] Scanning components from /home/aspectran/projects/public/aspectow/console/target/classes/com/aspectran/aspectow/console/auth/ - c.aspectran.utils.ClassScanner.scan(128)
DEBUG 2026-08-06 02:30:43.739 [root:console] Scanning components from /home/aspectran/projects/public/aspectow/console/target/classes/com/aspectran/aspectow/console/cluster/ - c.aspectran.utils.ClassScanner.scan(128)
DEBUG 2026-08-06 02:30:43.743 [root:console] Scanning components from /home/aspectran/projects/public/aspectow/console/target/classes/com/aspectran/aspectow/console/commands/ - c.aspectran.utils.ClassScanner.scan(128)
DEBUG 2026-08-06 02:30:43.748 [root:console] Scanning components from /home/aspectran/projects/public/aspectow/console/target/classes/com/aspectran/aspectow/console/common/ - c.aspectran.utils.ClassScanner.scan(128)
DEBUG 2026-08-06 02:30:43.756 [root:console] Scanning components from /home/aspectran/projects/public/aspectow/console/target/classes/com/aspectran/aspectow/console/framework/ - c.aspectran.utils.ClassScanner.scan(128)
DEBUG 2026-08-06 02:30:43.760 [root:console] Scanning components from /home/aspectran/projects/public/aspectow/console/target/classes/com/aspectran/aspectow/console/home/ - c.aspectran.utils.ClassScanner.scan(128)
DEBUG 2026-08-06 02:30:43.762 [root:console] Scanning components from /home/aspectran/projects/public/aspectow/console/target/classes/com/aspectran/aspectow/console/scheduler/ - c.aspectran.utils.ClassScanner.scan(128)
DEBUG 2026-08-06 02:30:43.765 [root:console] Scanning components from /home/aspectran/projects/public/aspectow/console/target/classes/com/aspectran/aspectow/console/user/ - c.aspectran.utils.ClassScanner.scan(128)
DEBUG 2026-08-06 02:30:43.767 [root:console] Scanning components from /home/aspectran/projects/public/aspectow/console/target/classes/com/aspectran/aspectow/console/vault/ - c.aspectran.utils.ClassScanner.scan(128)
DEBUG 2026-08-06 02:30:43.772 [root:console] Appending rules {resource=com/aspectran/aspectow/appmon/config/rules/scheduler.xml} - c.a.c.c.r.a.HybridRuleAppendHandler.handle(109)
DEBUG 2026-08-06 02:30:43.776 [root:console] Appending rules {resource=com/aspectran/aspectow/console/config/rules/db.xml} - c.a.c.c.r.a.HybridRuleAppendHandler.handle(109)
DEBUG 2026-08-06 02:30:43.785 [root:console] Appending rules {resource=com/aspectran/aspectow/console/config/rules/web.xml, profile=[console.ui, console.custom-ui]} - c.a.c.c.r.a.HybridRuleAppendHandler.handle(109)
DEBUG 2026-08-06 02:30:43.805 [root:console] Appending rules {resource=com/aspectran/aspectow/console/framework/asel-test-rules.xml, profile=[console.ui, console.custom-ui]} - c.a.c.c.r.a.HybridRuleAppendHandler.handle(109)
DEBUG 2026-08-06 02:30:43.811 [root:console] Appending rules {file=/config/console/node-rules.xml, format=xml} - c.a.c.c.r.a.HybridRuleAppendHandler.handle(109)
DEBUG 2026-08-06 02:30:43.821 [root:console] Appending rules {file=/config/console/appmon-rules.xml, format=xml} - c.a.c.c.r.a.HybridRuleAppendHandler.handle(109)
DEBUG 2026-08-06 02:30:43.824 [root:console] Parsing bean rules for annotated configurations: 45 - c.a.c.c.b.AnnotatedConfigParser.parse(158)
DEBUG 2026-08-06 02:30:43.906 [root:console] Parsing for ID-based bean rules: 29 - c.a.c.c.b.AnnotatedConfigParser.parse(176)
DEBUG 2026-08-06 02:30:43.914 [root:console] Parsing for type-based bean rules: 52 - c.a.c.c.b.AnnotatedConfigParser.parse(192)
INFO  2026-08-06 02:30:43.934 [root:console] ActivityContext build completed in 257 ms - c.a.c.c.b.HybridActivityContextBuilder.doBuild(203)
DEBUG 2026-08-06 02:30:43.935 [root:console] Initialized TypeConverterRegistry@74ad8d05 - c.a.c.c.AbstractComponent.initialize(80)
DEBUG 2026-08-06 02:30:43.935 [root:console] Initializing singletons in com.aspectran.core.component.bean.DefaultBeanRegistry@676ff3b0 - c.a.c.c.b.AbstractBeanRegistry.instantiateSingletons(427)
INFO  2026-08-06 02:30:43.960 [root:console] Using default implementation for ThreadExecutor - o.q.impl.StdSchedulerFactory.instantiate(1222)
INFO  2026-08-06 02:30:43.961 [root:console] Job execution threads will use class loader of thread: root:console - o.q.simpl.SimpleThreadPool.initialize(269)
INFO  2026-08-06 02:30:43.967 [root:console] Initialized Scheduler Signaller of type: class org.quartz.core.SchedulerSignalerImpl - o.q.core.SchedulerSignalerImpl.<init>(62)
INFO  2026-08-06 02:30:43.968 [root:console] Quartz Scheduler v2.5.2 created. - o.quartz.core.QuartzScheduler.<init>(224)
INFO  2026-08-06 02:30:43.968 [root:console] RAMJobStore initialized. - org.quartz.simpl.RAMJobStore.initialize(152)
INFO  2026-08-06 02:30:43.969 [root:console] Scheduler meta-data: Quartz Scheduler (v2.5.2) 'AppmonScheduler' with instanceId 'NON_CLUSTERED'
  Scheduler class: 'org.quartz.core.QuartzScheduler' - running locally.
  NOT STARTED.
  Currently in standby mode.
  Number of jobs executed: 0
  Using thread pool 'org.quartz.simpl.SimpleThreadPool' - with 1 threads.
  Using job-store 'org.quartz.simpl.RAMJobStore' - which does not support persistence. and is not clustered.
 - o.quartz.core.QuartzScheduler.initialize(289)
INFO  2026-08-06 02:30:43.970 [root:console] Quartz scheduler 'AppmonScheduler' initialized from an externally provided properties instance. - o.q.impl.StdSchedulerFactory.instantiate(1376)
INFO  2026-08-06 02:30:43.970 [root:console] Quartz scheduler version: 2.5.2 - o.q.impl.StdSchedulerFactory.instantiate(1378)
DEBUG 2026-08-06 02:30:43.972 [root:console] IGNORED - Invalid properties resource; java.io.IOException: Could not find resource com/aspectran/aspectow/console/config/db/aspectow-console.db-mariadb.properties - c.a.u.PropertiesLoaderSupport.loadProperties(152)
DEBUG 2026-08-06 02:30:43.973 [root:console] IGNORED - Invalid properties resource; java.io.IOException: Could not find resource com/aspectran/aspectow/console/config/db/aspectow-console.db-mariadb.system.properties - c.a.u.PropertiesLoaderSupport.loadProperties(152)
DEBUG 2026-08-06 02:30:44.528 [root:console] Unable to locate MessageSource with name 'messageSource': using default [com.aspectran.core.support.i18n.message.DelegatingMessageSource@42383cb0] - c.a.c.c.DefaultActivityContext.resolveMessageSource(347)
INFO  2026-08-06 02:30:44.610 [root:console] Current Node: localhost-console1 (Host: juhoN21) - c.a.a.n.m.NodeManagerBuilder.build(169)
INFO  2026-08-06 02:30:45.213 [root:console] Registered group info to Redis: aspectow:cluster:groups:cluster1 (Group: console) - c.a.a.n.m.NodeManagerBuilder.build(210)
INFO  2026-08-06 02:30:45.224 [root:console] Registered RedisScheduledJobLockProvider for cluster-wide job locking - c.a.a.n.m.NodeManagerBuilder.build(247)
INFO  2026-08-06 02:30:45.225 [root:console] Initializing NodeReporter for cluster: cluster1, node: localhost-console1 - c.a.a.n.manager.NodeReporter.start(70)
DEBUG 2026-08-06 02:30:45.229 [root:console] Registering node 'localhost-console1' in Redis hash 'aspectow:cluster:nodes:cluster1': {id=localhost-console1, group=console, host=juhoN21, port=8082, status=live, endpoint={path=/nodes}, token=korx1sACdMswfZ2xksDACmTSaKAibjhJmlHT9Cm10x01sOXm3egm7BQBTy5RfDWJutkX7Op0lYa50IwkGlqd3OFvzQLcSxL2, hasNodeManager=true, hasSchedulerManager=true, hasCommandManager=true} - c.a.a.n.manager.NodeReporter.registerNode(141)
INFO  2026-08-06 02:30:45.407 [root:console] NodeMessageSubscriber initialized and subscribed to pattern: aspectow:cluster:*:*:cluster1:localhost-console1:* - c.a.a.n.m.NodeMessageSubscriber.start(140)
INFO  2026-08-06 02:30:45.455 [root:console] ClusterEventSubscriber initialized and subscribed to channel: aspectow:cluster:event:cluster1 - c.a.a.n.m.ClusterEventSubscriber.start(121)
INFO  2026-08-06 02:30:45.456 [root:console] Initializing RemoteNodeManager for node: localhost-console1 - c.a.a.n.m.n.RemoteNodeManager.initialize(63)
INFO  2026-08-06 02:30:45.458 [root:console] Initializing RemoteSchedulerManager for node: localhost-console1 - c.a.a.n.m.s.RemoteSchedulerManager.initialize(113)
INFO  2026-08-06 02:30:45.459 [root:console] Initializing RemoteCommandManager for node: localhost-console1 - c.a.a.n.m.c.RemoteCommandManager.initialize(74)
DEBUG 2026-08-06 02:30:45.488 [root:console] Registered AspectRule {id=consoleTxAspect, order=0, joinpoint={target=activity, pointcut={type=wildcard, patterns=[{type=wildcard, pattern=@class:com.aspectran.aspectow.console.common.db.tx.ConsoleSqlSession}]}}, advices=[{type=before, action={instance=com.aspectran.mybatis.SqlSessionAdviceRegister$$Lambda/0x000000007b612460@3c9e19de}}, {type=after, action={instance=com.aspectran.mybatis.SqlSessionAdviceRegister$$Lambda/0x000000007b6126c0@12aa381f}}, {type=finally, action={instance=com.aspectran.mybatis.SqlSessionAdviceRegister$$Lambda/0x000000007b612b80@6115846e}}]} - c.a.m.SqlSessionAdviceRegister.register(294)
INFO  2026-08-06 02:30:45.508 [root:console] Registered app info to Redis: aspectow:cluster:apps:cluster1:console (Apps: []) - c.a.a.a.e.m.AppMonManagerBuilder.build(167)
DEBUG 2026-08-06 02:30:45.522 [root:console] Registered AspectRule {id=consoleBatchTxAspect, order=0, joinpoint={target=activity, pointcut={type=wildcard, patterns=[{type=wildcard, pattern=@class:com.aspectran.aspectow.console.common.db.tx.ConsoleBatchSqlSession}]}}, advices=[{type=before, action={instance=com.aspectran.mybatis.SqlSessionAdviceRegister$$Lambda/0x000000007b612460@1c171746}}, {type=after, action={instance=com.aspectran.mybatis.SqlSessionAdviceRegister$$Lambda/0x000000007b6126c0@79b7c350}}, {type=finally, action={instance=com.aspectran.mybatis.SqlSessionAdviceRegister$$Lambda/0x000000007b612b80@586737ff}}]} - c.a.m.SqlSessionAdviceRegister.register(294)
DEBUG 2026-08-06 02:30:45.541 [root:console] Registered AspectRule {id=consoleReuseTxAspect, order=0, joinpoint={target=activity, pointcut={type=wildcard, patterns=[{type=wildcard, pattern=@class:com.aspectran.aspectow.console.common.db.tx.ConsoleReuseSqlSession}]}}, advices=[{type=before, action={instance=com.aspectran.mybatis.SqlSessionAdviceRegister$$Lambda/0x000000007b612460@685e6a68}}, {type=after, action={instance=com.aspectran.mybatis.SqlSessionAdviceRegister$$Lambda/0x000000007b6126c0@2fb48970}}, {type=finally, action={instance=com.aspectran.mybatis.SqlSessionAdviceRegister$$Lambda/0x000000007b612b80@4e8d9bb6}}]} - c.a.m.SqlSessionAdviceRegister.register(294)
DEBUG 2026-08-06 02:30:45.545 [root:console] Initialized PollingSessionManager@b0d3e7 - c.a.c.c.AbstractComponent.initialize(80)
INFO  2026-08-06 02:30:45.553 [root:console] CounterPersistSchedule is dynamically set to run every 5 minutes - c.a.a.a.e.s.CounterPersistSchedule.initialize(115)
DEBUG 2026-08-06 02:30:45.557 [root:console] Initialized DefaultBeanRegistry@676ff3b0 - c.a.c.c.AbstractComponent.initialize(80)
DEBUG 2026-08-06 02:30:45.557 [root:console] Initialized AspectRuleRegistry@100eeedc - c.a.c.c.AbstractComponent.initialize(80)
DEBUG 2026-08-06 02:30:45.558 [root:console] Initialized ScheduleRuleRegistry@56266bda - c.a.c.c.AbstractComponent.initialize(80)
DEBUG 2026-08-06 02:30:45.558 [root:console] Initialized TransletRuleRegistry@18bb1b88 - c.a.c.c.AbstractComponent.initialize(80)
DEBUG 2026-08-06 02:30:45.558 [root:console] Initialized TemplateRuleRegistry@51b51641 - c.a.c.c.AbstractComponent.initialize(80)
DEBUG 2026-08-06 02:30:45.558 [root:console] Initialized DefaultTemplateRenderer@362a6aa5 - c.a.c.c.AbstractComponent.initialize(80)
DEBUG 2026-08-06 02:30:45.559 [root:console] Initialized DefaultActivityContext@53b7bf01 - c.a.c.c.AbstractComponent.initialize(80)
INFO  2026-08-06 02:30:45.561 [root:console] Started DefaultWebService@61e45f87(console) - c.a.c.s.AbstractServiceLifeCycle.start(121)
INFO  2026-08-06 02:30:45.562 [root:console] Starting DefaultSchedulerService@f9a5e3f - c.a.c.s.AbstractServiceLifeCycle.start(117)
INFO  2026-08-06 02:30:45.570 [root:console] Starting scheduler 'AppmonScheduler' - c.a.c.s.s.AbstractSchedulerService.doStart(192)
INFO  2026-08-06 02:30:45.571 [root:console] Started DefaultSchedulerService@f9a5e3f - c.a.c.s.AbstractServiceLifeCycle.start(121)
DEBUG 2026-08-06 02:30:45.572 [root:console] Registering @ServerEndpoint: class com.aspectran.aspectow.appmon.engine.relay.websocket.WebsocketMessageRelayer - c.a.w.w.j.ServerEndpointExporter.registerEndpoint(122)
INFO  2026-08-06 02:30:45.574 [root:console] UT026003: Adding annotated server endpoint class com.aspectran.aspectow.appmon.engine.relay.websocket.WebsocketMessageRelayer for path /nodes/{nodeId}/appmon/websocket/{token} - io.undertow.websockets.jsr.addEndpointInternal(647)
DEBUG 2026-08-06 02:30:45.578 [root:console] Registering @ServerEndpoint: class com.aspectran.aspectow.console.cluster.bridge.websocket.WebsocketNodeBridge - c.a.w.w.j.ServerEndpointExporter.registerEndpoint(122)
INFO  2026-08-06 02:30:45.578 [root:console] UT026003: Adding annotated server endpoint class com.aspectran.aspectow.console.cluster.bridge.websocket.WebsocketNodeBridge for path /nodes/{nodeId}/websocket/{token} - io.undertow.websockets.jsr.addEndpointInternal(647)
DEBUG 2026-08-06 02:30:45.579 [root:console] Registering @ServerEndpoint: class com.aspectran.aspectow.console.commands.bridge.websocket.WebsocketCommandBridge - c.a.w.w.j.ServerEndpointExporter.registerEndpoint(122)
INFO  2026-08-06 02:30:45.579 [root:console] UT026003: Adding annotated server endpoint class com.aspectran.aspectow.console.commands.bridge.websocket.WebsocketCommandBridge for path /nodes/{nodeId}/commands/websocket/{token} - io.undertow.websockets.jsr.addEndpointInternal(647)
DEBUG 2026-08-06 02:30:45.579 [root:console] Registering @ServerEndpoint: class com.aspectran.aspectow.console.scheduler.bridge.websocket.WebsocketSchedulerBridge - c.a.w.w.j.ServerEndpointExporter.registerEndpoint(122)
INFO  2026-08-06 02:30:45.580 [root:console] UT026003: Adding annotated server endpoint class com.aspectran.aspectow.console.scheduler.bridge.websocket.WebsocketSchedulerBridge for path /nodes/{nodeId}/scheduler/websocket/{token} - io.undertow.websockets.jsr.addEndpointInternal(647)
DEBUG 2026-08-06 02:30:45.581 [root] Initializing DefaultSessionManager@16df9bde {workerName=shell, maxActiveSessions=1, maxIdleSeconds=1800, scavengingIntervalSeconds=600, fileStore={storeDir=/work/_sessions/shell, nonPersistentAttributes=[]}, enabled=true} - c.a.c.c.s.DefaultSessionManager.doInitialize(175)
DEBUG 2026-08-06 02:30:45.581 [root] DefaultSessionManager@16df9bde(shell) default maxIdleSecs=1800 - c.a.c.c.s.AbstractSessionManager.setDefaultMaxIdleSecs(176)
DEBUG 2026-08-06 02:30:45.582 [root] Initialized FileSessionStore@5be7b749 - c.a.c.c.AbstractComponent.initialize(80)
DEBUG 2026-08-06 02:30:45.582 [root] Initialized DefaultSessionCache@478530cb(shell) - c.a.c.c.AbstractComponent.initialize(80)
DEBUG 2026-08-06 02:30:45.582 [root] com.aspectran.core.component.session.HouseKeeper@40a8a26f(shell) is STARTING - c.a.u.l.AbstractLifeCycle.setStarting(183)
DEBUG 2026-08-06 02:30:45.583 [root] com.aspectran.core.component.session.HouseKeeper@40a8a26f(shell) is STARTED - c.a.u.l.AbstractLifeCycle.setStarted(193)
DEBUG 2026-08-06 02:30:45.583 [root] Initialized DefaultSessionManager@16df9bde(shell) - c.a.c.c.AbstractComponent.initialize(80)
DEBUG 2026-08-06 02:30:45.584 [root] Advice {type=before, action={echo={attributes=[data]}}} - c.a.c.activity.AdviceActivity.executeAdvice(351)
DEBUG 2026-08-06 02:30:45.587 [root] Destroy request scoped beans from RequestScope@5aa7cfdf - c.a.c.c.b.scope.AbstractScope.destroy(112)
INFO  2026-08-06 02:30:47.572 [Thread-0] Scheduler AppmonScheduler_$_NON_CLUSTERED started. - o.quartz.core.QuartzScheduler.start(541)
DEBUG 2026-08-06 02:31:39.146 [shutdown] Running all shutdown-hook tasks: 1 - c.aspectran.utils.ShutdownHook.runTasks(147)
DEBUG 2026-08-06 02:31:39.147 [shutdown] Running task [1/1]: Stop DefaultShellService@1b11171f(root) - c.aspectran.utils.ShutdownHook.runTasks(156)
DEBUG 2026-08-06 02:31:39.147 [root] com.aspectran.core.component.session.HouseKeeper@40a8a26f(shell) is STOPPING - c.a.u.l.AbstractLifeCycle.setStopping(203)
DEBUG 2026-08-06 02:31:39.148 [root] com.aspectran.core.component.session.HouseKeeper@40a8a26f {scavengingInterval=600000} used by DefaultSessionManager@16df9bde(shell) is STOPPED - c.a.u.l.AbstractLifeCycle.setStopped(213)
DEBUG 2026-08-06 02:31:39.149 [root] Destroyed FileSessionStore@5be7b749 - c.a.c.c.AbstractComponent.destroy(99)
DEBUG 2026-08-06 02:31:39.150 [root] Destroyed DefaultSessionCache@478530cb(shell) - c.a.c.c.AbstractComponent.destroy(99)
DEBUG 2026-08-06 02:31:39.150 [root] Destroyed DefaultSessionManager@16df9bde(shell) - c.a.c.c.AbstractComponent.destroy(99)
INFO  2026-08-06 02:31:39.151 [root] Stopping DefaultWebService@66908383(root) - c.a.c.s.AbstractServiceLifeCycle.stop(164)
INFO  2026-08-06 02:31:39.152 [root] Stopped DefaultWebService@66908383(root) - c.a.c.s.AbstractServiceLifeCycle.stop(168)
INFO  2026-08-06 02:31:39.154 [root:console] Stopping DefaultSchedulerService@f9a5e3f - c.a.c.s.AbstractServiceLifeCycle.stop(164)
INFO  2026-08-06 02:31:39.154 [root:console] Shutting down the scheduler 'AppmonScheduler' with waitForJobsToComplete=true - c.a.c.s.s.AbstractSchedulerService.doStop(218)
INFO  2026-08-06 02:31:39.155 [root:console] Scheduler AppmonScheduler_$_NON_CLUSTERED shutting down. - o.quartz.core.QuartzScheduler.shutdown(656)
INFO  2026-08-06 02:31:39.155 [root:console] Scheduler AppmonScheduler_$_NON_CLUSTERED paused. - o.quartz.core.QuartzScheduler.standby(576)
INFO  2026-08-06 02:31:39.490 [root:console] Scheduler AppmonScheduler_$_NON_CLUSTERED shutdown complete. - o.quartz.core.QuartzScheduler.shutdown(728)
INFO  2026-08-06 02:31:39.491 [root:console] Stopped DefaultSchedulerService@f9a5e3f - c.a.c.s.AbstractServiceLifeCycle.stop(168)
INFO  2026-08-06 02:31:39.491 [root:console] Stopping DefaultWebService@61e45f87(console) - c.a.c.s.AbstractServiceLifeCycle.stop(164)
DEBUG 2026-08-06 02:31:39.492 [root:console] Destroying all cached resources... - c.a.c.s.DefaultCoreService.destroyActivityContext(176)
DEBUG 2026-08-06 02:31:39.492 [root:console] Destroying singletons in com.aspectran.core.component.bean.DefaultBeanRegistry@676ff3b0 - c.a.c.c.b.AbstractBeanRegistry.destroySingletons(464)
DEBUG 2026-08-06 02:31:39.493 [root:console] Destroy singleton scoped beans from SingletonScope@42348024 - c.a.c.c.b.scope.AbstractScope.destroy(112)
DEBUG 2026-08-06 02:31:39.494 [root:console] Destroyed PollingSessionManager@b0d3e7 - c.a.c.c.AbstractComponent.destroy(99)
INFO  2026-08-06 02:31:39.494 [root:console] Stopping NodeReporter for node: localhost-console1 - c.a.a.n.manager.NodeReporter.stop(95)
DEBUG 2026-08-06 02:31:39.496 [root:console] Registering node 'localhost-console1' in Redis hash 'aspectow:cluster:nodes:cluster1': {id=localhost-console1, group=console, host=juhoN21, port=8082, status=stopping, endpoint={path=/nodes}, token=DmyZKZ1S-KKH3xXTuZj9KXZgbZb5GyGSqfGfyWSKZvYlGnsxoZsPiTTg4kL2MT5aYCHVEjcq5ct_IjjoLX4IfYKPwHoRwKci, hasNodeManager=true, hasSchedulerManager=true, hasCommandManager=true} - c.a.a.n.manager.NodeReporter.registerNode(141)
DEBUG 2026-08-06 02:31:39.517 [root:console] Unregistering node 'localhost-console1' from cluster 'cluster1' - c.a.a.n.manager.NodeReporter.unregisterNode(212)
INFO  2026-08-06 02:31:39.555 [root:console] Cleaning up orphaned group metadata: console (Cluster: cluster1) - c.a.a.n.manager.NodeRegistry.cleanupOrphanedGroups(324)
INFO  2026-08-06 02:31:39.584 [root:console] Closing Redis connection pool for node: localhost-console1 - c.a.a.node.manager.NodeManager.destroy(343)
INFO  2026-08-06 02:31:39.606 [root:console] NodeManager destroyed successfully for node: localhost-console1 - c.a.a.node.manager.NodeManager.destroy(350)
DEBUG 2026-08-06 02:31:39.607 [root:console] Destroyed DefaultBeanRegistry@676ff3b0 - c.a.c.c.AbstractComponent.destroy(99)
DEBUG 2026-08-06 02:31:39.608 [root:console] Destroyed TemplateRuleRegistry@51b51641 - c.a.c.c.AbstractComponent.destroy(99)
DEBUG 2026-08-06 02:31:39.609 [root:console] Destroyed DefaultTemplateRenderer@362a6aa5 - c.a.c.c.AbstractComponent.destroy(99)
DEBUG 2026-08-06 02:31:39.609 [root:console] Destroyed TransletRuleRegistry@18bb1b88 - c.a.c.c.AbstractComponent.destroy(99)
DEBUG 2026-08-06 02:31:39.610 [root:console] Destroyed ScheduleRuleRegistry@56266bda - c.a.c.c.AbstractComponent.destroy(99)
DEBUG 2026-08-06 02:31:39.611 [root:console] Destroyed AspectRuleRegistry@100eeedc - c.a.c.c.AbstractComponent.destroy(99)
DEBUG 2026-08-06 02:31:39.611 [root:console] Destroyed TypeConverterRegistry@74ad8d05 - c.a.c.c.AbstractComponent.destroy(99)
DEBUG 2026-08-06 02:31:39.612 [root:console] Destroyed DefaultActivityContext@53b7bf01 - c.a.c.c.AbstractComponent.destroy(99)
INFO  2026-08-06 02:31:39.612 [root:console] Stopped DefaultWebService@61e45f87 - c.a.c.s.AbstractServiceLifeCycle.stop(168)
INFO  2026-08-06 02:31:39.613 [root] Stopping DefaultShellService@1b11171f(root) - c.a.c.s.AbstractServiceLifeCycle.stop(164)
DEBUG 2026-08-06 02:31:39.614 [root] Destroying all cached resources... - c.a.c.s.DefaultCoreService.destroyActivityContext(176)
DEBUG 2026-08-06 02:31:39.615 [root] Destroying singletons in com.aspectran.core.component.bean.DefaultBeanRegistry@4f3bbf68 - c.a.c.c.b.AbstractBeanRegistry.destroySingletons(464)
DEBUG 2026-08-06 02:31:39.615 [root] Destroy singleton scoped beans from SingletonScope@fa8c9d9 - c.a.c.c.b.scope.AbstractScope.destroy(112)
DEBUG 2026-08-06 02:31:39.616 [root] com.aspectran.undertow.server.DefaultTowServer@289710d9 is STOPPING - c.a.u.l.AbstractLifeCycle.setStopping(203)
INFO  2026-08-06 02:31:39.618 [root] WebActivityServlet 'webActivityServlet' has been destroyed. - c.a.w.s.WebActivityServlet.destroy(141)
DEBUG 2026-08-06 02:31:39.620 [root] com.aspectran.core.component.session.HouseKeeper@f5c79a6(cn0) is STOPPING - c.a.u.l.AbstractLifeCycle.setStopping(203)
DEBUG 2026-08-06 02:31:39.621 [root] com.aspectran.core.component.session.HouseKeeper@f5c79a6 {scavengingInterval=180000} used by DefaultSessionManager@ec2bf82(cn0) is STOPPED - c.a.u.l.AbstractLifeCycle.setStopped(213)
DEBUG 2026-08-06 02:31:39.622 [root] Destroyed FileSessionStore@6cc0bcf6 - c.a.c.c.AbstractComponent.destroy(99)
DEBUG 2026-08-06 02:31:39.622 [root] Destroyed DefaultSessionCache@cc62a3b(cn0) - c.a.c.c.AbstractComponent.destroy(99)
DEBUG 2026-08-06 02:31:39.623 [root] Destroyed DefaultSessionManager@ec2bf82(cn0) - c.a.c.c.AbstractComponent.destroy(99)
INFO  2026-08-06 02:31:39.624 [root] WebActivityServlet 'webActivityServlet' has been destroyed. - c.a.w.s.WebActivityServlet.destroy(141)
DEBUG 2026-08-06 02:31:39.624 [root] com.aspectran.core.component.session.HouseKeeper@455351c4(rn0) is STOPPING - c.a.u.l.AbstractLifeCycle.setStopping(203)
DEBUG 2026-08-06 02:31:39.625 [root] com.aspectran.core.component.session.HouseKeeper@455351c4 {scavengingInterval=90000} used by DefaultSessionManager@60cf80e7(rn0) is STOPPED - c.a.u.l.AbstractLifeCycle.setStopped(213)
DEBUG 2026-08-06 02:31:39.626 [root] Destroyed FileSessionStore@2f2bf0e2 - c.a.c.c.AbstractComponent.destroy(99)
DEBUG 2026-08-06 02:31:39.626 [root] Destroyed DefaultSessionCache@3bd7f8dc(rn0) - c.a.c.c.AbstractComponent.destroy(99)
DEBUG 2026-08-06 02:31:39.627 [root] Destroyed DefaultSessionManager@60cf80e7(rn0) - c.a.c.c.AbstractComponent.destroy(99)
INFO  2026-08-06 02:31:39.627 [root] stopping server: Undertow - 2.3.26.Final - io.undertow.stop(259)
INFO  2026-08-06 02:31:39.632 [root] Undertow 2.3.26.Final stopped - c.a.u.server.DefaultTowServer.doStop(79)
DEBUG 2026-08-06 02:31:39.633 [root] com.aspectran.undertow.server.DefaultTowServer@289710d9 is STOPPED - c.a.u.l.AbstractLifeCycle.setStopped(213)
DEBUG 2026-08-06 02:31:39.633 [root] Destroyed DefaultBeanRegistry@4f3bbf68 - c.a.c.c.AbstractComponent.destroy(99)
DEBUG 2026-08-06 02:31:39.634 [root] Destroyed TemplateRuleRegistry@69c6161d - c.a.c.c.AbstractComponent.destroy(99)
DEBUG 2026-08-06 02:31:39.634 [root] Destroyed DefaultTemplateRenderer@3aefae67 - c.a.c.c.AbstractComponent.destroy(99)
DEBUG 2026-08-06 02:31:39.635 [root] Destroyed TransletRuleRegistry@c68a5f8 - c.a.c.c.AbstractComponent.destroy(99)
DEBUG 2026-08-06 02:31:39.635 [root] Destroyed ScheduleRuleRegistry@1450078a - c.a.c.c.AbstractComponent.destroy(99)
DEBUG 2026-08-06 02:31:39.635 [root] Destroyed AspectRuleRegistry@4642b71d - c.a.c.c.AbstractComponent.destroy(99)
DEBUG 2026-08-06 02:31:39.636 [root] Destroyed TypeConverterRegistry@7164ca4c - c.a.c.c.AbstractComponent.destroy(99)
DEBUG 2026-08-06 02:31:39.636 [root] Destroyed DefaultActivityContext@4d6f197e - c.a.c.c.AbstractComponent.destroy(99)
INFO  2026-08-06 02:31:39.636 [root] Stopped DefaultShellService@1b11171f - c.a.c.s.AbstractServiceLifeCycle.stop(168)
DEBUG 2026-08-06 02:31:39.637 [shutdown] Releasing lock on /home/aspectran/projects/public/aspectow-demo-console/app/.lock - c.aspectran.utils.FileLocker.release(142)
DEBUG 2026-08-06 02:31:39.637 [shutdown] Removed shutdown-hook: Thread[#28,shutdown,5,main] - c.aspectran.utils.ShutdownHook.run(68)
DEBUG 2026-08-06 02:31:44.429 [main] Acquiring lock on /home/aspectran/projects/public/aspectow-demo-console/app/.lock - c.aspectran.utils.FileLocker.lock(93)
DEBUG 2026-08-06 02:31:44.501 [main] Successfully wrote PID 11916 to /home/aspectran/projects/public/aspectow-demo-console/app/.lock - c.aspectran.utils.FileLocker.lock(121)
DEBUG 2026-08-06 02:31:44.503 [main] Registering shutdown-hook: Thread[#28,shutdown,5,main] - c.aspectran.utils.ShutdownHook.registerHook(112)
DEBUG 2026-08-06 02:31:44.504 [main] Adding shutdown-hook task: Stop DefaultShellService@27f981c6 - c.aspectran.utils.ShutdownHook.addTask(76)
INFO  2026-08-06 02:31:44.505 [root] Starting DefaultShellService@27f981c6 - c.a.c.s.AbstractServiceLifeCycle.start(117)
INFO  2026-08-06 02:31:44.506 [root] Building ActivityContext with context rules [/config/app-description.xml, /config/aspectran-rules.xml, /config/server/server.xml] - c.a.c.c.b.HybridActivityContextBuilder.doBuild(120)
DEBUG 2026-08-06 02:31:44.507 [root] Running in an IDE environment, so the resource locations [/home/aspectran/projects/public/aspectow-demo-console/app/lib/ext] will be ignored to avoid class loading conflicts - c.a.c.c.b.AbstractActivityContextBuilder.createSiblingClassLoader(387)
DEBUG 2026-08-06 02:31:44.508 [root] Sweeping /home/aspectran/projects/public/aspectow-demo-console/app/work/* for old resource files - c.a.c.c.r.LocalResourceManager.sweepWorkResourceFiles(236)
INFO  2026-08-06 02:31:44.514 [root] Default profiles [dev] - c.a.c.c.e.EnvironmentProfiles.setDefaultProfiles(154)
INFO  2026-08-06 02:31:44.514 [root] Activating profiles [dev] - c.a.c.c.e.EnvironmentProfiles.setActiveProfiles(205)
DEBUG 2026-08-06 02:31:44.607 [root] Appending rules {file=/config/server/undertow/tow-server.xml, format=xml} - c.a.c.c.r.a.HybridRuleAppendHandler.handle(109)
DEBUG 2026-08-06 02:31:44.631 [root] Appending rules {file=/config/server/undertow/tow-context-root.xml, format=xml} - c.a.c.c.r.a.HybridRuleAppendHandler.handle(109)
DEBUG 2026-08-06 02:31:44.648 [root] Appending rules {file=/config/server/undertow/tow-context-console.xml, format=xml} - c.a.c.c.r.a.HybridRuleAppendHandler.handle(109)
DEBUG 2026-08-06 02:31:44.653 [root] Appending rules {resource=com/aspectran/aspectow/console/config/rules/context/tow-context-console.xml} - c.a.c.c.r.a.HybridRuleAppendHandler.handle(109)
DEBUG 2026-08-06 02:31:44.666 [root] Appending rules {file=/config/server/undertow/tow-support.xml, format=xml} - c.a.c.c.r.a.HybridRuleAppendHandler.handle(109)
DEBUG 2026-08-06 02:31:44.679 [root] Parsing for ID-based bean rules: 14 - c.a.c.c.b.AnnotatedConfigParser.parse(176)
DEBUG 2026-08-06 02:31:44.716 [root] Parsing for type-based bean rules: 22 - c.a.c.c.b.AnnotatedConfigParser.parse(192)
INFO  2026-08-06 02:31:44.729 [root] ActivityContext build completed in 223 ms - c.a.c.c.b.HybridActivityContextBuilder.doBuild(203)
DEBUG 2026-08-06 02:31:44.733 [root] Initialized TypeConverterRegistry@479460a6 - c.a.c.c.AbstractComponent.initialize(80)
DEBUG 2026-08-06 02:31:44.734 [root] Initializing singletons in com.aspectran.core.component.bean.DefaultBeanRegistry@7164ca4c - c.a.c.c.b.AbstractBeanRegistry.instantiateSingletons(427)
DEBUG 2026-08-06 02:31:44.768 [root] com.aspectran.undertow.server.DefaultTowServer@3da30852 is STARTING - c.a.u.l.AbstractLifeCycle.setStarting(183)
INFO  2026-08-06 02:31:44.852 [root] XNIO version 3.8.16.Final - org.xnio.<clinit>(95)
INFO  2026-08-06 02:31:44.862 [root] XNIO NIO Implementation Version 3.8.16.Final - org.xnio.nio.<clinit>(58)
DEBUG 2026-08-06 02:31:45.019 [root] Initializing DefaultSessionManager@24f360b2 {workerName=rn0, maxActiveSessions=9999, maxIdleSeconds=489, evictionIdleSeconds=258, maxIdleSecondsForNew=60, evictionIdleSecondsForNew=30, scavengingIntervalSeconds=90, clusterEnabled=false} - c.a.c.c.s.DefaultSessionManager.doInitialize(175)
DEBUG 2026-08-06 02:31:45.020 [root] DefaultSessionManager@24f360b2(rn0) default maxIdleSecs=489 - c.a.c.c.s.AbstractSessionManager.setDefaultMaxIdleSecs(176)
DEBUG 2026-08-06 02:31:45.026 [root] Initialized FileSessionStore@3bd7f8dc - c.a.c.c.AbstractComponent.initialize(80)
DEBUG 2026-08-06 02:31:45.026 [root] Initialized DefaultSessionCache@6cea706c(rn0) - c.a.c.c.AbstractComponent.initialize(80)
DEBUG 2026-08-06 02:31:45.028 [root] com.aspectran.core.component.session.HouseKeeper@19b30c92(rn0) is STARTING - c.a.u.l.AbstractLifeCycle.setStarting(183)
DEBUG 2026-08-06 02:31:45.031 [root] com.aspectran.core.component.session.HouseKeeper@19b30c92(rn0) is STARTED - c.a.u.l.AbstractLifeCycle.setStarted(193)
DEBUG 2026-08-06 02:31:45.032 [root] Initialized DefaultSessionManager@24f360b2(rn0) - c.a.c.c.AbstractComponent.initialize(80)
DEBUG 2026-08-06 02:31:45.036 [root] Register session listener com.aspectran.undertow.server.session.TowSessionListener@61edc883 in DefaultSessionManager@24f360b2(rn0) - c.a.c.c.s.AbstractSessionManager.addSessionListener(500)
DEBUG 2026-08-06 02:31:45.037 [root] Register session listener com.aspectran.undertow.server.session.TowSessionListener@182f1e9a in DefaultSessionManager@24f360b2(rn0) - c.a.c.c.s.AbstractSessionManager.addSessionListener(500)
DEBUG 2026-08-06 02:31:45.069 [root] Initializing DefaultSessionManager@1edb61b1 {workerName=cn0, maxActiveSessions=999, maxIdleSeconds=600, evictionIdleSeconds=300, scavengingIntervalSeconds=180, clusterEnabled=false} - c.a.c.c.s.DefaultSessionManager.doInitialize(175)
DEBUG 2026-08-06 02:31:45.070 [root] DefaultSessionManager@1edb61b1(cn0) default maxIdleSecs=600 - c.a.c.c.s.AbstractSessionManager.setDefaultMaxIdleSecs(176)
DEBUG 2026-08-06 02:31:45.071 [root] Initialized FileSessionStore@cc62a3b - c.a.c.c.AbstractComponent.initialize(80)
DEBUG 2026-08-06 02:31:45.071 [root] Initialized DefaultSessionCache@ec2bf82(cn0) - c.a.c.c.AbstractComponent.initialize(80)
DEBUG 2026-08-06 02:31:45.072 [root] com.aspectran.core.component.session.HouseKeeper@32f61a31(cn0) is STARTING - c.a.u.l.AbstractLifeCycle.setStarting(183)
DEBUG 2026-08-06 02:31:45.073 [root] com.aspectran.core.component.session.HouseKeeper@32f61a31(cn0) is STARTED - c.a.u.l.AbstractLifeCycle.setStarted(193)
DEBUG 2026-08-06 02:31:45.073 [root] Initialized DefaultSessionManager@1edb61b1(cn0) - c.a.c.c.AbstractComponent.initialize(80)
DEBUG 2026-08-06 02:31:45.074 [root] Register session listener com.aspectran.undertow.server.session.TowSessionListener@5305c37d in DefaultSessionManager@1edb61b1(cn0) - c.a.c.c.s.AbstractSessionManager.addSessionListener(500)
DEBUG 2026-08-06 02:31:45.074 [root] Register session listener com.aspectran.undertow.server.session.TowSessionListener@3dddbe65 in DefaultSessionManager@1edb61b1(cn0) - c.a.c.c.s.AbstractSessionManager.addSessionListener(500)
INFO  2026-08-06 02:31:45.086 [root] WebActivityServlet 'webActivityServlet' has been initialized. - c.a.w.s.WebActivityServlet.init(101)
INFO  2026-08-06 02:31:45.089 [root] TowResourceHandler includePatterns=[/console/assets/js/**, /console/assets/css/**, /console/assets/appmon/css/**, /console/assets/appmon/js/**] - c.a.u.s.h.r.TowResourceHandler.autoDetect(142)
INFO  2026-08-06 02:31:45.100 [root] WebActivityServlet 'webActivityServlet' has been initialized. - c.a.w.s.WebActivityServlet.init(101)
INFO  2026-08-06 02:31:45.101 [root] TowResourceHandler includePatterns=[/favicon.ico, /WEB-INF/**] - c.a.u.s.h.r.TowResourceHandler.autoDetect(142)
INFO  2026-08-06 02:31:45.129 [root] starting server: Undertow - 2.3.26.Final - io.undertow.start(120)
INFO  2026-08-06 02:31:45.165 [root] Undertow 2.3.26.Final started - c.a.u.server.DefaultTowServer.doStart(54)
DEBUG 2026-08-06 02:31:45.166 [root] com.aspectran.undertow.server.DefaultTowServer@3da30852 is STARTED - c.a.u.l.AbstractLifeCycle.setStarted(193)
DEBUG 2026-08-06 02:31:45.167 [root] Initialized DefaultBeanRegistry@7164ca4c - c.a.c.c.AbstractComponent.initialize(80)
DEBUG 2026-08-06 02:31:45.167 [root] Initialized AspectRuleRegistry@5ec77191 - c.a.c.c.AbstractComponent.initialize(80)
DEBUG 2026-08-06 02:31:45.168 [root] Initialized ScheduleRuleRegistry@4642b71d - c.a.c.c.AbstractComponent.initialize(80)
DEBUG 2026-08-06 02:31:45.168 [root] Initialized TransletRuleRegistry@1450078a - c.a.c.c.AbstractComponent.initialize(80)
DEBUG 2026-08-06 02:31:45.168 [root] Initialized TemplateRuleRegistry@c68a5f8 - c.a.c.c.AbstractComponent.initialize(80)
DEBUG 2026-08-06 02:31:45.169 [root] Initialized DefaultTemplateRenderer@69c6161d - c.a.c.c.AbstractComponent.initialize(80)
DEBUG 2026-08-06 02:31:45.170 [root] Unable to locate MessageSource with name 'messageSource': using default [com.aspectran.core.support.i18n.message.DelegatingMessageSource@6bff19ff] - c.a.c.c.DefaultActivityContext.resolveMessageSource(347)
DEBUG 2026-08-06 02:31:45.171 [root] Initialized DefaultActivityContext@5eccd3b9 - c.a.c.c.AbstractComponent.initialize(80)
INFO  2026-08-06 02:31:45.172 [root] Started DefaultShellService@27f981c6(root) - c.a.c.s.AbstractServiceLifeCycle.start(121)
INFO  2026-08-06 02:31:45.172 [root] Starting DefaultWebService@7ed9ae94(root) - c.a.c.s.AbstractServiceLifeCycle.start(117)
INFO  2026-08-06 02:31:45.173 [root] Started DefaultWebService@7ed9ae94(root) - c.a.c.s.AbstractServiceLifeCycle.start(121)
INFO  2026-08-06 02:31:45.175 [root:console] Starting DefaultWebService@591fd34d - c.a.c.s.AbstractServiceLifeCycle.start(117)
INFO  2026-08-06 02:31:45.175 [root:console] Building ActivityContext with context rules [classpath:com/aspectran/aspectow/console/config/rules/root.xml, /config/console/console-rules.xml] - c.a.c.c.b.HybridActivityContextBuilder.doBuild(120)
INFO  2026-08-06 02:31:45.176 [root:console] Base profiles [mariadb, demo, console.ui] - c.a.c.c.e.EnvironmentProfiles.setBaseProfiles(100)
INFO  2026-08-06 02:31:45.176 [root:console] Ignored base profiles [h2] - c.a.c.c.b.AbstractActivityContextBuilder.createEnvironmentProfiles(424)
INFO  2026-08-06 02:31:45.176 [root:console] Default profiles [dev] - c.a.c.c.e.EnvironmentProfiles.setDefaultProfiles(154)
INFO  2026-08-06 02:31:45.177 [root:console] Activating profiles [dev] - c.a.c.c.e.EnvironmentProfiles.setActiveProfiles(205)
INFO  2026-08-06 02:31:45.177 [root:console] Auto Components Scanning {basePackages=[com.aspectran.aspectow.appmon.engine, com.aspectran.aspectow.console.appmon, com.aspectran.aspectow.console.auth, com.aspectran.aspectow.console.cluster, com.aspectran.aspectow.console.commands, com.aspectran.aspectow.console.common, com.aspectran.aspectow.console.framework, com.aspectran.aspectow.console.home, com.aspectran.aspectow.console.scheduler, com.aspectran.aspectow.console.user, com.aspectran.aspectow.console.vault]} - c.a.c.c.bean.BeanRuleRegistry.scanConfigurableBeans(312)
DEBUG 2026-08-06 02:31:45.180 [root:console] Scanning components from /home/aspectran/projects/public/aspectow/appmon/target/classes/com/aspectran/aspectow/appmon/engine/ - c.aspectran.utils.ClassScanner.scan(128)
DEBUG 2026-08-06 02:31:45.229 [root:console] Scanning components from /home/aspectran/projects/public/aspectow/console/target/classes/com/aspectran/aspectow/console/appmon/ - c.aspectran.utils.ClassScanner.scan(128)
DEBUG 2026-08-06 02:31:45.230 [root:console] Scanning components from /home/aspectran/projects/public/aspectow/console/target/classes/com/aspectran/aspectow/console/auth/ - c.aspectran.utils.ClassScanner.scan(128)
DEBUG 2026-08-06 02:31:45.234 [root:console] Scanning components from /home/aspectran/projects/public/aspectow/console/target/classes/com/aspectran/aspectow/console/cluster/ - c.aspectran.utils.ClassScanner.scan(128)
DEBUG 2026-08-06 02:31:45.239 [root:console] Scanning components from /home/aspectran/projects/public/aspectow/console/target/classes/com/aspectran/aspectow/console/commands/ - c.aspectran.utils.ClassScanner.scan(128)
DEBUG 2026-08-06 02:31:45.244 [root:console] Scanning components from /home/aspectran/projects/public/aspectow/console/target/classes/com/aspectran/aspectow/console/common/ - c.aspectran.utils.ClassScanner.scan(128)
DEBUG 2026-08-06 02:31:45.255 [root:console] Scanning components from /home/aspectran/projects/public/aspectow/console/target/classes/com/aspectran/aspectow/console/framework/ - c.aspectran.utils.ClassScanner.scan(128)
DEBUG 2026-08-06 02:31:45.259 [root:console] Scanning components from /home/aspectran/projects/public/aspectow/console/target/classes/com/aspectran/aspectow/console/home/ - c.aspectran.utils.ClassScanner.scan(128)
DEBUG 2026-08-06 02:31:45.261 [root:console] Scanning components from /home/aspectran/projects/public/aspectow/console/target/classes/com/aspectran/aspectow/console/scheduler/ - c.aspectran.utils.ClassScanner.scan(128)
DEBUG 2026-08-06 02:31:45.265 [root:console] Scanning components from /home/aspectran/projects/public/aspectow/console/target/classes/com/aspectran/aspectow/console/user/ - c.aspectran.utils.ClassScanner.scan(128)
DEBUG 2026-08-06 02:31:45.267 [root:console] Scanning components from /home/aspectran/projects/public/aspectow/console/target/classes/com/aspectran/aspectow/console/vault/ - c.aspectran.utils.ClassScanner.scan(128)
DEBUG 2026-08-06 02:31:45.272 [root:console] Appending rules {resource=com/aspectran/aspectow/appmon/config/rules/scheduler.xml} - c.a.c.c.r.a.HybridRuleAppendHandler.handle(109)
DEBUG 2026-08-06 02:31:45.276 [root:console] Appending rules {resource=com/aspectran/aspectow/console/config/rules/db.xml} - c.a.c.c.r.a.HybridRuleAppendHandler.handle(109)
DEBUG 2026-08-06 02:31:45.285 [root:console] Appending rules {resource=com/aspectran/aspectow/console/config/rules/web.xml, profile=[console.ui, console.custom-ui]} - c.a.c.c.r.a.HybridRuleAppendHandler.handle(109)
DEBUG 2026-08-06 02:31:45.305 [root:console] Appending rules {resource=com/aspectran/aspectow/console/framework/asel-test-rules.xml, profile=[console.ui, console.custom-ui]} - c.a.c.c.r.a.HybridRuleAppendHandler.handle(109)
DEBUG 2026-08-06 02:31:45.311 [root:console] Appending rules {file=/config/console/node-rules.xml, format=xml} - c.a.c.c.r.a.HybridRuleAppendHandler.handle(109)
DEBUG 2026-08-06 02:31:45.321 [root:console] Appending rules {file=/config/console/appmon-rules.xml, format=xml} - c.a.c.c.r.a.HybridRuleAppendHandler.handle(109)
DEBUG 2026-08-06 02:31:45.324 [root:console] Parsing bean rules for annotated configurations: 45 - c.a.c.c.b.AnnotatedConfigParser.parse(158)
DEBUG 2026-08-06 02:31:45.403 [root:console] Parsing for ID-based bean rules: 29 - c.a.c.c.b.AnnotatedConfigParser.parse(176)
DEBUG 2026-08-06 02:31:45.413 [root:console] Parsing for type-based bean rules: 52 - c.a.c.c.b.AnnotatedConfigParser.parse(192)
INFO  2026-08-06 02:31:45.434 [root:console] ActivityContext build completed in 259 ms - c.a.c.c.b.HybridActivityContextBuilder.doBuild(203)
DEBUG 2026-08-06 02:31:45.434 [root:console] Initialized TypeConverterRegistry@3d43fe - c.a.c.c.AbstractComponent.initialize(80)
DEBUG 2026-08-06 02:31:45.435 [root:console] Initializing singletons in com.aspectran.core.component.bean.DefaultBeanRegistry@74ad8d05 - c.a.c.c.b.AbstractBeanRegistry.instantiateSingletons(427)
INFO  2026-08-06 02:31:45.460 [root:console] Using default implementation for ThreadExecutor - o.q.impl.StdSchedulerFactory.instantiate(1222)
INFO  2026-08-06 02:31:45.462 [root:console] Job execution threads will use class loader of thread: root:console - o.q.simpl.SimpleThreadPool.initialize(269)
INFO  2026-08-06 02:31:45.469 [root:console] Initialized Scheduler Signaller of type: class org.quartz.core.SchedulerSignalerImpl - o.q.core.SchedulerSignalerImpl.<init>(62)
INFO  2026-08-06 02:31:45.470 [root:console] Quartz Scheduler v2.5.2 created. - o.quartz.core.QuartzScheduler.<init>(224)
INFO  2026-08-06 02:31:45.471 [root:console] RAMJobStore initialized. - org.quartz.simpl.RAMJobStore.initialize(152)
INFO  2026-08-06 02:31:45.471 [root:console] Scheduler meta-data: Quartz Scheduler (v2.5.2) 'AppmonScheduler' with instanceId 'NON_CLUSTERED'
  Scheduler class: 'org.quartz.core.QuartzScheduler' - running locally.
  NOT STARTED.
  Currently in standby mode.
  Number of jobs executed: 0
  Using thread pool 'org.quartz.simpl.SimpleThreadPool' - with 1 threads.
  Using job-store 'org.quartz.simpl.RAMJobStore' - which does not support persistence. and is not clustered.
 - o.quartz.core.QuartzScheduler.initialize(289)
INFO  2026-08-06 02:31:45.472 [root:console] Quartz scheduler 'AppmonScheduler' initialized from an externally provided properties instance. - o.q.impl.StdSchedulerFactory.instantiate(1376)
INFO  2026-08-06 02:31:45.473 [root:console] Quartz scheduler version: 2.5.2 - o.q.impl.StdSchedulerFactory.instantiate(1378)
DEBUG 2026-08-06 02:31:45.475 [root:console] IGNORED - Invalid properties resource; java.io.IOException: Could not find resource com/aspectran/aspectow/console/config/db/aspectow-console.db-mariadb.properties - c.a.u.PropertiesLoaderSupport.loadProperties(152)
DEBUG 2026-08-06 02:31:45.476 [root:console] IGNORED - Invalid properties resource; java.io.IOException: Could not find resource com/aspectran/aspectow/console/config/db/aspectow-console.db-mariadb.system.properties - c.a.u.PropertiesLoaderSupport.loadProperties(152)
DEBUG 2026-08-06 02:31:46.027 [root:console] Unable to locate MessageSource with name 'messageSource': using default [com.aspectran.core.support.i18n.message.DelegatingMessageSource@228bda54] - c.a.c.c.DefaultActivityContext.resolveMessageSource(347)
INFO  2026-08-06 02:31:46.107 [root:console] Current Node: localhost-console1 (Host: juhoN21) - c.a.a.n.m.NodeManagerBuilder.build(169)
INFO  2026-08-06 02:31:46.722 [root:console] Registered group info to Redis: aspectow:cluster:groups:cluster1 (Group: console) - c.a.a.n.m.NodeManagerBuilder.build(210)
INFO  2026-08-06 02:31:46.731 [root:console] Registered RedisScheduledJobLockProvider for cluster-wide job locking - c.a.a.n.m.NodeManagerBuilder.build(247)
INFO  2026-08-06 02:31:46.732 [root:console] Initializing NodeReporter for cluster: cluster1, node: localhost-console1 - c.a.a.n.manager.NodeReporter.start(70)
DEBUG 2026-08-06 02:31:46.736 [root:console] Registering node 'localhost-console1' in Redis hash 'aspectow:cluster:nodes:cluster1': {id=localhost-console1, group=console, host=juhoN21, port=8082, status=live, endpoint={path=/nodes}, token=cb2QcrE3T-qCP66EI49R84hDmf_5hQSMAHjhePpCXwylG90UZwzwCMclPIUBlZ8fhvt0W8yEnmCYk0SaWuyni4tV5gHetAIy, hasNodeManager=true, hasSchedulerManager=true, hasCommandManager=true} - c.a.a.n.manager.NodeReporter.registerNode(141)
INFO  2026-08-06 02:31:46.911 [root:console] NodeMessageSubscriber initialized and subscribed to pattern: aspectow:cluster:*:*:cluster1:localhost-console1:* - c.a.a.n.m.NodeMessageSubscriber.start(140)
INFO  2026-08-06 02:31:46.971 [root:console] ClusterEventSubscriber initialized and subscribed to channel: aspectow:cluster:event:cluster1 - c.a.a.n.m.ClusterEventSubscriber.start(121)
INFO  2026-08-06 02:31:46.974 [root:console] Initializing RemoteNodeManager for node: localhost-console1 - c.a.a.n.m.n.RemoteNodeManager.initialize(63)
INFO  2026-08-06 02:31:46.977 [root:console] Initializing RemoteSchedulerManager for node: localhost-console1 - c.a.a.n.m.s.RemoteSchedulerManager.initialize(113)
INFO  2026-08-06 02:31:46.978 [root:console] Initializing RemoteCommandManager for node: localhost-console1 - c.a.a.n.m.c.RemoteCommandManager.initialize(74)
DEBUG 2026-08-06 02:31:47.019 [root:console] Registered AspectRule {id=consoleTxAspect, order=0, joinpoint={target=activity, pointcut={type=wildcard, patterns=[{type=wildcard, pattern=@class:com.aspectran.aspectow.console.common.db.tx.ConsoleSqlSession}]}}, advices=[{type=before, action={instance=com.aspectran.mybatis.SqlSessionAdviceRegister$$Lambda/0x00000000896126b0@2d801d8}}, {type=after, action={instance=com.aspectran.mybatis.SqlSessionAdviceRegister$$Lambda/0x0000000089612910@b9b97ad}}, {type=finally, action={instance=com.aspectran.mybatis.SqlSessionAdviceRegister$$Lambda/0x0000000089612dd0@2807cf3}}]} - c.a.m.SqlSessionAdviceRegister.register(294)
INFO  2026-08-06 02:31:47.038 [root:console] Registered app info to Redis: aspectow:cluster:apps:cluster1:console (Apps: []) - c.a.a.a.e.m.AppMonManagerBuilder.build(167)
DEBUG 2026-08-06 02:31:47.049 [root:console] Registered AspectRule {id=consoleBatchTxAspect, order=0, joinpoint={target=activity, pointcut={type=wildcard, patterns=[{type=wildcard, pattern=@class:com.aspectran.aspectow.console.common.db.tx.ConsoleBatchSqlSession}]}}, advices=[{type=before, action={instance=com.aspectran.mybatis.SqlSessionAdviceRegister$$Lambda/0x00000000896126b0@350f18a6}}, {type=after, action={instance=com.aspectran.mybatis.SqlSessionAdviceRegister$$Lambda/0x0000000089612910@147c00aa}}, {type=finally, action={instance=com.aspectran.mybatis.SqlSessionAdviceRegister$$Lambda/0x0000000089612dd0@1c90029b}}]} - c.a.m.SqlSessionAdviceRegister.register(294)
DEBUG 2026-08-06 02:31:47.055 [root:console] Registered AspectRule {id=consoleReuseTxAspect, order=0, joinpoint={target=activity, pointcut={type=wildcard, patterns=[{type=wildcard, pattern=@class:com.aspectran.aspectow.console.common.db.tx.ConsoleReuseSqlSession}]}}, advices=[{type=before, action={instance=com.aspectran.mybatis.SqlSessionAdviceRegister$$Lambda/0x00000000896126b0@b0d3e7}}, {type=after, action={instance=com.aspectran.mybatis.SqlSessionAdviceRegister$$Lambda/0x0000000089612910@74bdfa0b}}, {type=finally, action={instance=com.aspectran.mybatis.SqlSessionAdviceRegister$$Lambda/0x0000000089612dd0@68a5aadd}}]} - c.a.m.SqlSessionAdviceRegister.register(294)
DEBUG 2026-08-06 02:31:47.059 [root:console] Initialized PollingSessionManager@1c4057f9 - c.a.c.c.AbstractComponent.initialize(80)
INFO  2026-08-06 02:31:47.066 [root:console] CounterPersistSchedule is dynamically set to run every 5 minutes - c.a.a.a.e.s.CounterPersistSchedule.initialize(115)
DEBUG 2026-08-06 02:31:47.069 [root:console] Initialized DefaultBeanRegistry@74ad8d05 - c.a.c.c.AbstractComponent.initialize(80)
DEBUG 2026-08-06 02:31:47.070 [root:console] Initialized AspectRuleRegistry@42b4df5a - c.a.c.c.AbstractComponent.initialize(80)
DEBUG 2026-08-06 02:31:47.070 [root:console] Initialized ScheduleRuleRegistry@9f1ca74 - c.a.c.c.AbstractComponent.initialize(80)
DEBUG 2026-08-06 02:31:47.070 [root:console] Initialized TransletRuleRegistry@67b8d45 - c.a.c.c.AbstractComponent.initialize(80)
DEBUG 2026-08-06 02:31:47.070 [root:console] Initialized TemplateRuleRegistry@365e65bb - c.a.c.c.AbstractComponent.initialize(80)
DEBUG 2026-08-06 02:31:47.071 [root:console] Initialized DefaultTemplateRenderer@52f43225 - c.a.c.c.AbstractComponent.initialize(80)
DEBUG 2026-08-06 02:31:47.071 [root:console] Initialized DefaultActivityContext@55d1f065 - c.a.c.c.AbstractComponent.initialize(80)
INFO  2026-08-06 02:31:47.073 [root:console] Started DefaultWebService@591fd34d(console) - c.a.c.s.AbstractServiceLifeCycle.start(121)
INFO  2026-08-06 02:31:47.073 [root:console] Starting DefaultSchedulerService@21f91efa - c.a.c.s.AbstractServiceLifeCycle.start(117)
INFO  2026-08-06 02:31:47.080 [root:console] Starting scheduler 'AppmonScheduler' - c.a.c.s.s.AbstractSchedulerService.doStart(192)
INFO  2026-08-06 02:31:47.081 [root:console] Started DefaultSchedulerService@21f91efa - c.a.c.s.AbstractServiceLifeCycle.start(121)
DEBUG 2026-08-06 02:31:47.082 [root:console] Registering @ServerEndpoint: class com.aspectran.aspectow.appmon.engine.relay.websocket.WebsocketMessageRelayer - c.a.w.w.j.ServerEndpointExporter.registerEndpoint(122)
INFO  2026-08-06 02:31:47.084 [root:console] UT026003: Adding annotated server endpoint class com.aspectran.aspectow.appmon.engine.relay.websocket.WebsocketMessageRelayer for path /nodes/{nodeId}/appmon/websocket/{token} - io.undertow.websockets.jsr.addEndpointInternal(647)
DEBUG 2026-08-06 02:31:47.088 [root:console] Registering @ServerEndpoint: class com.aspectran.aspectow.console.cluster.bridge.websocket.WebsocketNodeBridge - c.a.w.w.j.ServerEndpointExporter.registerEndpoint(122)
INFO  2026-08-06 02:31:47.088 [root:console] UT026003: Adding annotated server endpoint class com.aspectran.aspectow.console.cluster.bridge.websocket.WebsocketNodeBridge for path /nodes/{nodeId}/websocket/{token} - io.undertow.websockets.jsr.addEndpointInternal(647)
DEBUG 2026-08-06 02:31:47.089 [root:console] Registering @ServerEndpoint: class com.aspectran.aspectow.console.commands.bridge.websocket.WebsocketCommandBridge - c.a.w.w.j.ServerEndpointExporter.registerEndpoint(122)
INFO  2026-08-06 02:31:47.089 [root:console] UT026003: Adding annotated server endpoint class com.aspectran.aspectow.console.commands.bridge.websocket.WebsocketCommandBridge for path /nodes/{nodeId}/commands/websocket/{token} - io.undertow.websockets.jsr.addEndpointInternal(647)
DEBUG 2026-08-06 02:31:47.089 [root:console] Registering @ServerEndpoint: class com.aspectran.aspectow.console.scheduler.bridge.websocket.WebsocketSchedulerBridge - c.a.w.w.j.ServerEndpointExporter.registerEndpoint(122)
INFO  2026-08-06 02:31:47.089 [root:console] UT026003: Adding annotated server endpoint class com.aspectran.aspectow.console.scheduler.bridge.websocket.WebsocketSchedulerBridge for path /nodes/{nodeId}/scheduler/websocket/{token} - io.undertow.websockets.jsr.addEndpointInternal(647)
DEBUG 2026-08-06 02:31:47.090 [root] Initializing DefaultSessionManager@2da5fdc {workerName=shell, maxActiveSessions=1, maxIdleSeconds=1800, scavengingIntervalSeconds=600, fileStore={storeDir=/work/_sessions/shell, nonPersistentAttributes=[]}, enabled=true} - c.a.c.c.s.DefaultSessionManager.doInitialize(175)
DEBUG 2026-08-06 02:31:47.091 [root] DefaultSessionManager@2da5fdc(shell) default maxIdleSecs=1800 - c.a.c.c.s.AbstractSessionManager.setDefaultMaxIdleSecs(176)
DEBUG 2026-08-06 02:31:47.091 [root] Initialized FileSessionStore@61ad30f6 - c.a.c.c.AbstractComponent.initialize(80)
DEBUG 2026-08-06 02:31:47.092 [root] Initialized DefaultSessionCache@23321be7(shell) - c.a.c.c.AbstractComponent.initialize(80)
DEBUG 2026-08-06 02:31:47.092 [root] com.aspectran.core.component.session.HouseKeeper@52856ff9(shell) is STARTING - c.a.u.l.AbstractLifeCycle.setStarting(183)
DEBUG 2026-08-06 02:31:47.093 [root] com.aspectran.core.component.session.HouseKeeper@52856ff9(shell) is STARTED - c.a.u.l.AbstractLifeCycle.setStarted(193)
DEBUG 2026-08-06 02:31:47.093 [root] Initialized DefaultSessionManager@2da5fdc(shell) - c.a.c.c.AbstractComponent.initialize(80)
DEBUG 2026-08-06 02:31:47.094 [root] Advice {type=before, action={echo={attributes=[data]}}} - c.a.c.activity.AdviceActivity.executeAdvice(351)
DEBUG 2026-08-06 02:31:47.097 [root] Destroy request scoped beans from RequestScope@7d626f2 - c.a.c.c.b.scope.AbstractScope.destroy(112)
INFO  2026-08-06 02:31:49.082 [Thread-0] Scheduler AppmonScheduler_$_NON_CLUSTERED started. - o.quartz.core.QuartzScheduler.start(541)
DEBUG 2026-08-06 02:43:38.831 [shutdown] Running all shutdown-hook tasks: 1 - c.aspectran.utils.ShutdownHook.runTasks(147)
DEBUG 2026-08-06 02:43:38.832 [shutdown] Running task [1/1]: Stop DefaultShellService@27f981c6(root) - c.aspectran.utils.ShutdownHook.runTasks(156)
DEBUG 2026-08-06 02:43:38.832 [root] com.aspectran.core.component.session.HouseKeeper@52856ff9(shell) is STOPPING - c.a.u.l.AbstractLifeCycle.setStopping(203)
DEBUG 2026-08-06 02:43:38.833 [root] com.aspectran.core.component.session.HouseKeeper@52856ff9 {scavengingInterval=600000} used by DefaultSessionManager@2da5fdc(shell) is STOPPED - c.a.u.l.AbstractLifeCycle.setStopped(213)
DEBUG 2026-08-06 02:43:38.834 [root] Destroyed FileSessionStore@61ad30f6 - c.a.c.c.AbstractComponent.destroy(99)
DEBUG 2026-08-06 02:43:38.834 [root] Destroyed DefaultSessionCache@23321be7(shell) - c.a.c.c.AbstractComponent.destroy(99)
DEBUG 2026-08-06 02:43:38.834 [root] Destroyed DefaultSessionManager@2da5fdc(shell) - c.a.c.c.AbstractComponent.destroy(99)
INFO  2026-08-06 02:43:38.835 [root] Stopping DefaultWebService@7ed9ae94(root) - c.a.c.s.AbstractServiceLifeCycle.stop(164)
INFO  2026-08-06 02:43:38.835 [root] Stopped DefaultWebService@7ed9ae94(root) - c.a.c.s.AbstractServiceLifeCycle.stop(168)
INFO  2026-08-06 02:43:38.840 [root:console] Stopping DefaultSchedulerService@21f91efa - c.a.c.s.AbstractServiceLifeCycle.stop(164)
INFO  2026-08-06 02:43:38.840 [root:console] Shutting down the scheduler 'AppmonScheduler' with waitForJobsToComplete=true - c.a.c.s.s.AbstractSchedulerService.doStop(218)
INFO  2026-08-06 02:43:38.840 [root:console] Scheduler AppmonScheduler_$_NON_CLUSTERED shutting down. - o.quartz.core.QuartzScheduler.shutdown(656)
INFO  2026-08-06 02:43:38.841 [root:console] Scheduler AppmonScheduler_$_NON_CLUSTERED paused. - o.quartz.core.QuartzScheduler.standby(576)
INFO  2026-08-06 02:43:39.124 [root:console] Scheduler AppmonScheduler_$_NON_CLUSTERED shutdown complete. - o.quartz.core.QuartzScheduler.shutdown(728)
INFO  2026-08-06 02:43:39.125 [root:console] Stopped DefaultSchedulerService@21f91efa - c.a.c.s.AbstractServiceLifeCycle.stop(168)
INFO  2026-08-06 02:43:39.125 [root:console] Stopping DefaultWebService@591fd34d(console) - c.a.c.s.AbstractServiceLifeCycle.stop(164)
DEBUG 2026-08-06 02:43:39.126 [root:console] Destroying all cached resources... - c.a.c.s.DefaultCoreService.destroyActivityContext(176)
DEBUG 2026-08-06 02:43:39.127 [root:console] Destroying singletons in com.aspectran.core.component.bean.DefaultBeanRegistry@74ad8d05 - c.a.c.c.b.AbstractBeanRegistry.destroySingletons(464)
DEBUG 2026-08-06 02:43:39.127 [root:console] Destroy singleton scoped beans from SingletonScope@4220c7dc - c.a.c.c.b.scope.AbstractScope.destroy(112)
DEBUG 2026-08-06 02:43:39.130 [root:console] Destroyed PollingSessionManager@1c4057f9 - c.a.c.c.AbstractComponent.destroy(99)
INFO  2026-08-06 02:43:39.131 [root:console] Stopping NodeReporter for node: localhost-console1 - c.a.a.n.manager.NodeReporter.stop(95)
DEBUG 2026-08-06 02:43:39.134 [root:console] Registering node 'localhost-console1' in Redis hash 'aspectow:cluster:nodes:cluster1': {id=localhost-console1, group=console, host=juhoN21, port=8082, status=stopping, endpoint={path=/nodes}, token=YBAMEvbCreqOMxfrerOGdp4oIzt-3Ga-9Cxc9BAy2yB1lXcmEzTi3k_ZJjQrVy-ECNcLtCnxt_ZdNWBZCAe011vzYEx_-doj, hasNodeManager=true, hasSchedulerManager=true, hasCommandManager=true} - c.a.a.n.manager.NodeReporter.registerNode(141)
DEBUG 2026-08-06 02:43:39.152 [root:console] Unregistering node 'localhost-console1' from cluster 'cluster1' - c.a.a.n.manager.NodeReporter.unregisterNode(212)
INFO  2026-08-06 02:43:39.183 [root:console] Cleaning up orphaned group metadata: console (Cluster: cluster1) - c.a.a.n.manager.NodeRegistry.cleanupOrphanedGroups(324)
INFO  2026-08-06 02:43:39.211 [root:console] Closing Redis connection pool for node: localhost-console1 - c.a.a.node.manager.NodeManager.destroy(343)
INFO  2026-08-06 02:43:39.247 [root:console] NodeManager destroyed successfully for node: localhost-console1 - c.a.a.node.manager.NodeManager.destroy(350)
DEBUG 2026-08-06 02:43:39.248 [root:console] Destroyed DefaultBeanRegistry@74ad8d05 - c.a.c.c.AbstractComponent.destroy(99)
DEBUG 2026-08-06 02:43:39.248 [root:console] Destroyed TemplateRuleRegistry@365e65bb - c.a.c.c.AbstractComponent.destroy(99)
DEBUG 2026-08-06 02:43:39.249 [root:console] Destroyed DefaultTemplateRenderer@52f43225 - c.a.c.c.AbstractComponent.destroy(99)
DEBUG 2026-08-06 02:43:39.249 [root:console] Destroyed TransletRuleRegistry@67b8d45 - c.a.c.c.AbstractComponent.destroy(99)
DEBUG 2026-08-06 02:43:39.250 [root:console] Destroyed ScheduleRuleRegistry@9f1ca74 - c.a.c.c.AbstractComponent.destroy(99)
DEBUG 2026-08-06 02:43:39.250 [root:console] Destroyed AspectRuleRegistry@42b4df5a - c.a.c.c.AbstractComponent.destroy(99)
DEBUG 2026-08-06 02:43:39.251 [root:console] Destroyed TypeConverterRegistry@3d43fe - c.a.c.c.AbstractComponent.destroy(99)
DEBUG 2026-08-06 02:43:39.251 [root:console] Destroyed DefaultActivityContext@55d1f065 - c.a.c.c.AbstractComponent.destroy(99)
INFO  2026-08-06 02:43:39.252 [root:console] Stopped DefaultWebService@591fd34d - c.a.c.s.AbstractServiceLifeCycle.stop(168)
INFO  2026-08-06 02:43:39.252 [root] Stopping DefaultShellService@27f981c6(root) - c.a.c.s.AbstractServiceLifeCycle.stop(164)
DEBUG 2026-08-06 02:43:39.252 [root] Destroying all cached resources... - c.a.c.s.DefaultCoreService.destroyActivityContext(176)
DEBUG 2026-08-06 02:43:39.253 [root] Destroying singletons in com.aspectran.core.component.bean.DefaultBeanRegistry@7164ca4c - c.a.c.c.b.AbstractBeanRegistry.destroySingletons(464)
DEBUG 2026-08-06 02:43:39.253 [root] Destroy singleton scoped beans from SingletonScope@6ae6178c - c.a.c.c.b.scope.AbstractScope.destroy(112)
DEBUG 2026-08-06 02:43:39.253 [root] com.aspectran.undertow.server.DefaultTowServer@3da30852 is STOPPING - c.a.u.l.AbstractLifeCycle.setStopping(203)
INFO  2026-08-06 02:43:39.257 [root] WebActivityServlet 'webActivityServlet' has been destroyed. - c.a.w.s.WebActivityServlet.destroy(141)
DEBUG 2026-08-06 02:43:39.258 [root] com.aspectran.core.component.session.HouseKeeper@32f61a31(cn0) is STOPPING - c.a.u.l.AbstractLifeCycle.setStopping(203)
DEBUG 2026-08-06 02:43:39.259 [root] com.aspectran.core.component.session.HouseKeeper@32f61a31 {scavengingInterval=180000} used by DefaultSessionManager@1edb61b1(cn0) is STOPPED - c.a.u.l.AbstractLifeCycle.setStopped(213)
DEBUG 2026-08-06 02:43:39.260 [root] Destroyed FileSessionStore@cc62a3b - c.a.c.c.AbstractComponent.destroy(99)
DEBUG 2026-08-06 02:43:39.260 [root] Destroyed DefaultSessionCache@ec2bf82(cn0) - c.a.c.c.AbstractComponent.destroy(99)
DEBUG 2026-08-06 02:43:39.260 [root] Destroyed DefaultSessionManager@1edb61b1(cn0) - c.a.c.c.AbstractComponent.destroy(99)
INFO  2026-08-06 02:43:39.260 [root] WebActivityServlet 'webActivityServlet' has been destroyed. - c.a.w.s.WebActivityServlet.destroy(141)
DEBUG 2026-08-06 02:43:39.261 [root] com.aspectran.core.component.session.HouseKeeper@19b30c92(rn0) is STOPPING - c.a.u.l.AbstractLifeCycle.setStopping(203)
DEBUG 2026-08-06 02:43:39.261 [root] com.aspectran.core.component.session.HouseKeeper@19b30c92 {scavengingInterval=90000} used by DefaultSessionManager@24f360b2(rn0) is STOPPED - c.a.u.l.AbstractLifeCycle.setStopped(213)
DEBUG 2026-08-06 02:43:39.261 [root] Destroyed FileSessionStore@3bd7f8dc - c.a.c.c.AbstractComponent.destroy(99)
DEBUG 2026-08-06 02:43:39.261 [root] Destroyed DefaultSessionCache@6cea706c(rn0) - c.a.c.c.AbstractComponent.destroy(99)
DEBUG 2026-08-06 02:43:39.261 [root] Destroyed DefaultSessionManager@24f360b2(rn0) - c.a.c.c.AbstractComponent.destroy(99)
INFO  2026-08-06 02:43:39.262 [root] stopping server: Undertow - 2.3.26.Final - io.undertow.stop(259)
INFO  2026-08-06 02:43:39.266 [root] Undertow 2.3.26.Final stopped - c.a.u.server.DefaultTowServer.doStop(79)
DEBUG 2026-08-06 02:43:39.266 [root] com.aspectran.undertow.server.DefaultTowServer@3da30852 is STOPPED - c.a.u.l.AbstractLifeCycle.setStopped(213)
DEBUG 2026-08-06 02:43:39.266 [root] Destroyed DefaultBeanRegistry@7164ca4c - c.a.c.c.AbstractComponent.destroy(99)
DEBUG 2026-08-06 02:43:39.266 [root] Destroyed TemplateRuleRegistry@c68a5f8 - c.a.c.c.AbstractComponent.destroy(99)
DEBUG 2026-08-06 02:43:39.266 [root] Destroyed DefaultTemplateRenderer@69c6161d - c.a.c.c.AbstractComponent.destroy(99)
DEBUG 2026-08-06 02:43:39.267 [root] Destroyed TransletRuleRegistry@1450078a - c.a.c.c.AbstractComponent.destroy(99)
DEBUG 2026-08-06 02:43:39.267 [root] Destroyed ScheduleRuleRegistry@4642b71d - c.a.c.c.AbstractComponent.destroy(99)
DEBUG 2026-08-06 02:43:39.267 [root] Destroyed AspectRuleRegistry@5ec77191 - c.a.c.c.AbstractComponent.destroy(99)
DEBUG 2026-08-06 02:43:39.267 [root] Destroyed TypeConverterRegistry@479460a6 - c.a.c.c.AbstractComponent.destroy(99)
DEBUG 2026-08-06 02:43:39.268 [root] Destroyed DefaultActivityContext@5eccd3b9 - c.a.c.c.AbstractComponent.destroy(99)
INFO  2026-08-06 02:43:39.268 [root] Stopped DefaultShellService@27f981c6 - c.a.c.s.AbstractServiceLifeCycle.stop(168)
DEBUG 2026-08-06 02:43:39.268 [shutdown] Releasing lock on /home/aspectran/projects/public/aspectow-demo-console/app/.lock - c.aspectran.utils.FileLocker.release(142)
DEBUG 2026-08-06 02:43:39.269 [shutdown] Removed shutdown-hook: Thread[#28,shutdown,5,main] - c.aspectran.utils.ShutdownHook.run(68)
DEBUG 2026-08-06 02:43:44.903 [main] Acquiring lock on /home/aspectran/projects/public/aspectow-demo-console/app/.lock - c.aspectran.utils.FileLocker.lock(93)
DEBUG 2026-08-06 02:43:44.971 [main] Successfully wrote PID 12802 to /home/aspectran/projects/public/aspectow-demo-console/app/.lock - c.aspectran.utils.FileLocker.lock(121)
DEBUG 2026-08-06 02:43:44.974 [main] Registering shutdown-hook: Thread[#28,shutdown,5,main] - c.aspectran.utils.ShutdownHook.registerHook(112)
DEBUG 2026-08-06 02:43:44.976 [main] Adding shutdown-hook task: Stop DefaultShellService@1b11171f - c.aspectran.utils.ShutdownHook.addTask(76)
INFO  2026-08-06 02:43:44.978 [root] Starting DefaultShellService@1b11171f - c.a.c.s.AbstractServiceLifeCycle.start(117)
INFO  2026-08-06 02:43:44.978 [root] Building ActivityContext with context rules [/config/app-description.xml, /config/aspectran-rules.xml, /config/server/server.xml] - c.a.c.c.b.HybridActivityContextBuilder.doBuild(120)
DEBUG 2026-08-06 02:43:44.979 [root] Running in an IDE environment, so the resource locations [/home/aspectran/projects/public/aspectow-demo-console/app/lib/ext] will be ignored to avoid class loading conflicts - c.a.c.c.b.AbstractActivityContextBuilder.createSiblingClassLoader(387)
DEBUG 2026-08-06 02:43:44.982 [root] Sweeping /home/aspectran/projects/public/aspectow-demo-console/app/work/* for old resource files - c.a.c.c.r.LocalResourceManager.sweepWorkResourceFiles(236)
INFO  2026-08-06 02:43:44.988 [root] Default profiles [dev] - c.a.c.c.e.EnvironmentProfiles.setDefaultProfiles(154)
INFO  2026-08-06 02:43:44.988 [root] Activating profiles [dev] - c.a.c.c.e.EnvironmentProfiles.setActiveProfiles(205)
DEBUG 2026-08-06 02:43:45.123 [root] Appending rules {file=/config/server/undertow/tow-server.xml, format=xml} - c.a.c.c.r.a.HybridRuleAppendHandler.handle(109)
DEBUG 2026-08-06 02:43:45.152 [root] Appending rules {file=/config/server/undertow/tow-context-root.xml, format=xml} - c.a.c.c.r.a.HybridRuleAppendHandler.handle(109)
DEBUG 2026-08-06 02:43:45.174 [root] Appending rules {file=/config/server/undertow/tow-context-console.xml, format=xml} - c.a.c.c.r.a.HybridRuleAppendHandler.handle(109)
DEBUG 2026-08-06 02:43:45.180 [root] Appending rules {resource=com/aspectran/aspectow/console/config/rules/context/tow-context-console.xml} - c.a.c.c.r.a.HybridRuleAppendHandler.handle(109)
DEBUG 2026-08-06 02:43:45.188 [root] Appending rules {file=/config/server/undertow/tow-support.xml, format=xml} - c.a.c.c.r.a.HybridRuleAppendHandler.handle(109)
DEBUG 2026-08-06 02:43:45.207 [root] Parsing for ID-based bean rules: 14 - c.a.c.c.b.AnnotatedConfigParser.parse(176)
DEBUG 2026-08-06 02:43:45.254 [root] Parsing for type-based bean rules: 22 - c.a.c.c.b.AnnotatedConfigParser.parse(192)
INFO  2026-08-06 02:43:45.279 [root] ActivityContext build completed in 300 ms - c.a.c.c.b.HybridActivityContextBuilder.doBuild(203)
DEBUG 2026-08-06 02:43:45.288 [root] Initialized TypeConverterRegistry@7164ca4c - c.a.c.c.AbstractComponent.initialize(80)
DEBUG 2026-08-06 02:43:45.288 [root] Initializing singletons in com.aspectran.core.component.bean.DefaultBeanRegistry@4f3bbf68 - c.a.c.c.b.AbstractBeanRegistry.instantiateSingletons(427)
DEBUG 2026-08-06 02:43:45.333 [root] com.aspectran.undertow.server.DefaultTowServer@289710d9 is STARTING - c.a.u.l.AbstractLifeCycle.setStarting(183)
INFO  2026-08-06 02:43:45.455 [root] XNIO version 3.8.16.Final - org.xnio.<clinit>(95)
INFO  2026-08-06 02:43:45.465 [root] XNIO NIO Implementation Version 3.8.16.Final - org.xnio.nio.<clinit>(58)
DEBUG 2026-08-06 02:43:45.618 [root] Initializing DefaultSessionManager@60cf80e7 {workerName=rn0, maxActiveSessions=9999, maxIdleSeconds=489, evictionIdleSeconds=258, maxIdleSecondsForNew=60, evictionIdleSecondsForNew=30, scavengingIntervalSeconds=90, clusterEnabled=false} - c.a.c.c.s.DefaultSessionManager.doInitialize(175)
DEBUG 2026-08-06 02:43:45.619 [root] DefaultSessionManager@60cf80e7(rn0) default maxIdleSecs=489 - c.a.c.c.s.AbstractSessionManager.setDefaultMaxIdleSecs(176)
DEBUG 2026-08-06 02:43:45.625 [root] Initialized FileSessionStore@2f2bf0e2 - c.a.c.c.AbstractComponent.initialize(80)
DEBUG 2026-08-06 02:43:45.626 [root] Initialized DefaultSessionCache@3bd7f8dc(rn0) - c.a.c.c.AbstractComponent.initialize(80)
DEBUG 2026-08-06 02:43:45.629 [root] com.aspectran.core.component.session.HouseKeeper@455351c4(rn0) is STARTING - c.a.u.l.AbstractLifeCycle.setStarting(183)
DEBUG 2026-08-06 02:43:45.632 [root] com.aspectran.core.component.session.HouseKeeper@455351c4(rn0) is STARTED - c.a.u.l.AbstractLifeCycle.setStarted(193)
DEBUG 2026-08-06 02:43:45.632 [root] Initialized DefaultSessionManager@60cf80e7(rn0) - c.a.c.c.AbstractComponent.initialize(80)
DEBUG 2026-08-06 02:43:45.638 [root] Register session listener com.aspectran.undertow.server.session.TowSessionListener@758f4f03 in DefaultSessionManager@60cf80e7(rn0) - c.a.c.c.s.AbstractSessionManager.addSessionListener(500)
DEBUG 2026-08-06 02:43:45.639 [root] Register session listener com.aspectran.undertow.server.session.TowSessionListener@6928f576 in DefaultSessionManager@60cf80e7(rn0) - c.a.c.c.s.AbstractSessionManager.addSessionListener(500)
DEBUG 2026-08-06 02:43:45.687 [root] Initializing DefaultSessionManager@ec2bf82 {workerName=cn0, maxActiveSessions=999, maxIdleSeconds=600, evictionIdleSeconds=300, scavengingIntervalSeconds=180, clusterEnabled=false} - c.a.c.c.s.DefaultSessionManager.doInitialize(175)
DEBUG 2026-08-06 02:43:45.688 [root] DefaultSessionManager@ec2bf82(cn0) default maxIdleSecs=600 - c.a.c.c.s.AbstractSessionManager.setDefaultMaxIdleSecs(176)
DEBUG 2026-08-06 02:43:45.689 [root] Initialized FileSessionStore@6cc0bcf6 - c.a.c.c.AbstractComponent.initialize(80)
DEBUG 2026-08-06 02:43:45.690 [root] Restored 1 sessions from FileSessionStore@6cc0bcf6 - c.a.c.c.s.DefaultSessionCache.doInitialize(130)
DEBUG 2026-08-06 02:43:45.690 [root] Initialized DefaultSessionCache@cc62a3b(cn0) - c.a.c.c.AbstractComponent.initialize(80)
DEBUG 2026-08-06 02:43:45.691 [root] com.aspectran.core.component.session.HouseKeeper@f5c79a6(cn0) is STARTING - c.a.u.l.AbstractLifeCycle.setStarting(183)
DEBUG 2026-08-06 02:43:45.691 [root] com.aspectran.core.component.session.HouseKeeper@f5c79a6(cn0) is STARTED - c.a.u.l.AbstractLifeCycle.setStarted(193)
DEBUG 2026-08-06 02:43:45.692 [root] Initialized DefaultSessionManager@ec2bf82(cn0) - c.a.c.c.AbstractComponent.initialize(80)
DEBUG 2026-08-06 02:43:45.692 [root] Register session listener com.aspectran.undertow.server.session.TowSessionListener@51a06cbe in DefaultSessionManager@ec2bf82(cn0) - c.a.c.c.s.AbstractSessionManager.addSessionListener(500)
DEBUG 2026-08-06 02:43:45.693 [root] Register session listener com.aspectran.undertow.server.session.TowSessionListener@49a64d82 in DefaultSessionManager@ec2bf82(cn0) - c.a.c.c.s.AbstractSessionManager.addSessionListener(500)
INFO  2026-08-06 02:43:45.705 [root] WebActivityServlet 'webActivityServlet' has been initialized. - c.a.w.s.WebActivityServlet.init(101)
INFO  2026-08-06 02:43:45.713 [root] TowResourceHandler includePatterns=[/console/assets/js/**, /console/assets/css/**, /console/assets/appmon/css/**, /console/assets/appmon/js/**] - c.a.u.s.h.r.TowResourceHandler.autoDetect(142)
INFO  2026-08-06 02:43:45.729 [root] WebActivityServlet 'webActivityServlet' has been initialized. - c.a.w.s.WebActivityServlet.init(101)
INFO  2026-08-06 02:43:45.730 [root] TowResourceHandler includePatterns=[/favicon.ico, /WEB-INF/**] - c.a.u.s.h.r.TowResourceHandler.autoDetect(142)
INFO  2026-08-06 02:43:45.767 [root] starting server: Undertow - 2.3.26.Final - io.undertow.start(120)
INFO  2026-08-06 02:43:45.813 [root] Undertow 2.3.26.Final started - c.a.u.server.DefaultTowServer.doStart(54)
DEBUG 2026-08-06 02:43:45.813 [root] com.aspectran.undertow.server.DefaultTowServer@289710d9 is STARTED - c.a.u.l.AbstractLifeCycle.setStarted(193)
DEBUG 2026-08-06 02:43:45.814 [root] Initialized DefaultBeanRegistry@4f3bbf68 - c.a.c.c.AbstractComponent.initialize(80)
DEBUG 2026-08-06 02:43:45.814 [root] Initialized AspectRuleRegistry@4642b71d - c.a.c.c.AbstractComponent.initialize(80)
DEBUG 2026-08-06 02:43:45.814 [root] Initialized ScheduleRuleRegistry@1450078a - c.a.c.c.AbstractComponent.initialize(80)
DEBUG 2026-08-06 02:43:45.815 [root] Initialized TransletRuleRegistry@c68a5f8 - c.a.c.c.AbstractComponent.initialize(80)
DEBUG 2026-08-06 02:43:45.815 [root] Initialized TemplateRuleRegistry@69c6161d - c.a.c.c.AbstractComponent.initialize(80)
DEBUG 2026-08-06 02:43:45.815 [root] Initialized DefaultTemplateRenderer@3aefae67 - c.a.c.c.AbstractComponent.initialize(80)
DEBUG 2026-08-06 02:43:45.817 [root] Unable to locate MessageSource with name 'messageSource': using default [com.aspectran.core.support.i18n.message.DelegatingMessageSource@41e1455d] - c.a.c.c.DefaultActivityContext.resolveMessageSource(347)
DEBUG 2026-08-06 02:43:45.818 [root] Initialized DefaultActivityContext@4d6f197e - c.a.c.c.AbstractComponent.initialize(80)
INFO  2026-08-06 02:43:45.820 [root] Started DefaultShellService@1b11171f(root) - c.a.c.s.AbstractServiceLifeCycle.start(121)
INFO  2026-08-06 02:43:45.821 [root] Starting DefaultWebService@66908383(root) - c.a.c.s.AbstractServiceLifeCycle.start(117)
INFO  2026-08-06 02:43:45.822 [root] Started DefaultWebService@66908383(root) - c.a.c.s.AbstractServiceLifeCycle.start(121)
INFO  2026-08-06 02:43:45.825 [root:console] Starting DefaultWebService@61e45f87 - c.a.c.s.AbstractServiceLifeCycle.start(117)
INFO  2026-08-06 02:43:45.825 [root:console] Building ActivityContext with context rules [classpath:com/aspectran/aspectow/console/config/rules/root.xml, /config/console/console-rules.xml] - c.a.c.c.b.HybridActivityContextBuilder.doBuild(120)
INFO  2026-08-06 02:43:45.825 [root:console] Base profiles [mariadb, demo, console.ui] - c.a.c.c.e.EnvironmentProfiles.setBaseProfiles(100)
INFO  2026-08-06 02:43:45.826 [root:console] Ignored base profiles [h2] - c.a.c.c.b.AbstractActivityContextBuilder.createEnvironmentProfiles(424)
INFO  2026-08-06 02:43:45.827 [root:console] Default profiles [dev] - c.a.c.c.e.EnvironmentProfiles.setDefaultProfiles(154)
INFO  2026-08-06 02:43:45.827 [root:console] Activating profiles [dev] - c.a.c.c.e.EnvironmentProfiles.setActiveProfiles(205)
INFO  2026-08-06 02:43:45.828 [root:console] Auto Components Scanning {basePackages=[com.aspectran.aspectow.appmon.engine, com.aspectran.aspectow.console.appmon, com.aspectran.aspectow.console.auth, com.aspectran.aspectow.console.cluster, com.aspectran.aspectow.console.commands, com.aspectran.aspectow.console.common, com.aspectran.aspectow.console.framework, com.aspectran.aspectow.console.home, com.aspectran.aspectow.console.scheduler, com.aspectran.aspectow.console.user, com.aspectran.aspectow.console.vault]} - c.a.c.c.bean.BeanRuleRegistry.scanConfigurableBeans(312)
DEBUG 2026-08-06 02:43:45.833 [root:console] Scanning components from /home/aspectran/projects/public/aspectow/appmon/target/classes/com/aspectran/aspectow/appmon/engine/ - c.aspectran.utils.ClassScanner.scan(128)
DEBUG 2026-08-06 02:43:45.928 [root:console] Scanning components from /home/aspectran/projects/public/aspectow/console/target/classes/com/aspectran/aspectow/console/appmon/ - c.aspectran.utils.ClassScanner.scan(128)
DEBUG 2026-08-06 02:43:45.930 [root:console] Scanning components from /home/aspectran/projects/public/aspectow/console/target/classes/com/aspectran/aspectow/console/auth/ - c.aspectran.utils.ClassScanner.scan(128)
DEBUG 2026-08-06 02:43:45.935 [root:console] Scanning components from /home/aspectran/projects/public/aspectow/console/target/classes/com/aspectran/aspectow/console/cluster/ - c.aspectran.utils.ClassScanner.scan(128)
DEBUG 2026-08-06 02:43:45.943 [root:console] Scanning components from /home/aspectran/projects/public/aspectow/console/target/classes/com/aspectran/aspectow/console/commands/ - c.aspectran.utils.ClassScanner.scan(128)
DEBUG 2026-08-06 02:43:45.951 [root:console] Scanning components from /home/aspectran/projects/public/aspectow/console/target/classes/com/aspectran/aspectow/console/common/ - c.aspectran.utils.ClassScanner.scan(128)
DEBUG 2026-08-06 02:43:45.964 [root:console] Scanning components from /home/aspectran/projects/public/aspectow/console/target/classes/com/aspectran/aspectow/console/framework/ - c.aspectran.utils.ClassScanner.scan(128)
DEBUG 2026-08-06 02:43:45.969 [root:console] Scanning components from /home/aspectran/projects/public/aspectow/console/target/classes/com/aspectran/aspectow/console/home/ - c.aspectran.utils.ClassScanner.scan(128)
DEBUG 2026-08-06 02:43:45.970 [root:console] Scanning components from /home/aspectran/projects/public/aspectow/console/target/classes/com/aspectran/aspectow/console/scheduler/ - c.aspectran.utils.ClassScanner.scan(128)
DEBUG 2026-08-06 02:43:45.977 [root:console] Scanning components from /home/aspectran/projects/public/aspectow/console/target/classes/com/aspectran/aspectow/console/user/ - c.aspectran.utils.ClassScanner.scan(128)
DEBUG 2026-08-06 02:43:45.979 [root:console] Scanning components from /home/aspectran/projects/public/aspectow/console/target/classes/com/aspectran/aspectow/console/vault/ - c.aspectran.utils.ClassScanner.scan(128)
DEBUG 2026-08-06 02:43:45.985 [root:console] Appending rules {resource=com/aspectran/aspectow/appmon/config/rules/scheduler.xml} - c.a.c.c.r.a.HybridRuleAppendHandler.handle(109)
DEBUG 2026-08-06 02:43:45.991 [root:console] Appending rules {resource=com/aspectran/aspectow/console/config/rules/db.xml} - c.a.c.c.r.a.HybridRuleAppendHandler.handle(109)
DEBUG 2026-08-06 02:43:46.001 [root:console] Appending rules {resource=com/aspectran/aspectow/console/config/rules/web.xml, profile=[console.ui, console.custom-ui]} - c.a.c.c.r.a.HybridRuleAppendHandler.handle(109)
DEBUG 2026-08-06 02:43:46.024 [root:console] Appending rules {resource=com/aspectran/aspectow/console/framework/asel-test-rules.xml, profile=[console.ui, console.custom-ui]} - c.a.c.c.r.a.HybridRuleAppendHandler.handle(109)
DEBUG 2026-08-06 02:43:46.030 [root:console] Appending rules {file=/config/console/node-rules.xml, format=xml} - c.a.c.c.r.a.HybridRuleAppendHandler.handle(109)
DEBUG 2026-08-06 02:43:46.043 [root:console] Appending rules {file=/config/console/appmon-rules.xml, format=xml} - c.a.c.c.r.a.HybridRuleAppendHandler.handle(109)
DEBUG 2026-08-06 02:43:46.046 [root:console] Parsing bean rules for annotated configurations: 45 - c.a.c.c.b.AnnotatedConfigParser.parse(158)
DEBUG 2026-08-06 02:43:46.152 [root:console] Parsing for ID-based bean rules: 29 - c.a.c.c.b.AnnotatedConfigParser.parse(176)
DEBUG 2026-08-06 02:43:46.165 [root:console] Parsing for type-based bean rules: 52 - c.a.c.c.b.AnnotatedConfigParser.parse(192)
INFO  2026-08-06 02:43:46.189 [root:console] ActivityContext build completed in 364 ms - c.a.c.c.b.HybridActivityContextBuilder.doBuild(203)
DEBUG 2026-08-06 02:43:46.190 [root:console] Initialized TypeConverterRegistry@74ad8d05 - c.a.c.c.AbstractComponent.initialize(80)
DEBUG 2026-08-06 02:43:46.190 [root:console] Initializing singletons in com.aspectran.core.component.bean.DefaultBeanRegistry@676ff3b0 - c.a.c.c.b.AbstractBeanRegistry.instantiateSingletons(427)
INFO  2026-08-06 02:43:46.225 [root:console] Using default implementation for ThreadExecutor - o.q.impl.StdSchedulerFactory.instantiate(1222)
INFO  2026-08-06 02:43:46.229 [root:console] Job execution threads will use class loader of thread: root:console - o.q.simpl.SimpleThreadPool.initialize(269)
INFO  2026-08-06 02:43:46.237 [root:console] Initialized Scheduler Signaller of type: class org.quartz.core.SchedulerSignalerImpl - o.q.core.SchedulerSignalerImpl.<init>(62)
INFO  2026-08-06 02:43:46.237 [root:console] Quartz Scheduler v2.5.2 created. - o.quartz.core.QuartzScheduler.<init>(224)
INFO  2026-08-06 02:43:46.238 [root:console] RAMJobStore initialized. - org.quartz.simpl.RAMJobStore.initialize(152)
INFO  2026-08-06 02:43:46.239 [root:console] Scheduler meta-data: Quartz Scheduler (v2.5.2) 'AppmonScheduler' with instanceId 'NON_CLUSTERED'
  Scheduler class: 'org.quartz.core.QuartzScheduler' - running locally.
  NOT STARTED.
  Currently in standby mode.
  Number of jobs executed: 0
  Using thread pool 'org.quartz.simpl.SimpleThreadPool' - with 1 threads.
  Using job-store 'org.quartz.simpl.RAMJobStore' - which does not support persistence. and is not clustered.
 - o.quartz.core.QuartzScheduler.initialize(289)
INFO  2026-08-06 02:43:46.240 [root:console] Quartz scheduler 'AppmonScheduler' initialized from an externally provided properties instance. - o.q.impl.StdSchedulerFactory.instantiate(1376)
INFO  2026-08-06 02:43:46.241 [root:console] Quartz scheduler version: 2.5.2 - o.q.impl.StdSchedulerFactory.instantiate(1378)
DEBUG 2026-08-06 02:43:46.243 [root:console] IGNORED - Invalid properties resource; java.io.IOException: Could not find resource com/aspectran/aspectow/console/config/db/aspectow-console.db-mariadb.properties - c.a.u.PropertiesLoaderSupport.loadProperties(152)
DEBUG 2026-08-06 02:43:46.244 [root:console] IGNORED - Invalid properties resource; java.io.IOException: Could not find resource com/aspectran/aspectow/console/config/db/aspectow-console.db-mariadb.system.properties - c.a.u.PropertiesLoaderSupport.loadProperties(152)
DEBUG 2026-08-06 02:43:46.898 [root:console] Unable to locate MessageSource with name 'messageSource': using default [com.aspectran.core.support.i18n.message.DelegatingMessageSource@42383cb0] - c.a.c.c.DefaultActivityContext.resolveMessageSource(347)
INFO  2026-08-06 02:43:47.014 [root:console] Current Node: localhost-console1 (Host: juhoN21) - c.a.a.n.m.NodeManagerBuilder.build(169)
INFO  2026-08-06 02:43:47.714 [root:console] Registered group info to Redis: aspectow:cluster:groups:cluster1 (Group: console) - c.a.a.n.m.NodeManagerBuilder.build(210)
INFO  2026-08-06 02:43:47.725 [root:console] Registered RedisScheduledJobLockProvider for cluster-wide job locking - c.a.a.n.m.NodeManagerBuilder.build(247)
INFO  2026-08-06 02:43:47.725 [root:console] Initializing NodeReporter for cluster: cluster1, node: localhost-console1 - c.a.a.n.manager.NodeReporter.start(70)
DEBUG 2026-08-06 02:43:47.731 [root:console] Registering node 'localhost-console1' in Redis hash 'aspectow:cluster:nodes:cluster1': {id=localhost-console1, group=console, host=juhoN21, port=8082, status=live, endpoint={path=/nodes}, token=JeJPpH2XWjhMSCckGMwoEQwTj4ykHzDGg0O4hgq8vZg0YATwCcMKEKjeDaxYYsQB81ixJRlHq77Jg_k2GFCr1KVmU28Mj_Qh, hasNodeManager=true, hasSchedulerManager=true, hasCommandManager=true} - c.a.a.n.manager.NodeReporter.registerNode(141)
INFO  2026-08-06 02:43:47.912 [root:console] NodeMessageSubscriber initialized and subscribed to pattern: aspectow:cluster:*:*:cluster1:localhost-console1:* - c.a.a.n.m.NodeMessageSubscriber.start(140)
INFO  2026-08-06 02:43:47.967 [root:console] ClusterEventSubscriber initialized and subscribed to channel: aspectow:cluster:event:cluster1 - c.a.a.n.m.ClusterEventSubscriber.start(121)
INFO  2026-08-06 02:43:47.969 [root:console] Initializing RemoteNodeManager for node: localhost-console1 - c.a.a.n.m.n.RemoteNodeManager.initialize(63)
INFO  2026-08-06 02:43:47.972 [root:console] Initializing RemoteSchedulerManager for node: localhost-console1 - c.a.a.n.m.s.RemoteSchedulerManager.initialize(113)
INFO  2026-08-06 02:43:47.973 [root:console] Initializing RemoteCommandManager for node: localhost-console1 - c.a.a.n.m.c.RemoteCommandManager.initialize(74)
DEBUG 2026-08-06 02:43:48.011 [root:console] Registered AspectRule {id=consoleTxAspect, order=0, joinpoint={target=activity, pointcut={type=wildcard, patterns=[{type=wildcard, pattern=@class:com.aspectran.aspectow.console.common.db.tx.ConsoleSqlSession}]}}, advices=[{type=before, action={instance=com.aspectran.mybatis.SqlSessionAdviceRegister$$Lambda/0x0000000056612460@3c9e19de}}, {type=after, action={instance=com.aspectran.mybatis.SqlSessionAdviceRegister$$Lambda/0x00000000566126c0@12aa381f}}, {type=finally, action={instance=com.aspectran.mybatis.SqlSessionAdviceRegister$$Lambda/0x0000000056612b80@6115846e}}]} - c.a.m.SqlSessionAdviceRegister.register(294)
DEBUG 2026-08-06 02:43:48.019 [root:console] Create CounterPersist {id=activity, target=jpetstore, parameters={+=/**}} - c.a.a.a.e.p.c.EventCounterBuilder.build(47)
DEBUG 2026-08-06 02:43:48.021 [root:console] Create EventExporter {id=activity, target=jpetstore, parameters={+=/**}} - c.a.a.a.e.e.e.EventExporterBuilder.build(54)
DEBUG 2026-08-06 02:43:48.023 [root:console] Create ChartDataExporter {id=activity, target=jpetstore, parameters={+=/**}} - c.a.a.a.e.e.e.ChartDataExporterBuilder.build(46)
DEBUG 2026-08-06 02:43:48.024 [root:console] Create CounterPersist {id=session, target=tow.server/jpetstore} - c.a.a.a.e.p.c.EventCounterBuilder.build(47)
DEBUG 2026-08-06 02:43:48.024 [root:console] Create EventExporter {id=session, target=tow.server/jpetstore} - c.a.a.a.e.e.e.EventExporterBuilder.build(54)
DEBUG 2026-08-06 02:43:48.025 [root:console] Create ChartDataExporter {id=session, target=tow.server/jpetstore} - c.a.a.a.e.e.e.ChartDataExporterBuilder.build(46)
DEBUG 2026-08-06 02:43:48.026 [root:console] Create MetricExporter {id=cp-jpetstore, title=CP-jpetstore, description=Shows the JDBC connection pool usage status, reader=com.aspectran.aspectow.appmon.engine.exporter.metric.jdbc.HikariPoolMBeanReader, parameters={poolName=jpetstore}, sampleInterval=50, exportInterval=900} - c.a.a.a.e.e.m.MetricExporterBuilder.build(48)
DEBUG 2026-08-06 02:43:48.027 [root:console] Create LogExporter {id=app, title=JPetStore App, file=/logs/jpetstore.log, sampleInterval=300, lastLines=300} - c.a.a.a.e.e.l.LogExporterBuilder.build(51)
DEBUG 2026-08-06 02:43:48.028 [root:console] Create LogExporter {id=access, title=JPetStore Access, file=/logs/jpetstore-access.log, sampleInterval=300, lastLines=100} - c.a.a.a.e.e.l.LogExporterBuilder.build(51)
DEBUG 2026-08-06 02:43:48.029 [root:console] Create CounterPersist {id=activity, target=petclinic, parameters={+=/**}} - c.a.a.a.e.p.c.EventCounterBuilder.build(47)
DEBUG 2026-08-06 02:43:48.030 [root:console] Create EventExporter {id=activity, target=petclinic, parameters={+=/**}} - c.a.a.a.e.e.e.EventExporterBuilder.build(54)
DEBUG 2026-08-06 02:43:48.030 [root:console] Create ChartDataExporter {id=activity, target=petclinic, parameters={+=/**}} - c.a.a.a.e.e.e.ChartDataExporterBuilder.build(46)
DEBUG 2026-08-06 02:43:48.031 [root:console] Create CounterPersist {id=session, target=tow.server/petclinic} - c.a.a.a.e.p.c.EventCounterBuilder.build(47)
DEBUG 2026-08-06 02:43:48.031 [root:console] Create EventExporter {id=session, target=tow.server/petclinic} - c.a.a.a.e.e.e.EventExporterBuilder.build(54)
DEBUG 2026-08-06 02:43:48.032 [root:console] Create ChartDataExporter {id=session, target=tow.server/petclinic} - c.a.a.a.e.e.e.ChartDataExporterBuilder.build(46)
DEBUG 2026-08-06 02:43:48.033 [root:console] Create MetricExporter {id=cp-petclinic, title=CP-petclinic, description=Shows the JDBC connection pool usage status, reader=com.aspectran.aspectow.appmon.engine.exporter.metric.jdbc.HikariPoolMBeanReader, parameters={poolName=petclinic}, sampleInterval=50, exportInterval=900} - c.a.a.a.e.e.m.MetricExporterBuilder.build(48)
DEBUG 2026-08-06 02:43:48.033 [root:console] Create LogExporter {id=app, title=PetClinic App, file=/logs/petclinic.log, sampleInterval=300, lastLines=300} - c.a.a.a.e.e.l.LogExporterBuilder.build(51)
DEBUG 2026-08-06 02:43:48.034 [root:console] Create LogExporter {id=access, title=PetClinic Access, file=/logs/petclinic-access.log, sampleInterval=300, lastLines=100} - c.a.a.a.e.e.l.LogExporterBuilder.build(51)
DEBUG 2026-08-06 02:43:48.034 [root:console] Create CounterPersist {id=activity, target=demo, parameters={+=/**, -=/examples/gs-rest-service/**}} - c.a.a.a.e.p.c.EventCounterBuilder.build(47)
DEBUG 2026-08-06 02:43:48.035 [root:console] Create EventExporter {id=activity, target=demo, parameters={+=/**, -=/examples/gs-rest-service/**}} - c.a.a.a.e.e.e.EventExporterBuilder.build(54)
DEBUG 2026-08-06 02:43:48.035 [root:console] Create ChartDataExporter {id=activity, target=demo, parameters={+=/**, -=/examples/gs-rest-service/**}} - c.a.a.a.e.e.e.ChartDataExporterBuilder.build(46)
DEBUG 2026-08-06 02:43:48.035 [root:console] Create CounterPersist {id=session, target=tow.server/demo} - c.a.a.a.e.p.c.EventCounterBuilder.build(47)
DEBUG 2026-08-06 02:43:48.036 [root:console] Create EventExporter {id=session, target=tow.server/demo} - c.a.a.a.e.e.e.EventExporterBuilder.build(54)
DEBUG 2026-08-06 02:43:48.036 [root:console] Create ChartDataExporter {id=session, target=tow.server/demo} - c.a.a.a.e.e.e.ChartDataExporterBuilder.build(46)
DEBUG 2026-08-06 02:43:48.036 [root:console] Create LogExporter {id=app, title=Demo App, file=/logs/demo.log, sampleInterval=300, lastLines=300} - c.a.a.a.e.e.l.LogExporterBuilder.build(51)
DEBUG 2026-08-06 02:43:48.037 [root:console] Create LogExporter {id=access, title=Demo Access, file=/logs/demo-access.log, sampleInterval=300, lastLines=100} - c.a.a.a.e.e.l.LogExporterBuilder.build(51)
DEBUG 2026-08-06 02:43:48.037 [root:console] Create CounterPersist {id=activity, target=demo, parameters={+=/examples/gs-rest-service/**}} - c.a.a.a.e.p.c.EventCounterBuilder.build(47)
DEBUG 2026-08-06 02:43:48.037 [root:console] Create EventExporter {id=activity, target=demo, parameters={+=/examples/gs-rest-service/**}} - c.a.a.a.e.e.e.EventExporterBuilder.build(54)
DEBUG 2026-08-06 02:43:48.038 [root:console] Create ChartDataExporter {id=activity, target=demo, parameters={+=/examples/gs-rest-service/**}} - c.a.a.a.e.e.e.ChartDataExporterBuilder.build(46)
DEBUG 2026-08-06 02:43:48.038 [root:console] Create CounterPersist {id=session, target=tow.server/demo} - c.a.a.a.e.p.c.EventCounterBuilder.build(47)
DEBUG 2026-08-06 02:43:48.038 [root:console] Create EventExporter {id=session, target=tow.server/demo} - c.a.a.a.e.e.e.EventExporterBuilder.build(54)
DEBUG 2026-08-06 02:43:48.039 [root:console] Create ChartDataExporter {id=session, target=tow.server/demo} - c.a.a.a.e.e.e.ChartDataExporterBuilder.build(46)
DEBUG 2026-08-06 02:43:48.039 [root:console] Create LogExporter {id=app, title=Demo App, file=/logs/demo2.log, sampleInterval=300, lastLines=300} - c.a.a.a.e.e.l.LogExporterBuilder.build(51)
DEBUG 2026-08-06 02:43:48.039 [root:console] Create LogExporter {id=access, title=Demo Access, file=/logs/demo2-access.log, sampleInterval=300, lastLines=100} - c.a.a.a.e.e.l.LogExporterBuilder.build(51)
DEBUG 2026-08-06 02:43:48.040 [root:console] Create CounterPersist {id=activity, target=root, parameters={+=/**}} - c.a.a.a.e.p.c.EventCounterBuilder.build(47)
DEBUG 2026-08-06 02:43:48.040 [root:console] Create EventExporter {id=activity, target=root, parameters={+=/**}} - c.a.a.a.e.e.e.EventExporterBuilder.build(54)
DEBUG 2026-08-06 02:43:48.041 [root:console] Create ChartDataExporter {id=activity, target=root, parameters={+=/**}} - c.a.a.a.e.e.e.ChartDataExporterBuilder.build(46)
DEBUG 2026-08-06 02:43:48.041 [root:console] Create CounterPersist {id=session, target=tow.server/root} - c.a.a.a.e.p.c.EventCounterBuilder.build(47)
DEBUG 2026-08-06 02:43:48.041 [root:console] Create EventExporter {id=session, target=tow.server/root} - c.a.a.a.e.e.e.EventExporterBuilder.build(54)
DEBUG 2026-08-06 02:43:48.042 [root:console] Create ChartDataExporter {id=session, target=tow.server/root} - c.a.a.a.e.e.e.ChartDataExporterBuilder.build(46)
DEBUG 2026-08-06 02:43:48.042 [root:console] Create MetricExporter {id=heap, title=Heap, description=Shows JVM Heap memory usage status, reader=com.aspectran.aspectow.appmon.engine.exporter.metric.jvm.HeapMemoryUsageReader, sampleInterval=500, heading=true} - c.a.a.a.e.e.m.MetricExporterBuilder.build(48)
DEBUG 2026-08-06 02:43:48.043 [root:console] Create MetricExporter {id=undertow-tp, title=Undertow TP, description=Metrics of Undertow thread pool resources, reader=com.aspectran.aspectow.appmon.engine.exporter.metric.undertow.NioWorkerMetricsReader, target=tow.server, sampleInterval=30, exportInterval=900, heading=true} - c.a.a.a.e.e.m.MetricExporterBuilder.build(48)
DEBUG 2026-08-06 02:43:48.043 [root:console] Create LogExporter {id=app, title=Root App, file=/logs/root.log, sampleInterval=300, lastLines=300} - c.a.a.a.e.e.l.LogExporterBuilder.build(51)
DEBUG 2026-08-06 02:43:48.044 [root:console] Create LogExporter {id=access, title=Root Access, file=/logs/root-access.log, sampleInterval=300, lastLines=100} - c.a.a.a.e.e.l.LogExporterBuilder.build(51)
DEBUG 2026-08-06 02:43:48.044 [root:console] Create CounterPersist {id=activity, target=console, parameters={+=/**, -=/nodes/**/polling/**}} - c.a.a.a.e.p.c.EventCounterBuilder.build(47)
DEBUG 2026-08-06 02:43:48.044 [root:console] Create EventExporter {id=activity, target=console, parameters={+=/**, -=/nodes/**/polling/**}} - c.a.a.a.e.e.e.EventExporterBuilder.build(54)
DEBUG 2026-08-06 02:43:48.045 [root:console] Create ChartDataExporter {id=activity, target=console, parameters={+=/**, -=/nodes/**/polling/**}} - c.a.a.a.e.e.e.ChartDataExporterBuilder.build(46)
DEBUG 2026-08-06 02:43:48.045 [root:console] Create CounterPersist {id=session, target=tow.server/console} - c.a.a.a.e.p.c.EventCounterBuilder.build(47)
DEBUG 2026-08-06 02:43:48.045 [root:console] Create EventExporter {id=session, target=tow.server/console} - c.a.a.a.e.e.e.EventExporterBuilder.build(54)
DEBUG 2026-08-06 02:43:48.046 [root:console] Create ChartDataExporter {id=session, target=tow.server/console} - c.a.a.a.e.e.e.ChartDataExporterBuilder.build(46)
DEBUG 2026-08-06 02:43:48.046 [root:console] Create MetricExporter {id=heap, title=Heap, description=Shows JVM Heap memory usage status, reader=com.aspectran.aspectow.appmon.engine.exporter.metric.jvm.HeapMemoryUsageReader, sampleInterval=500, heading=true} - c.a.a.a.e.e.m.MetricExporterBuilder.build(48)
DEBUG 2026-08-06 02:43:48.047 [root:console] Create MetricExporter {id=undertow-tp, title=Undertow TP, description=Metrics of Undertow thread pool resources, reader=com.aspectran.aspectow.appmon.engine.exporter.metric.undertow.NioWorkerMetricsReader, target=tow.server, sampleInterval=500, heading=true} - c.a.a.a.e.e.m.MetricExporterBuilder.build(48)
DEBUG 2026-08-06 02:43:48.047 [root:console] Create LogExporter {id=app, file=console.log, sampleInterval=300, lastLines=100} - c.a.a.a.e.e.l.LogExporterBuilder.build(51)
DEBUG 2026-08-06 02:43:48.047 [root:console] Create LogExporter {id=access, file=console-access.log, sampleInterval=300, lastLines=100} - c.a.a.a.e.e.l.LogExporterBuilder.build(51)
INFO  2026-08-06 02:43:48.155 [root:console] Registered app info to Redis: aspectow:cluster:apps:cluster1:console (Apps: [jpetstore, petclinic, demo, demo2, root, console]) - c.a.a.a.e.m.AppMonManagerBuilder.build(167)
DEBUG 2026-08-06 02:43:48.169 [root:console] Registered AspectRule {id=consoleBatchTxAspect, order=0, joinpoint={target=activity, pointcut={type=wildcard, patterns=[{type=wildcard, pattern=@class:com.aspectran.aspectow.console.common.db.tx.ConsoleBatchSqlSession}]}}, advices=[{type=before, action={instance=com.aspectran.mybatis.SqlSessionAdviceRegister$$Lambda/0x0000000056612460@3d53e876}}, {type=after, action={instance=com.aspectran.mybatis.SqlSessionAdviceRegister$$Lambda/0x00000000566126c0@48d44b46}}, {type=finally, action={instance=com.aspectran.mybatis.SqlSessionAdviceRegister$$Lambda/0x0000000056612b80@aa0dbca}}]} - c.a.m.SqlSessionAdviceRegister.register(294)
DEBUG 2026-08-06 02:43:48.177 [root:console] Registered AspectRule {id=consoleReuseTxAspect, order=0, joinpoint={target=activity, pointcut={type=wildcard, patterns=[{type=wildcard, pattern=@class:com.aspectran.aspectow.console.common.db.tx.ConsoleReuseSqlSession}]}}, advices=[{type=before, action={instance=com.aspectran.mybatis.SqlSessionAdviceRegister$$Lambda/0x0000000056612460@5b7ee56c}}, {type=after, action={instance=com.aspectran.mybatis.SqlSessionAdviceRegister$$Lambda/0x00000000566126c0@311a0b3e}}, {type=finally, action={instance=com.aspectran.mybatis.SqlSessionAdviceRegister$$Lambda/0x0000000056612b80@3de8f85c}}]} - c.a.m.SqlSessionAdviceRegister.register(294)
DEBUG 2026-08-06 02:43:48.185 [root:console] Initialized PollingSessionManager@401ec794 - c.a.c.c.AbstractComponent.initialize(80)
DEBUG 2026-08-06 02:43:48.200 [root:console] Advice {type=before, instance=com.aspectran.mybatis.SqlSessionAdviceRegister$$Lambda/0x0000000056612460@3c9e19de, order=0} - c.a.c.activity.AdviceActivity.executeAdvice(351)
DEBUG 2026-08-06 02:43:48.215 [root:console] Open DefaultSqlSession@18483b8b {executorType=SIMPLE, autoCommit=false, readOnly=false} - c.a.mybatis.SqlSessionAdvice.doOpen(239)
DEBUG 2026-08-06 02:43:48.217 [root:console] Cache Hit Ratio [com.aspectran.aspectow.appmon.engine.persist.db.mapper.EventCountMapper]: 0.0 - c.a.a.a.e.p.d.m.EventCountMapper.getObject(60)
DEBUG 2026-08-06 02:43:48.232 [root:console] ==>  Preparing: select node_id, group_id, app_id, event_id, datetime, total, delta, error from appmon_event_count_last where node_id = ? and app_id = ? and event_id = ? - c.a.a.a.e.p.d.m.E.getLastEventCount.debug(135)
DEBUG 2026-08-06 02:43:48.253 [root:console] ==> Parameters: localhost-console1(String), jpetstore(String), activity(String) - c.a.a.a.e.p.d.m.E.getLastEventCount.debug(135)
DEBUG 2026-08-06 02:43:48.276 [root:console] <==      Total: 0 - c.a.a.a.e.p.d.m.E.getLastEventCount.debug(135)
DEBUG 2026-08-06 02:43:48.281 [root:console] Cache Hit Ratio [com.aspectran.aspectow.appmon.engine.persist.db.mapper.EventCountMapper]: 0.0 - c.a.a.a.e.p.d.m.EventCountMapper.getObject(60)
DEBUG 2026-08-06 02:43:48.282 [root:console] ==>  Preparing: select node_id, group_id, app_id, event_id, datetime, total, delta, error from appmon_event_count_last where node_id = ? and app_id = ? and event_id = ? - c.a.a.a.e.p.d.m.E.getLastEventCount.debug(135)
DEBUG 2026-08-06 02:43:48.282 [root:console] ==> Parameters: localhost-console1(String), jpetstore(String), session(String) - c.a.a.a.e.p.d.m.E.getLastEventCount.debug(135)
DEBUG 2026-08-06 02:43:48.290 [root:console] <==      Total: 0 - c.a.a.a.e.p.d.m.E.getLastEventCount.debug(135)
DEBUG 2026-08-06 02:43:48.292 [root:console] Cache Hit Ratio [com.aspectran.aspectow.appmon.engine.persist.db.mapper.EventCountMapper]: 0.0 - c.a.a.a.e.p.d.m.EventCountMapper.getObject(60)
DEBUG 2026-08-06 02:43:48.292 [root:console] ==>  Preparing: select node_id, group_id, app_id, event_id, datetime, total, delta, error from appmon_event_count_last where node_id = ? and app_id = ? and event_id = ? - c.a.a.a.e.p.d.m.E.getLastEventCount.debug(135)
DEBUG 2026-08-06 02:43:48.293 [root:console] ==> Parameters: localhost-console1(String), petclinic(String), activity(String) - c.a.a.a.e.p.d.m.E.getLastEventCount.debug(135)
DEBUG 2026-08-06 02:43:48.302 [root:console] <==      Total: 0 - c.a.a.a.e.p.d.m.E.getLastEventCount.debug(135)
DEBUG 2026-08-06 02:43:48.303 [root:console] Cache Hit Ratio [com.aspectran.aspectow.appmon.engine.persist.db.mapper.EventCountMapper]: 0.0 - c.a.a.a.e.p.d.m.EventCountMapper.getObject(60)
DEBUG 2026-08-06 02:43:48.303 [root:console] ==>  Preparing: select node_id, group_id, app_id, event_id, datetime, total, delta, error from appmon_event_count_last where node_id = ? and app_id = ? and event_id = ? - c.a.a.a.e.p.d.m.E.getLastEventCount.debug(135)
DEBUG 2026-08-06 02:43:48.303 [root:console] ==> Parameters: localhost-console1(String), petclinic(String), session(String) - c.a.a.a.e.p.d.m.E.getLastEventCount.debug(135)
DEBUG 2026-08-06 02:43:48.312 [root:console] <==      Total: 0 - c.a.a.a.e.p.d.m.E.getLastEventCount.debug(135)
DEBUG 2026-08-06 02:43:48.312 [root:console] Cache Hit Ratio [com.aspectran.aspectow.appmon.engine.persist.db.mapper.EventCountMapper]: 0.0 - c.a.a.a.e.p.d.m.EventCountMapper.getObject(60)
DEBUG 2026-08-06 02:43:48.313 [root:console] ==>  Preparing: select node_id, group_id, app_id, event_id, datetime, total, delta, error from appmon_event_count_last where node_id = ? and app_id = ? and event_id = ? - c.a.a.a.e.p.d.m.E.getLastEventCount.debug(135)
DEBUG 2026-08-06 02:43:48.313 [root:console] ==> Parameters: localhost-console1(String), demo(String), activity(String) - c.a.a.a.e.p.d.m.E.getLastEventCount.debug(135)
DEBUG 2026-08-06 02:43:48.321 [root:console] <==      Total: 0 - c.a.a.a.e.p.d.m.E.getLastEventCount.debug(135)
DEBUG 2026-08-06 02:43:48.323 [root:console] Cache Hit Ratio [com.aspectran.aspectow.appmon.engine.persist.db.mapper.EventCountMapper]: 0.0 - c.a.a.a.e.p.d.m.EventCountMapper.getObject(60)
DEBUG 2026-08-06 02:43:48.323 [root:console] ==>  Preparing: select node_id, group_id, app_id, event_id, datetime, total, delta, error from appmon_event_count_last where node_id = ? and app_id = ? and event_id = ? - c.a.a.a.e.p.d.m.E.getLastEventCount.debug(135)
DEBUG 2026-08-06 02:43:48.323 [root:console] ==> Parameters: localhost-console1(String), demo(String), session(String) - c.a.a.a.e.p.d.m.E.getLastEventCount.debug(135)
DEBUG 2026-08-06 02:43:48.332 [root:console] <==      Total: 0 - c.a.a.a.e.p.d.m.E.getLastEventCount.debug(135)
DEBUG 2026-08-06 02:43:48.333 [root:console] Cache Hit Ratio [com.aspectran.aspectow.appmon.engine.persist.db.mapper.EventCountMapper]: 0.0 - c.a.a.a.e.p.d.m.EventCountMapper.getObject(60)
DEBUG 2026-08-06 02:43:48.333 [root:console] ==>  Preparing: select node_id, group_id, app_id, event_id, datetime, total, delta, error from appmon_event_count_last where node_id = ? and app_id = ? and event_id = ? - c.a.a.a.e.p.d.m.E.getLastEventCount.debug(135)
DEBUG 2026-08-06 02:43:48.334 [root:console] ==> Parameters: localhost-console1(String), demo2(String), activity(String) - c.a.a.a.e.p.d.m.E.getLastEventCount.debug(135)
DEBUG 2026-08-06 02:43:48.342 [root:console] <==      Total: 0 - c.a.a.a.e.p.d.m.E.getLastEventCount.debug(135)
DEBUG 2026-08-06 02:43:48.343 [root:console] Cache Hit Ratio [com.aspectran.aspectow.appmon.engine.persist.db.mapper.EventCountMapper]: 0.0 - c.a.a.a.e.p.d.m.EventCountMapper.getObject(60)
DEBUG 2026-08-06 02:43:48.344 [root:console] ==>  Preparing: select node_id, group_id, app_id, event_id, datetime, total, delta, error from appmon_event_count_last where node_id = ? and app_id = ? and event_id = ? - c.a.a.a.e.p.d.m.E.getLastEventCount.debug(135)
DEBUG 2026-08-06 02:43:48.344 [root:console] ==> Parameters: localhost-console1(String), demo2(String), session(String) - c.a.a.a.e.p.d.m.E.getLastEventCount.debug(135)
DEBUG 2026-08-06 02:43:48.353 [root:console] <==      Total: 0 - c.a.a.a.e.p.d.m.E.getLastEventCount.debug(135)
DEBUG 2026-08-06 02:43:48.354 [root:console] Cache Hit Ratio [com.aspectran.aspectow.appmon.engine.persist.db.mapper.EventCountMapper]: 0.0 - c.a.a.a.e.p.d.m.EventCountMapper.getObject(60)
DEBUG 2026-08-06 02:43:48.355 [root:console] ==>  Preparing: select node_id, group_id, app_id, event_id, datetime, total, delta, error from appmon_event_count_last where node_id = ? and app_id = ? and event_id = ? - c.a.a.a.e.p.d.m.E.getLastEventCount.debug(135)
DEBUG 2026-08-06 02:43:48.356 [root:console] ==> Parameters: localhost-console1(String), root(String), activity(String) - c.a.a.a.e.p.d.m.E.getLastEventCount.debug(135)
DEBUG 2026-08-06 02:43:48.365 [root:console] <==      Total: 0 - c.a.a.a.e.p.d.m.E.getLastEventCount.debug(135)
DEBUG 2026-08-06 02:43:48.367 [root:console] Cache Hit Ratio [com.aspectran.aspectow.appmon.engine.persist.db.mapper.EventCountMapper]: 0.0 - c.a.a.a.e.p.d.m.EventCountMapper.getObject(60)
DEBUG 2026-08-06 02:43:48.368 [root:console] ==>  Preparing: select node_id, group_id, app_id, event_id, datetime, total, delta, error from appmon_event_count_last where node_id = ? and app_id = ? and event_id = ? - c.a.a.a.e.p.d.m.E.getLastEventCount.debug(135)
DEBUG 2026-08-06 02:43:48.368 [root:console] ==> Parameters: localhost-console1(String), root(String), session(String) - c.a.a.a.e.p.d.m.E.getLastEventCount.debug(135)
DEBUG 2026-08-06 02:43:48.376 [root:console] <==      Total: 0 - c.a.a.a.e.p.d.m.E.getLastEventCount.debug(135)
DEBUG 2026-08-06 02:43:48.377 [root:console] Register session listener com.aspectran.aspectow.appmon.engine.persist.counter.session.SessionEventCountingListener@3c71cf3e in DefaultSessionManager@60cf80e7(rn0) - c.a.c.c.s.AbstractSessionManager.addSessionListener(500)
DEBUG 2026-08-06 02:43:48.378 [root:console] Cache Hit Ratio [com.aspectran.aspectow.appmon.engine.persist.db.mapper.EventCountMapper]: 0.0 - c.a.a.a.e.p.d.m.EventCountMapper.getObject(60)
DEBUG 2026-08-06 02:43:48.379 [root:console] ==>  Preparing: select node_id, group_id, app_id, event_id, datetime, total, delta, error from appmon_event_count_last where node_id = ? and app_id = ? and event_id = ? - c.a.a.a.e.p.d.m.E.getLastEventCount.debug(135)
DEBUG 2026-08-06 02:43:48.379 [root:console] ==> Parameters: localhost-console1(String), console(String), activity(String) - c.a.a.a.e.p.d.m.E.getLastEventCount.debug(135)
DEBUG 2026-08-06 02:43:48.387 [root:console] <==      Total: 0 - c.a.a.a.e.p.d.m.E.getLastEventCount.debug(135)
DEBUG 2026-08-06 02:43:48.388 [root:console] Cache Hit Ratio [com.aspectran.aspectow.appmon.engine.persist.db.mapper.EventCountMapper]: 0.0 - c.a.a.a.e.p.d.m.EventCountMapper.getObject(60)
DEBUG 2026-08-06 02:43:48.389 [root:console] ==>  Preparing: select node_id, group_id, app_id, event_id, datetime, total, delta, error from appmon_event_count_last where node_id = ? and app_id = ? and event_id = ? - c.a.a.a.e.p.d.m.E.getLastEventCount.debug(135)
DEBUG 2026-08-06 02:43:48.389 [root:console] ==> Parameters: localhost-console1(String), console(String), session(String) - c.a.a.a.e.p.d.m.E.getLastEventCount.debug(135)
DEBUG 2026-08-06 02:43:48.398 [root:console] <==      Total: 0 - c.a.a.a.e.p.d.m.E.getLastEventCount.debug(135)
DEBUG 2026-08-06 02:43:48.398 [root:console] Advice {type=after, instance=com.aspectran.mybatis.SqlSessionAdviceRegister$$Lambda/0x00000000566126c0@12aa381f, order=0} - c.a.c.activity.AdviceActivity.executeAdvice(351)
DEBUG 2026-08-06 02:43:48.399 [root:console] Commit transaction for DefaultSqlSession@18483b8b - c.a.mybatis.SqlSessionAdvice.commit(257)
DEBUG 2026-08-06 02:43:48.404 [root:console] Advice {type=finally, instance=com.aspectran.mybatis.SqlSessionAdviceRegister$$Lambda/0x0000000056612b80@6115846e, order=0} - c.a.c.activity.AdviceActivity.executeAdvice(351)
DEBUG 2026-08-06 02:43:48.411 [root:console] Close DefaultSqlSession@18483b8b - c.a.mybatis.SqlSessionAdvice.close(351)
INFO  2026-08-06 02:43:48.412 [root:console] CounterPersistSchedule is dynamically set to run every 5 minutes - c.a.a.a.e.s.CounterPersistSchedule.initialize(115)
DEBUG 2026-08-06 02:43:48.416 [root:console] Initialized DefaultBeanRegistry@676ff3b0 - c.a.c.c.AbstractComponent.initialize(80)
DEBUG 2026-08-06 02:43:48.417 [root:console] Initialized AspectRuleRegistry@629cbb1 - c.a.c.c.AbstractComponent.initialize(80)
DEBUG 2026-08-06 02:43:48.417 [root:console] Initialized ScheduleRuleRegistry@165aa43a - c.a.c.c.AbstractComponent.initialize(80)
DEBUG 2026-08-06 02:43:48.417 [root:console] Initialized TransletRuleRegistry@22cd8ec2 - c.a.c.c.AbstractComponent.initialize(80)
DEBUG 2026-08-06 02:43:48.417 [root:console] Initialized TemplateRuleRegistry@7d977a20 - c.a.c.c.AbstractComponent.initialize(80)
DEBUG 2026-08-06 02:43:48.418 [root:console] Initialized DefaultTemplateRenderer@35ab4260 - c.a.c.c.AbstractComponent.initialize(80)
DEBUG 2026-08-06 02:43:48.418 [root:console] Initialized DefaultActivityContext@76134b9b - c.a.c.c.AbstractComponent.initialize(80)
INFO  2026-08-06 02:43:48.422 [root:console] Started DefaultWebService@61e45f87(console) - c.a.c.s.AbstractServiceLifeCycle.start(121)
INFO  2026-08-06 02:43:48.423 [root:console] Starting DefaultSchedulerService@760a2b6e - c.a.c.s.AbstractServiceLifeCycle.start(117)
INFO  2026-08-06 02:43:48.431 [root:console] Starting scheduler 'AppmonScheduler' - c.a.c.s.s.AbstractSchedulerService.doStart(192)
INFO  2026-08-06 02:43:48.434 [root:console] Started DefaultSchedulerService@760a2b6e - c.a.c.s.AbstractServiceLifeCycle.start(121)
DEBUG 2026-08-06 02:43:48.435 [root:console] Register session listener com.aspectran.aspectow.appmon.engine.persist.counter.session.SessionEventCountingListener@7c8f047a in DefaultSessionManager@ec2bf82(cn0) - c.a.c.c.s.AbstractSessionManager.addSessionListener(500)
DEBUG 2026-08-06 02:43:48.435 [root:console] Registering @ServerEndpoint: class com.aspectran.aspectow.appmon.engine.relay.websocket.WebsocketMessageRelayer - c.a.w.w.j.ServerEndpointExporter.registerEndpoint(122)
INFO  2026-08-06 02:43:48.437 [root:console] UT026003: Adding annotated server endpoint class com.aspectran.aspectow.appmon.engine.relay.websocket.WebsocketMessageRelayer for path /nodes/{nodeId}/appmon/websocket/{token} - io.undertow.websockets.jsr.addEndpointInternal(647)
DEBUG 2026-08-06 02:43:48.441 [root:console] Registering @ServerEndpoint: class com.aspectran.aspectow.console.cluster.bridge.websocket.WebsocketNodeBridge - c.a.w.w.j.ServerEndpointExporter.registerEndpoint(122)
INFO  2026-08-06 02:43:48.442 [root:console] UT026003: Adding annotated server endpoint class com.aspectran.aspectow.console.cluster.bridge.websocket.WebsocketNodeBridge for path /nodes/{nodeId}/websocket/{token} - io.undertow.websockets.jsr.addEndpointInternal(647)
DEBUG 2026-08-06 02:43:48.442 [root:console] Registering @ServerEndpoint: class com.aspectran.aspectow.console.commands.bridge.websocket.WebsocketCommandBridge - c.a.w.w.j.ServerEndpointExporter.registerEndpoint(122)
INFO  2026-08-06 02:43:48.442 [root:console] UT026003: Adding annotated server endpoint class com.aspectran.aspectow.console.commands.bridge.websocket.WebsocketCommandBridge for path /nodes/{nodeId}/commands/websocket/{token} - io.undertow.websockets.jsr.addEndpointInternal(647)
DEBUG 2026-08-06 02:43:48.443 [root:console] Registering @ServerEndpoint: class com.aspectran.aspectow.console.scheduler.bridge.websocket.WebsocketSchedulerBridge - c.a.w.w.j.ServerEndpointExporter.registerEndpoint(122)
INFO  2026-08-06 02:43:48.443 [root:console] UT026003: Adding annotated server endpoint class com.aspectran.aspectow.console.scheduler.bridge.websocket.WebsocketSchedulerBridge for path /nodes/{nodeId}/scheduler/websocket/{token} - io.undertow.websockets.jsr.addEndpointInternal(647)
DEBUG 2026-08-06 02:43:48.445 [root] Initializing DefaultSessionManager@1b444b5 {workerName=shell, maxActiveSessions=1, maxIdleSeconds=1800, scavengingIntervalSeconds=600, fileStore={storeDir=/work/_sessions/shell, nonPersistentAttributes=[]}, enabled=true} - c.a.c.c.s.DefaultSessionManager.doInitialize(175)
DEBUG 2026-08-06 02:43:48.445 [root] DefaultSessionManager@1b444b5(shell) default maxIdleSecs=1800 - c.a.c.c.s.AbstractSessionManager.setDefaultMaxIdleSecs(176)
DEBUG 2026-08-06 02:43:48.445 [root] Initialized FileSessionStore@5ae66c98 - c.a.c.c.AbstractComponent.initialize(80)
DEBUG 2026-08-06 02:43:48.446 [root] Initialized DefaultSessionCache@459bf87c(shell) - c.a.c.c.AbstractComponent.initialize(80)
DEBUG 2026-08-06 02:43:48.446 [root] com.aspectran.core.component.session.HouseKeeper@23df7fad(shell) is STARTING - c.a.u.l.AbstractLifeCycle.setStarting(183)
DEBUG 2026-08-06 02:43:48.447 [root] com.aspectran.core.component.session.HouseKeeper@23df7fad(shell) is STARTED - c.a.u.l.AbstractLifeCycle.setStarted(193)
DEBUG 2026-08-06 02:43:48.447 [root] Initialized DefaultSessionManager@1b444b5(shell) - c.a.c.c.AbstractComponent.initialize(80)
DEBUG 2026-08-06 02:43:48.449 [root] Advice {type=before, action={echo={attributes=[data]}}} - c.a.c.activity.AdviceActivity.executeAdvice(351)
DEBUG 2026-08-06 02:43:48.454 [root] Destroy request scoped beans from RequestScope@39acd1f1 - c.a.c.c.b.scope.AbstractScope.destroy(112)
INFO  2026-08-06 02:43:50.434 [Thread-0] Scheduler AppmonScheduler_$_NON_CLUSTERED started. - o.quartz.core.QuartzScheduler.start(541)
DEBUG 2026-08-06 02:45:07.624 [shutdown] Running all shutdown-hook tasks: 1 - c.aspectran.utils.ShutdownHook.runTasks(147)
DEBUG 2026-08-06 02:45:07.626 [shutdown] Running task [1/1]: Stop DefaultShellService@1b11171f(root) - c.aspectran.utils.ShutdownHook.runTasks(156)
DEBUG 2026-08-06 02:45:07.626 [root] com.aspectran.core.component.session.HouseKeeper@23df7fad(shell) is STOPPING - c.a.u.l.AbstractLifeCycle.setStopping(203)
DEBUG 2026-08-06 02:45:07.627 [root] com.aspectran.core.component.session.HouseKeeper@23df7fad {scavengingInterval=600000} used by DefaultSessionManager@1b444b5(shell) is STOPPED - c.a.u.l.AbstractLifeCycle.setStopped(213)
DEBUG 2026-08-06 02:45:07.629 [root] Destroyed FileSessionStore@5ae66c98 - c.a.c.c.AbstractComponent.destroy(99)
DEBUG 2026-08-06 02:45:07.629 [root] Destroyed DefaultSessionCache@459bf87c(shell) - c.a.c.c.AbstractComponent.destroy(99)
DEBUG 2026-08-06 02:45:07.630 [root] Destroyed DefaultSessionManager@1b444b5(shell) - c.a.c.c.AbstractComponent.destroy(99)
INFO  2026-08-06 02:45:07.631 [root] Stopping DefaultWebService@66908383(root) - c.a.c.s.AbstractServiceLifeCycle.stop(164)
INFO  2026-08-06 02:45:07.632 [root] Stopped DefaultWebService@66908383(root) - c.a.c.s.AbstractServiceLifeCycle.stop(168)
INFO  2026-08-06 02:45:07.636 [root:console] Stopping DefaultSchedulerService@760a2b6e - c.a.c.s.AbstractServiceLifeCycle.stop(164)
INFO  2026-08-06 02:45:07.636 [root:console] Shutting down the scheduler 'AppmonScheduler' with waitForJobsToComplete=true - c.a.c.s.s.AbstractSchedulerService.doStop(218)
INFO  2026-08-06 02:45:07.637 [root:console] Scheduler AppmonScheduler_$_NON_CLUSTERED shutting down. - o.quartz.core.QuartzScheduler.shutdown(656)
INFO  2026-08-06 02:45:07.637 [root:console] Scheduler AppmonScheduler_$_NON_CLUSTERED paused. - o.quartz.core.QuartzScheduler.standby(576)
INFO  2026-08-06 02:45:08.127 [root:console] Scheduler AppmonScheduler_$_NON_CLUSTERED shutdown complete. - o.quartz.core.QuartzScheduler.shutdown(728)
INFO  2026-08-06 02:45:08.128 [root:console] Stopped DefaultSchedulerService@760a2b6e - c.a.c.s.AbstractServiceLifeCycle.stop(168)
INFO  2026-08-06 02:45:08.128 [root:console] Stopping DefaultWebService@61e45f87(console) - c.a.c.s.AbstractServiceLifeCycle.stop(164)
DEBUG 2026-08-06 02:45:08.128 [root:console] Destroying all cached resources... - c.a.c.s.DefaultCoreService.destroyActivityContext(176)
DEBUG 2026-08-06 02:45:08.129 [root:console] Destroying singletons in com.aspectran.core.component.bean.DefaultBeanRegistry@676ff3b0 - c.a.c.c.b.AbstractBeanRegistry.destroySingletons(464)
DEBUG 2026-08-06 02:45:08.130 [root:console] Destroy singleton scoped beans from SingletonScope@2f68f86e - c.a.c.c.b.scope.AbstractScope.destroy(112)
DEBUG 2026-08-06 02:45:08.131 [root:console] Destroyed PollingSessionManager@401ec794 - c.a.c.c.AbstractComponent.destroy(99)
DEBUG 2026-08-06 02:45:08.132 [root:console] com.aspectran.aspectow.appmon.engine.exporter.event.EventExporter@3f2a762a is STOPPING - c.a.u.l.AbstractLifeCycle.setStopping(203)
DEBUG 2026-08-06 02:45:08.132 [root:console] com.aspectran.aspectow.appmon.engine.exporter.event.EventExporter@3f2a762a {id=activity, target=jpetstore, parameters={+=/**}} is STOPPED - c.a.u.l.AbstractLifeCycle.setStopped(213)
DEBUG 2026-08-06 02:45:08.132 [root:console] com.aspectran.aspectow.appmon.engine.exporter.event.EventExporter@6292afab is STOPPING - c.a.u.l.AbstractLifeCycle.setStopping(203)
DEBUG 2026-08-06 02:45:08.132 [root:console] com.aspectran.aspectow.appmon.engine.exporter.event.EventExporter@6292afab {id=session, target=tow.server/jpetstore} is STOPPED - c.a.u.l.AbstractLifeCycle.setStopped(213)
DEBUG 2026-08-06 02:45:08.133 [root:console] com.aspectran.aspectow.appmon.engine.exporter.event.ChartDataExporter@52bb74a2 is STOPPING - c.a.u.l.AbstractLifeCycle.setStopping(203)
DEBUG 2026-08-06 02:45:08.133 [root:console] com.aspectran.aspectow.appmon.engine.exporter.event.ChartDataExporter@52bb74a2 {id=activity, target=jpetstore, parameters={+=/**}} is STOPPED - c.a.u.l.AbstractLifeCycle.setStopped(213)
DEBUG 2026-08-06 02:45:08.133 [root:console] com.aspectran.aspectow.appmon.engine.exporter.event.ChartDataExporter@70f149fa is STOPPING - c.a.u.l.AbstractLifeCycle.setStopping(203)
DEBUG 2026-08-06 02:45:08.134 [root:console] com.aspectran.aspectow.appmon.engine.exporter.event.ChartDataExporter@70f149fa {id=session, target=tow.server/jpetstore} is STOPPED - c.a.u.l.AbstractLifeCycle.setStopped(213)
DEBUG 2026-08-06 02:45:08.134 [root:console] com.aspectran.aspectow.appmon.engine.exporter.metric.MetricExporter@4ef33170 is STOPPING - c.a.u.l.AbstractLifeCycle.setStopping(203)
DEBUG 2026-08-06 02:45:08.135 [root:console] com.aspectran.aspectow.appmon.engine.exporter.metric.MetricExporter@4ef33170 {id=cp-jpetstore, title=CP-jpetstore, description=Shows the JDBC connection pool usage status, reader=com.aspectran.aspectow.appmon.engine.exporter.metric.jdbc.HikariPoolMBeanReader, parameters={poolName=jpetstore}, sampleInterval=50, exportInterval=900} is STOPPED - c.a.u.l.AbstractLifeCycle.setStopped(213)
INFO  2026-08-06 02:45:08.135 [root:console] Stopping NodeReporter for node: localhost-console1 - c.a.a.n.manager.NodeReporter.stop(95)
DEBUG 2026-08-06 02:45:08.137 [root:console] Registering node 'localhost-console1' in Redis hash 'aspectow:cluster:nodes:cluster1': {id=localhost-console1, group=console, host=juhoN21, port=8082, status=stopping, endpoint={path=/nodes}, token=VnHQGGvStuey9QGP9JIXIGPHzABJObQNgUw52xtzVYCxDRdWnvhKjR2ef_zwQHUGI7PQUz3c--YgR3aw70r6oKkqwXfS95vg, hasNodeManager=true, hasSchedulerManager=true, hasCommandManager=true} - c.a.a.n.manager.NodeReporter.registerNode(141)
DEBUG 2026-08-06 02:45:08.210 [root:console] Unregistering node 'localhost-console1' from cluster 'cluster1' - c.a.a.n.manager.NodeReporter.unregisterNode(212)
INFO  2026-08-06 02:45:08.369 [root:console] Cleaning up orphaned group metadata: console (Cluster: cluster1) - c.a.a.n.manager.NodeRegistry.cleanupOrphanedGroups(324)
INFO  2026-08-06 02:45:08.483 [root:console] Closing Redis connection pool for node: localhost-console1 - c.a.a.node.manager.NodeManager.destroy(343)
INFO  2026-08-06 02:45:08.501 [root:console] NodeManager destroyed successfully for node: localhost-console1 - c.a.a.node.manager.NodeManager.destroy(350)
DEBUG 2026-08-06 02:45:08.502 [root:console] Destroyed DefaultBeanRegistry@676ff3b0 - c.a.c.c.AbstractComponent.destroy(99)
DEBUG 2026-08-06 02:45:08.502 [root:console] Destroyed TemplateRuleRegistry@7d977a20 - c.a.c.c.AbstractComponent.destroy(99)
DEBUG 2026-08-06 02:45:08.502 [root:console] Destroyed DefaultTemplateRenderer@35ab4260 - c.a.c.c.AbstractComponent.destroy(99)
DEBUG 2026-08-06 02:45:08.502 [root:console] Destroyed TransletRuleRegistry@22cd8ec2 - c.a.c.c.AbstractComponent.destroy(99)
DEBUG 2026-08-06 02:45:08.503 [root:console] Destroyed ScheduleRuleRegistry@165aa43a - c.a.c.c.AbstractComponent.destroy(99)
DEBUG 2026-08-06 02:45:08.503 [root:console] Destroyed AspectRuleRegistry@629cbb1 - c.a.c.c.AbstractComponent.destroy(99)
DEBUG 2026-08-06 02:45:08.503 [root:console] Destroyed TypeConverterRegistry@74ad8d05 - c.a.c.c.AbstractComponent.destroy(99)
DEBUG 2026-08-06 02:45:08.504 [root:console] Destroyed DefaultActivityContext@76134b9b - c.a.c.c.AbstractComponent.destroy(99)
INFO  2026-08-06 02:45:08.504 [root:console] Stopped DefaultWebService@61e45f87 - c.a.c.s.AbstractServiceLifeCycle.stop(168)
INFO  2026-08-06 02:45:08.504 [root] Stopping DefaultShellService@1b11171f(root) - c.a.c.s.AbstractServiceLifeCycle.stop(164)
DEBUG 2026-08-06 02:45:08.505 [root] Destroying all cached resources... - c.a.c.s.DefaultCoreService.destroyActivityContext(176)
DEBUG 2026-08-06 02:45:08.505 [root] Destroying singletons in com.aspectran.core.component.bean.DefaultBeanRegistry@4f3bbf68 - c.a.c.c.b.AbstractBeanRegistry.destroySingletons(464)
DEBUG 2026-08-06 02:45:08.505 [root] Destroy singleton scoped beans from SingletonScope@4838cce - c.a.c.c.b.scope.AbstractScope.destroy(112)
DEBUG 2026-08-06 02:45:08.506 [root] com.aspectran.undertow.server.DefaultTowServer@289710d9 is STOPPING - c.a.u.l.AbstractLifeCycle.setStopping(203)
DEBUG 2026-08-06 02:45:14.418 [main] Acquiring lock on /home/aspectran/projects/public/aspectow-demo-console/app/.lock - c.aspectran.utils.FileLocker.lock(93)
DEBUG 2026-08-06 02:45:14.522 [main] Successfully wrote PID 13297 to /home/aspectran/projects/public/aspectow-demo-console/app/.lock - c.aspectran.utils.FileLocker.lock(121)
DEBUG 2026-08-06 02:45:14.526 [main] Registering shutdown-hook: Thread[#28,shutdown,5,main] - c.aspectran.utils.ShutdownHook.registerHook(112)
DEBUG 2026-08-06 02:45:14.529 [main] Adding shutdown-hook task: Stop DefaultShellService@27f981c6 - c.aspectran.utils.ShutdownHook.addTask(76)
INFO  2026-08-06 02:45:14.531 [root] Starting DefaultShellService@27f981c6 - c.a.c.s.AbstractServiceLifeCycle.start(117)
INFO  2026-08-06 02:45:14.532 [root] Building ActivityContext with context rules [/config/app-description.xml, /config/aspectran-rules.xml, /config/server/server.xml] - c.a.c.c.b.HybridActivityContextBuilder.doBuild(120)
DEBUG 2026-08-06 02:45:14.533 [root] Running in an IDE environment, so the resource locations [/home/aspectran/projects/public/aspectow-demo-console/app/lib/ext] will be ignored to avoid class loading conflicts - c.a.c.c.b.AbstractActivityContextBuilder.createSiblingClassLoader(387)
DEBUG 2026-08-06 02:45:14.535 [root] Sweeping /home/aspectran/projects/public/aspectow-demo-console/app/work/* for old resource files - c.a.c.c.r.LocalResourceManager.sweepWorkResourceFiles(236)
INFO  2026-08-06 02:45:14.544 [root] Default profiles [dev] - c.a.c.c.e.EnvironmentProfiles.setDefaultProfiles(154)
INFO  2026-08-06 02:45:14.545 [root] Activating profiles [dev] - c.a.c.c.e.EnvironmentProfiles.setActiveProfiles(205)
DEBUG 2026-08-06 02:45:14.709 [root] Appending rules {file=/config/server/undertow/tow-server.xml, format=xml} - c.a.c.c.r.a.HybridRuleAppendHandler.handle(109)
DEBUG 2026-08-06 02:45:14.742 [root] Appending rules {file=/config/server/undertow/tow-context-root.xml, format=xml} - c.a.c.c.r.a.HybridRuleAppendHandler.handle(109)
DEBUG 2026-08-06 02:45:14.771 [root] Appending rules {file=/config/server/undertow/tow-context-console.xml, format=xml} - c.a.c.c.r.a.HybridRuleAppendHandler.handle(109)
DEBUG 2026-08-06 02:45:14.780 [root] Appending rules {resource=com/aspectran/aspectow/console/config/rules/context/tow-context-console.xml} - c.a.c.c.r.a.HybridRuleAppendHandler.handle(109)
DEBUG 2026-08-06 02:45:14.804 [root] Appending rules {file=/config/server/undertow/tow-support.xml, format=xml} - c.a.c.c.r.a.HybridRuleAppendHandler.handle(109)
DEBUG 2026-08-06 02:45:14.834 [root] Parsing for ID-based bean rules: 14 - c.a.c.c.b.AnnotatedConfigParser.parse(176)
DEBUG 2026-08-06 02:45:14.925 [root] Parsing for type-based bean rules: 22 - c.a.c.c.b.AnnotatedConfigParser.parse(192)
INFO  2026-08-06 02:45:14.978 [root] ActivityContext build completed in 446 ms - c.a.c.c.b.HybridActivityContextBuilder.doBuild(203)
DEBUG 2026-08-06 02:45:14.998 [root] Initialized TypeConverterRegistry@479460a6 - c.a.c.c.AbstractComponent.initialize(80)
DEBUG 2026-08-06 02:45:14.999 [root] Initializing singletons in com.aspectran.core.component.bean.DefaultBeanRegistry@7164ca4c - c.a.c.c.b.AbstractBeanRegistry.instantiateSingletons(427)
DEBUG 2026-08-06 02:45:15.109 [root] com.aspectran.undertow.server.DefaultTowServer@3da30852 is STARTING - c.a.u.l.AbstractLifeCycle.setStarting(183)
INFO  2026-08-06 02:45:15.307 [root] XNIO version 3.8.16.Final - org.xnio.<clinit>(95)
INFO  2026-08-06 02:45:15.321 [root] XNIO NIO Implementation Version 3.8.16.Final - org.xnio.nio.<clinit>(58)
DEBUG 2026-08-06 02:45:15.528 [root] Initializing DefaultSessionManager@24f360b2 {workerName=rn0, maxActiveSessions=9999, maxIdleSeconds=489, evictionIdleSeconds=258, maxIdleSecondsForNew=60, evictionIdleSecondsForNew=30, scavengingIntervalSeconds=90, clusterEnabled=false} - c.a.c.c.s.DefaultSessionManager.doInitialize(175)
DEBUG 2026-08-06 02:45:15.529 [root] DefaultSessionManager@24f360b2(rn0) default maxIdleSecs=489 - c.a.c.c.s.AbstractSessionManager.setDefaultMaxIdleSecs(176)
DEBUG 2026-08-06 02:45:15.537 [root] Initialized FileSessionStore@3bd7f8dc - c.a.c.c.AbstractComponent.initialize(80)
DEBUG 2026-08-06 02:45:15.538 [root] Initialized DefaultSessionCache@6cea706c(rn0) - c.a.c.c.AbstractComponent.initialize(80)
DEBUG 2026-08-06 02:45:15.541 [root] com.aspectran.core.component.session.HouseKeeper@19b30c92(rn0) is STARTING - c.a.u.l.AbstractLifeCycle.setStarting(183)
DEBUG 2026-08-06 02:45:15.545 [root] com.aspectran.core.component.session.HouseKeeper@19b30c92(rn0) is STARTED - c.a.u.l.AbstractLifeCycle.setStarted(193)
DEBUG 2026-08-06 02:45:15.546 [root] Initialized DefaultSessionManager@24f360b2(rn0) - c.a.c.c.AbstractComponent.initialize(80)
DEBUG 2026-08-06 02:45:15.552 [root] Register session listener com.aspectran.undertow.server.session.TowSessionListener@61edc883 in DefaultSessionManager@24f360b2(rn0) - c.a.c.c.s.AbstractSessionManager.addSessionListener(500)
DEBUG 2026-08-06 02:45:15.553 [root] Register session listener com.aspectran.undertow.server.session.TowSessionListener@182f1e9a in DefaultSessionManager@24f360b2(rn0) - c.a.c.c.s.AbstractSessionManager.addSessionListener(500)
DEBUG 2026-08-06 02:45:15.650 [root] Initializing DefaultSessionManager@1edb61b1 {workerName=cn0, maxActiveSessions=999, maxIdleSeconds=600, evictionIdleSeconds=300, scavengingIntervalSeconds=180, clusterEnabled=false} - c.a.c.c.s.DefaultSessionManager.doInitialize(175)
DEBUG 2026-08-06 02:45:15.651 [root] DefaultSessionManager@1edb61b1(cn0) default maxIdleSecs=600 - c.a.c.c.s.AbstractSessionManager.setDefaultMaxIdleSecs(176)
DEBUG 2026-08-06 02:45:15.653 [root] Initialized FileSessionStore@cc62a3b - c.a.c.c.AbstractComponent.initialize(80)
DEBUG 2026-08-06 02:45:15.653 [root] Restored 1 sessions from FileSessionStore@cc62a3b - c.a.c.c.s.DefaultSessionCache.doInitialize(130)
DEBUG 2026-08-06 02:45:15.654 [root] Initialized DefaultSessionCache@ec2bf82(cn0) - c.a.c.c.AbstractComponent.initialize(80)
DEBUG 2026-08-06 02:45:15.655 [root] com.aspectran.core.component.session.HouseKeeper@32f61a31(cn0) is STARTING - c.a.u.l.AbstractLifeCycle.setStarting(183)
DEBUG 2026-08-06 02:45:15.656 [root] com.aspectran.core.component.session.HouseKeeper@32f61a31(cn0) is STARTED - c.a.u.l.AbstractLifeCycle.setStarted(193)
DEBUG 2026-08-06 02:45:15.657 [root] Initialized DefaultSessionManager@1edb61b1(cn0) - c.a.c.c.AbstractComponent.initialize(80)
DEBUG 2026-08-06 02:45:15.657 [root] Register session listener com.aspectran.undertow.server.session.TowSessionListener@5305c37d in DefaultSessionManager@1edb61b1(cn0) - c.a.c.c.s.AbstractSessionManager.addSessionListener(500)
DEBUG 2026-08-06 02:45:15.658 [root] Register session listener com.aspectran.undertow.server.session.TowSessionListener@3dddbe65 in DefaultSessionManager@1edb61b1(cn0) - c.a.c.c.s.AbstractSessionManager.addSessionListener(500)
INFO  2026-08-06 02:45:15.675 [root] WebActivityServlet 'webActivityServlet' has been initialized. - c.a.w.s.WebActivityServlet.init(101)
INFO  2026-08-06 02:45:15.685 [root] TowResourceHandler includePatterns=[/console/assets/js/**, /console/assets/css/**, /console/assets/appmon/css/**, /console/assets/appmon/js/**] - c.a.u.s.h.r.TowResourceHandler.autoDetect(142)
INFO  2026-08-06 02:45:15.707 [root] WebActivityServlet 'webActivityServlet' has been initialized. - c.a.w.s.WebActivityServlet.init(101)
INFO  2026-08-06 02:45:15.708 [root] TowResourceHandler includePatterns=[/favicon.ico, /WEB-INF/**] - c.a.u.s.h.r.TowResourceHandler.autoDetect(142)
INFO  2026-08-06 02:45:15.754 [root] starting server: Undertow - 2.3.26.Final - io.undertow.start(120)
INFO  2026-08-06 02:45:15.822 [root] Undertow 2.3.26.Final started - c.a.u.server.DefaultTowServer.doStart(54)
DEBUG 2026-08-06 02:45:15.822 [root] com.aspectran.undertow.server.DefaultTowServer@3da30852 is STARTED - c.a.u.l.AbstractLifeCycle.setStarted(193)
DEBUG 2026-08-06 02:45:15.824 [root] Initialized DefaultBeanRegistry@7164ca4c - c.a.c.c.AbstractComponent.initialize(80)
DEBUG 2026-08-06 02:45:15.825 [root] Initialized AspectRuleRegistry@5ec77191 - c.a.c.c.AbstractComponent.initialize(80)
DEBUG 2026-08-06 02:45:15.825 [root] Initialized ScheduleRuleRegistry@4642b71d - c.a.c.c.AbstractComponent.initialize(80)
DEBUG 2026-08-06 02:45:15.826 [root] Initialized TransletRuleRegistry@1450078a - c.a.c.c.AbstractComponent.initialize(80)
DEBUG 2026-08-06 02:45:15.826 [root] Initialized TemplateRuleRegistry@c68a5f8 - c.a.c.c.AbstractComponent.initialize(80)
DEBUG 2026-08-06 02:45:15.827 [root] Initialized DefaultTemplateRenderer@69c6161d - c.a.c.c.AbstractComponent.initialize(80)
DEBUG 2026-08-06 02:45:15.830 [root] Unable to locate MessageSource with name 'messageSource': using default [com.aspectran.core.support.i18n.message.DelegatingMessageSource@6bff19ff] - c.a.c.c.DefaultActivityContext.resolveMessageSource(347)
DEBUG 2026-08-06 02:45:15.831 [root] Initialized DefaultActivityContext@5eccd3b9 - c.a.c.c.AbstractComponent.initialize(80)
INFO  2026-08-06 02:45:15.834 [root] Started DefaultShellService@27f981c6(root) - c.a.c.s.AbstractServiceLifeCycle.start(121)
INFO  2026-08-06 02:45:15.835 [root] Starting DefaultWebService@7ed9ae94(root) - c.a.c.s.AbstractServiceLifeCycle.start(117)
INFO  2026-08-06 02:45:15.837 [root] Started DefaultWebService@7ed9ae94(root) - c.a.c.s.AbstractServiceLifeCycle.start(121)
INFO  2026-08-06 02:45:15.840 [root:console] Starting DefaultWebService@591fd34d - c.a.c.s.AbstractServiceLifeCycle.start(117)
INFO  2026-08-06 02:45:15.841 [root:console] Building ActivityContext with context rules [classpath:com/aspectran/aspectow/console/config/rules/root.xml, /config/console/console-rules.xml] - c.a.c.c.b.HybridActivityContextBuilder.doBuild(120)
INFO  2026-08-06 02:45:15.841 [root:console] Base profiles [mariadb, demo, console.ui] - c.a.c.c.e.EnvironmentProfiles.setBaseProfiles(100)
INFO  2026-08-06 02:45:15.842 [root:console] Ignored base profiles [h2] - c.a.c.c.b.AbstractActivityContextBuilder.createEnvironmentProfiles(424)
INFO  2026-08-06 02:45:15.843 [root:console] Default profiles [dev] - c.a.c.c.e.EnvironmentProfiles.setDefaultProfiles(154)
INFO  2026-08-06 02:45:15.844 [root:console] Activating profiles [dev] - c.a.c.c.e.EnvironmentProfiles.setActiveProfiles(205)
INFO  2026-08-06 02:45:15.845 [root:console] Auto Components Scanning {basePackages=[com.aspectran.aspectow.appmon.engine, com.aspectran.aspectow.console.appmon, com.aspectran.aspectow.console.auth, com.aspectran.aspectow.console.cluster, com.aspectran.aspectow.console.commands, com.aspectran.aspectow.console.common, com.aspectran.aspectow.console.framework, com.aspectran.aspectow.console.home, com.aspectran.aspectow.console.scheduler, com.aspectran.aspectow.console.user, com.aspectran.aspectow.console.vault]} - c.a.c.c.bean.BeanRuleRegistry.scanConfigurableBeans(312)
DEBUG 2026-08-06 02:45:15.851 [root:console] Scanning components from /home/aspectran/projects/public/aspectow/appmon/target/classes/com/aspectran/aspectow/appmon/engine/ - c.aspectran.utils.ClassScanner.scan(128)
DEBUG 2026-08-06 02:45:15.947 [root:console] Scanning components from /home/aspectran/projects/public/aspectow/console/target/classes/com/aspectran/aspectow/console/appmon/ - c.aspectran.utils.ClassScanner.scan(128)
DEBUG 2026-08-06 02:45:15.949 [root:console] Scanning components from /home/aspectran/projects/public/aspectow/console/target/classes/com/aspectran/aspectow/console/auth/ - c.aspectran.utils.ClassScanner.scan(128)
DEBUG 2026-08-06 02:45:15.954 [root:console] Scanning components from /home/aspectran/projects/public/aspectow/console/target/classes/com/aspectran/aspectow/console/cluster/ - c.aspectran.utils.ClassScanner.scan(128)
DEBUG 2026-08-06 02:45:15.964 [root:console] Scanning components from /home/aspectran/projects/public/aspectow/console/target/classes/com/aspectran/aspectow/console/commands/ - c.aspectran.utils.ClassScanner.scan(128)
DEBUG 2026-08-06 02:45:15.974 [root:console] Scanning components from /home/aspectran/projects/public/aspectow/console/target/classes/com/aspectran/aspectow/console/common/ - c.aspectran.utils.ClassScanner.scan(128)
DEBUG 2026-08-06 02:45:15.999 [root:console] Scanning components from /home/aspectran/projects/public/aspectow/console/target/classes/com/aspectran/aspectow/console/framework/ - c.aspectran.utils.ClassScanner.scan(128)
DEBUG 2026-08-06 02:45:16.008 [root:console] Scanning components from /home/aspectran/projects/public/aspectow/console/target/classes/com/aspectran/aspectow/console/home/ - c.aspectran.utils.ClassScanner.scan(128)
DEBUG 2026-08-06 02:45:16.011 [root:console] Scanning components from /home/aspectran/projects/public/aspectow/console/target/classes/com/aspectran/aspectow/console/scheduler/ - c.aspectran.utils.ClassScanner.scan(128)
DEBUG 2026-08-06 02:45:16.023 [root:console] Scanning components from /home/aspectran/projects/public/aspectow/console/target/classes/com/aspectran/aspectow/console/user/ - c.aspectran.utils.ClassScanner.scan(128)
DEBUG 2026-08-06 02:45:16.027 [root:console] Scanning components from /home/aspectran/projects/public/aspectow/console/target/classes/com/aspectran/aspectow/console/vault/ - c.aspectran.utils.ClassScanner.scan(128)
DEBUG 2026-08-06 02:45:16.035 [root:console] Appending rules {resource=com/aspectran/aspectow/appmon/config/rules/scheduler.xml} - c.a.c.c.r.a.HybridRuleAppendHandler.handle(109)
DEBUG 2026-08-06 02:45:16.042 [root:console] Appending rules {resource=com/aspectran/aspectow/console/config/rules/db.xml} - c.a.c.c.r.a.HybridRuleAppendHandler.handle(109)
DEBUG 2026-08-06 02:45:16.056 [root:console] Appending rules {resource=com/aspectran/aspectow/console/config/rules/web.xml, profile=[console.ui, console.custom-ui]} - c.a.c.c.r.a.HybridRuleAppendHandler.handle(109)
DEBUG 2026-08-06 02:45:16.091 [root:console] Appending rules {resource=com/aspectran/aspectow/console/framework/asel-test-rules.xml, profile=[console.ui, console.custom-ui]} - c.a.c.c.r.a.HybridRuleAppendHandler.handle(109)
DEBUG 2026-08-06 02:45:16.102 [root:console] Appending rules {file=/config/console/node-rules.xml, format=xml} - c.a.c.c.r.a.HybridRuleAppendHandler.handle(109)
DEBUG 2026-08-06 02:45:16.116 [root:console] Appending rules {file=/config/console/appmon-rules.xml, format=xml} - c.a.c.c.r.a.HybridRuleAppendHandler.handle(109)
DEBUG 2026-08-06 02:45:16.120 [root:console] Parsing bean rules for annotated configurations: 45 - c.a.c.c.b.AnnotatedConfigParser.parse(158)
DEBUG 2026-08-06 02:45:16.229 [root:console] Parsing for ID-based bean rules: 29 - c.a.c.c.b.AnnotatedConfigParser.parse(176)
DEBUG 2026-08-06 02:45:16.244 [root:console] Parsing for type-based bean rules: 52 - c.a.c.c.b.AnnotatedConfigParser.parse(192)
INFO  2026-08-06 02:45:16.267 [root:console] ActivityContext build completed in 426 ms - c.a.c.c.b.HybridActivityContextBuilder.doBuild(203)
DEBUG 2026-08-06 02:45:16.267 [root:console] Initialized TypeConverterRegistry@3d43fe - c.a.c.c.AbstractComponent.initialize(80)
DEBUG 2026-08-06 02:45:16.268 [root:console] Initializing singletons in com.aspectran.core.component.bean.DefaultBeanRegistry@74ad8d05 - c.a.c.c.b.AbstractBeanRegistry.instantiateSingletons(427)
INFO  2026-08-06 02:45:16.297 [root:console] Using default implementation for ThreadExecutor - o.q.impl.StdSchedulerFactory.instantiate(1222)
INFO  2026-08-06 02:45:16.300 [root:console] Job execution threads will use class loader of thread: root:console - o.q.simpl.SimpleThreadPool.initialize(269)
INFO  2026-08-06 02:45:16.306 [root:console] Initialized Scheduler Signaller of type: class org.quartz.core.SchedulerSignalerImpl - o.q.core.SchedulerSignalerImpl.<init>(62)
INFO  2026-08-06 02:45:16.307 [root:console] Quartz Scheduler v2.5.2 created. - o.quartz.core.QuartzScheduler.<init>(224)
INFO  2026-08-06 02:45:16.308 [root:console] RAMJobStore initialized. - org.quartz.simpl.RAMJobStore.initialize(152)
INFO  2026-08-06 02:45:16.308 [root:console] Scheduler meta-data: Quartz Scheduler (v2.5.2) 'AppmonScheduler' with instanceId 'NON_CLUSTERED'
  Scheduler class: 'org.quartz.core.QuartzScheduler' - running locally.
  NOT STARTED.
  Currently in standby mode.
  Number of jobs executed: 0
  Using thread pool 'org.quartz.simpl.SimpleThreadPool' - with 1 threads.
  Using job-store 'org.quartz.simpl.RAMJobStore' - which does not support persistence. and is not clustered.
 - o.quartz.core.QuartzScheduler.initialize(289)
INFO  2026-08-06 02:45:16.309 [root:console] Quartz scheduler 'AppmonScheduler' initialized from an externally provided properties instance. - o.q.impl.StdSchedulerFactory.instantiate(1376)
INFO  2026-08-06 02:45:16.309 [root:console] Quartz scheduler version: 2.5.2 - o.q.impl.StdSchedulerFactory.instantiate(1378)
DEBUG 2026-08-06 02:45:16.311 [root:console] IGNORED - Invalid properties resource; java.io.IOException: Could not find resource com/aspectran/aspectow/console/config/db/aspectow-console.db-mariadb.properties - c.a.u.PropertiesLoaderSupport.loadProperties(152)
DEBUG 2026-08-06 02:45:16.312 [root:console] IGNORED - Invalid properties resource; java.io.IOException: Could not find resource com/aspectran/aspectow/console/config/db/aspectow-console.db-mariadb.system.properties - c.a.u.PropertiesLoaderSupport.loadProperties(152)
DEBUG 2026-08-06 02:45:17.025 [root:console] Unable to locate MessageSource with name 'messageSource': using default [com.aspectran.core.support.i18n.message.DelegatingMessageSource@7b477141] - c.a.c.c.DefaultActivityContext.resolveMessageSource(347)
INFO  2026-08-06 02:45:17.169 [root:console] Current Node: localhost-console1 (Host: juhoN21) - c.a.a.n.m.NodeManagerBuilder.build(169)
INFO  2026-08-06 02:45:17.916 [root:console] Registered group info to Redis: aspectow:cluster:groups:cluster1 (Group: console) - c.a.a.n.m.NodeManagerBuilder.build(210)
INFO  2026-08-06 02:45:17.925 [root:console] Registered RedisScheduledJobLockProvider for cluster-wide job locking - c.a.a.n.m.NodeManagerBuilder.build(247)
INFO  2026-08-06 02:45:17.925 [root:console] Initializing NodeReporter for cluster: cluster1, node: localhost-console1 - c.a.a.n.manager.NodeReporter.start(70)
DEBUG 2026-08-06 02:45:17.931 [root:console] Registering node 'localhost-console1' in Redis hash 'aspectow:cluster:nodes:cluster1': {id=localhost-console1, group=console, host=juhoN21, port=8082, status=live, endpoint={path=/nodes}, token=5m1THwXEwapGfQEfQqf6lPFMGilzx7Dk4bjvRQ0_m4TLqHtniNLviV4fIJjf-frdEXEy_14UAvBrcvRu4tkz04b1qI8CpuHz, hasNodeManager=true, hasSchedulerManager=true, hasCommandManager=true} - c.a.a.n.manager.NodeReporter.registerNode(141)
INFO  2026-08-06 02:45:18.114 [root:console] NodeMessageSubscriber initialized and subscribed to pattern: aspectow:cluster:*:*:cluster1:localhost-console1:* - c.a.a.n.m.NodeMessageSubscriber.start(140)
INFO  2026-08-06 02:45:18.162 [root:console] ClusterEventSubscriber initialized and subscribed to channel: aspectow:cluster:event:cluster1 - c.a.a.n.m.ClusterEventSubscriber.start(121)
INFO  2026-08-06 02:45:18.164 [root:console] Initializing RemoteNodeManager for node: localhost-console1 - c.a.a.n.m.n.RemoteNodeManager.initialize(63)
INFO  2026-08-06 02:45:18.165 [root:console] Initializing RemoteSchedulerManager for node: localhost-console1 - c.a.a.n.m.s.RemoteSchedulerManager.initialize(113)
INFO  2026-08-06 02:45:18.167 [root:console] Initializing RemoteCommandManager for node: localhost-console1 - c.a.a.n.m.c.RemoteCommandManager.initialize(74)
DEBUG 2026-08-06 02:45:18.201 [root:console] Registered AspectRule {id=consoleTxAspect, order=0, joinpoint={target=activity, pointcut={type=wildcard, patterns=[{type=wildcard, pattern=@class:com.aspectran.aspectow.console.common.db.tx.ConsoleSqlSession}]}}, advices=[{type=before, action={instance=com.aspectran.mybatis.SqlSessionAdviceRegister$$Lambda/0x000000000a622460@4af70b83}}, {type=after, action={instance=com.aspectran.mybatis.SqlSessionAdviceRegister$$Lambda/0x000000000a6226c0@143413cd}}, {type=finally, action={instance=com.aspectran.mybatis.SqlSessionAdviceRegister$$Lambda/0x000000000a622b80@4b32465}}]} - c.a.m.SqlSessionAdviceRegister.register(294)
DEBUG 2026-08-06 02:45:18.213 [root:console] Create CounterPersist {id=activity, target=jpetstore, parameters={+=/**}} - c.a.a.a.e.p.c.EventCounterBuilder.build(47)
DEBUG 2026-08-06 02:45:18.214 [root:console] Create EventExporter {id=activity, target=jpetstore, parameters={+=/**}} - c.a.a.a.e.e.e.EventExporterBuilder.build(54)
DEBUG 2026-08-06 02:45:18.216 [root:console] Create ChartDataExporter {id=activity, target=jpetstore, parameters={+=/**}} - c.a.a.a.e.e.e.ChartDataExporterBuilder.build(46)
DEBUG 2026-08-06 02:45:18.216 [root:console] Create CounterPersist {id=session, target=tow.server/jpetstore} - c.a.a.a.e.p.c.EventCounterBuilder.build(47)
DEBUG 2026-08-06 02:45:18.217 [root:console] Create EventExporter {id=session, target=tow.server/jpetstore} - c.a.a.a.e.e.e.EventExporterBuilder.build(54)
DEBUG 2026-08-06 02:45:18.217 [root:console] Create ChartDataExporter {id=session, target=tow.server/jpetstore} - c.a.a.a.e.e.e.ChartDataExporterBuilder.build(46)
DEBUG 2026-08-06 02:45:18.218 [root:console] Create MetricExporter {id=cp-jpetstore, title=CP-jpetstore, description=Shows the JDBC connection pool usage status, reader=com.aspectran.aspectow.appmon.engine.exporter.metric.jdbc.HikariPoolMBeanReader, parameters={poolName=jpetstore}, sampleInterval=50, exportInterval=900} - c.a.a.a.e.e.m.MetricExporterBuilder.build(48)
DEBUG 2026-08-06 02:45:18.219 [root:console] Create LogExporter {id=app, title=JPetStore App, file=/logs/jpetstore.log, sampleInterval=300, lastLines=300} - c.a.a.a.e.e.l.LogExporterBuilder.build(51)
DEBUG 2026-08-06 02:45:18.220 [root:console] Create LogExporter {id=access, title=JPetStore Access, file=/logs/jpetstore-access.log, sampleInterval=300, lastLines=100} - c.a.a.a.e.e.l.LogExporterBuilder.build(51)
DEBUG 2026-08-06 02:45:18.220 [root:console] Create CounterPersist {id=activity, target=petclinic, parameters={+=/**}} - c.a.a.a.e.p.c.EventCounterBuilder.build(47)
DEBUG 2026-08-06 02:45:18.220 [root:console] Create EventExporter {id=activity, target=petclinic, parameters={+=/**}} - c.a.a.a.e.e.e.EventExporterBuilder.build(54)
DEBUG 2026-08-06 02:45:18.221 [root:console] Create ChartDataExporter {id=activity, target=petclinic, parameters={+=/**}} - c.a.a.a.e.e.e.ChartDataExporterBuilder.build(46)
DEBUG 2026-08-06 02:45:18.221 [root:console] Create CounterPersist {id=session, target=tow.server/petclinic} - c.a.a.a.e.p.c.EventCounterBuilder.build(47)
DEBUG 2026-08-06 02:45:18.221 [root:console] Create EventExporter {id=session, target=tow.server/petclinic} - c.a.a.a.e.e.e.EventExporterBuilder.build(54)
DEBUG 2026-08-06 02:45:18.221 [root:console] Create ChartDataExporter {id=session, target=tow.server/petclinic} - c.a.a.a.e.e.e.ChartDataExporterBuilder.build(46)
DEBUG 2026-08-06 02:45:18.222 [root:console] Create MetricExporter {id=cp-petclinic, title=CP-petclinic, description=Shows the JDBC connection pool usage status, reader=com.aspectran.aspectow.appmon.engine.exporter.metric.jdbc.HikariPoolMBeanReader, parameters={poolName=petclinic}, sampleInterval=50, exportInterval=900} - c.a.a.a.e.e.m.MetricExporterBuilder.build(48)
DEBUG 2026-08-06 02:45:18.222 [root:console] Create LogExporter {id=app, title=PetClinic App, file=/logs/petclinic.log, sampleInterval=300, lastLines=300} - c.a.a.a.e.e.l.LogExporterBuilder.build(51)
DEBUG 2026-08-06 02:45:18.223 [root:console] Create LogExporter {id=access, title=PetClinic Access, file=/logs/petclinic-access.log, sampleInterval=300, lastLines=100} - c.a.a.a.e.e.l.LogExporterBuilder.build(51)
DEBUG 2026-08-06 02:45:18.223 [root:console] Create CounterPersist {id=activity, target=demo, parameters={+=/**, -=/examples/gs-rest-service/**}} - c.a.a.a.e.p.c.EventCounterBuilder.build(47)
DEBUG 2026-08-06 02:45:18.223 [root:console] Create EventExporter {id=activity, target=demo, parameters={+=/**, -=/examples/gs-rest-service/**}} - c.a.a.a.e.e.e.EventExporterBuilder.build(54)
DEBUG 2026-08-06 02:45:18.224 [root:console] Create ChartDataExporter {id=activity, target=demo, parameters={+=/**, -=/examples/gs-rest-service/**}} - c.a.a.a.e.e.e.ChartDataExporterBuilder.build(46)
DEBUG 2026-08-06 02:45:18.224 [root:console] Create CounterPersist {id=session, target=tow.server/demo} - c.a.a.a.e.p.c.EventCounterBuilder.build(47)
DEBUG 2026-08-06 02:45:18.224 [root:console] Create EventExporter {id=session, target=tow.server/demo} - c.a.a.a.e.e.e.EventExporterBuilder.build(54)
DEBUG 2026-08-06 02:45:18.224 [root:console] Create ChartDataExporter {id=session, target=tow.server/demo} - c.a.a.a.e.e.e.ChartDataExporterBuilder.build(46)
DEBUG 2026-08-06 02:45:18.225 [root:console] Create LogExporter {id=app, title=Demo App, file=/logs/demo.log, sampleInterval=300, lastLines=300} - c.a.a.a.e.e.l.LogExporterBuilder.build(51)
DEBUG 2026-08-06 02:45:18.225 [root:console] Create LogExporter {id=access, title=Demo Access, file=/logs/demo-access.log, sampleInterval=300, lastLines=100} - c.a.a.a.e.e.l.LogExporterBuilder.build(51)
DEBUG 2026-08-06 02:45:18.225 [root:console] Create CounterPersist {id=activity, target=demo, parameters={+=/examples/gs-rest-service/**}} - c.a.a.a.e.p.c.EventCounterBuilder.build(47)
DEBUG 2026-08-06 02:45:18.225 [root:console] Create EventExporter {id=activity, target=demo, parameters={+=/examples/gs-rest-service/**}} - c.a.a.a.e.e.e.EventExporterBuilder.build(54)
DEBUG 2026-08-06 02:45:18.226 [root:console] Create ChartDataExporter {id=activity, target=demo, parameters={+=/examples/gs-rest-service/**}} - c.a.a.a.e.e.e.ChartDataExporterBuilder.build(46)
DEBUG 2026-08-06 02:45:18.226 [root:console] Create CounterPersist {id=session, target=tow.server/demo} - c.a.a.a.e.p.c.EventCounterBuilder.build(47)
DEBUG 2026-08-06 02:45:18.226 [root:console] Create EventExporter {id=session, target=tow.server/demo} - c.a.a.a.e.e.e.EventExporterBuilder.build(54)
DEBUG 2026-08-06 02:45:18.227 [root:console] Create ChartDataExporter {id=session, target=tow.server/demo} - c.a.a.a.e.e.e.ChartDataExporterBuilder.build(46)
DEBUG 2026-08-06 02:45:18.227 [root:console] Create LogExporter {id=app, title=Demo App, file=/logs/demo2.log, sampleInterval=300, lastLines=300} - c.a.a.a.e.e.l.LogExporterBuilder.build(51)
DEBUG 2026-08-06 02:45:18.227 [root:console] Create LogExporter {id=access, title=Demo Access, file=/logs/demo2-access.log, sampleInterval=300, lastLines=100} - c.a.a.a.e.e.l.LogExporterBuilder.build(51)
DEBUG 2026-08-06 02:45:18.228 [root:console] Create CounterPersist {id=activity, target=root, parameters={+=/**}} - c.a.a.a.e.p.c.EventCounterBuilder.build(47)
DEBUG 2026-08-06 02:45:18.228 [root:console] Create EventExporter {id=activity, target=root, parameters={+=/**}} - c.a.a.a.e.e.e.EventExporterBuilder.build(54)
DEBUG 2026-08-06 02:45:18.228 [root:console] Create ChartDataExporter {id=activity, target=root, parameters={+=/**}} - c.a.a.a.e.e.e.ChartDataExporterBuilder.build(46)
DEBUG 2026-08-06 02:45:18.229 [root:console] Create CounterPersist {id=session, target=tow.server/root} - c.a.a.a.e.p.c.EventCounterBuilder.build(47)
DEBUG 2026-08-06 02:45:18.229 [root:console] Create EventExporter {id=session, target=tow.server/root} - c.a.a.a.e.e.e.EventExporterBuilder.build(54)
DEBUG 2026-08-06 02:45:18.229 [root:console] Create ChartDataExporter {id=session, target=tow.server/root} - c.a.a.a.e.e.e.ChartDataExporterBuilder.build(46)
DEBUG 2026-08-06 02:45:18.229 [root:console] Create MetricExporter {id=heap, title=Heap, description=Shows JVM Heap memory usage status, reader=com.aspectran.aspectow.appmon.engine.exporter.metric.jvm.HeapMemoryUsageReader, sampleInterval=500, heading=true} - c.a.a.a.e.e.m.MetricExporterBuilder.build(48)
DEBUG 2026-08-06 02:45:18.230 [root:console] Create MetricExporter {id=undertow-tp, title=Undertow TP, description=Metrics of Undertow thread pool resources, reader=com.aspectran.aspectow.appmon.engine.exporter.metric.undertow.NioWorkerMetricsReader, target=tow.server, sampleInterval=30, exportInterval=900, heading=true} - c.a.a.a.e.e.m.MetricExporterBuilder.build(48)
DEBUG 2026-08-06 02:45:18.230 [root:console] Create LogExporter {id=app, title=Root App, file=/logs/root.log, sampleInterval=300, lastLines=300} - c.a.a.a.e.e.l.LogExporterBuilder.build(51)
DEBUG 2026-08-06 02:45:18.231 [root:console] Create LogExporter {id=access, title=Root Access, file=/logs/root-access.log, sampleInterval=300, lastLines=100} - c.a.a.a.e.e.l.LogExporterBuilder.build(51)
DEBUG 2026-08-06 02:45:18.231 [root:console] Create CounterPersist {id=activity, target=console, parameters={+=/**, -=/nodes/**/polling/**}} - c.a.a.a.e.p.c.EventCounterBuilder.build(47)
DEBUG 2026-08-06 02:45:18.231 [root:console] Create EventExporter {id=activity, target=console, parameters={+=/**, -=/nodes/**/polling/**}} - c.a.a.a.e.e.e.EventExporterBuilder.build(54)
DEBUG 2026-08-06 02:45:18.232 [root:console] Create ChartDataExporter {id=activity, target=console, parameters={+=/**, -=/nodes/**/polling/**}} - c.a.a.a.e.e.e.ChartDataExporterBuilder.build(46)
DEBUG 2026-08-06 02:45:18.232 [root:console] Create CounterPersist {id=session, target=tow.server/console} - c.a.a.a.e.p.c.EventCounterBuilder.build(47)
DEBUG 2026-08-06 02:45:18.232 [root:console] Create EventExporter {id=session, target=tow.server/console} - c.a.a.a.e.e.e.EventExporterBuilder.build(54)
DEBUG 2026-08-06 02:45:18.232 [root:console] Create ChartDataExporter {id=session, target=tow.server/console} - c.a.a.a.e.e.e.ChartDataExporterBuilder.build(46)
DEBUG 2026-08-06 02:45:18.233 [root:console] Create MetricExporter {id=heap, title=Heap, description=Shows JVM Heap memory usage status, reader=com.aspectran.aspectow.appmon.engine.exporter.metric.jvm.HeapMemoryUsageReader, sampleInterval=500, heading=true} - c.a.a.a.e.e.m.MetricExporterBuilder.build(48)
DEBUG 2026-08-06 02:45:18.233 [root:console] Create MetricExporter {id=undertow-tp, title=Undertow TP, description=Metrics of Undertow thread pool resources, reader=com.aspectran.aspectow.appmon.engine.exporter.metric.undertow.NioWorkerMetricsReader, target=tow.server, sampleInterval=500, heading=true} - c.a.a.a.e.e.m.MetricExporterBuilder.build(48)
DEBUG 2026-08-06 02:45:18.233 [root:console] Create LogExporter {id=app, file=console.log, sampleInterval=300, lastLines=100} - c.a.a.a.e.e.l.LogExporterBuilder.build(51)
DEBUG 2026-08-06 02:45:18.234 [root:console] Create LogExporter {id=access, file=console-access.log, sampleInterval=300, lastLines=100} - c.a.a.a.e.e.l.LogExporterBuilder.build(51)
INFO  2026-08-06 02:45:18.339 [root:console] Registered app info to Redis: aspectow:cluster:apps:cluster1:console (Apps: [jpetstore, petclinic, demo, demo2, root, console]) - c.a.a.a.e.m.AppMonManagerBuilder.build(167)
DEBUG 2026-08-06 02:45:18.346 [root:console] Registered AspectRule {id=consoleBatchTxAspect, order=0, joinpoint={target=activity, pointcut={type=wildcard, patterns=[{type=wildcard, pattern=@class:com.aspectran.aspectow.console.common.db.tx.ConsoleBatchSqlSession}]}}, advices=[{type=before, action={instance=com.aspectran.mybatis.SqlSessionAdviceRegister$$Lambda/0x000000000a622460@6076c66}}, {type=after, action={instance=com.aspectran.mybatis.SqlSessionAdviceRegister$$Lambda/0x000000000a6226c0@485c84d7}}, {type=finally, action={instance=com.aspectran.mybatis.SqlSessionAdviceRegister$$Lambda/0x000000000a622b80@1224e1b6}}]} - c.a.m.SqlSessionAdviceRegister.register(294)
DEBUG 2026-08-06 02:45:18.353 [root:console] Registered AspectRule {id=consoleReuseTxAspect, order=0, joinpoint={target=activity, pointcut={type=wildcard, patterns=[{type=wildcard, pattern=@class:com.aspectran.aspectow.console.common.db.tx.ConsoleReuseSqlSession}]}}, advices=[{type=before, action={instance=com.aspectran.mybatis.SqlSessionAdviceRegister$$Lambda/0x000000000a622460@4ffa7041}}, {type=after, action={instance=com.aspectran.mybatis.SqlSessionAdviceRegister$$Lambda/0x000000000a6226c0@632c3f55}}, {type=finally, action={instance=com.aspectran.mybatis.SqlSessionAdviceRegister$$Lambda/0x000000000a622b80@56b05bd7}}]} - c.a.m.SqlSessionAdviceRegister.register(294)
DEBUG 2026-08-06 02:45:18.360 [root:console] Initialized PollingSessionManager@5b7ee56c - c.a.c.c.AbstractComponent.initialize(80)
DEBUG 2026-08-06 02:45:18.376 [root:console] Advice {type=before, instance=com.aspectran.mybatis.SqlSessionAdviceRegister$$Lambda/0x000000000a622460@4af70b83, order=0} - c.a.c.activity.AdviceActivity.executeAdvice(351)
DEBUG 2026-08-06 02:45:18.394 [root:console] Open DefaultSqlSession@517a46f3 {executorType=SIMPLE, autoCommit=false, readOnly=false} - c.a.mybatis.SqlSessionAdvice.doOpen(239)
DEBUG 2026-08-06 02:45:18.397 [root:console] Cache Hit Ratio [com.aspectran.aspectow.appmon.engine.persist.db.mapper.EventCountMapper]: 0.0 - c.a.a.a.e.p.d.m.EventCountMapper.getObject(60)
DEBUG 2026-08-06 02:45:18.412 [root:console] ==>  Preparing: select node_id, group_id, app_id, event_id, datetime, total, delta, error from appmon_event_count_last where node_id = ? and app_id = ? and event_id = ? - c.a.a.a.e.p.d.m.E.getLastEventCount.debug(135)
DEBUG 2026-08-06 02:45:18.439 [root:console] ==> Parameters: localhost-console1(String), jpetstore(String), activity(String) - c.a.a.a.e.p.d.m.E.getLastEventCount.debug(135)
DEBUG 2026-08-06 02:45:18.465 [root:console] <==      Total: 0 - c.a.a.a.e.p.d.m.E.getLastEventCount.debug(135)
DEBUG 2026-08-06 02:45:18.470 [root:console] Cache Hit Ratio [com.aspectran.aspectow.appmon.engine.persist.db.mapper.EventCountMapper]: 0.0 - c.a.a.a.e.p.d.m.EventCountMapper.getObject(60)
DEBUG 2026-08-06 02:45:18.470 [root:console] ==>  Preparing: select node_id, group_id, app_id, event_id, datetime, total, delta, error from appmon_event_count_last where node_id = ? and app_id = ? and event_id = ? - c.a.a.a.e.p.d.m.E.getLastEventCount.debug(135)
DEBUG 2026-08-06 02:45:18.471 [root:console] ==> Parameters: localhost-console1(String), jpetstore(String), session(String) - c.a.a.a.e.p.d.m.E.getLastEventCount.debug(135)
DEBUG 2026-08-06 02:45:18.481 [root:console] <==      Total: 0 - c.a.a.a.e.p.d.m.E.getLastEventCount.debug(135)
DEBUG 2026-08-06 02:45:18.482 [root:console] Cache Hit Ratio [com.aspectran.aspectow.appmon.engine.persist.db.mapper.EventCountMapper]: 0.0 - c.a.a.a.e.p.d.m.EventCountMapper.getObject(60)
DEBUG 2026-08-06 02:45:18.483 [root:console] ==>  Preparing: select node_id, group_id, app_id, event_id, datetime, total, delta, error from appmon_event_count_last where node_id = ? and app_id = ? and event_id = ? - c.a.a.a.e.p.d.m.E.getLastEventCount.debug(135)
DEBUG 2026-08-06 02:45:18.483 [root:console] ==> Parameters: localhost-console1(String), petclinic(String), activity(String) - c.a.a.a.e.p.d.m.E.getLastEventCount.debug(135)
DEBUG 2026-08-06 02:45:18.491 [root:console] <==      Total: 0 - c.a.a.a.e.p.d.m.E.getLastEventCount.debug(135)
DEBUG 2026-08-06 02:45:18.492 [root:console] Cache Hit Ratio [com.aspectran.aspectow.appmon.engine.persist.db.mapper.EventCountMapper]: 0.0 - c.a.a.a.e.p.d.m.EventCountMapper.getObject(60)
DEBUG 2026-08-06 02:45:18.492 [root:console] ==>  Preparing: select node_id, group_id, app_id, event_id, datetime, total, delta, error from appmon_event_count_last where node_id = ? and app_id = ? and event_id = ? - c.a.a.a.e.p.d.m.E.getLastEventCount.debug(135)
DEBUG 2026-08-06 02:45:18.493 [root:console] ==> Parameters: localhost-console1(String), petclinic(String), session(String) - c.a.a.a.e.p.d.m.E.getLastEventCount.debug(135)
DEBUG 2026-08-06 02:45:18.501 [root:console] <==      Total: 0 - c.a.a.a.e.p.d.m.E.getLastEventCount.debug(135)
DEBUG 2026-08-06 02:45:18.502 [root:console] Cache Hit Ratio [com.aspectran.aspectow.appmon.engine.persist.db.mapper.EventCountMapper]: 0.0 - c.a.a.a.e.p.d.m.EventCountMapper.getObject(60)
DEBUG 2026-08-06 02:45:18.503 [root:console] ==>  Preparing: select node_id, group_id, app_id, event_id, datetime, total, delta, error from appmon_event_count_last where node_id = ? and app_id = ? and event_id = ? - c.a.a.a.e.p.d.m.E.getLastEventCount.debug(135)
DEBUG 2026-08-06 02:45:18.503 [root:console] ==> Parameters: localhost-console1(String), demo(String), activity(String) - c.a.a.a.e.p.d.m.E.getLastEventCount.debug(135)
DEBUG 2026-08-06 02:45:18.511 [root:console] <==      Total: 0 - c.a.a.a.e.p.d.m.E.getLastEventCount.debug(135)
DEBUG 2026-08-06 02:45:18.512 [root:console] Cache Hit Ratio [com.aspectran.aspectow.appmon.engine.persist.db.mapper.EventCountMapper]: 0.0 - c.a.a.a.e.p.d.m.EventCountMapper.getObject(60)
DEBUG 2026-08-06 02:45:18.512 [root:console] ==>  Preparing: select node_id, group_id, app_id, event_id, datetime, total, delta, error from appmon_event_count_last where node_id = ? and app_id = ? and event_id = ? - c.a.a.a.e.p.d.m.E.getLastEventCount.debug(135)
DEBUG 2026-08-06 02:45:18.513 [root:console] ==> Parameters: localhost-console1(String), demo(String), session(String) - c.a.a.a.e.p.d.m.E.getLastEventCount.debug(135)
DEBUG 2026-08-06 02:45:18.521 [root:console] <==      Total: 0 - c.a.a.a.e.p.d.m.E.getLastEventCount.debug(135)
DEBUG 2026-08-06 02:45:18.523 [root:console] Cache Hit Ratio [com.aspectran.aspectow.appmon.engine.persist.db.mapper.EventCountMapper]: 0.0 - c.a.a.a.e.p.d.m.EventCountMapper.getObject(60)
DEBUG 2026-08-06 02:45:18.523 [root:console] ==>  Preparing: select node_id, group_id, app_id, event_id, datetime, total, delta, error from appmon_event_count_last where node_id = ? and app_id = ? and event_id = ? - c.a.a.a.e.p.d.m.E.getLastEventCount.debug(135)
DEBUG 2026-08-06 02:45:18.524 [root:console] ==> Parameters: localhost-console1(String), demo2(String), activity(String) - c.a.a.a.e.p.d.m.E.getLastEventCount.debug(135)
DEBUG 2026-08-06 02:45:18.532 [root:console] <==      Total: 0 - c.a.a.a.e.p.d.m.E.getLastEventCount.debug(135)
DEBUG 2026-08-06 02:45:18.534 [root:console] Cache Hit Ratio [com.aspectran.aspectow.appmon.engine.persist.db.mapper.EventCountMapper]: 0.0 - c.a.a.a.e.p.d.m.EventCountMapper.getObject(60)
DEBUG 2026-08-06 02:45:18.534 [root:console] ==>  Preparing: select node_id, group_id, app_id, event_id, datetime, total, delta, error from appmon_event_count_last where node_id = ? and app_id = ? and event_id = ? - c.a.a.a.e.p.d.m.E.getLastEventCount.debug(135)
DEBUG 2026-08-06 02:45:18.535 [root:console] ==> Parameters: localhost-console1(String), demo2(String), session(String) - c.a.a.a.e.p.d.m.E.getLastEventCount.debug(135)
DEBUG 2026-08-06 02:45:18.543 [root:console] <==      Total: 0 - c.a.a.a.e.p.d.m.E.getLastEventCount.debug(135)
DEBUG 2026-08-06 02:45:18.544 [root:console] Cache Hit Ratio [com.aspectran.aspectow.appmon.engine.persist.db.mapper.EventCountMapper]: 0.0 - c.a.a.a.e.p.d.m.EventCountMapper.getObject(60)
DEBUG 2026-08-06 02:45:18.544 [root:console] ==>  Preparing: select node_id, group_id, app_id, event_id, datetime, total, delta, error from appmon_event_count_last where node_id = ? and app_id = ? and event_id = ? - c.a.a.a.e.p.d.m.E.getLastEventCount.debug(135)
DEBUG 2026-08-06 02:45:18.545 [root:console] ==> Parameters: localhost-console1(String), root(String), activity(String) - c.a.a.a.e.p.d.m.E.getLastEventCount.debug(135)
DEBUG 2026-08-06 02:45:18.552 [root:console] <==      Total: 0 - c.a.a.a.e.p.d.m.E.getLastEventCount.debug(135)
DEBUG 2026-08-06 02:45:18.554 [root:console] Cache Hit Ratio [com.aspectran.aspectow.appmon.engine.persist.db.mapper.EventCountMapper]: 0.0 - c.a.a.a.e.p.d.m.EventCountMapper.getObject(60)
DEBUG 2026-08-06 02:45:18.554 [root:console] ==>  Preparing: select node_id, group_id, app_id, event_id, datetime, total, delta, error from appmon_event_count_last where node_id = ? and app_id = ? and event_id = ? - c.a.a.a.e.p.d.m.E.getLastEventCount.debug(135)
DEBUG 2026-08-06 02:45:18.555 [root:console] ==> Parameters: localhost-console1(String), root(String), session(String) - c.a.a.a.e.p.d.m.E.getLastEventCount.debug(135)
DEBUG 2026-08-06 02:45:18.563 [root:console] <==      Total: 0 - c.a.a.a.e.p.d.m.E.getLastEventCount.debug(135)
DEBUG 2026-08-06 02:45:18.564 [root:console] Register session listener com.aspectran.aspectow.appmon.engine.persist.counter.session.SessionEventCountingListener@7aa3857b in DefaultSessionManager@24f360b2(rn0) - c.a.c.c.s.AbstractSessionManager.addSessionListener(500)
DEBUG 2026-08-06 02:45:18.564 [root:console] Cache Hit Ratio [com.aspectran.aspectow.appmon.engine.persist.db.mapper.EventCountMapper]: 0.0 - c.a.a.a.e.p.d.m.EventCountMapper.getObject(60)
DEBUG 2026-08-06 02:45:18.565 [root:console] ==>  Preparing: select node_id, group_id, app_id, event_id, datetime, total, delta, error from appmon_event_count_last where node_id = ? and app_id = ? and event_id = ? - c.a.a.a.e.p.d.m.E.getLastEventCount.debug(135)
DEBUG 2026-08-06 02:45:18.565 [root:console] ==> Parameters: localhost-console1(String), console(String), activity(String) - c.a.a.a.e.p.d.m.E.getLastEventCount.debug(135)
DEBUG 2026-08-06 02:45:18.577 [root:console] <==      Total: 1 - c.a.a.a.e.p.d.m.E.getLastEventCount.debug(135)
DEBUG 2026-08-06 02:45:18.578 [root:console] Cache Hit Ratio [com.aspectran.aspectow.appmon.engine.persist.db.mapper.EventCountMapper]: 0.0 - c.a.a.a.e.p.d.m.EventCountMapper.getObject(60)
DEBUG 2026-08-06 02:45:18.578 [root:console] ==>  Preparing: select node_id, group_id, app_id, event_id, datetime, total, delta, error from appmon_event_count_last where node_id = ? and app_id = ? and event_id = ? - c.a.a.a.e.p.d.m.E.getLastEventCount.debug(135)
DEBUG 2026-08-06 02:45:18.579 [root:console] ==> Parameters: localhost-console1(String), console(String), session(String) - c.a.a.a.e.p.d.m.E.getLastEventCount.debug(135)
DEBUG 2026-08-06 02:45:18.587 [root:console] <==      Total: 0 - c.a.a.a.e.p.d.m.E.getLastEventCount.debug(135)
DEBUG 2026-08-06 02:45:18.588 [root:console] Advice {type=after, instance=com.aspectran.mybatis.SqlSessionAdviceRegister$$Lambda/0x000000000a6226c0@143413cd, order=0} - c.a.c.activity.AdviceActivity.executeAdvice(351)
DEBUG 2026-08-06 02:45:18.589 [root:console] Commit transaction for DefaultSqlSession@517a46f3 - c.a.mybatis.SqlSessionAdvice.commit(257)
DEBUG 2026-08-06 02:45:18.593 [root:console] Advice {type=finally, instance=com.aspectran.mybatis.SqlSessionAdviceRegister$$Lambda/0x000000000a622b80@4b32465, order=0} - c.a.c.activity.AdviceActivity.executeAdvice(351)
DEBUG 2026-08-06 02:45:18.601 [root:console] Close DefaultSqlSession@517a46f3 - c.a.mybatis.SqlSessionAdvice.close(351)
INFO  2026-08-06 02:45:18.602 [root:console] CounterPersistSchedule is dynamically set to run every 5 minutes - c.a.a.a.e.s.CounterPersistSchedule.initialize(115)
DEBUG 2026-08-06 02:45:18.606 [root:console] Initialized DefaultBeanRegistry@74ad8d05 - c.a.c.c.AbstractComponent.initialize(80)
DEBUG 2026-08-06 02:45:18.607 [root:console] Initialized AspectRuleRegistry@76134b9b - c.a.c.c.AbstractComponent.initialize(80)
DEBUG 2026-08-06 02:45:18.607 [root:console] Initialized ScheduleRuleRegistry@38667005 - c.a.c.c.AbstractComponent.initialize(80)
DEBUG 2026-08-06 02:45:18.607 [root:console] Initialized TransletRuleRegistry@7ee64b53 - c.a.c.c.AbstractComponent.initialize(80)
DEBUG 2026-08-06 02:45:18.607 [root:console] Initialized TemplateRuleRegistry@1131aead - c.a.c.c.AbstractComponent.initialize(80)
DEBUG 2026-08-06 02:45:18.608 [root:console] Initialized DefaultTemplateRenderer@7d126083 - c.a.c.c.AbstractComponent.initialize(80)
DEBUG 2026-08-06 02:45:18.608 [root:console] Initialized DefaultActivityContext@76ffc17c - c.a.c.c.AbstractComponent.initialize(80)
INFO  2026-08-06 02:45:18.612 [root:console] Started DefaultWebService@591fd34d(console) - c.a.c.s.AbstractServiceLifeCycle.start(121)
INFO  2026-08-06 02:45:18.613 [root:console] Starting DefaultSchedulerService@7c9372ed - c.a.c.s.AbstractServiceLifeCycle.start(117)
INFO  2026-08-06 02:45:18.622 [root:console] Starting scheduler 'AppmonScheduler' - c.a.c.s.s.AbstractSchedulerService.doStart(192)
INFO  2026-08-06 02:45:18.624 [root:console] Started DefaultSchedulerService@7c9372ed - c.a.c.s.AbstractServiceLifeCycle.start(121)
DEBUG 2026-08-06 02:45:18.625 [root:console] Register session listener com.aspectran.aspectow.appmon.engine.persist.counter.session.SessionEventCountingListener@7079f8f0 in DefaultSessionManager@1edb61b1(cn0) - c.a.c.c.s.AbstractSessionManager.addSessionListener(500)
DEBUG 2026-08-06 02:45:18.626 [root:console] Registering @ServerEndpoint: class com.aspectran.aspectow.appmon.engine.relay.websocket.WebsocketMessageRelayer - c.a.w.w.j.ServerEndpointExporter.registerEndpoint(122)
INFO  2026-08-06 02:45:18.628 [root:console] UT026003: Adding annotated server endpoint class com.aspectran.aspectow.appmon.engine.relay.websocket.WebsocketMessageRelayer for path /nodes/{nodeId}/appmon/websocket/{token} - io.undertow.websockets.jsr.addEndpointInternal(647)
DEBUG 2026-08-06 02:45:18.633 [root:console] Registering @ServerEndpoint: class com.aspectran.aspectow.console.cluster.bridge.websocket.WebsocketNodeBridge - c.a.w.w.j.ServerEndpointExporter.registerEndpoint(122)
INFO  2026-08-06 02:45:18.634 [root:console] UT026003: Adding annotated server endpoint class com.aspectran.aspectow.console.cluster.bridge.websocket.WebsocketNodeBridge for path /nodes/{nodeId}/websocket/{token} - io.undertow.websockets.jsr.addEndpointInternal(647)
DEBUG 2026-08-06 02:45:18.634 [root:console] Registering @ServerEndpoint: class com.aspectran.aspectow.console.commands.bridge.websocket.WebsocketCommandBridge - c.a.w.w.j.ServerEndpointExporter.registerEndpoint(122)
INFO  2026-08-06 02:45:18.635 [root:console] UT026003: Adding annotated server endpoint class com.aspectran.aspectow.console.commands.bridge.websocket.WebsocketCommandBridge for path /nodes/{nodeId}/commands/websocket/{token} - io.undertow.websockets.jsr.addEndpointInternal(647)
DEBUG 2026-08-06 02:45:18.636 [root:console] Registering @ServerEndpoint: class com.aspectran.aspectow.console.scheduler.bridge.websocket.WebsocketSchedulerBridge - c.a.w.w.j.ServerEndpointExporter.registerEndpoint(122)
INFO  2026-08-06 02:45:18.636 [root:console] UT026003: Adding annotated server endpoint class com.aspectran.aspectow.console.scheduler.bridge.websocket.WebsocketSchedulerBridge for path /nodes/{nodeId}/scheduler/websocket/{token} - io.undertow.websockets.jsr.addEndpointInternal(647)
DEBUG 2026-08-06 02:45:18.637 [root] Initializing DefaultSessionManager@23df7fad {workerName=shell, maxActiveSessions=1, maxIdleSeconds=1800, scavengingIntervalSeconds=600, fileStore={storeDir=/work/_sessions/shell, nonPersistentAttributes=[]}, enabled=true} - c.a.c.c.s.DefaultSessionManager.doInitialize(175)
DEBUG 2026-08-06 02:45:18.637 [root] DefaultSessionManager@23df7fad(shell) default maxIdleSecs=1800 - c.a.c.c.s.AbstractSessionManager.setDefaultMaxIdleSecs(176)
DEBUG 2026-08-06 02:45:18.638 [root] Initialized FileSessionStore@2acca224 - c.a.c.c.AbstractComponent.initialize(80)
DEBUG 2026-08-06 02:45:18.639 [root] Initialized DefaultSessionCache@4ab455e2(shell) - c.a.c.c.AbstractComponent.initialize(80)
DEBUG 2026-08-06 02:45:18.639 [root] com.aspectran.core.component.session.HouseKeeper@4a4ff5ed(shell) is STARTING - c.a.u.l.AbstractLifeCycle.setStarting(183)
DEBUG 2026-08-06 02:45:18.640 [root] com.aspectran.core.component.session.HouseKeeper@4a4ff5ed(shell) is STARTED - c.a.u.l.AbstractLifeCycle.setStarted(193)
DEBUG 2026-08-06 02:45:18.641 [root] Initialized DefaultSessionManager@23df7fad(shell) - c.a.c.c.AbstractComponent.initialize(80)
DEBUG 2026-08-06 02:45:18.642 [root] Advice {type=before, action={echo={attributes=[data]}}} - c.a.c.activity.AdviceActivity.executeAdvice(351)
DEBUG 2026-08-06 02:45:18.647 [root] Destroy request scoped beans from RequestScope@92e2c93 - c.a.c.c.b.scope.AbstractScope.destroy(112)
INFO  2026-08-06 02:45:20.625 [Thread-0] Scheduler AppmonScheduler_$_NON_CLUSTERED started. - o.quartz.core.QuartzScheduler.start(541)
DEBUG 2026-08-06 02:45:26.907 [lettuce-nioEventLoop-4-3] Added new node info for joined node: localhost - c.a.a.n.m.NodeClusterEventListener.onNodeJoined(65)
DEBUG 2026-08-06 02:47:51.883 [lettuce-nioEventLoop-4-3] Set node status to 'offline' for left node: localhost - c.a.a.n.m.NodeClusterEventListener.onNodeLeft(85)
DEBUG 2026-08-06 02:48:00.549 [lettuce-nioEventLoop-4-3] Updated dynamic state for joined node: localhost - c.a.a.n.m.NodeClusterEventListener.onNodeJoined(59)
DEBUG 2026-08-06 02:48:39.663 [shutdown] Running all shutdown-hook tasks: 1 - c.aspectran.utils.ShutdownHook.runTasks(147)
DEBUG 2026-08-06 02:48:39.664 [shutdown] Running task [1/1]: Stop DefaultShellService@27f981c6(root) - c.aspectran.utils.ShutdownHook.runTasks(156)
DEBUG 2026-08-06 02:48:39.664 [root] com.aspectran.core.component.session.HouseKeeper@4a4ff5ed(shell) is STOPPING - c.a.u.l.AbstractLifeCycle.setStopping(203)
DEBUG 2026-08-06 02:48:39.665 [root] com.aspectran.core.component.session.HouseKeeper@4a4ff5ed {scavengingInterval=600000} used by DefaultSessionManager@23df7fad(shell) is STOPPED - c.a.u.l.AbstractLifeCycle.setStopped(213)
DEBUG 2026-08-06 02:48:39.666 [root] Destroyed FileSessionStore@2acca224 - c.a.c.c.AbstractComponent.destroy(99)
DEBUG 2026-08-06 02:48:39.667 [root] Destroyed DefaultSessionCache@4ab455e2(shell) - c.a.c.c.AbstractComponent.destroy(99)
DEBUG 2026-08-06 02:48:39.667 [root] Destroyed DefaultSessionManager@23df7fad(shell) - c.a.c.c.AbstractComponent.destroy(99)
INFO  2026-08-06 02:48:39.669 [root] Stopping DefaultWebService@7ed9ae94(root) - c.a.c.s.AbstractServiceLifeCycle.stop(164)
INFO  2026-08-06 02:48:39.670 [root] Stopped DefaultWebService@7ed9ae94(root) - c.a.c.s.AbstractServiceLifeCycle.stop(168)
INFO  2026-08-06 02:48:39.673 [root:console] Stopping DefaultSchedulerService@7c9372ed - c.a.c.s.AbstractServiceLifeCycle.stop(164)
INFO  2026-08-06 02:48:39.673 [root:console] Shutting down the scheduler 'AppmonScheduler' with waitForJobsToComplete=true - c.a.c.s.s.AbstractSchedulerService.doStop(218)
INFO  2026-08-06 02:48:39.674 [root:console] Scheduler AppmonScheduler_$_NON_CLUSTERED shutting down. - o.quartz.core.QuartzScheduler.shutdown(656)
INFO  2026-08-06 02:48:39.674 [root:console] Scheduler AppmonScheduler_$_NON_CLUSTERED paused. - o.quartz.core.QuartzScheduler.standby(576)
INFO  2026-08-06 02:48:39.908 [root:console] Scheduler AppmonScheduler_$_NON_CLUSTERED shutdown complete. - o.quartz.core.QuartzScheduler.shutdown(728)
INFO  2026-08-06 02:48:39.909 [root:console] Stopped DefaultSchedulerService@7c9372ed - c.a.c.s.AbstractServiceLifeCycle.stop(168)
INFO  2026-08-06 02:48:39.909 [root:console] Stopping DefaultWebService@591fd34d(console) - c.a.c.s.AbstractServiceLifeCycle.stop(164)
DEBUG 2026-08-06 02:48:39.909 [root:console] Destroying all cached resources... - c.a.c.s.DefaultCoreService.destroyActivityContext(176)
DEBUG 2026-08-06 02:48:39.911 [root:console] Destroying singletons in com.aspectran.core.component.bean.DefaultBeanRegistry@74ad8d05 - c.a.c.c.b.AbstractBeanRegistry.destroySingletons(464)
DEBUG 2026-08-06 02:48:39.911 [root:console] Destroy singleton scoped beans from SingletonScope@3efdfd79 - c.a.c.c.b.scope.AbstractScope.destroy(112)
DEBUG 2026-08-06 02:48:39.913 [root:console] Advice {type=before, instance=com.aspectran.mybatis.SqlSessionAdviceRegister$$Lambda/0x000000000a622460@4af70b83, order=0} - c.a.c.activity.AdviceActivity.executeAdvice(351)
DEBUG 2026-08-06 02:48:39.915 [root:console] Open DefaultSqlSession@60220b3a {executorType=SIMPLE, autoCommit=false, readOnly=false} - c.a.mybatis.SqlSessionAdvice.doOpen(239)
DEBUG 2026-08-06 02:48:39.937 [root:console] ==>  Preparing: insert into appmon_event_count_last (node_id, group_id, app_id, event_id, datetime, total, delta, error) values (?, ?, ?, ?, ?, ?, ?, ?) on duplicate key update group_id = ?, datetime = ?, total = ?, delta = ?, error = ? - c.a.a.a.e.p.d.m.E.updateLastEventCount.debug(135)
DEBUG 2026-08-06 02:48:39.941 [root:console] ==> Parameters: localhost-console1(String), console(String), console(String), activity(String), 2026-08-06T02:50:39.912819218(LocalDateTime), 13(Long), 11(Long), 0(Long), console(String), 2026-08-06T02:50:39.912819218(LocalDateTime), 13(Long), 11(Long), 0(Long) - c.a.a.a.e.p.d.m.E.updateLastEventCount.debug(135)
DEBUG 2026-08-06 02:48:39.950 [root:console] <==    Updates: 2 - c.a.a.a.e.p.d.m.E.updateLastEventCount.debug(135)
DEBUG 2026-08-06 02:48:39.951 [root:console] ==>  Preparing: insert into appmon_event_count (node_id, group_id, app_id, event_id, datetime, total, delta, error) values (?, ?, ?, ?, ?, ?, ?, ?) on duplicate key update group_id = ?, total = ?, delta = ?, error = ? - c.a.a.a.e.p.d.m.E.insertEventCount.debug(135)
DEBUG 2026-08-06 02:48:39.952 [root:console] ==> Parameters: localhost-console1(String), console(String), console(String), activity(String), 2026-08-06T02:50:39.912819218(LocalDateTime), 13(Long), 11(Long), 0(Long), console(String), 13(Long), 11(Long), 0(Long) - c.a.a.a.e.p.d.m.E.insertEventCount.debug(135)
DEBUG 2026-08-06 02:48:39.959 [root:console] <==    Updates: 1 - c.a.a.a.e.p.d.m.E.insertEventCount.debug(135)
DEBUG 2026-08-06 02:48:39.960 [root:console] ==>  Preparing: insert into appmon_event_count_hourly (node_id, group_id, app_id, event_id, datetime, total, delta, error) values (?, ?, ?, ?, ?, ?, ?, ?) on duplicate key update group_id = ?, total = ?, delta = delta + ?, error = error + ? - c.a.a.a.e.p.d.m.E.insertEventCountHourly.debug(135)
DEBUG 2026-08-06 02:48:39.960 [root:console] ==> Parameters: localhost-console1(String), console(String), console(String), activity(String), 2026-08-06T02:00(LocalDateTime), 13(Long), 11(Long), 0(Long), console(String), 13(Long), 11(Long), 0(Long) - c.a.a.a.e.p.d.m.E.insertEventCountHourly.debug(135)
DEBUG 2026-08-06 02:48:39.969 [root:console] <==    Updates: 2 - c.a.a.a.e.p.d.m.E.insertEventCountHourly.debug(135)
DEBUG 2026-08-06 02:48:39.970 [root:console] Advice {type=after, instance=com.aspectran.mybatis.SqlSessionAdviceRegister$$Lambda/0x000000000a6226c0@143413cd, order=0} - c.a.c.activity.AdviceActivity.executeAdvice(351)
DEBUG 2026-08-06 02:48:39.970 [root:console] Commit transaction for DefaultSqlSession@60220b3a - c.a.mybatis.SqlSessionAdvice.commit(257)
DEBUG 2026-08-06 02:48:39.970 [root:console] Advice {type=finally, instance=com.aspectran.mybatis.SqlSessionAdviceRegister$$Lambda/0x000000000a622b80@4b32465, order=0} - c.a.c.activity.AdviceActivity.executeAdvice(351)
DEBUG 2026-08-06 02:48:39.978 [root:console] Close DefaultSqlSession@60220b3a - c.a.mybatis.SqlSessionAdvice.close(351)
DEBUG 2026-08-06 02:48:39.979 [root:console] Destroyed PollingSessionManager@5b7ee56c - c.a.c.c.AbstractComponent.destroy(99)
DEBUG 2026-08-06 02:48:39.980 [root:console] com.aspectran.aspectow.appmon.engine.exporter.event.EventExporter@6a6104e5 is STOPPING - c.a.u.l.AbstractLifeCycle.setStopping(203)
DEBUG 2026-08-06 02:48:39.981 [root:console] com.aspectran.aspectow.appmon.engine.exporter.event.EventExporter@6a6104e5 {id=activity, target=jpetstore, parameters={+=/**}} is STOPPED - c.a.u.l.AbstractLifeCycle.setStopped(213)
DEBUG 2026-08-06 02:48:39.982 [root:console] com.aspectran.aspectow.appmon.engine.exporter.event.EventExporter@3204d5bc is STOPPING - c.a.u.l.AbstractLifeCycle.setStopping(203)
DEBUG 2026-08-06 02:48:39.983 [root:console] com.aspectran.aspectow.appmon.engine.exporter.event.EventExporter@3204d5bc {id=session, target=tow.server/jpetstore} is STOPPED - c.a.u.l.AbstractLifeCycle.setStopped(213)
DEBUG 2026-08-06 02:48:39.984 [root:console] com.aspectran.aspectow.appmon.engine.exporter.event.ChartDataExporter@5b9e81d1 is STOPPING - c.a.u.l.AbstractLifeCycle.setStopping(203)
DEBUG 2026-08-06 02:48:39.985 [root:console] com.aspectran.aspectow.appmon.engine.exporter.event.ChartDataExporter@5b9e81d1 {id=activity, target=jpetstore, parameters={+=/**}} is STOPPED - c.a.u.l.AbstractLifeCycle.setStopped(213)
DEBUG 2026-08-06 02:48:39.985 [root:console] com.aspectran.aspectow.appmon.engine.exporter.event.ChartDataExporter@4571516d is STOPPING - c.a.u.l.AbstractLifeCycle.setStopping(203)
DEBUG 2026-08-06 02:48:39.986 [root:console] com.aspectran.aspectow.appmon.engine.exporter.event.ChartDataExporter@4571516d {id=session, target=tow.server/jpetstore} is STOPPED - c.a.u.l.AbstractLifeCycle.setStopped(213)
DEBUG 2026-08-06 02:48:39.987 [root:console] com.aspectran.aspectow.appmon.engine.exporter.metric.MetricExporter@1268465b is STOPPING - c.a.u.l.AbstractLifeCycle.setStopping(203)
DEBUG 2026-08-06 02:48:39.987 [root:console] com.aspectran.aspectow.appmon.engine.exporter.metric.MetricExporter@1268465b {id=cp-jpetstore, title=CP-jpetstore, description=Shows the JDBC connection pool usage status, reader=com.aspectran.aspectow.appmon.engine.exporter.metric.jdbc.HikariPoolMBeanReader, parameters={poolName=jpetstore}, sampleInterval=50, exportInterval=900} is STOPPED - c.a.u.l.AbstractLifeCycle.setStopped(213)
INFO  2026-08-06 02:48:39.989 [root:console] Stopping NodeReporter for node: localhost-console1 - c.a.a.n.manager.NodeReporter.stop(95)
DEBUG 2026-08-06 02:48:39.994 [root:console] Registering node 'localhost-console1' in Redis hash 'aspectow:cluster:nodes:cluster1': {id=localhost-console1, group=console, host=juhoN21, port=8082, status=stopping, endpoint={path=/nodes}, token=wHONzpigpz8PaS8p0dAyPjhgRK96tobBp7a096j8prGOZjCZPpqqGhEHF0_tpg4866QsxznGHFQmBHqu21ZOsjn8Qfa1n2t3, hasNodeManager=true, hasSchedulerManager=true, hasCommandManager=true} - c.a.a.n.manager.NodeReporter.registerNode(141)
DEBUG 2026-08-06 02:48:40.011 [root:console] Unregistering node 'localhost-console1' from cluster 'cluster1' - c.a.a.n.manager.NodeReporter.unregisterNode(212)
INFO  2026-08-06 02:48:40.040 [root:console] Cleaning up orphaned group metadata: console (Cluster: cluster1) - c.a.a.n.manager.NodeRegistry.cleanupOrphanedGroups(324)
INFO  2026-08-06 02:48:40.064 [root:console] Closing Redis connection pool for node: localhost-console1 - c.a.a.node.manager.NodeManager.destroy(343)
INFO  2026-08-06 02:48:40.084 [root:console] NodeManager destroyed successfully for node: localhost-console1 - c.a.a.node.manager.NodeManager.destroy(350)
DEBUG 2026-08-06 02:48:40.084 [root:console] Destroyed DefaultBeanRegistry@74ad8d05 - c.a.c.c.AbstractComponent.destroy(99)
DEBUG 2026-08-06 02:48:40.085 [root:console] Destroyed TemplateRuleRegistry@1131aead - c.a.c.c.AbstractComponent.destroy(99)
DEBUG 2026-08-06 02:48:40.085 [root:console] Destroyed DefaultTemplateRenderer@7d126083 - c.a.c.c.AbstractComponent.destroy(99)
DEBUG 2026-08-06 02:48:40.086 [root:console] Destroyed TransletRuleRegistry@7ee64b53 - c.a.c.c.AbstractComponent.destroy(99)
DEBUG 2026-08-06 02:48:40.086 [root:console] Destroyed ScheduleRuleRegistry@38667005 - c.a.c.c.AbstractComponent.destroy(99)
DEBUG 2026-08-06 02:48:40.086 [root:console] Destroyed AspectRuleRegistry@76134b9b - c.a.c.c.AbstractComponent.destroy(99)
DEBUG 2026-08-06 02:48:40.087 [root:console] Destroyed TypeConverterRegistry@3d43fe - c.a.c.c.AbstractComponent.destroy(99)
DEBUG 2026-08-06 02:48:40.087 [root:console] Destroyed DefaultActivityContext@76ffc17c - c.a.c.c.AbstractComponent.destroy(99)
INFO  2026-08-06 02:48:40.088 [root:console] Stopped DefaultWebService@591fd34d - c.a.c.s.AbstractServiceLifeCycle.stop(168)
INFO  2026-08-06 02:48:40.088 [root] Stopping DefaultShellService@27f981c6(root) - c.a.c.s.AbstractServiceLifeCycle.stop(164)
DEBUG 2026-08-06 02:48:40.089 [root] Destroying all cached resources... - c.a.c.s.DefaultCoreService.destroyActivityContext(176)
DEBUG 2026-08-06 02:48:40.089 [root] Destroying singletons in com.aspectran.core.component.bean.DefaultBeanRegistry@7164ca4c - c.a.c.c.b.AbstractBeanRegistry.destroySingletons(464)
DEBUG 2026-08-06 02:48:40.089 [root] Destroy singleton scoped beans from SingletonScope@5f012e74 - c.a.c.c.b.scope.AbstractScope.destroy(112)
DEBUG 2026-08-06 02:48:40.090 [root] com.aspectran.undertow.server.DefaultTowServer@3da30852 is STOPPING - c.a.u.l.AbstractLifeCycle.setStopping(203)
DEBUG 2026-08-06 02:48:45.147 [main] Acquiring lock on /home/aspectran/projects/public/aspectow-demo-console/app/.lock - c.aspectran.utils.FileLocker.lock(93)
DEBUG 2026-08-06 02:48:45.214 [main] Successfully wrote PID 14521 to /home/aspectran/projects/public/aspectow-demo-console/app/.lock - c.aspectran.utils.FileLocker.lock(121)
DEBUG 2026-08-06 02:48:45.216 [main] Registering shutdown-hook: Thread[#28,shutdown,5,main] - c.aspectran.utils.ShutdownHook.registerHook(112)
DEBUG 2026-08-06 02:48:45.218 [main] Adding shutdown-hook task: Stop DefaultShellService@27f981c6 - c.aspectran.utils.ShutdownHook.addTask(76)
INFO  2026-08-06 02:48:45.219 [root] Starting DefaultShellService@27f981c6 - c.a.c.s.AbstractServiceLifeCycle.start(117)
INFO  2026-08-06 02:48:45.220 [root] Building ActivityContext with context rules [/config/app-description.xml, /config/aspectran-rules.xml, /config/server/server.xml] - c.a.c.c.b.HybridActivityContextBuilder.doBuild(120)
DEBUG 2026-08-06 02:48:45.221 [root] Running in an IDE environment, so the resource locations [/home/aspectran/projects/public/aspectow-demo-console/app/lib/ext] will be ignored to avoid class loading conflicts - c.a.c.c.b.AbstractActivityContextBuilder.createSiblingClassLoader(387)
DEBUG 2026-08-06 02:48:45.222 [root] Sweeping /home/aspectran/projects/public/aspectow-demo-console/app/work/* for old resource files - c.a.c.c.r.LocalResourceManager.sweepWorkResourceFiles(236)
INFO  2026-08-06 02:48:45.228 [root] Default profiles [dev] - c.a.c.c.e.EnvironmentProfiles.setDefaultProfiles(154)
INFO  2026-08-06 02:48:45.228 [root] Activating profiles [dev] - c.a.c.c.e.EnvironmentProfiles.setActiveProfiles(205)
DEBUG 2026-08-06 02:48:45.322 [root] Appending rules {file=/config/server/undertow/tow-server.xml, format=xml} - c.a.c.c.r.a.HybridRuleAppendHandler.handle(109)
DEBUG 2026-08-06 02:48:45.352 [root] Appending rules {file=/config/server/undertow/tow-context-root.xml, format=xml} - c.a.c.c.r.a.HybridRuleAppendHandler.handle(109)
DEBUG 2026-08-06 02:48:45.373 [root] Appending rules {file=/config/server/undertow/tow-context-console.xml, format=xml} - c.a.c.c.r.a.HybridRuleAppendHandler.handle(109)
DEBUG 2026-08-06 02:48:45.379 [root] Appending rules {resource=com/aspectran/aspectow/console/config/rules/context/tow-context-console.xml} - c.a.c.c.r.a.HybridRuleAppendHandler.handle(109)
DEBUG 2026-08-06 02:48:45.395 [root] Appending rules {file=/config/server/undertow/tow-support.xml, format=xml} - c.a.c.c.r.a.HybridRuleAppendHandler.handle(109)
DEBUG 2026-08-06 02:48:45.415 [root] Parsing for ID-based bean rules: 14 - c.a.c.c.b.AnnotatedConfigParser.parse(176)
DEBUG 2026-08-06 02:48:45.460 [root] Parsing for type-based bean rules: 22 - c.a.c.c.b.AnnotatedConfigParser.parse(192)
INFO  2026-08-06 02:48:45.477 [root] ActivityContext build completed in 257 ms - c.a.c.c.b.HybridActivityContextBuilder.doBuild(203)
DEBUG 2026-08-06 02:48:45.481 [root] Initialized TypeConverterRegistry@479460a6 - c.a.c.c.AbstractComponent.initialize(80)
DEBUG 2026-08-06 02:48:45.482 [root] Initializing singletons in com.aspectran.core.component.bean.DefaultBeanRegistry@7164ca4c - c.a.c.c.b.AbstractBeanRegistry.instantiateSingletons(427)
DEBUG 2026-08-06 02:48:45.524 [root] com.aspectran.undertow.server.DefaultTowServer@3da30852 is STARTING - c.a.u.l.AbstractLifeCycle.setStarting(183)
INFO  2026-08-06 02:48:45.627 [root] XNIO version 3.8.16.Final - org.xnio.<clinit>(95)
INFO  2026-08-06 02:48:45.637 [root] XNIO NIO Implementation Version 3.8.16.Final - org.xnio.nio.<clinit>(58)
DEBUG 2026-08-06 02:48:45.777 [root] Initializing DefaultSessionManager@24f360b2 {workerName=rn0, maxActiveSessions=9999, maxIdleSeconds=489, evictionIdleSeconds=258, maxIdleSecondsForNew=60, evictionIdleSecondsForNew=30, scavengingIntervalSeconds=90, clusterEnabled=false} - c.a.c.c.s.DefaultSessionManager.doInitialize(175)
DEBUG 2026-08-06 02:48:45.777 [root] DefaultSessionManager@24f360b2(rn0) default maxIdleSecs=489 - c.a.c.c.s.AbstractSessionManager.setDefaultMaxIdleSecs(176)
DEBUG 2026-08-06 02:48:45.781 [root] Initialized FileSessionStore@3bd7f8dc - c.a.c.c.AbstractComponent.initialize(80)
DEBUG 2026-08-06 02:48:45.782 [root] Initialized DefaultSessionCache@6cea706c(rn0) - c.a.c.c.AbstractComponent.initialize(80)
DEBUG 2026-08-06 02:48:45.783 [root] com.aspectran.core.component.session.HouseKeeper@19b30c92(rn0) is STARTING - c.a.u.l.AbstractLifeCycle.setStarting(183)
DEBUG 2026-08-06 02:48:45.786 [root] com.aspectran.core.component.session.HouseKeeper@19b30c92(rn0) is STARTED - c.a.u.l.AbstractLifeCycle.setStarted(193)
DEBUG 2026-08-06 02:48:45.786 [root] Initialized DefaultSessionManager@24f360b2(rn0) - c.a.c.c.AbstractComponent.initialize(80)
DEBUG 2026-08-06 02:48:45.791 [root] Register session listener com.aspectran.undertow.server.session.TowSessionListener@61edc883 in DefaultSessionManager@24f360b2(rn0) - c.a.c.c.s.AbstractSessionManager.addSessionListener(500)
DEBUG 2026-08-06 02:48:45.791 [root] Register session listener com.aspectran.undertow.server.session.TowSessionListener@182f1e9a in DefaultSessionManager@24f360b2(rn0) - c.a.c.c.s.AbstractSessionManager.addSessionListener(500)
DEBUG 2026-08-06 02:48:45.827 [root] Initializing DefaultSessionManager@1edb61b1 {workerName=cn0, maxActiveSessions=999, maxIdleSeconds=600, evictionIdleSeconds=300, scavengingIntervalSeconds=180, clusterEnabled=false} - c.a.c.c.s.DefaultSessionManager.doInitialize(175)
DEBUG 2026-08-06 02:48:45.827 [root] DefaultSessionManager@1edb61b1(cn0) default maxIdleSecs=600 - c.a.c.c.s.AbstractSessionManager.setDefaultMaxIdleSecs(176)
DEBUG 2026-08-06 02:48:45.828 [root] Initialized FileSessionStore@cc62a3b - c.a.c.c.AbstractComponent.initialize(80)
DEBUG 2026-08-06 02:48:45.828 [root] Restored 1 sessions from FileSessionStore@cc62a3b - c.a.c.c.s.DefaultSessionCache.doInitialize(130)
DEBUG 2026-08-06 02:48:45.829 [root] Initialized DefaultSessionCache@ec2bf82(cn0) - c.a.c.c.AbstractComponent.initialize(80)
DEBUG 2026-08-06 02:48:45.829 [root] com.aspectran.core.component.session.HouseKeeper@32f61a31(cn0) is STARTING - c.a.u.l.AbstractLifeCycle.setStarting(183)
DEBUG 2026-08-06 02:48:45.830 [root] com.aspectran.core.component.session.HouseKeeper@32f61a31(cn0) is STARTED - c.a.u.l.AbstractLifeCycle.setStarted(193)
DEBUG 2026-08-06 02:48:45.831 [root] Initialized DefaultSessionManager@1edb61b1(cn0) - c.a.c.c.AbstractComponent.initialize(80)
DEBUG 2026-08-06 02:48:45.832 [root] Register session listener com.aspectran.undertow.server.session.TowSessionListener@5305c37d in DefaultSessionManager@1edb61b1(cn0) - c.a.c.c.s.AbstractSessionManager.addSessionListener(500)
DEBUG 2026-08-06 02:48:45.832 [root] Register session listener com.aspectran.undertow.server.session.TowSessionListener@3dddbe65 in DefaultSessionManager@1edb61b1(cn0) - c.a.c.c.s.AbstractSessionManager.addSessionListener(500)
INFO  2026-08-06 02:48:45.844 [root] WebActivityServlet 'webActivityServlet' has been initialized. - c.a.w.s.WebActivityServlet.init(101)
INFO  2026-08-06 02:48:45.848 [root] TowResourceHandler includePatterns=[/console/assets/js/**, /console/assets/css/**, /console/assets/appmon/css/**, /console/assets/appmon/js/**] - c.a.u.s.h.r.TowResourceHandler.autoDetect(142)
INFO  2026-08-06 02:48:45.861 [root] WebActivityServlet 'webActivityServlet' has been initialized. - c.a.w.s.WebActivityServlet.init(101)
INFO  2026-08-06 02:48:45.862 [root] TowResourceHandler includePatterns=[/favicon.ico, /WEB-INF/**] - c.a.u.s.h.r.TowResourceHandler.autoDetect(142)
INFO  2026-08-06 02:48:45.892 [root] starting server: Undertow - 2.3.26.Final - io.undertow.start(120)
INFO  2026-08-06 02:48:45.930 [root] Undertow 2.3.26.Final started - c.a.u.server.DefaultTowServer.doStart(54)
DEBUG 2026-08-06 02:48:45.931 [root] com.aspectran.undertow.server.DefaultTowServer@3da30852 is STARTED - c.a.u.l.AbstractLifeCycle.setStarted(193)
DEBUG 2026-08-06 02:48:45.932 [root] Initialized DefaultBeanRegistry@7164ca4c - c.a.c.c.AbstractComponent.initialize(80)
DEBUG 2026-08-06 02:48:45.932 [root] Initialized AspectRuleRegistry@5ec77191 - c.a.c.c.AbstractComponent.initialize(80)
DEBUG 2026-08-06 02:48:45.933 [root] Initialized ScheduleRuleRegistry@4642b71d - c.a.c.c.AbstractComponent.initialize(80)
DEBUG 2026-08-06 02:48:45.933 [root] Initialized TransletRuleRegistry@1450078a - c.a.c.c.AbstractComponent.initialize(80)
DEBUG 2026-08-06 02:48:45.933 [root] Initialized TemplateRuleRegistry@c68a5f8 - c.a.c.c.AbstractComponent.initialize(80)
DEBUG 2026-08-06 02:48:45.933 [root] Initialized DefaultTemplateRenderer@69c6161d - c.a.c.c.AbstractComponent.initialize(80)
DEBUG 2026-08-06 02:48:45.935 [root] Unable to locate MessageSource with name 'messageSource': using default [com.aspectran.core.support.i18n.message.DelegatingMessageSource@6bff19ff] - c.a.c.c.DefaultActivityContext.resolveMessageSource(347)
DEBUG 2026-08-06 02:48:45.935 [root] Initialized DefaultActivityContext@5eccd3b9 - c.a.c.c.AbstractComponent.initialize(80)
INFO  2026-08-06 02:48:45.936 [root] Started DefaultShellService@27f981c6(root) - c.a.c.s.AbstractServiceLifeCycle.start(121)
INFO  2026-08-06 02:48:45.937 [root] Starting DefaultWebService@7ed9ae94(root) - c.a.c.s.AbstractServiceLifeCycle.start(117)
INFO  2026-08-06 02:48:45.938 [root] Started DefaultWebService@7ed9ae94(root) - c.a.c.s.AbstractServiceLifeCycle.start(121)
INFO  2026-08-06 02:48:45.940 [root:console] Starting DefaultWebService@591fd34d - c.a.c.s.AbstractServiceLifeCycle.start(117)
INFO  2026-08-06 02:48:45.940 [root:console] Building ActivityContext with context rules [classpath:com/aspectran/aspectow/console/config/rules/root.xml, /config/console/console-rules.xml] - c.a.c.c.b.HybridActivityContextBuilder.doBuild(120)
INFO  2026-08-06 02:48:45.941 [root:console] Base profiles [mariadb, demo, console.ui] - c.a.c.c.e.EnvironmentProfiles.setBaseProfiles(100)
INFO  2026-08-06 02:48:45.941 [root:console] Ignored base profiles [h2] - c.a.c.c.b.AbstractActivityContextBuilder.createEnvironmentProfiles(424)
INFO  2026-08-06 02:48:45.942 [root:console] Default profiles [dev] - c.a.c.c.e.EnvironmentProfiles.setDefaultProfiles(154)
INFO  2026-08-06 02:48:45.942 [root:console] Activating profiles [dev] - c.a.c.c.e.EnvironmentProfiles.setActiveProfiles(205)
INFO  2026-08-06 02:48:45.942 [root:console] Auto Components Scanning {basePackages=[com.aspectran.aspectow.appmon.engine, com.aspectran.aspectow.console.appmon, com.aspectran.aspectow.console.auth, com.aspectran.aspectow.console.cluster, com.aspectran.aspectow.console.commands, com.aspectran.aspectow.console.common, com.aspectran.aspectow.console.framework, com.aspectran.aspectow.console.home, com.aspectran.aspectow.console.scheduler, com.aspectran.aspectow.console.user, com.aspectran.aspectow.console.vault]} - c.a.c.c.bean.BeanRuleRegistry.scanConfigurableBeans(312)
DEBUG 2026-08-06 02:48:45.946 [root:console] Scanning components from /home/aspectran/projects/public/aspectow/appmon/target/classes/com/aspectran/aspectow/appmon/engine/ - c.aspectran.utils.ClassScanner.scan(128)
DEBUG 2026-08-06 02:48:46.006 [root:console] Scanning components from /home/aspectran/projects/public/aspectow/console/target/classes/com/aspectran/aspectow/console/appmon/ - c.aspectran.utils.ClassScanner.scan(128)
DEBUG 2026-08-06 02:48:46.008 [root:console] Scanning components from /home/aspectran/projects/public/aspectow/console/target/classes/com/aspectran/aspectow/console/auth/ - c.aspectran.utils.ClassScanner.scan(128)
DEBUG 2026-08-06 02:48:46.010 [root:console] Scanning components from /home/aspectran/projects/public/aspectow/console/target/classes/com/aspectran/aspectow/console/cluster/ - c.aspectran.utils.ClassScanner.scan(128)
DEBUG 2026-08-06 02:48:46.015 [root:console] Scanning components from /home/aspectran/projects/public/aspectow/console/target/classes/com/aspectran/aspectow/console/commands/ - c.aspectran.utils.ClassScanner.scan(128)
DEBUG 2026-08-06 02:48:46.020 [root:console] Scanning components from /home/aspectran/projects/public/aspectow/console/target/classes/com/aspectran/aspectow/console/common/ - c.aspectran.utils.ClassScanner.scan(128)
DEBUG 2026-08-06 02:48:46.027 [root:console] Scanning components from /home/aspectran/projects/public/aspectow/console/target/classes/com/aspectran/aspectow/console/framework/ - c.aspectran.utils.ClassScanner.scan(128)
DEBUG 2026-08-06 02:48:46.030 [root:console] Scanning components from /home/aspectran/projects/public/aspectow/console/target/classes/com/aspectran/aspectow/console/home/ - c.aspectran.utils.ClassScanner.scan(128)
DEBUG 2026-08-06 02:48:46.031 [root:console] Scanning components from /home/aspectran/projects/public/aspectow/console/target/classes/com/aspectran/aspectow/console/scheduler/ - c.aspectran.utils.ClassScanner.scan(128)
DEBUG 2026-08-06 02:48:46.035 [root:console] Scanning components from /home/aspectran/projects/public/aspectow/console/target/classes/com/aspectran/aspectow/console/user/ - c.aspectran.utils.ClassScanner.scan(128)
DEBUG 2026-08-06 02:48:46.036 [root:console] Scanning components from /home/aspectran/projects/public/aspectow/console/target/classes/com/aspectran/aspectow/console/vault/ - c.aspectran.utils.ClassScanner.scan(128)
DEBUG 2026-08-06 02:48:46.041 [root:console] Appending rules {resource=com/aspectran/aspectow/appmon/config/rules/scheduler.xml} - c.a.c.c.r.a.HybridRuleAppendHandler.handle(109)
DEBUG 2026-08-06 02:48:46.046 [root:console] Appending rules {resource=com/aspectran/aspectow/console/config/rules/db.xml} - c.a.c.c.r.a.HybridRuleAppendHandler.handle(109)
DEBUG 2026-08-06 02:48:46.053 [root:console] Appending rules {resource=com/aspectran/aspectow/console/config/rules/web.xml, profile=[console.ui, console.custom-ui]} - c.a.c.c.r.a.HybridRuleAppendHandler.handle(109)
DEBUG 2026-08-06 02:48:46.068 [root:console] Appending rules {resource=com/aspectran/aspectow/console/framework/asel-test-rules.xml, profile=[console.ui, console.custom-ui]} - c.a.c.c.r.a.HybridRuleAppendHandler.handle(109)
DEBUG 2026-08-06 02:48:46.074 [root:console] Appending rules {file=/config/console/node-rules.xml, format=xml} - c.a.c.c.r.a.HybridRuleAppendHandler.handle(109)
DEBUG 2026-08-06 02:48:46.080 [root:console] Appending rules {file=/config/console/appmon-rules.xml, format=xml} - c.a.c.c.r.a.HybridRuleAppendHandler.handle(109)
DEBUG 2026-08-06 02:48:46.083 [root:console] Parsing bean rules for annotated configurations: 45 - c.a.c.c.b.AnnotatedConfigParser.parse(158)
DEBUG 2026-08-06 02:48:46.155 [root:console] Parsing for ID-based bean rules: 29 - c.a.c.c.b.AnnotatedConfigParser.parse(176)
DEBUG 2026-08-06 02:48:46.168 [root:console] Parsing for type-based bean rules: 52 - c.a.c.c.b.AnnotatedConfigParser.parse(192)
INFO  2026-08-06 02:48:46.191 [root:console] ActivityContext build completed in 250 ms - c.a.c.c.b.HybridActivityContextBuilder.doBuild(203)
DEBUG 2026-08-06 02:48:46.191 [root:console] Initialized TypeConverterRegistry@3d43fe - c.a.c.c.AbstractComponent.initialize(80)
DEBUG 2026-08-06 02:48:46.192 [root:console] Initializing singletons in com.aspectran.core.component.bean.DefaultBeanRegistry@74ad8d05 - c.a.c.c.b.AbstractBeanRegistry.instantiateSingletons(427)
INFO  2026-08-06 02:48:46.215 [root:console] Using default implementation for ThreadExecutor - o.q.impl.StdSchedulerFactory.instantiate(1222)
INFO  2026-08-06 02:48:46.217 [root:console] Job execution threads will use class loader of thread: root:console - o.q.simpl.SimpleThreadPool.initialize(269)
INFO  2026-08-06 02:48:46.223 [root:console] Initialized Scheduler Signaller of type: class org.quartz.core.SchedulerSignalerImpl - o.q.core.SchedulerSignalerImpl.<init>(62)
INFO  2026-08-06 02:48:46.223 [root:console] Quartz Scheduler v2.5.2 created. - o.quartz.core.QuartzScheduler.<init>(224)
INFO  2026-08-06 02:48:46.224 [root:console] RAMJobStore initialized. - org.quartz.simpl.RAMJobStore.initialize(152)
INFO  2026-08-06 02:48:46.225 [root:console] Scheduler meta-data: Quartz Scheduler (v2.5.2) 'AppmonScheduler' with instanceId 'NON_CLUSTERED'
  Scheduler class: 'org.quartz.core.QuartzScheduler' - running locally.
  NOT STARTED.
  Currently in standby mode.
  Number of jobs executed: 0
  Using thread pool 'org.quartz.simpl.SimpleThreadPool' - with 1 threads.
  Using job-store 'org.quartz.simpl.RAMJobStore' - which does not support persistence. and is not clustered.
 - o.quartz.core.QuartzScheduler.initialize(289)
INFO  2026-08-06 02:48:46.225 [root:console] Quartz scheduler 'AppmonScheduler' initialized from an externally provided properties instance. - o.q.impl.StdSchedulerFactory.instantiate(1376)
INFO  2026-08-06 02:48:46.226 [root:console] Quartz scheduler version: 2.5.2 - o.q.impl.StdSchedulerFactory.instantiate(1378)
DEBUG 2026-08-06 02:48:46.227 [root:console] IGNORED - Invalid properties resource; java.io.IOException: Could not find resource com/aspectran/aspectow/console/config/db/aspectow-console.db-mariadb.properties - c.a.u.PropertiesLoaderSupport.loadProperties(152)
DEBUG 2026-08-06 02:48:46.228 [root:console] IGNORED - Invalid properties resource; java.io.IOException: Could not find resource com/aspectran/aspectow/console/config/db/aspectow-console.db-mariadb.system.properties - c.a.u.PropertiesLoaderSupport.loadProperties(152)
DEBUG 2026-08-06 02:48:46.731 [root:console] Unable to locate MessageSource with name 'messageSource': using default [com.aspectran.core.support.i18n.message.DelegatingMessageSource@a83495d] - c.a.c.c.DefaultActivityContext.resolveMessageSource(347)
INFO  2026-08-06 02:48:46.805 [root:console] Current Node: localhost-console1 (Host: juhoN21) - c.a.a.n.m.NodeManagerBuilder.build(169)
INFO  2026-08-06 02:48:47.431 [root:console] Registered group info to Redis: aspectow:cluster:groups:cluster1 (Group: console) - c.a.a.n.m.NodeManagerBuilder.build(210)
INFO  2026-08-06 02:48:47.441 [root:console] Registered RedisScheduledJobLockProvider for cluster-wide job locking - c.a.a.n.m.NodeManagerBuilder.build(247)
INFO  2026-08-06 02:48:47.442 [root:console] Initializing NodeReporter for cluster: cluster1, node: localhost-console1 - c.a.a.n.manager.NodeReporter.start(70)
DEBUG 2026-08-06 02:48:47.447 [root:console] Registering node 'localhost-console1' in Redis hash 'aspectow:cluster:nodes:cluster1': {id=localhost-console1, group=console, host=juhoN21, port=8082, status=live, endpoint={path=/nodes}, token=Ljdjox8_RCXaoKlFKHN2d1awh4uPygGOkmKR4UErvY5jNKLPLOph9QxWoLiySM4SufXZ6TrEtGoCm7RVymhk1ab_odqIlQcg, hasNodeManager=true, hasSchedulerManager=true, hasCommandManager=true} - c.a.a.n.manager.NodeReporter.registerNode(141)
INFO  2026-08-06 02:48:47.633 [root:console] NodeMessageSubscriber initialized and subscribed to pattern: aspectow:cluster:*:*:cluster1:localhost-console1:* - c.a.a.n.m.NodeMessageSubscriber.start(140)
INFO  2026-08-06 02:48:47.694 [root:console] ClusterEventSubscriber initialized and subscribed to channel: aspectow:cluster:event:cluster1 - c.a.a.n.m.ClusterEventSubscriber.start(121)
INFO  2026-08-06 02:48:47.695 [root:console] Initializing RemoteNodeManager for node: localhost-console1 - c.a.a.n.m.n.RemoteNodeManager.initialize(63)
INFO  2026-08-06 02:48:47.696 [root:console] Initializing RemoteSchedulerManager for node: localhost-console1 - c.a.a.n.m.s.RemoteSchedulerManager.initialize(113)
INFO  2026-08-06 02:48:47.697 [root:console] Initializing RemoteCommandManager for node: localhost-console1 - c.a.a.n.m.c.RemoteCommandManager.initialize(74)
DEBUG 2026-08-06 02:48:47.737 [root:console] Registered AspectRule {id=consoleTxAspect, order=0, joinpoint={target=activity, pointcut={type=wildcard, patterns=[{type=wildcard, pattern=@class:com.aspectran.aspectow.console.common.db.tx.ConsoleSqlSession}]}}, advices=[{type=before, action={instance=com.aspectran.mybatis.SqlSessionAdviceRegister$$Lambda/0x0000000060628ef0@12aa381f}}, {type=after, action={instance=com.aspectran.mybatis.SqlSessionAdviceRegister$$Lambda/0x0000000060629150@6115846e}}, {type=finally, action={instance=com.aspectran.mybatis.SqlSessionAdviceRegister$$Lambda/0x0000000060629610@1bec1589}}]} - c.a.m.SqlSessionAdviceRegister.register(294)
DEBUG 2026-08-06 02:48:47.742 [root:console] Create CounterPersist {id=activity, target=root, parameters={+=/**}} - c.a.a.a.e.p.c.EventCounterBuilder.build(47)
DEBUG 2026-08-06 02:48:47.744 [root:console] Create EventExporter {id=activity, target=root, parameters={+=/**}} - c.a.a.a.e.e.e.EventExporterBuilder.build(54)
DEBUG 2026-08-06 02:48:47.745 [root:console] Create ChartDataExporter {id=activity, target=root, parameters={+=/**}} - c.a.a.a.e.e.e.ChartDataExporterBuilder.build(46)
DEBUG 2026-08-06 02:48:47.746 [root:console] Create CounterPersist {id=session, target=tow.server/root} - c.a.a.a.e.p.c.EventCounterBuilder.build(47)
DEBUG 2026-08-06 02:48:47.746 [root:console] Create EventExporter {id=session, target=tow.server/root} - c.a.a.a.e.e.e.EventExporterBuilder.build(54)
DEBUG 2026-08-06 02:48:47.747 [root:console] Create ChartDataExporter {id=session, target=tow.server/root} - c.a.a.a.e.e.e.ChartDataExporterBuilder.build(46)
DEBUG 2026-08-06 02:48:47.748 [root:console] Create MetricExporter {id=heap, title=Heap, description=Shows JVM Heap memory usage status, reader=com.aspectran.aspectow.appmon.engine.exporter.metric.jvm.HeapMemoryUsageReader, sampleInterval=500, heading=true} - c.a.a.a.e.e.m.MetricExporterBuilder.build(48)
DEBUG 2026-08-06 02:48:47.749 [root:console] Create MetricExporter {id=undertow-tp, title=Undertow TP, description=Metrics of Undertow thread pool resources, reader=com.aspectran.aspectow.appmon.engine.exporter.metric.undertow.NioWorkerMetricsReader, target=tow.server, sampleInterval=30, exportInterval=900, heading=true} - c.a.a.a.e.e.m.MetricExporterBuilder.build(48)
DEBUG 2026-08-06 02:48:47.749 [root:console] Create LogExporter {id=app, title=Root App, file=/logs/root.log, sampleInterval=300, lastLines=300} - c.a.a.a.e.e.l.LogExporterBuilder.build(51)
DEBUG 2026-08-06 02:48:47.750 [root:console] Create LogExporter {id=access, title=Root Access, file=/logs/root-access.log, sampleInterval=300, lastLines=100} - c.a.a.a.e.e.l.LogExporterBuilder.build(51)
DEBUG 2026-08-06 02:48:47.750 [root:console] Create CounterPersist {id=activity, target=console, parameters={+=/**, -=/nodes/**/polling/**}} - c.a.a.a.e.p.c.EventCounterBuilder.build(47)
DEBUG 2026-08-06 02:48:47.751 [root:console] Create EventExporter {id=activity, target=console, parameters={+=/**, -=/nodes/**/polling/**}} - c.a.a.a.e.e.e.EventExporterBuilder.build(54)
DEBUG 2026-08-06 02:48:47.751 [root:console] Create ChartDataExporter {id=activity, target=console, parameters={+=/**, -=/nodes/**/polling/**}} - c.a.a.a.e.e.e.ChartDataExporterBuilder.build(46)
DEBUG 2026-08-06 02:48:47.752 [root:console] Create CounterPersist {id=session, target=tow.server/console} - c.a.a.a.e.p.c.EventCounterBuilder.build(47)
DEBUG 2026-08-06 02:48:47.752 [root:console] Create EventExporter {id=session, target=tow.server/console} - c.a.a.a.e.e.e.EventExporterBuilder.build(54)
DEBUG 2026-08-06 02:48:47.753 [root:console] Create ChartDataExporter {id=session, target=tow.server/console} - c.a.a.a.e.e.e.ChartDataExporterBuilder.build(46)
DEBUG 2026-08-06 02:48:47.753 [root:console] Create MetricExporter {id=heap, title=Heap, description=Shows JVM Heap memory usage status, reader=com.aspectran.aspectow.appmon.engine.exporter.metric.jvm.HeapMemoryUsageReader, sampleInterval=500, heading=true} - c.a.a.a.e.e.m.MetricExporterBuilder.build(48)
DEBUG 2026-08-06 02:48:47.754 [root:console] Create MetricExporter {id=undertow-tp, title=Undertow TP, description=Metrics of Undertow thread pool resources, reader=com.aspectran.aspectow.appmon.engine.exporter.metric.undertow.NioWorkerMetricsReader, target=tow.server, sampleInterval=500, heading=true} - c.a.a.a.e.e.m.MetricExporterBuilder.build(48)
DEBUG 2026-08-06 02:48:47.754 [root:console] Create LogExporter {id=app, file=console.log, sampleInterval=300, lastLines=100} - c.a.a.a.e.e.l.LogExporterBuilder.build(51)
DEBUG 2026-08-06 02:48:47.755 [root:console] Create LogExporter {id=access, file=console-access.log, sampleInterval=300, lastLines=100} - c.a.a.a.e.e.l.LogExporterBuilder.build(51)
INFO  2026-08-06 02:48:47.804 [root:console] Registered app info to Redis: aspectow:cluster:apps:cluster1:console (Apps: [root, console]) - c.a.a.a.e.m.AppMonManagerBuilder.build(167)
DEBUG 2026-08-06 02:48:47.811 [root:console] Registered AspectRule {id=consoleBatchTxAspect, order=0, joinpoint={target=activity, pointcut={type=wildcard, patterns=[{type=wildcard, pattern=@class:com.aspectran.aspectow.console.common.db.tx.ConsoleBatchSqlSession}]}}, advices=[{type=before, action={instance=com.aspectran.mybatis.SqlSessionAdviceRegister$$Lambda/0x0000000060628ef0@4ffa7041}}, {type=after, action={instance=com.aspectran.mybatis.SqlSessionAdviceRegister$$Lambda/0x0000000060629150@632c3f55}}, {type=finally, action={instance=com.aspectran.mybatis.SqlSessionAdviceRegister$$Lambda/0x0000000060629610@56b05bd7}}]} - c.a.m.SqlSessionAdviceRegister.register(294)
DEBUG 2026-08-06 02:48:47.817 [root:console] Registered AspectRule {id=consoleReuseTxAspect, order=0, joinpoint={target=activity, pointcut={type=wildcard, patterns=[{type=wildcard, pattern=@class:com.aspectran.aspectow.console.common.db.tx.ConsoleReuseSqlSession}]}}, advices=[{type=before, action={instance=com.aspectran.mybatis.SqlSessionAdviceRegister$$Lambda/0x0000000060628ef0@22aefae0}}, {type=after, action={instance=com.aspectran.mybatis.SqlSessionAdviceRegister$$Lambda/0x0000000060629150@20faaf77}}, {type=finally, action={instance=com.aspectran.mybatis.SqlSessionAdviceRegister$$Lambda/0x0000000060629610@7440265c}}]} - c.a.m.SqlSessionAdviceRegister.register(294)
DEBUG 2026-08-06 02:48:47.821 [root:console] Initialized PollingSessionManager@dd20ebc - c.a.c.c.AbstractComponent.initialize(80)
DEBUG 2026-08-06 02:48:47.829 [root:console] Advice {type=before, instance=com.aspectran.mybatis.SqlSessionAdviceRegister$$Lambda/0x0000000060628ef0@12aa381f, order=0} - c.a.c.activity.AdviceActivity.executeAdvice(351)
DEBUG 2026-08-06 02:48:47.840 [root:console] Open DefaultSqlSession@182e4365 {executorType=SIMPLE, autoCommit=false, readOnly=false} - c.a.mybatis.SqlSessionAdvice.doOpen(239)
DEBUG 2026-08-06 02:48:47.841 [root:console] Cache Hit Ratio [com.aspectran.aspectow.appmon.engine.persist.db.mapper.EventCountMapper]: 0.0 - c.a.a.a.e.p.d.m.EventCountMapper.getObject(60)
DEBUG 2026-08-06 02:48:47.854 [root:console] ==>  Preparing: select node_id, group_id, app_id, event_id, datetime, total, delta, error from appmon_event_count_last where node_id = ? and app_id = ? and event_id = ? - c.a.a.a.e.p.d.m.E.getLastEventCount.debug(135)
DEBUG 2026-08-06 02:48:47.874 [root:console] ==> Parameters: localhost-console1(String), root(String), activity(String) - c.a.a.a.e.p.d.m.E.getLastEventCount.debug(135)
DEBUG 2026-08-06 02:48:47.895 [root:console] <==      Total: 0 - c.a.a.a.e.p.d.m.E.getLastEventCount.debug(135)
DEBUG 2026-08-06 02:48:47.900 [root:console] Cache Hit Ratio [com.aspectran.aspectow.appmon.engine.persist.db.mapper.EventCountMapper]: 0.0 - c.a.a.a.e.p.d.m.EventCountMapper.getObject(60)
DEBUG 2026-08-06 02:48:47.900 [root:console] ==>  Preparing: select node_id, group_id, app_id, event_id, datetime, total, delta, error from appmon_event_count_last where node_id = ? and app_id = ? and event_id = ? - c.a.a.a.e.p.d.m.E.getLastEventCount.debug(135)
DEBUG 2026-08-06 02:48:47.901 [root:console] ==> Parameters: localhost-console1(String), root(String), session(String) - c.a.a.a.e.p.d.m.E.getLastEventCount.debug(135)
DEBUG 2026-08-06 02:48:47.909 [root:console] <==      Total: 0 - c.a.a.a.e.p.d.m.E.getLastEventCount.debug(135)
DEBUG 2026-08-06 02:48:47.910 [root:console] Register session listener com.aspectran.aspectow.appmon.engine.persist.counter.session.SessionEventCountingListener@500ec769 in DefaultSessionManager@24f360b2(rn0) - c.a.c.c.s.AbstractSessionManager.addSessionListener(500)
DEBUG 2026-08-06 02:48:47.911 [root:console] Cache Hit Ratio [com.aspectran.aspectow.appmon.engine.persist.db.mapper.EventCountMapper]: 0.0 - c.a.a.a.e.p.d.m.EventCountMapper.getObject(60)
DEBUG 2026-08-06 02:48:47.911 [root:console] ==>  Preparing: select node_id, group_id, app_id, event_id, datetime, total, delta, error from appmon_event_count_last where node_id = ? and app_id = ? and event_id = ? - c.a.a.a.e.p.d.m.E.getLastEventCount.debug(135)
DEBUG 2026-08-06 02:48:47.912 [root:console] ==> Parameters: localhost-console1(String), console(String), activity(String) - c.a.a.a.e.p.d.m.E.getLastEventCount.debug(135)
DEBUG 2026-08-06 02:48:47.924 [root:console] <==      Total: 1 - c.a.a.a.e.p.d.m.E.getLastEventCount.debug(135)
DEBUG 2026-08-06 02:48:47.925 [root:console] Cache Hit Ratio [com.aspectran.aspectow.appmon.engine.persist.db.mapper.EventCountMapper]: 0.0 - c.a.a.a.e.p.d.m.EventCountMapper.getObject(60)
DEBUG 2026-08-06 02:48:47.926 [root:console] ==>  Preparing: select node_id, group_id, app_id, event_id, datetime, total, delta, error from appmon_event_count_last where node_id = ? and app_id = ? and event_id = ? - c.a.a.a.e.p.d.m.E.getLastEventCount.debug(135)
DEBUG 2026-08-06 02:48:47.926 [root:console] ==> Parameters: localhost-console1(String), console(String), session(String) - c.a.a.a.e.p.d.m.E.getLastEventCount.debug(135)
DEBUG 2026-08-06 02:48:47.934 [root:console] <==      Total: 0 - c.a.a.a.e.p.d.m.E.getLastEventCount.debug(135)
DEBUG 2026-08-06 02:48:47.935 [root:console] Advice {type=after, instance=com.aspectran.mybatis.SqlSessionAdviceRegister$$Lambda/0x0000000060629150@6115846e, order=0} - c.a.c.activity.AdviceActivity.executeAdvice(351)
DEBUG 2026-08-06 02:48:47.935 [root:console] Commit transaction for DefaultSqlSession@182e4365 - c.a.mybatis.SqlSessionAdvice.commit(257)
DEBUG 2026-08-06 02:48:47.938 [root:console] Advice {type=finally, instance=com.aspectran.mybatis.SqlSessionAdviceRegister$$Lambda/0x0000000060629610@1bec1589, order=0} - c.a.c.activity.AdviceActivity.executeAdvice(351)
DEBUG 2026-08-06 02:48:47.946 [root:console] Close DefaultSqlSession@182e4365 - c.a.mybatis.SqlSessionAdvice.close(351)
INFO  2026-08-06 02:48:47.946 [root:console] CounterPersistSchedule is dynamically set to run every 5 minutes - c.a.a.a.e.s.CounterPersistSchedule.initialize(115)
DEBUG 2026-08-06 02:48:47.950 [root:console] Initialized DefaultBeanRegistry@74ad8d05 - c.a.c.c.AbstractComponent.initialize(80)
DEBUG 2026-08-06 02:48:47.950 [root:console] Initialized AspectRuleRegistry@22cd8ec2 - c.a.c.c.AbstractComponent.initialize(80)
DEBUG 2026-08-06 02:48:47.951 [root:console] Initialized ScheduleRuleRegistry@7d977a20 - c.a.c.c.AbstractComponent.initialize(80)
DEBUG 2026-08-06 02:48:47.951 [root:console] Initialized TransletRuleRegistry@35ab4260 - c.a.c.c.AbstractComponent.initialize(80)
DEBUG 2026-08-06 02:48:47.951 [root:console] Initialized TemplateRuleRegistry@76134b9b - c.a.c.c.AbstractComponent.initialize(80)
DEBUG 2026-08-06 02:48:47.951 [root:console] Initialized DefaultTemplateRenderer@38667005 - c.a.c.c.AbstractComponent.initialize(80)
DEBUG 2026-08-06 02:48:47.952 [root:console] Initialized DefaultActivityContext@7ee64b53 - c.a.c.c.AbstractComponent.initialize(80)
INFO  2026-08-06 02:48:47.954 [root:console] Started DefaultWebService@591fd34d(console) - c.a.c.s.AbstractServiceLifeCycle.start(121)
INFO  2026-08-06 02:48:47.954 [root:console] Starting DefaultSchedulerService@6d617b07 - c.a.c.s.AbstractServiceLifeCycle.start(117)
INFO  2026-08-06 02:48:47.960 [root:console] Starting scheduler 'AppmonScheduler' - c.a.c.s.s.AbstractSchedulerService.doStart(192)
INFO  2026-08-06 02:48:47.962 [root:console] Started DefaultSchedulerService@6d617b07 - c.a.c.s.AbstractServiceLifeCycle.start(121)
DEBUG 2026-08-06 02:48:47.963 [root:console] Register session listener com.aspectran.aspectow.appmon.engine.persist.counter.session.SessionEventCountingListener@1dbff71c in DefaultSessionManager@1edb61b1(cn0) - c.a.c.c.s.AbstractSessionManager.addSessionListener(500)
DEBUG 2026-08-06 02:48:47.963 [root:console] Registering @ServerEndpoint: class com.aspectran.aspectow.appmon.engine.relay.websocket.WebsocketMessageRelayer - c.a.w.w.j.ServerEndpointExporter.registerEndpoint(122)
INFO  2026-08-06 02:48:47.965 [root:console] UT026003: Adding annotated server endpoint class com.aspectran.aspectow.appmon.engine.relay.websocket.WebsocketMessageRelayer for path /nodes/{nodeId}/appmon/websocket/{token} - io.undertow.websockets.jsr.addEndpointInternal(647)
DEBUG 2026-08-06 02:48:47.969 [root:console] Registering @ServerEndpoint: class com.aspectran.aspectow.console.cluster.bridge.websocket.WebsocketNodeBridge - c.a.w.w.j.ServerEndpointExporter.registerEndpoint(122)
INFO  2026-08-06 02:48:47.970 [root:console] UT026003: Adding annotated server endpoint class com.aspectran.aspectow.console.cluster.bridge.websocket.WebsocketNodeBridge for path /nodes/{nodeId}/websocket/{token} - io.undertow.websockets.jsr.addEndpointInternal(647)
DEBUG 2026-08-06 02:48:47.970 [root:console] Registering @ServerEndpoint: class com.aspectran.aspectow.console.commands.bridge.websocket.WebsocketCommandBridge - c.a.w.w.j.ServerEndpointExporter.registerEndpoint(122)
INFO  2026-08-06 02:48:47.970 [root:console] UT026003: Adding annotated server endpoint class com.aspectran.aspectow.console.commands.bridge.websocket.WebsocketCommandBridge for path /nodes/{nodeId}/commands/websocket/{token} - io.undertow.websockets.jsr.addEndpointInternal(647)
DEBUG 2026-08-06 02:48:47.971 [root:console] Registering @ServerEndpoint: class com.aspectran.aspectow.console.scheduler.bridge.websocket.WebsocketSchedulerBridge - c.a.w.w.j.ServerEndpointExporter.registerEndpoint(122)
INFO  2026-08-06 02:48:47.971 [root:console] UT026003: Adding annotated server endpoint class com.aspectran.aspectow.console.scheduler.bridge.websocket.WebsocketSchedulerBridge for path /nodes/{nodeId}/scheduler/websocket/{token} - io.undertow.websockets.jsr.addEndpointInternal(647)
DEBUG 2026-08-06 02:48:47.972 [root] Initializing DefaultSessionManager@5ae66c98 {workerName=shell, maxActiveSessions=1, maxIdleSeconds=1800, scavengingIntervalSeconds=600, fileStore={storeDir=/work/_sessions/shell, nonPersistentAttributes=[]}, enabled=true} - c.a.c.c.s.DefaultSessionManager.doInitialize(175)
DEBUG 2026-08-06 02:48:47.972 [root] DefaultSessionManager@5ae66c98(shell) default maxIdleSecs=1800 - c.a.c.c.s.AbstractSessionManager.setDefaultMaxIdleSecs(176)
DEBUG 2026-08-06 02:48:47.973 [root] Initialized FileSessionStore@391d28ea - c.a.c.c.AbstractComponent.initialize(80)
DEBUG 2026-08-06 02:48:47.973 [root] Initialized DefaultSessionCache@1aaf46e6(shell) - c.a.c.c.AbstractComponent.initialize(80)
DEBUG 2026-08-06 02:48:47.973 [root] com.aspectran.core.component.session.HouseKeeper@2acca224(shell) is STARTING - c.a.u.l.AbstractLifeCycle.setStarting(183)
DEBUG 2026-08-06 02:48:47.974 [root] com.aspectran.core.component.session.HouseKeeper@2acca224(shell) is STARTED - c.a.u.l.AbstractLifeCycle.setStarted(193)
DEBUG 2026-08-06 02:48:47.974 [root] Initialized DefaultSessionManager@5ae66c98(shell) - c.a.c.c.AbstractComponent.initialize(80)
DEBUG 2026-08-06 02:48:47.975 [root] Advice {type=before, action={echo={attributes=[data]}}} - c.a.c.activity.AdviceActivity.executeAdvice(351)
DEBUG 2026-08-06 02:48:47.978 [root] Destroy request scoped beans from RequestScope@4f581211 - c.a.c.c.b.scope.AbstractScope.destroy(112)
INFO  2026-08-06 02:48:49.963 [Thread-0] Scheduler AppmonScheduler_$_NON_CLUSTERED started. - o.quartz.core.QuartzScheduler.start(541)
DEBUG 2026-08-06 02:50:01.778 [shutdown] Running all shutdown-hook tasks: 1 - c.aspectran.utils.ShutdownHook.runTasks(147)
DEBUG 2026-08-06 02:50:01.779 [shutdown] Running task [1/1]: Stop DefaultShellService@27f981c6(root) - c.aspectran.utils.ShutdownHook.runTasks(156)
DEBUG 2026-08-06 02:50:01.779 [root] com.aspectran.core.component.session.HouseKeeper@2acca224(shell) is STOPPING - c.a.u.l.AbstractLifeCycle.setStopping(203)
DEBUG 2026-08-06 02:50:01.779 [root] com.aspectran.core.component.session.HouseKeeper@2acca224 {scavengingInterval=600000} used by DefaultSessionManager@5ae66c98(shell) is STOPPED - c.a.u.l.AbstractLifeCycle.setStopped(213)
DEBUG 2026-08-06 02:50:01.780 [root] Destroyed FileSessionStore@391d28ea - c.a.c.c.AbstractComponent.destroy(99)
DEBUG 2026-08-06 02:50:01.781 [root] Destroyed DefaultSessionCache@1aaf46e6(shell) - c.a.c.c.AbstractComponent.destroy(99)
DEBUG 2026-08-06 02:50:01.781 [root] Destroyed DefaultSessionManager@5ae66c98(shell) - c.a.c.c.AbstractComponent.destroy(99)
INFO  2026-08-06 02:50:01.782 [root] Stopping DefaultWebService@7ed9ae94(root) - c.a.c.s.AbstractServiceLifeCycle.stop(164)
INFO  2026-08-06 02:50:01.783 [root] Stopped DefaultWebService@7ed9ae94(root) - c.a.c.s.AbstractServiceLifeCycle.stop(168)
INFO  2026-08-06 02:50:01.784 [root:console] Stopping DefaultSchedulerService@6d617b07 - c.a.c.s.AbstractServiceLifeCycle.stop(164)
INFO  2026-08-06 02:50:01.784 [root:console] Shutting down the scheduler 'AppmonScheduler' with waitForJobsToComplete=true - c.a.c.s.s.AbstractSchedulerService.doStop(218)
INFO  2026-08-06 02:50:01.785 [root:console] Scheduler AppmonScheduler_$_NON_CLUSTERED shutting down. - o.quartz.core.QuartzScheduler.shutdown(656)
INFO  2026-08-06 02:50:01.785 [root:console] Scheduler AppmonScheduler_$_NON_CLUSTERED paused. - o.quartz.core.QuartzScheduler.standby(576)
INFO  2026-08-06 02:50:02.088 [root:console] Scheduler AppmonScheduler_$_NON_CLUSTERED shutdown complete. - o.quartz.core.QuartzScheduler.shutdown(728)
INFO  2026-08-06 02:50:02.089 [root:console] Stopped DefaultSchedulerService@6d617b07 - c.a.c.s.AbstractServiceLifeCycle.stop(168)
INFO  2026-08-06 02:50:02.090 [root:console] Stopping DefaultWebService@591fd34d(console) - c.a.c.s.AbstractServiceLifeCycle.stop(164)
DEBUG 2026-08-06 02:50:02.090 [root:console] Destroying all cached resources... - c.a.c.s.DefaultCoreService.destroyActivityContext(176)
DEBUG 2026-08-06 02:50:02.091 [root:console] Destroying singletons in com.aspectran.core.component.bean.DefaultBeanRegistry@74ad8d05 - c.a.c.c.b.AbstractBeanRegistry.destroySingletons(464)
DEBUG 2026-08-06 02:50:02.092 [root:console] Destroy singleton scoped beans from SingletonScope@7691017 - c.a.c.c.b.scope.AbstractScope.destroy(112)
DEBUG 2026-08-06 02:50:02.094 [root:console] Destroyed PollingSessionManager@dd20ebc - c.a.c.c.AbstractComponent.destroy(99)
DEBUG 2026-08-06 02:50:02.095 [root:console] com.aspectran.aspectow.appmon.engine.exporter.event.EventExporter@639fa1e4 is STOPPING - c.a.u.l.AbstractLifeCycle.setStopping(203)
DEBUG 2026-08-06 02:50:02.096 [root:console] com.aspectran.aspectow.appmon.engine.exporter.event.EventExporter@639fa1e4 {id=activity, target=root, parameters={+=/**}} is STOPPED - c.a.u.l.AbstractLifeCycle.setStopped(213)
DEBUG 2026-08-06 02:50:02.097 [root:console] com.aspectran.aspectow.appmon.engine.exporter.event.EventExporter@6a7d9c06 is STOPPING - c.a.u.l.AbstractLifeCycle.setStopping(203)
DEBUG 2026-08-06 02:50:02.097 [root:console] Remove session listener com.aspectran.aspectow.appmon.engine.exporter.event.session.SessionEventReadingListener@1bd69164 from DefaultSessionManager@24f360b2(rn0) - c.a.c.c.s.AbstractSessionManager.removeSessionListener(508)
DEBUG 2026-08-06 02:50:02.098 [root:console] com.aspectran.aspectow.appmon.engine.exporter.event.EventExporter@6a7d9c06 {id=session, target=tow.server/root} is STOPPED - c.a.u.l.AbstractLifeCycle.setStopped(213)
DEBUG 2026-08-06 02:50:02.099 [root:console] com.aspectran.aspectow.appmon.engine.exporter.event.ChartDataExporter@183bd753 is STOPPING - c.a.u.l.AbstractLifeCycle.setStopping(203)
DEBUG 2026-08-06 02:50:02.099 [root:console] com.aspectran.aspectow.appmon.engine.exporter.event.ChartDataExporter@183bd753 {id=activity, target=root, parameters={+=/**}} is STOPPED - c.a.u.l.AbstractLifeCycle.setStopped(213)
DEBUG 2026-08-06 02:50:02.100 [root:console] com.aspectran.aspectow.appmon.engine.exporter.event.ChartDataExporter@37492881 is STOPPING - c.a.u.l.AbstractLifeCycle.setStopping(203)
DEBUG 2026-08-06 02:50:02.100 [root:console] com.aspectran.aspectow.appmon.engine.exporter.event.ChartDataExporter@37492881 {id=session, target=tow.server/root} is STOPPED - c.a.u.l.AbstractLifeCycle.setStopped(213)
DEBUG 2026-08-06 02:50:02.101 [root:console] com.aspectran.aspectow.appmon.engine.exporter.metric.MetricExporter@2e31580e is STOPPING - c.a.u.l.AbstractLifeCycle.setStopping(203)
DEBUG 2026-08-06 02:50:02.101 [root:console] com.aspectran.aspectow.appmon.engine.exporter.metric.MetricExporter@2e31580e {id=heap, title=Heap, description=Shows JVM Heap memory usage status, reader=com.aspectran.aspectow.appmon.engine.exporter.metric.jvm.HeapMemoryUsageReader, sampleInterval=500, heading=true} is STOPPED - c.a.u.l.AbstractLifeCycle.setStopped(213)
DEBUG 2026-08-06 02:50:02.102 [root:console] com.aspectran.aspectow.appmon.engine.exporter.metric.MetricExporter@76b1ee24 is STOPPING - c.a.u.l.AbstractLifeCycle.setStopping(203)
DEBUG 2026-08-06 02:50:02.102 [root:console] com.aspectran.aspectow.appmon.engine.exporter.metric.MetricExporter@76b1ee24 {id=undertow-tp, title=Undertow TP, description=Metrics of Undertow thread pool resources, reader=com.aspectran.aspectow.appmon.engine.exporter.metric.undertow.NioWorkerMetricsReader, target=tow.server, sampleInterval=30, exportInterval=900, heading=true} is STOPPED - c.a.u.l.AbstractLifeCycle.setStopped(213)
DEBUG 2026-08-06 02:50:02.103 [root:console] com.aspectran.aspectow.appmon.engine.exporter.log.LogExporter@6c4638ae is STOPPING - c.a.u.l.AbstractLifeCycle.setStopping(203)
DEBUG 2026-08-06 02:50:02.104 [root:console] com.aspectran.aspectow.appmon.engine.exporter.log.LogExporter@6c4638ae {id=app, title=Root App, file=/logs/root.log, sampleInterval=300, lastLines=300} is STOPPED - c.a.u.l.AbstractLifeCycle.setStopped(213)
DEBUG 2026-08-06 02:50:02.105 [root:console] com.aspectran.aspectow.appmon.engine.exporter.log.LogExporter@1c0ba3ed is STOPPING - c.a.u.l.AbstractLifeCycle.setStopping(203)
DEBUG 2026-08-06 02:50:02.106 [root:console] com.aspectran.aspectow.appmon.engine.exporter.log.LogExporter@1c0ba3ed {id=access, title=Root Access, file=/logs/root-access.log, sampleInterval=300, lastLines=100} is STOPPED - c.a.u.l.AbstractLifeCycle.setStopped(213)
DEBUG 2026-08-06 02:50:02.107 [root:console] com.aspectran.aspectow.appmon.engine.exporter.event.EventExporter@ae6dc7c is STOPPING - c.a.u.l.AbstractLifeCycle.setStopping(203)
DEBUG 2026-08-06 02:50:02.109 [root:console] com.aspectran.aspectow.appmon.engine.exporter.event.EventExporter@ae6dc7c {id=activity, target=console, parameters={+=/**, -=/nodes/**/polling/**}} is STOPPED - c.a.u.l.AbstractLifeCycle.setStopped(213)
DEBUG 2026-08-06 02:50:02.110 [root:console] com.aspectran.aspectow.appmon.engine.exporter.event.EventExporter@608543e6 is STOPPING - c.a.u.l.AbstractLifeCycle.setStopping(203)
DEBUG 2026-08-06 02:50:02.111 [root:console] Remove session listener com.aspectran.aspectow.appmon.engine.exporter.event.session.SessionEventReadingListener@65f32e4d from DefaultSessionManager@1edb61b1(cn0) - c.a.c.c.s.AbstractSessionManager.removeSessionListener(508)
DEBUG 2026-08-06 02:50:02.111 [root:console] com.aspectran.aspectow.appmon.engine.exporter.event.EventExporter@608543e6 {id=session, target=tow.server/console} is STOPPED - c.a.u.l.AbstractLifeCycle.setStopped(213)
DEBUG 2026-08-06 02:50:02.112 [root:console] com.aspectran.aspectow.appmon.engine.exporter.event.ChartDataExporter@68a66e20 is STOPPING - c.a.u.l.AbstractLifeCycle.setStopping(203)
DEBUG 2026-08-06 02:50:02.112 [root:console] com.aspectran.aspectow.appmon.engine.exporter.event.ChartDataExporter@68a66e20 {id=activity, target=console, parameters={+=/**, -=/nodes/**/polling/**}} is STOPPED - c.a.u.l.AbstractLifeCycle.setStopped(213)
DEBUG 2026-08-06 02:50:02.113 [root:console] com.aspectran.aspectow.appmon.engine.exporter.event.ChartDataExporter@14dba43f is STOPPING - c.a.u.l.AbstractLifeCycle.setStopping(203)
DEBUG 2026-08-06 02:50:02.113 [root:console] com.aspectran.aspectow.appmon.engine.exporter.event.ChartDataExporter@14dba43f {id=session, target=tow.server/console} is STOPPED - c.a.u.l.AbstractLifeCycle.setStopped(213)
DEBUG 2026-08-06 02:50:02.114 [root:console] com.aspectran.aspectow.appmon.engine.exporter.metric.MetricExporter@3acf825e is STOPPING - c.a.u.l.AbstractLifeCycle.setStopping(203)
DEBUG 2026-08-06 02:50:02.114 [root:console] com.aspectran.aspectow.appmon.engine.exporter.metric.MetricExporter@3acf825e {id=heap, title=Heap, description=Shows JVM Heap memory usage status, reader=com.aspectran.aspectow.appmon.engine.exporter.metric.jvm.HeapMemoryUsageReader, sampleInterval=500, heading=true} is STOPPED - c.a.u.l.AbstractLifeCycle.setStopped(213)
DEBUG 2026-08-06 02:50:02.114 [root:console] com.aspectran.aspectow.appmon.engine.exporter.metric.MetricExporter@600cad97 is STOPPING - c.a.u.l.AbstractLifeCycle.setStopping(203)
DEBUG 2026-08-06 02:50:02.115 [root:console] com.aspectran.aspectow.appmon.engine.exporter.metric.MetricExporter@600cad97 {id=undertow-tp, title=Undertow TP, description=Metrics of Undertow thread pool resources, reader=com.aspectran.aspectow.appmon.engine.exporter.metric.undertow.NioWorkerMetricsReader, target=tow.server, sampleInterval=500, heading=true} is STOPPED - c.a.u.l.AbstractLifeCycle.setStopped(213)
DEBUG 2026-08-06 02:50:02.115 [root:console] com.aspectran.aspectow.appmon.engine.exporter.log.LogExporter@4ce07fc1 is STOPPING - c.a.u.l.AbstractLifeCycle.setStopping(203)
DEBUG 2026-08-06 02:50:02.116 [root:console] com.aspectran.aspectow.appmon.engine.exporter.log.LogExporter@4ce07fc1 {id=app, file=console.log, sampleInterval=300, lastLines=100} is STOPPED - c.a.u.l.AbstractLifeCycle.setStopped(213)
DEBUG 2026-08-06 02:50:02.116 [root:console] com.aspectran.aspectow.appmon.engine.exporter.log.LogExporter@1db553ec is STOPPING - c.a.u.l.AbstractLifeCycle.setStopping(203)
DEBUG 2026-08-06 02:50:02.116 [root:console] com.aspectran.aspectow.appmon.engine.exporter.log.LogExporter@1db553ec {id=access, file=console-access.log, sampleInterval=300, lastLines=100} is STOPPED - c.a.u.l.AbstractLifeCycle.setStopped(213)
INFO  2026-08-06 02:50:02.117 [root:console] Stopping NodeReporter for node: localhost-console1 - c.a.a.n.manager.NodeReporter.stop(95)
DEBUG 2026-08-06 02:50:02.119 [root:console] Registering node 'localhost-console1' in Redis hash 'aspectow:cluster:nodes:cluster1': {id=localhost-console1, group=console, host=juhoN21, port=8082, status=stopping, endpoint={path=/nodes}, token=ECoJ-6iwzCPqf_4gWmjSgUdt6t-Ib7C1iHx-1OXV90mJDPQD4iVKh7VeVA7tV48DNVYM5aoEwp8RskIeXBTumPBiqs1EFLCb, hasNodeManager=true, hasSchedulerManager=true, hasCommandManager=true} - c.a.a.n.manager.NodeReporter.registerNode(141)
DEBUG 2026-08-06 02:50:02.136 [root:console] Unregistering node 'localhost-console1' from cluster 'cluster1' - c.a.a.n.manager.NodeReporter.unregisterNode(212)
INFO  2026-08-06 02:50:02.165 [root:console] Cleaning up orphaned group metadata: console (Cluster: cluster1) - c.a.a.n.manager.NodeRegistry.cleanupOrphanedGroups(324)
INFO  2026-08-06 02:50:02.190 [root:console] Closing Redis connection pool for node: localhost-console1 - c.a.a.node.manager.NodeManager.destroy(343)
INFO  2026-08-06 02:50:02.204 [root:console] NodeManager destroyed successfully for node: localhost-console1 - c.a.a.node.manager.NodeManager.destroy(350)
DEBUG 2026-08-06 02:50:02.204 [root:console] Destroyed DefaultBeanRegistry@74ad8d05 - c.a.c.c.AbstractComponent.destroy(99)
DEBUG 2026-08-06 02:50:02.204 [root:console] Destroyed TemplateRuleRegistry@76134b9b - c.a.c.c.AbstractComponent.destroy(99)
DEBUG 2026-08-06 02:50:02.205 [root:console] Destroyed DefaultTemplateRenderer@38667005 - c.a.c.c.AbstractComponent.destroy(99)
DEBUG 2026-08-06 02:50:02.205 [root:console] Destroyed TransletRuleRegistry@35ab4260 - c.a.c.c.AbstractComponent.destroy(99)
DEBUG 2026-08-06 02:50:02.205 [root:console] Destroyed ScheduleRuleRegistry@7d977a20 - c.a.c.c.AbstractComponent.destroy(99)
DEBUG 2026-08-06 02:50:02.206 [root:console] Destroyed AspectRuleRegistry@22cd8ec2 - c.a.c.c.AbstractComponent.destroy(99)
DEBUG 2026-08-06 02:50:02.206 [root:console] Destroyed TypeConverterRegistry@3d43fe - c.a.c.c.AbstractComponent.destroy(99)
DEBUG 2026-08-06 02:50:02.206 [root:console] Destroyed DefaultActivityContext@7ee64b53 - c.a.c.c.AbstractComponent.destroy(99)
INFO  2026-08-06 02:50:02.206 [root:console] Stopped DefaultWebService@591fd34d - c.a.c.s.AbstractServiceLifeCycle.stop(168)
INFO  2026-08-06 02:50:02.207 [root] Stopping DefaultShellService@27f981c6(root) - c.a.c.s.AbstractServiceLifeCycle.stop(164)
DEBUG 2026-08-06 02:50:02.207 [root] Destroying all cached resources... - c.a.c.s.DefaultCoreService.destroyActivityContext(176)
DEBUG 2026-08-06 02:50:02.207 [root] Destroying singletons in com.aspectran.core.component.bean.DefaultBeanRegistry@7164ca4c - c.a.c.c.b.AbstractBeanRegistry.destroySingletons(464)
DEBUG 2026-08-06 02:50:02.207 [root] Destroy singleton scoped beans from SingletonScope@34564aa7 - c.a.c.c.b.scope.AbstractScope.destroy(112)
DEBUG 2026-08-06 02:50:02.208 [root] com.aspectran.undertow.server.DefaultTowServer@3da30852 is STOPPING - c.a.u.l.AbstractLifeCycle.setStopping(203)
DEBUG 2026-08-06 02:50:07.231 [main] Acquiring lock on /home/aspectran/projects/public/aspectow-demo-console/app/.lock - c.aspectran.utils.FileLocker.lock(93)
DEBUG 2026-08-06 02:50:07.300 [main] Successfully wrote PID 15069 to /home/aspectran/projects/public/aspectow-demo-console/app/.lock - c.aspectran.utils.FileLocker.lock(121)
DEBUG 2026-08-06 02:50:07.302 [main] Registering shutdown-hook: Thread[#28,shutdown,5,main] - c.aspectran.utils.ShutdownHook.registerHook(112)
DEBUG 2026-08-06 02:50:07.303 [main] Adding shutdown-hook task: Stop DefaultShellService@27f981c6 - c.aspectran.utils.ShutdownHook.addTask(76)
INFO  2026-08-06 02:50:07.305 [root] Starting DefaultShellService@27f981c6 - c.a.c.s.AbstractServiceLifeCycle.start(117)
INFO  2026-08-06 02:50:07.305 [root] Building ActivityContext with context rules [/config/app-description.xml, /config/aspectran-rules.xml, /config/server/server.xml] - c.a.c.c.b.HybridActivityContextBuilder.doBuild(120)
DEBUG 2026-08-06 02:50:07.306 [root] Running in an IDE environment, so the resource locations [/home/aspectran/projects/public/aspectow-demo-console/app/lib/ext] will be ignored to avoid class loading conflicts - c.a.c.c.b.AbstractActivityContextBuilder.createSiblingClassLoader(387)
DEBUG 2026-08-06 02:50:07.308 [root] Sweeping /home/aspectran/projects/public/aspectow-demo-console/app/work/* for old resource files - c.a.c.c.r.LocalResourceManager.sweepWorkResourceFiles(236)
INFO  2026-08-06 02:50:07.313 [root] Default profiles [dev] - c.a.c.c.e.EnvironmentProfiles.setDefaultProfiles(154)
INFO  2026-08-06 02:50:07.314 [root] Activating profiles [dev] - c.a.c.c.e.EnvironmentProfiles.setActiveProfiles(205)
DEBUG 2026-08-06 02:50:07.397 [root] Appending rules {file=/config/server/undertow/tow-server.xml, format=xml} - c.a.c.c.r.a.HybridRuleAppendHandler.handle(109)
DEBUG 2026-08-06 02:50:07.417 [root] Appending rules {file=/config/server/undertow/tow-context-root.xml, format=xml} - c.a.c.c.r.a.HybridRuleAppendHandler.handle(109)
DEBUG 2026-08-06 02:50:07.433 [root] Appending rules {file=/config/server/undertow/tow-context-console.xml, format=xml} - c.a.c.c.r.a.HybridRuleAppendHandler.handle(109)
DEBUG 2026-08-06 02:50:07.439 [root] Appending rules {resource=com/aspectran/aspectow/console/config/rules/context/tow-context-console.xml} - c.a.c.c.r.a.HybridRuleAppendHandler.handle(109)
DEBUG 2026-08-06 02:50:07.449 [root] Appending rules {file=/config/server/undertow/tow-support.xml, format=xml} - c.a.c.c.r.a.HybridRuleAppendHandler.handle(109)
DEBUG 2026-08-06 02:50:07.463 [root] Parsing for ID-based bean rules: 14 - c.a.c.c.b.AnnotatedConfigParser.parse(176)
DEBUG 2026-08-06 02:50:07.502 [root] Parsing for type-based bean rules: 22 - c.a.c.c.b.AnnotatedConfigParser.parse(192)
INFO  2026-08-06 02:50:07.515 [root] ActivityContext build completed in 209 ms - c.a.c.c.b.HybridActivityContextBuilder.doBuild(203)
DEBUG 2026-08-06 02:50:07.520 [root] Initialized TypeConverterRegistry@479460a6 - c.a.c.c.AbstractComponent.initialize(80)
DEBUG 2026-08-06 02:50:07.520 [root] Initializing singletons in com.aspectran.core.component.bean.DefaultBeanRegistry@7164ca4c - c.a.c.c.b.AbstractBeanRegistry.instantiateSingletons(427)
DEBUG 2026-08-06 02:50:07.553 [root] com.aspectran.undertow.server.DefaultTowServer@3da30852 is STARTING - c.a.u.l.AbstractLifeCycle.setStarting(183)
INFO  2026-08-06 02:50:07.634 [root] XNIO version 3.8.16.Final - org.xnio.<clinit>(95)
INFO  2026-08-06 02:50:07.642 [root] XNIO NIO Implementation Version 3.8.16.Final - org.xnio.nio.<clinit>(58)
DEBUG 2026-08-06 02:50:07.771 [root] Initializing DefaultSessionManager@24f360b2 {workerName=rn0, maxActiveSessions=9999, maxIdleSeconds=489, evictionIdleSeconds=258, maxIdleSecondsForNew=60, evictionIdleSecondsForNew=30, scavengingIntervalSeconds=90, clusterEnabled=false} - c.a.c.c.s.DefaultSessionManager.doInitialize(175)
DEBUG 2026-08-06 02:50:07.772 [root] DefaultSessionManager@24f360b2(rn0) default maxIdleSecs=489 - c.a.c.c.s.AbstractSessionManager.setDefaultMaxIdleSecs(176)
DEBUG 2026-08-06 02:50:07.777 [root] Initialized FileSessionStore@3bd7f8dc - c.a.c.c.AbstractComponent.initialize(80)
DEBUG 2026-08-06 02:50:07.777 [root] Initialized DefaultSessionCache@6cea706c(rn0) - c.a.c.c.AbstractComponent.initialize(80)
DEBUG 2026-08-06 02:50:07.779 [root] com.aspectran.core.component.session.HouseKeeper@19b30c92(rn0) is STARTING - c.a.u.l.AbstractLifeCycle.setStarting(183)
DEBUG 2026-08-06 02:50:07.783 [root] com.aspectran.core.component.session.HouseKeeper@19b30c92(rn0) is STARTED - c.a.u.l.AbstractLifeCycle.setStarted(193)
DEBUG 2026-08-06 02:50:07.783 [root] Initialized DefaultSessionManager@24f360b2(rn0) - c.a.c.c.AbstractComponent.initialize(80)
DEBUG 2026-08-06 02:50:07.788 [root] Register session listener com.aspectran.undertow.server.session.TowSessionListener@61edc883 in DefaultSessionManager@24f360b2(rn0) - c.a.c.c.s.AbstractSessionManager.addSessionListener(500)
DEBUG 2026-08-06 02:50:07.789 [root] Register session listener com.aspectran.undertow.server.session.TowSessionListener@182f1e9a in DefaultSessionManager@24f360b2(rn0) - c.a.c.c.s.AbstractSessionManager.addSessionListener(500)
DEBUG 2026-08-06 02:50:07.829 [root] Initializing DefaultSessionManager@1edb61b1 {workerName=cn0, maxActiveSessions=999, maxIdleSeconds=600, evictionIdleSeconds=300, scavengingIntervalSeconds=180, clusterEnabled=false} - c.a.c.c.s.DefaultSessionManager.doInitialize(175)
DEBUG 2026-08-06 02:50:07.830 [root] DefaultSessionManager@1edb61b1(cn0) default maxIdleSecs=600 - c.a.c.c.s.AbstractSessionManager.setDefaultMaxIdleSecs(176)
DEBUG 2026-08-06 02:50:07.831 [root] Initialized FileSessionStore@cc62a3b - c.a.c.c.AbstractComponent.initialize(80)
DEBUG 2026-08-06 02:50:07.832 [root] Restored 1 sessions from FileSessionStore@cc62a3b - c.a.c.c.s.DefaultSessionCache.doInitialize(130)
DEBUG 2026-08-06 02:50:07.833 [root] Initialized DefaultSessionCache@ec2bf82(cn0) - c.a.c.c.AbstractComponent.initialize(80)
DEBUG 2026-08-06 02:50:07.833 [root] com.aspectran.core.component.session.HouseKeeper@32f61a31(cn0) is STARTING - c.a.u.l.AbstractLifeCycle.setStarting(183)
DEBUG 2026-08-06 02:50:07.834 [root] com.aspectran.core.component.session.HouseKeeper@32f61a31(cn0) is STARTED - c.a.u.l.AbstractLifeCycle.setStarted(193)
DEBUG 2026-08-06 02:50:07.835 [root] Initialized DefaultSessionManager@1edb61b1(cn0) - c.a.c.c.AbstractComponent.initialize(80)
DEBUG 2026-08-06 02:50:07.836 [root] Register session listener com.aspectran.undertow.server.session.TowSessionListener@5305c37d in DefaultSessionManager@1edb61b1(cn0) - c.a.c.c.s.AbstractSessionManager.addSessionListener(500)
DEBUG 2026-08-06 02:50:07.836 [root] Register session listener com.aspectran.undertow.server.session.TowSessionListener@3dddbe65 in DefaultSessionManager@1edb61b1(cn0) - c.a.c.c.s.AbstractSessionManager.addSessionListener(500)
INFO  2026-08-06 02:50:07.850 [root] WebActivityServlet 'webActivityServlet' has been initialized. - c.a.w.s.WebActivityServlet.init(101)
INFO  2026-08-06 02:50:07.856 [root] TowResourceHandler includePatterns=[/console/assets/js/**, /console/assets/css/**, /console/assets/appmon/css/**, /console/assets/appmon/js/**] - c.a.u.s.h.r.TowResourceHandler.autoDetect(142)
INFO  2026-08-06 02:50:07.872 [root] WebActivityServlet 'webActivityServlet' has been initialized. - c.a.w.s.WebActivityServlet.init(101)
INFO  2026-08-06 02:50:07.874 [root] TowResourceHandler includePatterns=[/favicon.ico, /WEB-INF/**] - c.a.u.s.h.r.TowResourceHandler.autoDetect(142)
INFO  2026-08-06 02:50:07.910 [root] starting server: Undertow - 2.3.26.Final - io.undertow.start(120)
INFO  2026-08-06 02:50:07.957 [root] Undertow 2.3.26.Final started - c.a.u.server.DefaultTowServer.doStart(54)
DEBUG 2026-08-06 02:50:07.957 [root] com.aspectran.undertow.server.DefaultTowServer@3da30852 is STARTED - c.a.u.l.AbstractLifeCycle.setStarted(193)
DEBUG 2026-08-06 02:50:07.958 [root] Initialized DefaultBeanRegistry@7164ca4c - c.a.c.c.AbstractComponent.initialize(80)
DEBUG 2026-08-06 02:50:07.958 [root] Initialized AspectRuleRegistry@5ec77191 - c.a.c.c.AbstractComponent.initialize(80)
DEBUG 2026-08-06 02:50:07.959 [root] Initialized ScheduleRuleRegistry@4642b71d - c.a.c.c.AbstractComponent.initialize(80)
DEBUG 2026-08-06 02:50:07.959 [root] Initialized TransletRuleRegistry@1450078a - c.a.c.c.AbstractComponent.initialize(80)
DEBUG 2026-08-06 02:50:07.960 [root] Initialized TemplateRuleRegistry@c68a5f8 - c.a.c.c.AbstractComponent.initialize(80)
DEBUG 2026-08-06 02:50:07.960 [root] Initialized DefaultTemplateRenderer@69c6161d - c.a.c.c.AbstractComponent.initialize(80)
DEBUG 2026-08-06 02:50:07.961 [root] Unable to locate MessageSource with name 'messageSource': using default [com.aspectran.core.support.i18n.message.DelegatingMessageSource@6bff19ff] - c.a.c.c.DefaultActivityContext.resolveMessageSource(347)
DEBUG 2026-08-06 02:50:07.962 [root] Initialized DefaultActivityContext@5eccd3b9 - c.a.c.c.AbstractComponent.initialize(80)
INFO  2026-08-06 02:50:07.964 [root] Started DefaultShellService@27f981c6(root) - c.a.c.s.AbstractServiceLifeCycle.start(121)
INFO  2026-08-06 02:50:07.964 [root] Starting DefaultWebService@7ed9ae94(root) - c.a.c.s.AbstractServiceLifeCycle.start(117)
INFO  2026-08-06 02:50:07.965 [root] Started DefaultWebService@7ed9ae94(root) - c.a.c.s.AbstractServiceLifeCycle.start(121)
INFO  2026-08-06 02:50:07.967 [root:console] Starting DefaultWebService@591fd34d - c.a.c.s.AbstractServiceLifeCycle.start(117)
INFO  2026-08-06 02:50:07.967 [root:console] Building ActivityContext with context rules [classpath:com/aspectran/aspectow/console/config/rules/root.xml, /config/console/console-rules.xml] - c.a.c.c.b.HybridActivityContextBuilder.doBuild(120)
INFO  2026-08-06 02:50:07.968 [root:console] Base profiles [mariadb, demo, console.ui] - c.a.c.c.e.EnvironmentProfiles.setBaseProfiles(100)
INFO  2026-08-06 02:50:07.968 [root:console] Ignored base profiles [h2] - c.a.c.c.b.AbstractActivityContextBuilder.createEnvironmentProfiles(424)
INFO  2026-08-06 02:50:07.969 [root:console] Default profiles [dev] - c.a.c.c.e.EnvironmentProfiles.setDefaultProfiles(154)
INFO  2026-08-06 02:50:07.969 [root:console] Activating profiles [dev] - c.a.c.c.e.EnvironmentProfiles.setActiveProfiles(205)
INFO  2026-08-06 02:50:07.969 [root:console] Auto Components Scanning {basePackages=[com.aspectran.aspectow.appmon.engine, com.aspectran.aspectow.console.appmon, com.aspectran.aspectow.console.auth, com.aspectran.aspectow.console.cluster, com.aspectran.aspectow.console.commands, com.aspectran.aspectow.console.common, com.aspectran.aspectow.console.framework, com.aspectran.aspectow.console.home, com.aspectran.aspectow.console.scheduler, com.aspectran.aspectow.console.user, com.aspectran.aspectow.console.vault]} - c.a.c.c.bean.BeanRuleRegistry.scanConfigurableBeans(312)
DEBUG 2026-08-06 02:50:07.972 [root:console] Scanning components from /home/aspectran/projects/public/aspectow/appmon/target/classes/com/aspectran/aspectow/appmon/engine/ - c.aspectran.utils.ClassScanner.scan(128)
DEBUG 2026-08-06 02:50:08.021 [root:console] Scanning components from /home/aspectran/projects/public/aspectow/console/target/classes/com/aspectran/aspectow/console/appmon/ - c.aspectran.utils.ClassScanner.scan(128)
DEBUG 2026-08-06 02:50:08.022 [root:console] Scanning components from /home/aspectran/projects/public/aspectow/console/target/classes/com/aspectran/aspectow/console/auth/ - c.aspectran.utils.ClassScanner.scan(128)
DEBUG 2026-08-06 02:50:08.025 [root:console] Scanning components from /home/aspectran/projects/public/aspectow/console/target/classes/com/aspectran/aspectow/console/cluster/ - c.aspectran.utils.ClassScanner.scan(128)
DEBUG 2026-08-06 02:50:08.028 [root:console] Scanning components from /home/aspectran/projects/public/aspectow/console/target/classes/com/aspectran/aspectow/console/commands/ - c.aspectran.utils.ClassScanner.scan(128)
DEBUG 2026-08-06 02:50:08.033 [root:console] Scanning components from /home/aspectran/projects/public/aspectow/console/target/classes/com/aspectran/aspectow/console/common/ - c.aspectran.utils.ClassScanner.scan(128)
DEBUG 2026-08-06 02:50:08.041 [root:console] Scanning components from /home/aspectran/projects/public/aspectow/console/target/classes/com/aspectran/aspectow/console/framework/ - c.aspectran.utils.ClassScanner.scan(128)
DEBUG 2026-08-06 02:50:08.045 [root:console] Scanning components from /home/aspectran/projects/public/aspectow/console/target/classes/com/aspectran/aspectow/console/home/ - c.aspectran.utils.ClassScanner.scan(128)
DEBUG 2026-08-06 02:50:08.046 [root:console] Scanning components from /home/aspectran/projects/public/aspectow/console/target/classes/com/aspectran/aspectow/console/scheduler/ - c.aspectran.utils.ClassScanner.scan(128)
DEBUG 2026-08-06 02:50:08.051 [root:console] Scanning components from /home/aspectran/projects/public/aspectow/console/target/classes/com/aspectran/aspectow/console/user/ - c.aspectran.utils.ClassScanner.scan(128)
DEBUG 2026-08-06 02:50:08.053 [root:console] Scanning components from /home/aspectran/projects/public/aspectow/console/target/classes/com/aspectran/aspectow/console/vault/ - c.aspectran.utils.ClassScanner.scan(128)
DEBUG 2026-08-06 02:50:08.059 [root:console] Appending rules {resource=com/aspectran/aspectow/appmon/config/rules/scheduler.xml} - c.a.c.c.r.a.HybridRuleAppendHandler.handle(109)
DEBUG 2026-08-06 02:50:08.066 [root:console] Appending rules {resource=com/aspectran/aspectow/console/config/rules/db.xml} - c.a.c.c.r.a.HybridRuleAppendHandler.handle(109)
DEBUG 2026-08-06 02:50:08.074 [root:console] Appending rules {resource=com/aspectran/aspectow/console/config/rules/web.xml, profile=[console.ui, console.custom-ui]} - c.a.c.c.r.a.HybridRuleAppendHandler.handle(109)
DEBUG 2026-08-06 02:50:08.093 [root:console] Appending rules {resource=com/aspectran/aspectow/console/framework/asel-test-rules.xml, profile=[console.ui, console.custom-ui]} - c.a.c.c.r.a.HybridRuleAppendHandler.handle(109)
DEBUG 2026-08-06 02:50:08.098 [root:console] Appending rules {file=/config/console/node-rules.xml, format=xml} - c.a.c.c.r.a.HybridRuleAppendHandler.handle(109)
DEBUG 2026-08-06 02:50:08.106 [root:console] Appending rules {file=/config/console/appmon-rules.xml, format=xml} - c.a.c.c.r.a.HybridRuleAppendHandler.handle(109)
DEBUG 2026-08-06 02:50:08.109 [root:console] Parsing bean rules for annotated configurations: 45 - c.a.c.c.b.AnnotatedConfigParser.parse(158)
DEBUG 2026-08-06 02:50:08.186 [root:console] Parsing for ID-based bean rules: 29 - c.a.c.c.b.AnnotatedConfigParser.parse(176)
DEBUG 2026-08-06 02:50:08.193 [root:console] Parsing for type-based bean rules: 52 - c.a.c.c.b.AnnotatedConfigParser.parse(192)
INFO  2026-08-06 02:50:08.211 [root:console] ActivityContext build completed in 243 ms - c.a.c.c.b.HybridActivityContextBuilder.doBuild(203)
DEBUG 2026-08-06 02:50:08.211 [root:console] Initialized TypeConverterRegistry@3d43fe - c.a.c.c.AbstractComponent.initialize(80)
DEBUG 2026-08-06 02:50:08.212 [root:console] Initializing singletons in com.aspectran.core.component.bean.DefaultBeanRegistry@74ad8d05 - c.a.c.c.b.AbstractBeanRegistry.instantiateSingletons(427)
INFO  2026-08-06 02:50:08.233 [root:console] Using default implementation for ThreadExecutor - o.q.impl.StdSchedulerFactory.instantiate(1222)
INFO  2026-08-06 02:50:08.236 [root:console] Job execution threads will use class loader of thread: root:console - o.q.simpl.SimpleThreadPool.initialize(269)
INFO  2026-08-06 02:50:08.241 [root:console] Initialized Scheduler Signaller of type: class org.quartz.core.SchedulerSignalerImpl - o.q.core.SchedulerSignalerImpl.<init>(62)
INFO  2026-08-06 02:50:08.242 [root:console] Quartz Scheduler v2.5.2 created. - o.quartz.core.QuartzScheduler.<init>(224)
INFO  2026-08-06 02:50:08.243 [root:console] RAMJobStore initialized. - org.quartz.simpl.RAMJobStore.initialize(152)
INFO  2026-08-06 02:50:08.244 [root:console] Scheduler meta-data: Quartz Scheduler (v2.5.2) 'AppmonScheduler' with instanceId 'NON_CLUSTERED'
  Scheduler class: 'org.quartz.core.QuartzScheduler' - running locally.
  NOT STARTED.
  Currently in standby mode.
  Number of jobs executed: 0
  Using thread pool 'org.quartz.simpl.SimpleThreadPool' - with 1 threads.
  Using job-store 'org.quartz.simpl.RAMJobStore' - which does not support persistence. and is not clustered.
 - o.quartz.core.QuartzScheduler.initialize(289)
INFO  2026-08-06 02:50:08.244 [root:console] Quartz scheduler 'AppmonScheduler' initialized from an externally provided properties instance. - o.q.impl.StdSchedulerFactory.instantiate(1376)
INFO  2026-08-06 02:50:08.245 [root:console] Quartz scheduler version: 2.5.2 - o.q.impl.StdSchedulerFactory.instantiate(1378)
DEBUG 2026-08-06 02:50:08.247 [root:console] IGNORED - Invalid properties resource; java.io.IOException: Could not find resource com/aspectran/aspectow/console/config/db/aspectow-console.db-mariadb.properties - c.a.u.PropertiesLoaderSupport.loadProperties(152)
DEBUG 2026-08-06 02:50:08.248 [root:console] IGNORED - Invalid properties resource; java.io.IOException: Could not find resource com/aspectran/aspectow/console/config/db/aspectow-console.db-mariadb.system.properties - c.a.u.PropertiesLoaderSupport.loadProperties(152)
DEBUG 2026-08-06 02:50:08.822 [root:console] Unable to locate MessageSource with name 'messageSource': using default [com.aspectran.core.support.i18n.message.DelegatingMessageSource@228bda54] - c.a.c.c.DefaultActivityContext.resolveMessageSource(347)
INFO  2026-08-06 02:50:08.904 [root:console] Current Node: localhost-console1 (Host: juhoN21) - c.a.a.n.m.NodeManagerBuilder.build(169)
INFO  2026-08-06 02:50:09.552 [root:console] Registered group info to Redis: aspectow:cluster:groups:cluster1 (Group: console) - c.a.a.n.m.NodeManagerBuilder.build(210)
INFO  2026-08-06 02:50:09.564 [root:console] Registered RedisScheduledJobLockProvider for cluster-wide job locking - c.a.a.n.m.NodeManagerBuilder.build(247)
INFO  2026-08-06 02:50:09.564 [root:console] Initializing NodeReporter for cluster: cluster1, node: localhost-console1 - c.a.a.n.manager.NodeReporter.start(70)
DEBUG 2026-08-06 02:50:09.568 [root:console] Registering node 'localhost-console1' in Redis hash 'aspectow:cluster:nodes:cluster1': {id=localhost-console1, group=console, host=juhoN21, port=8082, status=live, endpoint={path=/nodes}, token=JxWsppp8TAF_2qFaAZAQJaFbGSmdse5aQqV7VY04zYd-cEgzn9HbS4OmcyvAeehH_YPmOW_DzWfKU5CqdshP2q8JY_6K8Ph5, hasNodeManager=true, hasSchedulerManager=true, hasCommandManager=true} - c.a.a.n.manager.NodeReporter.registerNode(141)
INFO  2026-08-06 02:50:09.771 [root:console] NodeMessageSubscriber initialized and subscribed to pattern: aspectow:cluster:*:*:cluster1:localhost-console1:* - c.a.a.n.m.NodeMessageSubscriber.start(140)
INFO  2026-08-06 02:50:09.840 [root:console] ClusterEventSubscriber initialized and subscribed to channel: aspectow:cluster:event:cluster1 - c.a.a.n.m.ClusterEventSubscriber.start(121)
INFO  2026-08-06 02:50:09.843 [root:console] Initializing RemoteNodeManager for node: localhost-console1 - c.a.a.n.m.n.RemoteNodeManager.initialize(63)
INFO  2026-08-06 02:50:09.846 [root:console] Initializing RemoteSchedulerManager for node: localhost-console1 - c.a.a.n.m.s.RemoteSchedulerManager.initialize(113)
INFO  2026-08-06 02:50:09.848 [root:console] Initializing RemoteCommandManager for node: localhost-console1 - c.a.a.n.m.c.RemoteCommandManager.initialize(74)
DEBUG 2026-08-06 02:50:09.893 [root:console] Registered AspectRule {id=consoleTxAspect, order=0, joinpoint={target=activity, pointcut={type=wildcard, patterns=[{type=wildcard, pattern=@class:com.aspectran.aspectow.console.common.db.tx.ConsoleSqlSession}]}}, advices=[{type=before, action={instance=com.aspectran.mybatis.SqlSessionAdviceRegister$$Lambda/0x000000001c6126b0@2d801d8}}, {type=after, action={instance=com.aspectran.mybatis.SqlSessionAdviceRegister$$Lambda/0x000000001c612910@b9b97ad}}, {type=finally, action={instance=com.aspectran.mybatis.SqlSessionAdviceRegister$$Lambda/0x000000001c612dd0@2807cf3}}]} - c.a.m.SqlSessionAdviceRegister.register(294)
DEBUG 2026-08-06 02:50:09.898 [root:console] Create CounterPersist {id=activity, target=root, parameters={+=/**}} - c.a.a.a.e.p.c.EventCounterBuilder.build(47)
DEBUG 2026-08-06 02:50:09.900 [root:console] Create EventExporter {id=activity, target=root, parameters={+=/**}} - c.a.a.a.e.e.e.EventExporterBuilder.build(54)
DEBUG 2026-08-06 02:50:09.902 [root:console] Create ChartDataExporter {id=activity, target=root, parameters={+=/**}} - c.a.a.a.e.e.e.ChartDataExporterBuilder.build(46)
DEBUG 2026-08-06 02:50:09.903 [root:console] Create CounterPersist {id=session, target=tow.server/root} - c.a.a.a.e.p.c.EventCounterBuilder.build(47)
DEBUG 2026-08-06 02:50:09.903 [root:console] Create EventExporter {id=session, target=tow.server/root} - c.a.a.a.e.e.e.EventExporterBuilder.build(54)
DEBUG 2026-08-06 02:50:09.903 [root:console] Create ChartDataExporter {id=session, target=tow.server/root} - c.a.a.a.e.e.e.ChartDataExporterBuilder.build(46)
DEBUG 2026-08-06 02:50:09.904 [root:console] Create MetricExporter {id=heap, title=Heap, description=Shows JVM Heap memory usage status, reader=com.aspectran.aspectow.appmon.engine.exporter.metric.jvm.HeapMemoryUsageReader, sampleInterval=500, heading=true} - c.a.a.a.e.e.m.MetricExporterBuilder.build(48)
DEBUG 2026-08-06 02:50:09.905 [root:console] Create MetricExporter {id=undertow-tp, title=Undertow TP, description=Metrics of Undertow thread pool resources, reader=com.aspectran.aspectow.appmon.engine.exporter.metric.undertow.NioWorkerMetricsReader, target=tow.server, sampleInterval=30, exportInterval=900, heading=true} - c.a.a.a.e.e.m.MetricExporterBuilder.build(48)
DEBUG 2026-08-06 02:50:09.906 [root:console] Create LogExporter {id=app, title=Root App, file=/logs/root.log, sampleInterval=300, lastLines=300} - c.a.a.a.e.e.l.LogExporterBuilder.build(51)
DEBUG 2026-08-06 02:50:09.906 [root:console] Create LogExporter {id=access, title=Root Access, file=/logs/root-access.log, sampleInterval=300, lastLines=100} - c.a.a.a.e.e.l.LogExporterBuilder.build(51)
DEBUG 2026-08-06 02:50:09.907 [root:console] Create CounterPersist {id=activity, target=console, parameters={+=/**, -=/nodes/**/polling/**}} - c.a.a.a.e.p.c.EventCounterBuilder.build(47)
DEBUG 2026-08-06 02:50:09.907 [root:console] Create EventExporter {id=activity, target=console, parameters={+=/**, -=/nodes/**/polling/**}} - c.a.a.a.e.e.e.EventExporterBuilder.build(54)
DEBUG 2026-08-06 02:50:09.907 [root:console] Create ChartDataExporter {id=activity, target=console, parameters={+=/**, -=/nodes/**/polling/**}} - c.a.a.a.e.e.e.ChartDataExporterBuilder.build(46)
DEBUG 2026-08-06 02:50:09.907 [root:console] Create CounterPersist {id=session, target=tow.server/console} - c.a.a.a.e.p.c.EventCounterBuilder.build(47)
DEBUG 2026-08-06 02:50:09.908 [root:console] Create EventExporter {id=session, target=tow.server/console} - c.a.a.a.e.e.e.EventExporterBuilder.build(54)
DEBUG 2026-08-06 02:50:09.908 [root:console] Create ChartDataExporter {id=session, target=tow.server/console} - c.a.a.a.e.e.e.ChartDataExporterBuilder.build(46)
DEBUG 2026-08-06 02:50:09.909 [root:console] Create MetricExporter {id=heap, title=Heap, description=Shows JVM Heap memory usage status, reader=com.aspectran.aspectow.appmon.engine.exporter.metric.jvm.HeapMemoryUsageReader, sampleInterval=500, heading=true} - c.a.a.a.e.e.m.MetricExporterBuilder.build(48)
DEBUG 2026-08-06 02:50:09.909 [root:console] Create MetricExporter {id=undertow-tp, title=Undertow TP, description=Metrics of Undertow thread pool resources, reader=com.aspectran.aspectow.appmon.engine.exporter.metric.undertow.NioWorkerMetricsReader, target=tow.server, sampleInterval=500, heading=true} - c.a.a.a.e.e.m.MetricExporterBuilder.build(48)
DEBUG 2026-08-06 02:50:09.909 [root:console] Create LogExporter {id=app, file=console.log, sampleInterval=300, lastLines=100} - c.a.a.a.e.e.l.LogExporterBuilder.build(51)
DEBUG 2026-08-06 02:50:09.910 [root:console] Create LogExporter {id=access, file=console-access.log, sampleInterval=300, lastLines=100} - c.a.a.a.e.e.l.LogExporterBuilder.build(51)
INFO  2026-08-06 02:50:09.967 [root:console] Registered app info to Redis: aspectow:cluster:apps:cluster1:console (Apps: [console-root, console-console]) - c.a.a.a.e.m.AppMonManagerBuilder.build(167)
DEBUG 2026-08-06 02:50:09.982 [root:console] Registered AspectRule {id=consoleBatchTxAspect, order=0, joinpoint={target=activity, pointcut={type=wildcard, patterns=[{type=wildcard, pattern=@class:com.aspectran.aspectow.console.common.db.tx.ConsoleBatchSqlSession}]}}, advices=[{type=before, action={instance=com.aspectran.mybatis.SqlSessionAdviceRegister$$Lambda/0x000000001c6126b0@5b7ee56c}}, {type=after, action={instance=com.aspectran.mybatis.SqlSessionAdviceRegister$$Lambda/0x000000001c612910@311a0b3e}}, {type=finally, action={instance=com.aspectran.mybatis.SqlSessionAdviceRegister$$Lambda/0x000000001c612dd0@3de8f85c}}]} - c.a.m.SqlSessionAdviceRegister.register(294)
DEBUG 2026-08-06 02:50:09.989 [root:console] Registered AspectRule {id=consoleReuseTxAspect, order=0, joinpoint={target=activity, pointcut={type=wildcard, patterns=[{type=wildcard, pattern=@class:com.aspectran.aspectow.console.common.db.tx.ConsoleReuseSqlSession}]}}, advices=[{type=before, action={instance=com.aspectran.mybatis.SqlSessionAdviceRegister$$Lambda/0x000000001c6126b0@dd20ebc}}, {type=after, action={instance=com.aspectran.mybatis.SqlSessionAdviceRegister$$Lambda/0x000000001c612910@6c70b7c3}}, {type=finally, action={instance=com.aspectran.mybatis.SqlSessionAdviceRegister$$Lambda/0x000000001c612dd0@16a09809}}]} - c.a.m.SqlSessionAdviceRegister.register(294)
DEBUG 2026-08-06 02:50:09.994 [root:console] Initialized PollingSessionManager@4809c771 - c.a.c.c.AbstractComponent.initialize(80)
DEBUG 2026-08-06 02:50:10.002 [root:console] Advice {type=before, instance=com.aspectran.mybatis.SqlSessionAdviceRegister$$Lambda/0x000000001c6126b0@2d801d8, order=0} - c.a.c.activity.AdviceActivity.executeAdvice(351)
DEBUG 2026-08-06 02:50:10.017 [root:console] Open DefaultSqlSession@5ee6fdc4 {executorType=SIMPLE, autoCommit=false, readOnly=false} - c.a.mybatis.SqlSessionAdvice.doOpen(239)
DEBUG 2026-08-06 02:50:10.019 [root:console] Cache Hit Ratio [com.aspectran.aspectow.appmon.engine.persist.db.mapper.EventCountMapper]: 0.0 - c.a.a.a.e.p.d.m.EventCountMapper.getObject(60)
DEBUG 2026-08-06 02:50:10.034 [root:console] ==>  Preparing: select node_id, group_id, app_id, event_id, datetime, total, delta, error from appmon_event_count_last where node_id = ? and app_id = ? and event_id = ? - c.a.a.a.e.p.d.m.E.getLastEventCount.debug(135)
DEBUG 2026-08-06 02:50:10.053 [root:console] ==> Parameters: localhost-console1(String), console-root(String), activity(String) - c.a.a.a.e.p.d.m.E.getLastEventCount.debug(135)
DEBUG 2026-08-06 02:50:10.075 [root:console] <==      Total: 0 - c.a.a.a.e.p.d.m.E.getLastEventCount.debug(135)
DEBUG 2026-08-06 02:50:10.079 [root:console] Cache Hit Ratio [com.aspectran.aspectow.appmon.engine.persist.db.mapper.EventCountMapper]: 0.0 - c.a.a.a.e.p.d.m.EventCountMapper.getObject(60)
DEBUG 2026-08-06 02:50:10.080 [root:console] ==>  Preparing: select node_id, group_id, app_id, event_id, datetime, total, delta, error from appmon_event_count_last where node_id = ? and app_id = ? and event_id = ? - c.a.a.a.e.p.d.m.E.getLastEventCount.debug(135)
DEBUG 2026-08-06 02:50:10.080 [root:console] ==> Parameters: localhost-console1(String), console-root(String), session(String) - c.a.a.a.e.p.d.m.E.getLastEventCount.debug(135)
DEBUG 2026-08-06 02:50:10.088 [root:console] <==      Total: 0 - c.a.a.a.e.p.d.m.E.getLastEventCount.debug(135)
DEBUG 2026-08-06 02:50:10.090 [root:console] Register session listener com.aspectran.aspectow.appmon.engine.persist.counter.session.SessionEventCountingListener@636e4bf8 in DefaultSessionManager@24f360b2(rn0) - c.a.c.c.s.AbstractSessionManager.addSessionListener(500)
DEBUG 2026-08-06 02:50:10.090 [root:console] Cache Hit Ratio [com.aspectran.aspectow.appmon.engine.persist.db.mapper.EventCountMapper]: 0.0 - c.a.a.a.e.p.d.m.EventCountMapper.getObject(60)
DEBUG 2026-08-06 02:50:10.091 [root:console] ==>  Preparing: select node_id, group_id, app_id, event_id, datetime, total, delta, error from appmon_event_count_last where node_id = ? and app_id = ? and event_id = ? - c.a.a.a.e.p.d.m.E.getLastEventCount.debug(135)
DEBUG 2026-08-06 02:50:10.092 [root:console] ==> Parameters: localhost-console1(String), console-console(String), activity(String) - c.a.a.a.e.p.d.m.E.getLastEventCount.debug(135)
DEBUG 2026-08-06 02:50:10.099 [root:console] <==      Total: 0 - c.a.a.a.e.p.d.m.E.getLastEventCount.debug(135)
DEBUG 2026-08-06 02:50:10.100 [root:console] Cache Hit Ratio [com.aspectran.aspectow.appmon.engine.persist.db.mapper.EventCountMapper]: 0.0 - c.a.a.a.e.p.d.m.EventCountMapper.getObject(60)
DEBUG 2026-08-06 02:50:10.100 [root:console] ==>  Preparing: select node_id, group_id, app_id, event_id, datetime, total, delta, error from appmon_event_count_last where node_id = ? and app_id = ? and event_id = ? - c.a.a.a.e.p.d.m.E.getLastEventCount.debug(135)
DEBUG 2026-08-06 02:50:10.101 [root:console] ==> Parameters: localhost-console1(String), console-console(String), session(String) - c.a.a.a.e.p.d.m.E.getLastEventCount.debug(135)
DEBUG 2026-08-06 02:50:10.109 [root:console] <==      Total: 0 - c.a.a.a.e.p.d.m.E.getLastEventCount.debug(135)
DEBUG 2026-08-06 02:50:10.110 [root:console] Advice {type=after, instance=com.aspectran.mybatis.SqlSessionAdviceRegister$$Lambda/0x000000001c612910@b9b97ad, order=0} - c.a.c.activity.AdviceActivity.executeAdvice(351)
DEBUG 2026-08-06 02:50:10.110 [root:console] Commit transaction for DefaultSqlSession@5ee6fdc4 - c.a.mybatis.SqlSessionAdvice.commit(257)
DEBUG 2026-08-06 02:50:10.112 [root:console] Advice {type=finally, instance=com.aspectran.mybatis.SqlSessionAdviceRegister$$Lambda/0x000000001c612dd0@2807cf3, order=0} - c.a.c.activity.AdviceActivity.executeAdvice(351)
DEBUG 2026-08-06 02:50:10.120 [root:console] Close DefaultSqlSession@5ee6fdc4 - c.a.mybatis.SqlSessionAdvice.close(351)
INFO  2026-08-06 02:50:10.121 [root:console] CounterPersistSchedule is dynamically set to run every 5 minutes - c.a.a.a.e.s.CounterPersistSchedule.initialize(115)
DEBUG 2026-08-06 02:50:10.126 [root:console] Initialized DefaultBeanRegistry@74ad8d05 - c.a.c.c.AbstractComponent.initialize(80)
DEBUG 2026-08-06 02:50:10.126 [root:console] Initialized AspectRuleRegistry@4b09d1c3 - c.a.c.c.AbstractComponent.initialize(80)
DEBUG 2026-08-06 02:50:10.126 [root:console] Initialized ScheduleRuleRegistry@18811c42 - c.a.c.c.AbstractComponent.initialize(80)
DEBUG 2026-08-06 02:50:10.127 [root:console] Initialized TransletRuleRegistry@627acb38 - c.a.c.c.AbstractComponent.initialize(80)
DEBUG 2026-08-06 02:50:10.127 [root:console] Initialized TemplateRuleRegistry@32b95de - c.a.c.c.AbstractComponent.initialize(80)
DEBUG 2026-08-06 02:50:10.127 [root:console] Initialized DefaultTemplateRenderer@629cbb1 - c.a.c.c.AbstractComponent.initialize(80)
DEBUG 2026-08-06 02:50:10.127 [root:console] Initialized DefaultActivityContext@165aa43a - c.a.c.c.AbstractComponent.initialize(80)
INFO  2026-08-06 02:50:10.130 [root:console] Started DefaultWebService@591fd34d(console) - c.a.c.s.AbstractServiceLifeCycle.start(121)
INFO  2026-08-06 02:50:10.130 [root:console] Starting DefaultSchedulerService@40538370 - c.a.c.s.AbstractServiceLifeCycle.start(117)
INFO  2026-08-06 02:50:10.137 [root:console] Starting scheduler 'AppmonScheduler' - c.a.c.s.s.AbstractSchedulerService.doStart(192)
INFO  2026-08-06 02:50:10.139 [root:console] Started DefaultSchedulerService@40538370 - c.a.c.s.AbstractServiceLifeCycle.start(121)
DEBUG 2026-08-06 02:50:10.140 [root:console] Register session listener com.aspectran.aspectow.appmon.engine.persist.counter.session.SessionEventCountingListener@1d585fb in DefaultSessionManager@1edb61b1(cn0) - c.a.c.c.s.AbstractSessionManager.addSessionListener(500)
DEBUG 2026-08-06 02:50:10.140 [root:console] Registering @ServerEndpoint: class com.aspectran.aspectow.appmon.engine.relay.websocket.WebsocketMessageRelayer - c.a.w.w.j.ServerEndpointExporter.registerEndpoint(122)
INFO  2026-08-06 02:50:10.141 [root:console] UT026003: Adding annotated server endpoint class com.aspectran.aspectow.appmon.engine.relay.websocket.WebsocketMessageRelayer for path /nodes/{nodeId}/appmon/websocket/{token} - io.undertow.websockets.jsr.addEndpointInternal(647)
DEBUG 2026-08-06 02:50:10.145 [root:console] Registering @ServerEndpoint: class com.aspectran.aspectow.console.cluster.bridge.websocket.WebsocketNodeBridge - c.a.w.w.j.ServerEndpointExporter.registerEndpoint(122)
INFO  2026-08-06 02:50:10.145 [root:console] UT026003: Adding annotated server endpoint class com.aspectran.aspectow.console.cluster.bridge.websocket.WebsocketNodeBridge for path /nodes/{nodeId}/websocket/{token} - io.undertow.websockets.jsr.addEndpointInternal(647)
DEBUG 2026-08-06 02:50:10.146 [root:console] Registering @ServerEndpoint: class com.aspectran.aspectow.console.commands.bridge.websocket.WebsocketCommandBridge - c.a.w.w.j.ServerEndpointExporter.registerEndpoint(122)
INFO  2026-08-06 02:50:10.146 [root:console] UT026003: Adding annotated server endpoint class com.aspectran.aspectow.console.commands.bridge.websocket.WebsocketCommandBridge for path /nodes/{nodeId}/commands/websocket/{token} - io.undertow.websockets.jsr.addEndpointInternal(647)
DEBUG 2026-08-06 02:50:10.147 [root:console] Registering @ServerEndpoint: class com.aspectran.aspectow.console.scheduler.bridge.websocket.WebsocketSchedulerBridge - c.a.w.w.j.ServerEndpointExporter.registerEndpoint(122)
INFO  2026-08-06 02:50:10.147 [root:console] UT026003: Adding annotated server endpoint class com.aspectran.aspectow.console.scheduler.bridge.websocket.WebsocketSchedulerBridge for path /nodes/{nodeId}/scheduler/websocket/{token} - io.undertow.websockets.jsr.addEndpointInternal(647)
DEBUG 2026-08-06 02:50:10.148 [root] Initializing DefaultSessionManager@36871e98 {workerName=shell, maxActiveSessions=1, maxIdleSeconds=1800, scavengingIntervalSeconds=600, fileStore={storeDir=/work/_sessions/shell, nonPersistentAttributes=[]}, enabled=true} - c.a.c.c.s.DefaultSessionManager.doInitialize(175)
DEBUG 2026-08-06 02:50:10.148 [root] DefaultSessionManager@36871e98(shell) default maxIdleSecs=1800 - c.a.c.c.s.AbstractSessionManager.setDefaultMaxIdleSecs(176)
DEBUG 2026-08-06 02:50:10.149 [root] Initialized FileSessionStore@6533629 - c.a.c.c.AbstractComponent.initialize(80)
DEBUG 2026-08-06 02:50:10.149 [root] Initialized DefaultSessionCache@70d687b8(shell) - c.a.c.c.AbstractComponent.initialize(80)
DEBUG 2026-08-06 02:50:10.149 [root] com.aspectran.core.component.session.HouseKeeper@459bf87c(shell) is STARTING - c.a.u.l.AbstractLifeCycle.setStarting(183)
DEBUG 2026-08-06 02:50:10.149 [root] com.aspectran.core.component.session.HouseKeeper@459bf87c(shell) is STARTED - c.a.u.l.AbstractLifeCycle.setStarted(193)
DEBUG 2026-08-06 02:50:10.150 [root] Initialized DefaultSessionManager@36871e98(shell) - c.a.c.c.AbstractComponent.initialize(80)
DEBUG 2026-08-06 02:50:10.151 [root] Advice {type=before, action={echo={attributes=[data]}}} - c.a.c.activity.AdviceActivity.executeAdvice(351)
DEBUG 2026-08-06 02:50:10.153 [root] Destroy request scoped beans from RequestScope@4a4ff5ed - c.a.c.c.b.scope.AbstractScope.destroy(112)
INFO  2026-08-06 02:50:12.139 [Thread-0] Scheduler AppmonScheduler_$_NON_CLUSTERED started. - o.quartz.core.QuartzScheduler.start(541)
DEBUG 2026-08-06 02:54:05.279 [shutdown] Running all shutdown-hook tasks: 1 - c.aspectran.utils.ShutdownHook.runTasks(147)
DEBUG 2026-08-06 02:54:05.280 [shutdown] Running task [1/1]: Stop DefaultShellService@27f981c6(root) - c.aspectran.utils.ShutdownHook.runTasks(156)
DEBUG 2026-08-06 02:54:05.281 [root] com.aspectran.core.component.session.HouseKeeper@459bf87c(shell) is STOPPING - c.a.u.l.AbstractLifeCycle.setStopping(203)
DEBUG 2026-08-06 02:54:05.281 [root] com.aspectran.core.component.session.HouseKeeper@459bf87c {scavengingInterval=600000} used by DefaultSessionManager@36871e98(shell) is STOPPED - c.a.u.l.AbstractLifeCycle.setStopped(213)
DEBUG 2026-08-06 02:54:05.282 [root] Destroyed FileSessionStore@6533629 - c.a.c.c.AbstractComponent.destroy(99)
DEBUG 2026-08-06 02:54:05.283 [root] Destroyed DefaultSessionCache@70d687b8(shell) - c.a.c.c.AbstractComponent.destroy(99)
DEBUG 2026-08-06 02:54:05.283 [root] Destroyed DefaultSessionManager@36871e98(shell) - c.a.c.c.AbstractComponent.destroy(99)
INFO  2026-08-06 02:54:05.284 [root] Stopping DefaultWebService@7ed9ae94(root) - c.a.c.s.AbstractServiceLifeCycle.stop(164)
INFO  2026-08-06 02:54:05.285 [root] Stopped DefaultWebService@7ed9ae94(root) - c.a.c.s.AbstractServiceLifeCycle.stop(168)
INFO  2026-08-06 02:54:05.288 [root:console] Stopping DefaultSchedulerService@40538370 - c.a.c.s.AbstractServiceLifeCycle.stop(164)
INFO  2026-08-06 02:54:05.288 [root:console] Shutting down the scheduler 'AppmonScheduler' with waitForJobsToComplete=true - c.a.c.s.s.AbstractSchedulerService.doStop(218)
INFO  2026-08-06 02:54:05.289 [root:console] Scheduler AppmonScheduler_$_NON_CLUSTERED shutting down. - o.quartz.core.QuartzScheduler.shutdown(656)
INFO  2026-08-06 02:54:05.290 [root:console] Scheduler AppmonScheduler_$_NON_CLUSTERED paused. - o.quartz.core.QuartzScheduler.standby(576)
INFO  2026-08-06 02:54:05.360 [root:console] Scheduler AppmonScheduler_$_NON_CLUSTERED shutdown complete. - o.quartz.core.QuartzScheduler.shutdown(728)
INFO  2026-08-06 02:54:05.360 [root:console] Stopped DefaultSchedulerService@40538370 - c.a.c.s.AbstractServiceLifeCycle.stop(168)
INFO  2026-08-06 02:54:05.360 [root:console] Stopping DefaultWebService@591fd34d(console) - c.a.c.s.AbstractServiceLifeCycle.stop(164)
DEBUG 2026-08-06 02:54:05.361 [root:console] Destroying all cached resources... - c.a.c.s.DefaultCoreService.destroyActivityContext(176)
DEBUG 2026-08-06 02:54:05.361 [root:console] Destroying singletons in com.aspectran.core.component.bean.DefaultBeanRegistry@74ad8d05 - c.a.c.c.b.AbstractBeanRegistry.destroySingletons(464)
DEBUG 2026-08-06 02:54:05.362 [root:console] Destroy singleton scoped beans from SingletonScope@52544519 - c.a.c.c.b.scope.AbstractScope.destroy(112)
DEBUG 2026-08-06 02:54:05.363 [root:console] Advice {type=before, instance=com.aspectran.mybatis.SqlSessionAdviceRegister$$Lambda/0x000000001c6126b0@2d801d8, order=0} - c.a.c.activity.AdviceActivity.executeAdvice(351)
DEBUG 2026-08-06 02:54:05.365 [root:console] Open DefaultSqlSession@1be646cc {executorType=SIMPLE, autoCommit=false, readOnly=false} - c.a.mybatis.SqlSessionAdvice.doOpen(239)
DEBUG 2026-08-06 02:54:05.374 [root:console] ==>  Preparing: insert into appmon_event_count_last (node_id, group_id, app_id, event_id, datetime, total, delta, error) values (?, ?, ?, ?, ?, ?, ?, ?) on duplicate key update group_id = ?, datetime = ?, total = ?, delta = ?, error = ? - c.a.a.a.e.p.d.m.E.updateLastEventCount.debug(135)
DEBUG 2026-08-06 02:54:05.379 [root:console] ==> Parameters: localhost-console1(String), console(String), console-console(String), activity(String), 2026-08-06T02:55:05.362820280(LocalDateTime), 3(Long), 3(Long), 0(Long), console(String), 2026-08-06T02:55:05.362820280(LocalDateTime), 3(Long), 3(Long), 0(Long) - c.a.a.a.e.p.d.m.E.updateLastEventCount.debug(135)
DEBUG 2026-08-06 02:54:05.389 [root:console] <==    Updates: 1 - c.a.a.a.e.p.d.m.E.updateLastEventCount.debug(135)
DEBUG 2026-08-06 02:54:05.390 [root:console] ==>  Preparing: insert into appmon_event_count (node_id, group_id, app_id, event_id, datetime, total, delta, error) values (?, ?, ?, ?, ?, ?, ?, ?) on duplicate key update group_id = ?, total = ?, delta = ?, error = ? - c.a.a.a.e.p.d.m.E.insertEventCount.debug(135)
DEBUG 2026-08-06 02:54:05.391 [root:console] ==> Parameters: localhost-console1(String), console(String), console-console(String), activity(String), 2026-08-06T02:55:05.362820280(LocalDateTime), 3(Long), 3(Long), 0(Long), console(String), 3(Long), 3(Long), 0(Long) - c.a.a.a.e.p.d.m.E.insertEventCount.debug(135)
DEBUG 2026-08-06 02:54:05.400 [root:console] <==    Updates: 1 - c.a.a.a.e.p.d.m.E.insertEventCount.debug(135)
DEBUG 2026-08-06 02:54:05.401 [root:console] ==>  Preparing: insert into appmon_event_count_hourly (node_id, group_id, app_id, event_id, datetime, total, delta, error) values (?, ?, ?, ?, ?, ?, ?, ?) on duplicate key update group_id = ?, total = ?, delta = delta + ?, error = error + ? - c.a.a.a.e.p.d.m.E.insertEventCountHourly.debug(135)
DEBUG 2026-08-06 02:54:05.402 [root:console] ==> Parameters: localhost-console1(String), console(String), console-console(String), activity(String), 2026-08-06T02:00(LocalDateTime), 3(Long), 3(Long), 0(Long), console(String), 3(Long), 3(Long), 0(Long) - c.a.a.a.e.p.d.m.E.insertEventCountHourly.debug(135)
DEBUG 2026-08-06 02:54:05.425 [root:console] <==    Updates: 1 - c.a.a.a.e.p.d.m.E.insertEventCountHourly.debug(135)
DEBUG 2026-08-06 02:54:05.426 [root:console] Advice {type=after, instance=com.aspectran.mybatis.SqlSessionAdviceRegister$$Lambda/0x000000001c612910@b9b97ad, order=0} - c.a.c.activity.AdviceActivity.executeAdvice(351)
DEBUG 2026-08-06 02:54:05.427 [root:console] Commit transaction for DefaultSqlSession@1be646cc - c.a.mybatis.SqlSessionAdvice.commit(257)
DEBUG 2026-08-06 02:54:05.427 [root:console] Advice {type=finally, instance=com.aspectran.mybatis.SqlSessionAdviceRegister$$Lambda/0x000000001c612dd0@2807cf3, order=0} - c.a.c.activity.AdviceActivity.executeAdvice(351)
DEBUG 2026-08-06 02:54:05.436 [root:console] Close DefaultSqlSession@1be646cc - c.a.mybatis.SqlSessionAdvice.close(351)
DEBUG 2026-08-06 02:54:05.437 [root:console] Destroyed PollingSessionManager@4809c771 - c.a.c.c.AbstractComponent.destroy(99)
DEBUG 2026-08-06 02:54:05.438 [root:console] com.aspectran.aspectow.appmon.engine.exporter.event.EventExporter@72e5831c is STOPPING - c.a.u.l.AbstractLifeCycle.setStopping(203)
DEBUG 2026-08-06 02:54:05.438 [root:console] com.aspectran.aspectow.appmon.engine.exporter.event.EventExporter@72e5831c {id=activity, target=root, parameters={+=/**}} is STOPPED - c.a.u.l.AbstractLifeCycle.setStopped(213)
DEBUG 2026-08-06 02:54:05.439 [root:console] com.aspectran.aspectow.appmon.engine.exporter.event.EventExporter@20e4c8e7 is STOPPING - c.a.u.l.AbstractLifeCycle.setStopping(203)
DEBUG 2026-08-06 02:54:05.439 [root:console] Remove session listener com.aspectran.aspectow.appmon.engine.exporter.event.session.SessionEventReadingListener@53b1da22 from DefaultSessionManager@24f360b2(rn0) - c.a.c.c.s.AbstractSessionManager.removeSessionListener(508)
DEBUG 2026-08-06 02:54:05.440 [root:console] com.aspectran.aspectow.appmon.engine.exporter.event.EventExporter@20e4c8e7 {id=session, target=tow.server/root} is STOPPED - c.a.u.l.AbstractLifeCycle.setStopped(213)
DEBUG 2026-08-06 02:54:05.441 [root:console] com.aspectran.aspectow.appmon.engine.exporter.event.ChartDataExporter@508349c7 is STOPPING - c.a.u.l.AbstractLifeCycle.setStopping(203)
DEBUG 2026-08-06 02:54:05.442 [root:console] com.aspectran.aspectow.appmon.engine.exporter.event.ChartDataExporter@508349c7 {id=activity, target=root, parameters={+=/**}} is STOPPED - c.a.u.l.AbstractLifeCycle.setStopped(213)
DEBUG 2026-08-06 02:54:05.442 [root:console] com.aspectran.aspectow.appmon.engine.exporter.event.ChartDataExporter@157937de is STOPPING - c.a.u.l.AbstractLifeCycle.setStopping(203)
DEBUG 2026-08-06 02:54:05.442 [root:console] com.aspectran.aspectow.appmon.engine.exporter.event.ChartDataExporter@157937de {id=session, target=tow.server/root} is STOPPED - c.a.u.l.AbstractLifeCycle.setStopped(213)
DEBUG 2026-08-06 02:54:05.443 [root:console] com.aspectran.aspectow.appmon.engine.exporter.metric.MetricExporter@73fd69b1 is STOPPING - c.a.u.l.AbstractLifeCycle.setStopping(203)
DEBUG 2026-08-06 02:54:05.443 [root:console] com.aspectran.aspectow.appmon.engine.exporter.metric.MetricExporter@73fd69b1 {id=heap, title=Heap, description=Shows JVM Heap memory usage status, reader=com.aspectran.aspectow.appmon.engine.exporter.metric.jvm.HeapMemoryUsageReader, sampleInterval=500, heading=true} is STOPPED - c.a.u.l.AbstractLifeCycle.setStopped(213)
DEBUG 2026-08-06 02:54:05.444 [root:console] com.aspectran.aspectow.appmon.engine.exporter.metric.MetricExporter@296efb04 is STOPPING - c.a.u.l.AbstractLifeCycle.setStopping(203)
DEBUG 2026-08-06 02:54:05.444 [root:console] com.aspectran.aspectow.appmon.engine.exporter.metric.MetricExporter@296efb04 {id=undertow-tp, title=Undertow TP, description=Metrics of Undertow thread pool resources, reader=com.aspectran.aspectow.appmon.engine.exporter.metric.undertow.NioWorkerMetricsReader, target=tow.server, sampleInterval=30, exportInterval=900, heading=true} is STOPPED - c.a.u.l.AbstractLifeCycle.setStopped(213)
DEBUG 2026-08-06 02:54:05.444 [root:console] com.aspectran.aspectow.appmon.engine.exporter.log.LogExporter@595867d9 is STOPPING - c.a.u.l.AbstractLifeCycle.setStopping(203)
DEBUG 2026-08-06 02:54:05.445 [root:console] com.aspectran.aspectow.appmon.engine.exporter.log.LogExporter@595867d9 {id=app, title=Root App, file=/logs/root.log, sampleInterval=300, lastLines=300} is STOPPED - c.a.u.l.AbstractLifeCycle.setStopped(213)
DEBUG 2026-08-06 02:54:05.446 [root:console] com.aspectran.aspectow.appmon.engine.exporter.log.LogExporter@fad2acf is STOPPING - c.a.u.l.AbstractLifeCycle.setStopping(203)
DEBUG 2026-08-06 02:54:05.446 [root:console] com.aspectran.aspectow.appmon.engine.exporter.log.LogExporter@fad2acf {id=access, title=Root Access, file=/logs/root-access.log, sampleInterval=300, lastLines=100} is STOPPED - c.a.u.l.AbstractLifeCycle.setStopped(213)
DEBUG 2026-08-06 02:54:05.447 [root:console] com.aspectran.aspectow.appmon.engine.exporter.event.EventExporter@95be58 is STOPPING - c.a.u.l.AbstractLifeCycle.setStopping(203)
DEBUG 2026-08-06 02:54:05.447 [root:console] com.aspectran.aspectow.appmon.engine.exporter.event.EventExporter@95be58 {id=activity, target=console, parameters={+=/**, -=/nodes/**/polling/**}} is STOPPED - c.a.u.l.AbstractLifeCycle.setStopped(213)
DEBUG 2026-08-06 02:54:05.447 [root:console] com.aspectran.aspectow.appmon.engine.exporter.event.EventExporter@2ca1655c is STOPPING - c.a.u.l.AbstractLifeCycle.setStopping(203)
DEBUG 2026-08-06 02:54:05.448 [root:console] Remove session listener com.aspectran.aspectow.appmon.engine.exporter.event.session.SessionEventReadingListener@6640ded4 from DefaultSessionManager@1edb61b1(cn0) - c.a.c.c.s.AbstractSessionManager.removeSessionListener(508)
DEBUG 2026-08-06 02:54:05.448 [root:console] com.aspectran.aspectow.appmon.engine.exporter.event.EventExporter@2ca1655c {id=session, target=tow.server/console} is STOPPED - c.a.u.l.AbstractLifeCycle.setStopped(213)
DEBUG 2026-08-06 02:54:05.448 [root:console] com.aspectran.aspectow.appmon.engine.exporter.event.ChartDataExporter@3ae4eb7b is STOPPING - c.a.u.l.AbstractLifeCycle.setStopping(203)
DEBUG 2026-08-06 02:54:05.449 [root:console] com.aspectran.aspectow.appmon.engine.exporter.event.ChartDataExporter@3ae4eb7b {id=activity, target=console, parameters={+=/**, -=/nodes/**/polling/**}} is STOPPED - c.a.u.l.AbstractLifeCycle.setStopped(213)
DEBUG 2026-08-06 02:54:05.449 [root:console] com.aspectran.aspectow.appmon.engine.exporter.event.ChartDataExporter@13040ab5 is STOPPING - c.a.u.l.AbstractLifeCycle.setStopping(203)
DEBUG 2026-08-06 02:54:05.450 [root:console] com.aspectran.aspectow.appmon.engine.exporter.event.ChartDataExporter@13040ab5 {id=session, target=tow.server/console} is STOPPED - c.a.u.l.AbstractLifeCycle.setStopped(213)
DEBUG 2026-08-06 02:54:05.450 [root:console] com.aspectran.aspectow.appmon.engine.exporter.metric.MetricExporter@736813d0 is STOPPING - c.a.u.l.AbstractLifeCycle.setStopping(203)
DEBUG 2026-08-06 02:54:05.451 [root:console] com.aspectran.aspectow.appmon.engine.exporter.metric.MetricExporter@736813d0 {id=heap, title=Heap, description=Shows JVM Heap memory usage status, reader=com.aspectran.aspectow.appmon.engine.exporter.metric.jvm.HeapMemoryUsageReader, sampleInterval=500, heading=true} is STOPPED - c.a.u.l.AbstractLifeCycle.setStopped(213)
DEBUG 2026-08-06 02:54:05.451 [root:console] com.aspectran.aspectow.appmon.engine.exporter.metric.MetricExporter@36839348 is STOPPING - c.a.u.l.AbstractLifeCycle.setStopping(203)
DEBUG 2026-08-06 02:54:05.452 [root:console] com.aspectran.aspectow.appmon.engine.exporter.metric.MetricExporter@36839348 {id=undertow-tp, title=Undertow TP, description=Metrics of Undertow thread pool resources, reader=com.aspectran.aspectow.appmon.engine.exporter.metric.undertow.NioWorkerMetricsReader, target=tow.server, sampleInterval=500, heading=true} is STOPPED - c.a.u.l.AbstractLifeCycle.setStopped(213)
DEBUG 2026-08-06 02:54:05.453 [root:console] com.aspectran.aspectow.appmon.engine.exporter.log.LogExporter@284cf5fc is STOPPING - c.a.u.l.AbstractLifeCycle.setStopping(203)
DEBUG 2026-08-06 02:54:05.453 [root:console] com.aspectran.aspectow.appmon.engine.exporter.log.LogExporter@284cf5fc {id=app, file=console.log, sampleInterval=300, lastLines=100} is STOPPED - c.a.u.l.AbstractLifeCycle.setStopped(213)
DEBUG 2026-08-06 02:54:05.454 [root:console] com.aspectran.aspectow.appmon.engine.exporter.log.LogExporter@55a8a0df is STOPPING - c.a.u.l.AbstractLifeCycle.setStopping(203)
DEBUG 2026-08-06 02:54:05.454 [root:console] com.aspectran.aspectow.appmon.engine.exporter.log.LogExporter@55a8a0df {id=access, file=console-access.log, sampleInterval=300, lastLines=100} is STOPPED - c.a.u.l.AbstractLifeCycle.setStopped(213)
INFO  2026-08-06 02:54:05.455 [root:console] Stopping NodeReporter for node: localhost-console1 - c.a.a.n.manager.NodeReporter.stop(95)
DEBUG 2026-08-06 02:54:05.457 [root:console] Registering node 'localhost-console1' in Redis hash 'aspectow:cluster:nodes:cluster1': {id=localhost-console1, group=console, host=juhoN21, port=8082, status=stopping, endpoint={path=/nodes}, token=COrv9Acz6vZ5qYpGMR6sPsBbtsqdC-kKuNz2Guc3qGMCZ0oCK5GfITv9TUQ64idXtK7XQ4tEK2mzcfrCrodaOmqK279Bx7rZ, hasNodeManager=true, hasSchedulerManager=true, hasCommandManager=true} - c.a.a.n.manager.NodeReporter.registerNode(141)
DEBUG 2026-08-06 02:54:05.473 [root:console] Unregistering node 'localhost-console1' from cluster 'cluster1' - c.a.a.n.manager.NodeReporter.unregisterNode(212)
INFO  2026-08-06 02:54:05.534 [root:console] Cleaning up orphaned group metadata: console (Cluster: cluster1) - c.a.a.n.manager.NodeRegistry.cleanupOrphanedGroups(324)
INFO  2026-08-06 02:54:05.573 [root:console] Closing Redis connection pool for node: localhost-console1 - c.a.a.node.manager.NodeManager.destroy(343)
INFO  2026-08-06 02:54:05.588 [root:console] NodeManager destroyed successfully for node: localhost-console1 - c.a.a.node.manager.NodeManager.destroy(350)
DEBUG 2026-08-06 02:54:05.588 [root:console] Destroyed DefaultBeanRegistry@74ad8d05 - c.a.c.c.AbstractComponent.destroy(99)
DEBUG 2026-08-06 02:54:05.589 [root:console] Destroyed TemplateRuleRegistry@32b95de - c.a.c.c.AbstractComponent.destroy(99)
DEBUG 2026-08-06 02:54:05.589 [root:console] Destroyed DefaultTemplateRenderer@629cbb1 - c.a.c.c.AbstractComponent.destroy(99)
DEBUG 2026-08-06 02:54:05.589 [root:console] Destroyed TransletRuleRegistry@627acb38 - c.a.c.c.AbstractComponent.destroy(99)
DEBUG 2026-08-06 02:54:05.589 [root:console] Destroyed ScheduleRuleRegistry@18811c42 - c.a.c.c.AbstractComponent.destroy(99)
DEBUG 2026-08-06 02:54:05.590 [root:console] Destroyed AspectRuleRegistry@4b09d1c3 - c.a.c.c.AbstractComponent.destroy(99)
DEBUG 2026-08-06 02:54:05.590 [root:console] Destroyed TypeConverterRegistry@3d43fe - c.a.c.c.AbstractComponent.destroy(99)
DEBUG 2026-08-06 02:54:05.590 [root:console] Destroyed DefaultActivityContext@165aa43a - c.a.c.c.AbstractComponent.destroy(99)
INFO  2026-08-06 02:54:05.590 [root:console] Stopped DefaultWebService@591fd34d - c.a.c.s.AbstractServiceLifeCycle.stop(168)
INFO  2026-08-06 02:54:05.591 [root] Stopping DefaultShellService@27f981c6(root) - c.a.c.s.AbstractServiceLifeCycle.stop(164)
DEBUG 2026-08-06 02:54:05.591 [root] Destroying all cached resources... - c.a.c.s.DefaultCoreService.destroyActivityContext(176)
DEBUG 2026-08-06 02:54:05.591 [root] Destroying singletons in com.aspectran.core.component.bean.DefaultBeanRegistry@7164ca4c - c.a.c.c.b.AbstractBeanRegistry.destroySingletons(464)
DEBUG 2026-08-06 02:54:05.592 [root] Destroy singleton scoped beans from SingletonScope@7c6bb284 - c.a.c.c.b.scope.AbstractScope.destroy(112)
DEBUG 2026-08-06 02:54:05.592 [root] com.aspectran.undertow.server.DefaultTowServer@3da30852 is STOPPING - c.a.u.l.AbstractLifeCycle.setStopping(203)
DEBUG 2026-08-06 02:54:11.549 [main] Acquiring lock on /home/aspectran/projects/public/aspectow-demo-console/app/.lock - c.aspectran.utils.FileLocker.lock(93)
DEBUG 2026-08-06 02:54:11.627 [main] Successfully wrote PID 15630 to /home/aspectran/projects/public/aspectow-demo-console/app/.lock - c.aspectran.utils.FileLocker.lock(121)
DEBUG 2026-08-06 02:54:11.629 [main] Registering shutdown-hook: Thread[#28,shutdown,5,main] - c.aspectran.utils.ShutdownHook.registerHook(112)
DEBUG 2026-08-06 02:54:11.630 [main] Adding shutdown-hook task: Stop DefaultShellService@1b11171f - c.aspectran.utils.ShutdownHook.addTask(76)
INFO  2026-08-06 02:54:11.632 [root] Starting DefaultShellService@1b11171f - c.a.c.s.AbstractServiceLifeCycle.start(117)
INFO  2026-08-06 02:54:11.633 [root] Building ActivityContext with context rules [/config/app-description.xml, /config/aspectran-rules.xml, /config/server/server.xml] - c.a.c.c.b.HybridActivityContextBuilder.doBuild(120)
DEBUG 2026-08-06 02:54:11.633 [root] Running in an IDE environment, so the resource locations [/home/aspectran/projects/public/aspectow-demo-console/app/lib/ext] will be ignored to avoid class loading conflicts - c.a.c.c.b.AbstractActivityContextBuilder.createSiblingClassLoader(387)
DEBUG 2026-08-06 02:54:11.635 [root] Sweeping /home/aspectran/projects/public/aspectow-demo-console/app/work/* for old resource files - c.a.c.c.r.LocalResourceManager.sweepWorkResourceFiles(236)
INFO  2026-08-06 02:54:11.641 [root] Default profiles [dev] - c.a.c.c.e.EnvironmentProfiles.setDefaultProfiles(154)
INFO  2026-08-06 02:54:11.642 [root] Activating profiles [dev] - c.a.c.c.e.EnvironmentProfiles.setActiveProfiles(205)
DEBUG 2026-08-06 02:54:11.744 [root] Appending rules {file=/config/server/undertow/tow-server.xml, format=xml} - c.a.c.c.r.a.HybridRuleAppendHandler.handle(109)
DEBUG 2026-08-06 02:54:11.772 [root] Appending rules {file=/config/server/undertow/tow-context-root.xml, format=xml} - c.a.c.c.r.a.HybridRuleAppendHandler.handle(109)
DEBUG 2026-08-06 02:54:11.788 [root] Appending rules {file=/config/server/undertow/tow-context-console.xml, format=xml} - c.a.c.c.r.a.HybridRuleAppendHandler.handle(109)
DEBUG 2026-08-06 02:54:11.793 [root] Appending rules {resource=com/aspectran/aspectow/console/config/rules/context/tow-context-console.xml} - c.a.c.c.r.a.HybridRuleAppendHandler.handle(109)
DEBUG 2026-08-06 02:54:11.801 [root] Appending rules {file=/config/server/undertow/tow-support.xml, format=xml} - c.a.c.c.r.a.HybridRuleAppendHandler.handle(109)
DEBUG 2026-08-06 02:54:11.813 [root] Parsing for ID-based bean rules: 14 - c.a.c.c.b.AnnotatedConfigParser.parse(176)
DEBUG 2026-08-06 02:54:11.852 [root] Parsing for type-based bean rules: 22 - c.a.c.c.b.AnnotatedConfigParser.parse(192)
INFO  2026-08-06 02:54:11.869 [root] ActivityContext build completed in 236 ms - c.a.c.c.b.HybridActivityContextBuilder.doBuild(203)
DEBUG 2026-08-06 02:54:11.873 [root] Initialized TypeConverterRegistry@7164ca4c - c.a.c.c.AbstractComponent.initialize(80)
DEBUG 2026-08-06 02:54:11.874 [root] Initializing singletons in com.aspectran.core.component.bean.DefaultBeanRegistry@4f3bbf68 - c.a.c.c.b.AbstractBeanRegistry.instantiateSingletons(427)
DEBUG 2026-08-06 02:54:11.914 [root] com.aspectran.undertow.server.DefaultTowServer@289710d9 is STARTING - c.a.u.l.AbstractLifeCycle.setStarting(183)
INFO  2026-08-06 02:54:12.018 [root] XNIO version 3.8.16.Final - org.xnio.<clinit>(95)
INFO  2026-08-06 02:54:12.026 [root] XNIO NIO Implementation Version 3.8.16.Final - org.xnio.nio.<clinit>(58)
DEBUG 2026-08-06 02:54:12.162 [root] Initializing DefaultSessionManager@60cf80e7 {workerName=rn0, maxActiveSessions=9999, maxIdleSeconds=489, evictionIdleSeconds=258, maxIdleSecondsForNew=60, evictionIdleSecondsForNew=30, scavengingIntervalSeconds=90, clusterEnabled=false} - c.a.c.c.s.DefaultSessionManager.doInitialize(175)
DEBUG 2026-08-06 02:54:12.163 [root] DefaultSessionManager@60cf80e7(rn0) default maxIdleSecs=489 - c.a.c.c.s.AbstractSessionManager.setDefaultMaxIdleSecs(176)
DEBUG 2026-08-06 02:54:12.168 [root] Initialized FileSessionStore@2f2bf0e2 - c.a.c.c.AbstractComponent.initialize(80)
DEBUG 2026-08-06 02:54:12.169 [root] Initialized DefaultSessionCache@3bd7f8dc(rn0) - c.a.c.c.AbstractComponent.initialize(80)
DEBUG 2026-08-06 02:54:12.170 [root] com.aspectran.core.component.session.HouseKeeper@455351c4(rn0) is STARTING - c.a.u.l.AbstractLifeCycle.setStarting(183)
DEBUG 2026-08-06 02:54:12.173 [root] com.aspectran.core.component.session.HouseKeeper@455351c4(rn0) is STARTED - c.a.u.l.AbstractLifeCycle.setStarted(193)
DEBUG 2026-08-06 02:54:12.174 [root] Initialized DefaultSessionManager@60cf80e7(rn0) - c.a.c.c.AbstractComponent.initialize(80)
DEBUG 2026-08-06 02:54:12.179 [root] Register session listener com.aspectran.undertow.server.session.TowSessionListener@758f4f03 in DefaultSessionManager@60cf80e7(rn0) - c.a.c.c.s.AbstractSessionManager.addSessionListener(500)
DEBUG 2026-08-06 02:54:12.180 [root] Register session listener com.aspectran.undertow.server.session.TowSessionListener@6928f576 in DefaultSessionManager@60cf80e7(rn0) - c.a.c.c.s.AbstractSessionManager.addSessionListener(500)
DEBUG 2026-08-06 02:54:12.221 [root] Initializing DefaultSessionManager@ec2bf82 {workerName=cn0, maxActiveSessions=999, maxIdleSeconds=600, evictionIdleSeconds=300, scavengingIntervalSeconds=180, clusterEnabled=false} - c.a.c.c.s.DefaultSessionManager.doInitialize(175)
DEBUG 2026-08-06 02:54:12.222 [root] DefaultSessionManager@ec2bf82(cn0) default maxIdleSecs=600 - c.a.c.c.s.AbstractSessionManager.setDefaultMaxIdleSecs(176)
DEBUG 2026-08-06 02:54:12.223 [root] Initialized FileSessionStore@6cc0bcf6 - c.a.c.c.AbstractComponent.initialize(80)
DEBUG 2026-08-06 02:54:12.224 [root] Restored 1 sessions from FileSessionStore@6cc0bcf6 - c.a.c.c.s.DefaultSessionCache.doInitialize(130)
DEBUG 2026-08-06 02:54:12.225 [root] Initialized DefaultSessionCache@cc62a3b(cn0) - c.a.c.c.AbstractComponent.initialize(80)
DEBUG 2026-08-06 02:54:12.225 [root] com.aspectran.core.component.session.HouseKeeper@f5c79a6(cn0) is STARTING - c.a.u.l.AbstractLifeCycle.setStarting(183)
DEBUG 2026-08-06 02:54:12.226 [root] com.aspectran.core.component.session.HouseKeeper@f5c79a6(cn0) is STARTED - c.a.u.l.AbstractLifeCycle.setStarted(193)
DEBUG 2026-08-06 02:54:12.227 [root] Initialized DefaultSessionManager@ec2bf82(cn0) - c.a.c.c.AbstractComponent.initialize(80)
DEBUG 2026-08-06 02:54:12.228 [root] Register session listener com.aspectran.undertow.server.session.TowSessionListener@51a06cbe in DefaultSessionManager@ec2bf82(cn0) - c.a.c.c.s.AbstractSessionManager.addSessionListener(500)
DEBUG 2026-08-06 02:54:12.228 [root] Register session listener com.aspectran.undertow.server.session.TowSessionListener@49a64d82 in DefaultSessionManager@ec2bf82(cn0) - c.a.c.c.s.AbstractSessionManager.addSessionListener(500)
INFO  2026-08-06 02:54:12.242 [root] WebActivityServlet 'webActivityServlet' has been initialized. - c.a.w.s.WebActivityServlet.init(101)
INFO  2026-08-06 02:54:12.246 [root] TowResourceHandler includePatterns=[/console/assets/js/**, /console/assets/css/**, /console/assets/appmon/css/**, /console/assets/appmon/js/**] - c.a.u.s.h.r.TowResourceHandler.autoDetect(142)
INFO  2026-08-06 02:54:12.263 [root] WebActivityServlet 'webActivityServlet' has been initialized. - c.a.w.s.WebActivityServlet.init(101)
INFO  2026-08-06 02:54:12.265 [root] TowResourceHandler includePatterns=[/favicon.ico, /WEB-INF/**] - c.a.u.s.h.r.TowResourceHandler.autoDetect(142)
INFO  2026-08-06 02:54:12.305 [root] starting server: Undertow - 2.3.26.Final - io.undertow.start(120)
INFO  2026-08-06 02:54:12.351 [root] Undertow 2.3.26.Final started - c.a.u.server.DefaultTowServer.doStart(54)
DEBUG 2026-08-06 02:54:12.352 [root] com.aspectran.undertow.server.DefaultTowServer@289710d9 is STARTED - c.a.u.l.AbstractLifeCycle.setStarted(193)
DEBUG 2026-08-06 02:54:12.353 [root] Initialized DefaultBeanRegistry@4f3bbf68 - c.a.c.c.AbstractComponent.initialize(80)
DEBUG 2026-08-06 02:54:12.354 [root] Initialized AspectRuleRegistry@4642b71d - c.a.c.c.AbstractComponent.initialize(80)
DEBUG 2026-08-06 02:54:12.354 [root] Initialized ScheduleRuleRegistry@1450078a - c.a.c.c.AbstractComponent.initialize(80)
DEBUG 2026-08-06 02:54:12.355 [root] Initialized TransletRuleRegistry@c68a5f8 - c.a.c.c.AbstractComponent.initialize(80)
DEBUG 2026-08-06 02:54:12.355 [root] Initialized TemplateRuleRegistry@69c6161d - c.a.c.c.AbstractComponent.initialize(80)
DEBUG 2026-08-06 02:54:12.356 [root] Initialized DefaultTemplateRenderer@3aefae67 - c.a.c.c.AbstractComponent.initialize(80)
DEBUG 2026-08-06 02:54:12.357 [root] Unable to locate MessageSource with name 'messageSource': using default [com.aspectran.core.support.i18n.message.DelegatingMessageSource@41e1455d] - c.a.c.c.DefaultActivityContext.resolveMessageSource(347)
DEBUG 2026-08-06 02:54:12.358 [root] Initialized DefaultActivityContext@4d6f197e - c.a.c.c.AbstractComponent.initialize(80)
INFO  2026-08-06 02:54:12.360 [root] Started DefaultShellService@1b11171f(root) - c.a.c.s.AbstractServiceLifeCycle.start(121)
INFO  2026-08-06 02:54:12.360 [root] Starting DefaultWebService@66908383(root) - c.a.c.s.AbstractServiceLifeCycle.start(117)
INFO  2026-08-06 02:54:12.362 [root] Started DefaultWebService@66908383(root) - c.a.c.s.AbstractServiceLifeCycle.start(121)
INFO  2026-08-06 02:54:12.364 [root:console] Starting DefaultWebService@61e45f87 - c.a.c.s.AbstractServiceLifeCycle.start(117)
INFO  2026-08-06 02:54:12.365 [root:console] Building ActivityContext with context rules [classpath:com/aspectran/aspectow/console/config/rules/root.xml, /config/console/console-rules.xml] - c.a.c.c.b.HybridActivityContextBuilder.doBuild(120)
INFO  2026-08-06 02:54:12.365 [root:console] Base profiles [mariadb, demo, console.ui] - c.a.c.c.e.EnvironmentProfiles.setBaseProfiles(100)
INFO  2026-08-06 02:54:12.366 [root:console] Ignored base profiles [h2] - c.a.c.c.b.AbstractActivityContextBuilder.createEnvironmentProfiles(424)
INFO  2026-08-06 02:54:12.367 [root:console] Default profiles [dev] - c.a.c.c.e.EnvironmentProfiles.setDefaultProfiles(154)
INFO  2026-08-06 02:54:12.367 [root:console] Activating profiles [dev] - c.a.c.c.e.EnvironmentProfiles.setActiveProfiles(205)
INFO  2026-08-06 02:54:12.368 [root:console] Auto Components Scanning {basePackages=[com.aspectran.aspectow.appmon.engine, com.aspectran.aspectow.console.appmon, com.aspectran.aspectow.console.auth, com.aspectran.aspectow.console.cluster, com.aspectran.aspectow.console.commands, com.aspectran.aspectow.console.common, com.aspectran.aspectow.console.framework, com.aspectran.aspectow.console.home, com.aspectran.aspectow.console.scheduler, com.aspectran.aspectow.console.user, com.aspectran.aspectow.console.vault]} - c.a.c.c.bean.BeanRuleRegistry.scanConfigurableBeans(312)
DEBUG 2026-08-06 02:54:12.372 [root:console] Scanning components from /home/aspectran/projects/public/aspectow/appmon/target/classes/com/aspectran/aspectow/appmon/engine/ - c.aspectran.utils.ClassScanner.scan(128)
DEBUG 2026-08-06 02:54:12.429 [root:console] Scanning components from /home/aspectran/projects/public/aspectow/console/target/classes/com/aspectran/aspectow/console/appmon/ - c.aspectran.utils.ClassScanner.scan(128)
DEBUG 2026-08-06 02:54:12.431 [root:console] Scanning components from /home/aspectran/projects/public/aspectow/console/target/classes/com/aspectran/aspectow/console/auth/ - c.aspectran.utils.ClassScanner.scan(128)
DEBUG 2026-08-06 02:54:12.434 [root:console] Scanning components from /home/aspectran/projects/public/aspectow/console/target/classes/com/aspectran/aspectow/console/cluster/ - c.aspectran.utils.ClassScanner.scan(128)
DEBUG 2026-08-06 02:54:12.440 [root:console] Scanning components from /home/aspectran/projects/public/aspectow/console/target/classes/com/aspectran/aspectow/console/commands/ - c.aspectran.utils.ClassScanner.scan(128)
DEBUG 2026-08-06 02:54:12.445 [root:console] Scanning components from /home/aspectran/projects/public/aspectow/console/target/classes/com/aspectran/aspectow/console/common/ - c.aspectran.utils.ClassScanner.scan(128)
DEBUG 2026-08-06 02:54:12.454 [root:console] Scanning components from /home/aspectran/projects/public/aspectow/console/target/classes/com/aspectran/aspectow/console/framework/ - c.aspectran.utils.ClassScanner.scan(128)
DEBUG 2026-08-06 02:54:12.458 [root:console] Scanning components from /home/aspectran/projects/public/aspectow/console/target/classes/com/aspectran/aspectow/console/home/ - c.aspectran.utils.ClassScanner.scan(128)
DEBUG 2026-08-06 02:54:12.460 [root:console] Scanning components from /home/aspectran/projects/public/aspectow/console/target/classes/com/aspectran/aspectow/console/scheduler/ - c.aspectran.utils.ClassScanner.scan(128)
DEBUG 2026-08-06 02:54:12.464 [root:console] Scanning components from /home/aspectran/projects/public/aspectow/console/target/classes/com/aspectran/aspectow/console/user/ - c.aspectran.utils.ClassScanner.scan(128)
DEBUG 2026-08-06 02:54:12.466 [root:console] Scanning components from /home/aspectran/projects/public/aspectow/console/target/classes/com/aspectran/aspectow/console/vault/ - c.aspectran.utils.ClassScanner.scan(128)
DEBUG 2026-08-06 02:54:12.472 [root:console] Appending rules {resource=com/aspectran/aspectow/appmon/config/rules/scheduler.xml} - c.a.c.c.r.a.HybridRuleAppendHandler.handle(109)
DEBUG 2026-08-06 02:54:12.477 [root:console] Appending rules {resource=com/aspectran/aspectow/console/config/rules/db.xml} - c.a.c.c.r.a.HybridRuleAppendHandler.handle(109)
DEBUG 2026-08-06 02:54:12.486 [root:console] Appending rules {resource=com/aspectran/aspectow/console/config/rules/web.xml, profile=[console.ui, console.custom-ui]} - c.a.c.c.r.a.HybridRuleAppendHandler.handle(109)
DEBUG 2026-08-06 02:54:12.503 [root:console] Appending rules {resource=com/aspectran/aspectow/console/framework/asel-test-rules.xml, profile=[console.ui, console.custom-ui]} - c.a.c.c.r.a.HybridRuleAppendHandler.handle(109)
DEBUG 2026-08-06 02:54:12.509 [root:console] Appending rules {file=/config/console/node-rules.xml, format=xml} - c.a.c.c.r.a.HybridRuleAppendHandler.handle(109)
DEBUG 2026-08-06 02:54:12.517 [root:console] Appending rules {file=/config/console/appmon-rules.xml, format=xml} - c.a.c.c.r.a.HybridRuleAppendHandler.handle(109)
DEBUG 2026-08-06 02:54:12.520 [root:console] Parsing bean rules for annotated configurations: 45 - c.a.c.c.b.AnnotatedConfigParser.parse(158)
DEBUG 2026-08-06 02:54:12.604 [root:console] Parsing for ID-based bean rules: 29 - c.a.c.c.b.AnnotatedConfigParser.parse(176)
DEBUG 2026-08-06 02:54:12.614 [root:console] Parsing for type-based bean rules: 52 - c.a.c.c.b.AnnotatedConfigParser.parse(192)
INFO  2026-08-06 02:54:12.632 [root:console] ActivityContext build completed in 267 ms - c.a.c.c.b.HybridActivityContextBuilder.doBuild(203)
DEBUG 2026-08-06 02:54:12.633 [root:console] Initialized TypeConverterRegistry@74ad8d05 - c.a.c.c.AbstractComponent.initialize(80)
DEBUG 2026-08-06 02:54:12.634 [root:console] Initializing singletons in com.aspectran.core.component.bean.DefaultBeanRegistry@676ff3b0 - c.a.c.c.b.AbstractBeanRegistry.instantiateSingletons(427)
INFO  2026-08-06 02:54:12.663 [root:console] Using default implementation for ThreadExecutor - o.q.impl.StdSchedulerFactory.instantiate(1222)
INFO  2026-08-06 02:54:12.666 [root:console] Job execution threads will use class loader of thread: root:console - o.q.simpl.SimpleThreadPool.initialize(269)
INFO  2026-08-06 02:54:12.672 [root:console] Initialized Scheduler Signaller of type: class org.quartz.core.SchedulerSignalerImpl - o.q.core.SchedulerSignalerImpl.<init>(62)
INFO  2026-08-06 02:54:12.673 [root:console] Quartz Scheduler v2.5.2 created. - o.quartz.core.QuartzScheduler.<init>(224)
INFO  2026-08-06 02:54:12.674 [root:console] RAMJobStore initialized. - org.quartz.simpl.RAMJobStore.initialize(152)
INFO  2026-08-06 02:54:12.675 [root:console] Scheduler meta-data: Quartz Scheduler (v2.5.2) 'AppmonScheduler' with instanceId 'NON_CLUSTERED'
  Scheduler class: 'org.quartz.core.QuartzScheduler' - running locally.
  NOT STARTED.
  Currently in standby mode.
  Number of jobs executed: 0
  Using thread pool 'org.quartz.simpl.SimpleThreadPool' - with 1 threads.
  Using job-store 'org.quartz.simpl.RAMJobStore' - which does not support persistence. and is not clustered.
 - o.quartz.core.QuartzScheduler.initialize(289)
INFO  2026-08-06 02:54:12.676 [root:console] Quartz scheduler 'AppmonScheduler' initialized from an externally provided properties instance. - o.q.impl.StdSchedulerFactory.instantiate(1376)
INFO  2026-08-06 02:54:12.676 [root:console] Quartz scheduler version: 2.5.2 - o.q.impl.StdSchedulerFactory.instantiate(1378)
DEBUG 2026-08-06 02:54:12.679 [root:console] IGNORED - Invalid properties resource; java.io.IOException: Could not find resource com/aspectran/aspectow/console/config/db/aspectow-console.db-mariadb.properties - c.a.u.PropertiesLoaderSupport.loadProperties(152)
DEBUG 2026-08-06 02:54:12.679 [root:console] IGNORED - Invalid properties resource; java.io.IOException: Could not find resource com/aspectran/aspectow/console/config/db/aspectow-console.db-mariadb.system.properties - c.a.u.PropertiesLoaderSupport.loadProperties(152)
DEBUG 2026-08-06 02:54:13.211 [root:console] Unable to locate MessageSource with name 'messageSource': using default [com.aspectran.core.support.i18n.message.DelegatingMessageSource@73a8e994] - c.a.c.c.DefaultActivityContext.resolveMessageSource(347)
INFO  2026-08-06 02:54:13.292 [root:console] Current Node: localhost-console1 (Host: juhoN21) - c.a.a.n.m.NodeManagerBuilder.build(169)
INFO  2026-08-06 02:54:13.913 [root:console] Registered group info to Redis: aspectow:cluster:groups:cluster1 (Group: console) - c.a.a.n.m.NodeManagerBuilder.build(210)
INFO  2026-08-06 02:54:13.923 [root:console] Registered RedisScheduledJobLockProvider for cluster-wide job locking - c.a.a.n.m.NodeManagerBuilder.build(247)
INFO  2026-08-06 02:54:13.924 [root:console] Initializing NodeReporter for cluster: cluster1, node: localhost-console1 - c.a.a.n.manager.NodeReporter.start(70)
DEBUG 2026-08-06 02:54:13.927 [root:console] Registering node 'localhost-console1' in Redis hash 'aspectow:cluster:nodes:cluster1': {id=localhost-console1, group=console, host=juhoN21, port=8082, status=live, endpoint={path=/nodes}, token=TwlzlSam_9gRrhJZmM5-YvAQcLhFHyFd7K6dg5d8C8X6CQIp73Gr--cTh7xcstWHmu-2rnhL8MF6Lh_6huXY0VldbDFFtb9I, hasNodeManager=true, hasSchedulerManager=true, hasCommandManager=true} - c.a.a.n.manager.NodeReporter.registerNode(141)
INFO  2026-08-06 02:54:14.106 [root:console] NodeMessageSubscriber initialized and subscribed to pattern: aspectow:cluster:*:*:cluster1:localhost-console1:* - c.a.a.n.m.NodeMessageSubscriber.start(140)
INFO  2026-08-06 02:54:14.155 [root:console] ClusterEventSubscriber initialized and subscribed to channel: aspectow:cluster:event:cluster1 - c.a.a.n.m.ClusterEventSubscriber.start(121)
INFO  2026-08-06 02:54:14.156 [root:console] Initializing RemoteNodeManager for node: localhost-console1 - c.a.a.n.m.n.RemoteNodeManager.initialize(63)
INFO  2026-08-06 02:54:14.157 [root:console] Initializing RemoteSchedulerManager for node: localhost-console1 - c.a.a.n.m.s.RemoteSchedulerManager.initialize(113)
INFO  2026-08-06 02:54:14.158 [root:console] Initializing RemoteCommandManager for node: localhost-console1 - c.a.a.n.m.c.RemoteCommandManager.initialize(74)
DEBUG 2026-08-06 02:54:14.188 [root:console] Registered AspectRule {id=consoleTxAspect, order=0, joinpoint={target=activity, pointcut={type=wildcard, patterns=[{type=wildcard, pattern=@class:com.aspectran.aspectow.console.common.db.tx.ConsoleSqlSession}]}}, advices=[{type=before, action={instance=com.aspectran.mybatis.SqlSessionAdviceRegister$$Lambda/0x0000000056622460@66b6873f}}, {type=after, action={instance=com.aspectran.mybatis.SqlSessionAdviceRegister$$Lambda/0x00000000566226c0@52285a5f}}, {type=finally, action={instance=com.aspectran.mybatis.SqlSessionAdviceRegister$$Lambda/0x0000000056622b80@4fa5cc73}}]} - c.a.m.SqlSessionAdviceRegister.register(294)
INFO  2026-08-06 02:54:14.209 [root:console] Registered app info to Redis: aspectow:cluster:apps:cluster1:console (Apps: []) - c.a.a.a.e.m.AppMonManagerBuilder.build(167)
DEBUG 2026-08-06 02:54:14.220 [root:console] Registered AspectRule {id=consoleBatchTxAspect, order=0, joinpoint={target=activity, pointcut={type=wildcard, patterns=[{type=wildcard, pattern=@class:com.aspectran.aspectow.console.common.db.tx.ConsoleBatchSqlSession}]}}, advices=[{type=before, action={instance=com.aspectran.mybatis.SqlSessionAdviceRegister$$Lambda/0x0000000056622460@12f8682a}}, {type=after, action={instance=com.aspectran.mybatis.SqlSessionAdviceRegister$$Lambda/0x00000000566226c0@6f7a20da}}, {type=finally, action={instance=com.aspectran.mybatis.SqlSessionAdviceRegister$$Lambda/0x0000000056622b80@7752c0e7}}]} - c.a.m.SqlSessionAdviceRegister.register(294)
DEBUG 2026-08-06 02:54:14.227 [root:console] Registered AspectRule {id=consoleReuseTxAspect, order=0, joinpoint={target=activity, pointcut={type=wildcard, patterns=[{type=wildcard, pattern=@class:com.aspectran.aspectow.console.common.db.tx.ConsoleReuseSqlSession}]}}, advices=[{type=before, action={instance=com.aspectran.mybatis.SqlSessionAdviceRegister$$Lambda/0x0000000056622460@5613247e}}, {type=after, action={instance=com.aspectran.mybatis.SqlSessionAdviceRegister$$Lambda/0x00000000566226c0@6851b296}}, {type=finally, action={instance=com.aspectran.mybatis.SqlSessionAdviceRegister$$Lambda/0x0000000056622b80@9e50283}}]} - c.a.m.SqlSessionAdviceRegister.register(294)
DEBUG 2026-08-06 02:54:14.230 [root:console] Initialized PollingSessionManager@2d07aacc - c.a.c.c.AbstractComponent.initialize(80)
INFO  2026-08-06 02:54:14.238 [root:console] CounterPersistSchedule is dynamically set to run every 5 minutes - c.a.a.a.e.s.CounterPersistSchedule.initialize(115)
DEBUG 2026-08-06 02:54:14.242 [root:console] Initialized DefaultBeanRegistry@676ff3b0 - c.a.c.c.AbstractComponent.initialize(80)
DEBUG 2026-08-06 02:54:14.242 [root:console] Initialized AspectRuleRegistry@29b8df5 - c.a.c.c.AbstractComponent.initialize(80)
DEBUG 2026-08-06 02:54:14.242 [root:console] Initialized ScheduleRuleRegistry@20890a1a - c.a.c.c.AbstractComponent.initialize(80)
DEBUG 2026-08-06 02:54:14.243 [root:console] Initialized TransletRuleRegistry@70a24f9 - c.a.c.c.AbstractComponent.initialize(80)
DEBUG 2026-08-06 02:54:14.243 [root:console] Initialized TemplateRuleRegistry@78bad03b - c.a.c.c.AbstractComponent.initialize(80)
DEBUG 2026-08-06 02:54:14.243 [root:console] Initialized DefaultTemplateRenderer@26101efc - c.a.c.c.AbstractComponent.initialize(80)
DEBUG 2026-08-06 02:54:14.244 [root:console] Initialized DefaultActivityContext@4e2109fe - c.a.c.c.AbstractComponent.initialize(80)
INFO  2026-08-06 02:54:14.246 [root:console] Started DefaultWebService@61e45f87(console) - c.a.c.s.AbstractServiceLifeCycle.start(121)
INFO  2026-08-06 02:54:14.247 [root:console] Starting DefaultSchedulerService@761f234c - c.a.c.s.AbstractServiceLifeCycle.start(117)
INFO  2026-08-06 02:54:14.254 [root:console] Starting scheduler 'AppmonScheduler' - c.a.c.s.s.AbstractSchedulerService.doStart(192)
INFO  2026-08-06 02:54:14.255 [root:console] Started DefaultSchedulerService@761f234c - c.a.c.s.AbstractServiceLifeCycle.start(121)
DEBUG 2026-08-06 02:54:14.256 [root:console] Registering @ServerEndpoint: class com.aspectran.aspectow.appmon.engine.relay.websocket.WebsocketMessageRelayer - c.a.w.w.j.ServerEndpointExporter.registerEndpoint(122)
INFO  2026-08-06 02:54:14.258 [root:console] UT026003: Adding annotated server endpoint class com.aspectran.aspectow.appmon.engine.relay.websocket.WebsocketMessageRelayer for path /nodes/{nodeId}/appmon/websocket/{token} - io.undertow.websockets.jsr.addEndpointInternal(647)
DEBUG 2026-08-06 02:54:14.262 [root:console] Registering @ServerEndpoint: class com.aspectran.aspectow.console.cluster.bridge.websocket.WebsocketNodeBridge - c.a.w.w.j.ServerEndpointExporter.registerEndpoint(122)
INFO  2026-08-06 02:54:14.263 [root:console] UT026003: Adding annotated server endpoint class com.aspectran.aspectow.console.cluster.bridge.websocket.WebsocketNodeBridge for path /nodes/{nodeId}/websocket/{token} - io.undertow.websockets.jsr.addEndpointInternal(647)
DEBUG 2026-08-06 02:54:14.263 [root:console] Registering @ServerEndpoint: class com.aspectran.aspectow.console.commands.bridge.websocket.WebsocketCommandBridge - c.a.w.w.j.ServerEndpointExporter.registerEndpoint(122)
INFO  2026-08-06 02:54:14.263 [root:console] UT026003: Adding annotated server endpoint class com.aspectran.aspectow.console.commands.bridge.websocket.WebsocketCommandBridge for path /nodes/{nodeId}/commands/websocket/{token} - io.undertow.websockets.jsr.addEndpointInternal(647)
DEBUG 2026-08-06 02:54:14.264 [root:console] Registering @ServerEndpoint: class com.aspectran.aspectow.console.scheduler.bridge.websocket.WebsocketSchedulerBridge - c.a.w.w.j.ServerEndpointExporter.registerEndpoint(122)
INFO  2026-08-06 02:54:14.264 [root:console] UT026003: Adding annotated server endpoint class com.aspectran.aspectow.console.scheduler.bridge.websocket.WebsocketSchedulerBridge for path /nodes/{nodeId}/scheduler/websocket/{token} - io.undertow.websockets.jsr.addEndpointInternal(647)
DEBUG 2026-08-06 02:54:14.265 [root] Initializing DefaultSessionManager@646e6d07 {workerName=shell, maxActiveSessions=1, maxIdleSeconds=1800, scavengingIntervalSeconds=600, fileStore={storeDir=/work/_sessions/shell, nonPersistentAttributes=[]}, enabled=true} - c.a.c.c.s.DefaultSessionManager.doInitialize(175)
DEBUG 2026-08-06 02:54:14.265 [root] DefaultSessionManager@646e6d07(shell) default maxIdleSecs=1800 - c.a.c.c.s.AbstractSessionManager.setDefaultMaxIdleSecs(176)
DEBUG 2026-08-06 02:54:14.266 [root] Initialized FileSessionStore@652b3733 - c.a.c.c.AbstractComponent.initialize(80)
DEBUG 2026-08-06 02:54:14.266 [root] Initialized DefaultSessionCache@5501d1c8(shell) - c.a.c.c.AbstractComponent.initialize(80)
DEBUG 2026-08-06 02:54:14.266 [root] com.aspectran.core.component.session.HouseKeeper@371cd2fc(shell) is STARTING - c.a.u.l.AbstractLifeCycle.setStarting(183)
DEBUG 2026-08-06 02:54:14.267 [root] com.aspectran.core.component.session.HouseKeeper@371cd2fc(shell) is STARTED - c.a.u.l.AbstractLifeCycle.setStarted(193)
DEBUG 2026-08-06 02:54:14.267 [root] Initialized DefaultSessionManager@646e6d07(shell) - c.a.c.c.AbstractComponent.initialize(80)
DEBUG 2026-08-06 02:54:14.269 [root] Advice {type=before, action={echo={attributes=[data]}}} - c.a.c.activity.AdviceActivity.executeAdvice(351)
DEBUG 2026-08-06 02:54:14.273 [root] Destroy request scoped beans from RequestScope@2c0dca15 - c.a.c.c.b.scope.AbstractScope.destroy(112)
INFO  2026-08-06 02:54:16.256 [Thread-0] Scheduler AppmonScheduler_$_NON_CLUSTERED started. - o.quartz.core.QuartzScheduler.start(541)
DEBUG 2026-08-06 02:58:09.331 [cmd-sysinfo#85089314] Executing local daemon command: command: sysinfo
arguments: {
  item: {
    value: mem
  }
}
 - c.a.a.n.m.c.RemoteCommandManager.lambda$executeLocally$0(212)
INFO  2026-08-06 02:58:09.334 [cmd-sysinfo#85089314] No active DaemonService found; starting a new one based on root service [DefaultShellService@1b11171f(root)] - c.a.a.n.m.c.LocalCommandService.setupDaemonService(66)
INFO  2026-08-06 02:58:09.355 [cmd-sysinfo#85089314] Starting DefaultDaemonService@2e7189a0(root) - c.a.c.s.AbstractServiceLifeCycle.start(117)
INFO  2026-08-06 02:58:09.358 [cmd-sysinfo#85089314] Started DefaultDaemonService@2e7189a0(root) - c.a.c.s.AbstractServiceLifeCycle.start(121)
INFO  2026-08-06 02:58:09.358 [DefaultDaemonService@2e7189a0(root)-polling] Polling thread for File Commander started - c.a.d.s.AbstractDaemonService.lambda$startPollingThread$0(251)
DEBUG 2026-08-06 02:58:09.358 [cmd-sysinfo#85089314] Initializing DefaultSessionManager@5011b6dc {workerName=daemon, enabled=true} - c.a.c.c.s.DefaultSessionManager.doInitialize(175)
DEBUG 2026-08-06 02:58:09.359 [cmd-sysinfo#85089314] Initialized DefaultSessionCache@77aacda5(daemon) - c.a.c.c.AbstractComponent.initialize(80)
DEBUG 2026-08-06 02:58:09.359 [cmd-sysinfo#85089314] com.aspectran.core.component.session.HouseKeeper@3256fa3c(daemon) is STARTING - c.a.u.l.AbstractLifeCycle.setStarting(183)
INFO  2026-08-06 02:58:09.360 [cmd-sysinfo#85089314] DefaultSessionManager@5011b6dc(daemon) scavenging disabled - c.a.c.c.session.HouseKeeper.setScavengingInterval(92)
DEBUG 2026-08-06 02:58:09.361 [cmd-sysinfo#85089314] com.aspectran.core.component.session.HouseKeeper@3256fa3c(daemon) is STARTED - c.a.u.l.AbstractLifeCycle.setStarted(193)
DEBUG 2026-08-06 02:58:09.361 [cmd-sysinfo#85089314] Initialized DefaultSessionManager@5011b6dc(daemon) - c.a.c.c.AbstractComponent.initialize(80)
DEBUG 2026-08-06 03:03:02.238 [TOW task-5] GET / HTTP/1.1 0:0:0:0:0:0:0:1 - c.a.w.s.DefaultWebService.service(87)
DEBUG 2026-08-06 03:03:02.239 [TOW task-5] Response {code=404} - c.a.w.s.DefaultWebService.sendError(258)
DEBUG 2026-08-06 03:03:43.571 [shutdown] Running all shutdown-hook tasks: 1 - c.aspectran.utils.ShutdownHook.runTasks(147)
DEBUG 2026-08-06 03:03:43.572 [shutdown] Running task [1/1]: Stop DefaultShellService@1b11171f(root) - c.aspectran.utils.ShutdownHook.runTasks(156)
DEBUG 2026-08-06 03:03:43.572 [root] com.aspectran.core.component.session.HouseKeeper@371cd2fc(shell) is STOPPING - c.a.u.l.AbstractLifeCycle.setStopping(203)
DEBUG 2026-08-06 03:03:43.573 [root] com.aspectran.core.component.session.HouseKeeper@371cd2fc {scavengingInterval=600000} used by DefaultSessionManager@646e6d07(shell) is STOPPED - c.a.u.l.AbstractLifeCycle.setStopped(213)
DEBUG 2026-08-06 03:03:43.573 [root] Destroyed FileSessionStore@652b3733 - c.a.c.c.AbstractComponent.destroy(99)
DEBUG 2026-08-06 03:03:43.574 [root] Destroyed DefaultSessionCache@5501d1c8(shell) - c.a.c.c.AbstractComponent.destroy(99)
DEBUG 2026-08-06 03:03:43.574 [root] Destroyed DefaultSessionManager@646e6d07(shell) - c.a.c.c.AbstractComponent.destroy(99)
INFO  2026-08-06 03:03:43.575 [root] Stopping DefaultWebService@66908383(root) - c.a.c.s.AbstractServiceLifeCycle.stop(164)
INFO  2026-08-06 03:03:43.575 [root] Stopped DefaultWebService@66908383(root) - c.a.c.s.AbstractServiceLifeCycle.stop(168)
INFO  2026-08-06 03:03:43.577 [root:console] Stopping DefaultSchedulerService@761f234c - c.a.c.s.AbstractServiceLifeCycle.stop(164)
INFO  2026-08-06 03:03:43.577 [root:console] Shutting down the scheduler 'AppmonScheduler' with waitForJobsToComplete=true - c.a.c.s.s.AbstractSchedulerService.doStop(218)
INFO  2026-08-06 03:03:43.577 [root:console] Scheduler AppmonScheduler_$_NON_CLUSTERED shutting down. - o.quartz.core.QuartzScheduler.shutdown(656)
INFO  2026-08-06 03:03:43.578 [root:console] Scheduler AppmonScheduler_$_NON_CLUSTERED paused. - o.quartz.core.QuartzScheduler.standby(576)
INFO  2026-08-06 03:03:44.059 [root:console] Scheduler AppmonScheduler_$_NON_CLUSTERED shutdown complete. - o.quartz.core.QuartzScheduler.shutdown(728)
INFO  2026-08-06 03:03:44.059 [root:console] Stopped DefaultSchedulerService@761f234c - c.a.c.s.AbstractServiceLifeCycle.stop(168)
INFO  2026-08-06 03:03:44.060 [root:console] Stopping DefaultWebService@61e45f87(console) - c.a.c.s.AbstractServiceLifeCycle.stop(164)
DEBUG 2026-08-06 03:03:44.060 [root:console] Destroying all cached resources... - c.a.c.s.DefaultCoreService.destroyActivityContext(176)
DEBUG 2026-08-06 03:03:44.061 [root:console] Destroying singletons in com.aspectran.core.component.bean.DefaultBeanRegistry@676ff3b0 - c.a.c.c.b.AbstractBeanRegistry.destroySingletons(464)
DEBUG 2026-08-06 03:03:44.061 [root:console] Destroy singleton scoped beans from SingletonScope@11592f62 - c.a.c.c.b.scope.AbstractScope.destroy(112)
DEBUG 2026-08-06 03:03:44.062 [root:console] Destroyed PollingSessionManager@2d07aacc - c.a.c.c.AbstractComponent.destroy(99)
INFO  2026-08-06 03:03:44.062 [root:console] Stopping NodeReporter for node: localhost-console1 - c.a.a.n.manager.NodeReporter.stop(95)
DEBUG 2026-08-06 03:03:44.063 [root:console] Registering node 'localhost-console1' in Redis hash 'aspectow:cluster:nodes:cluster1': {id=localhost-console1, group=console, host=juhoN21, port=8082, status=stopping, endpoint={path=/nodes}, token=DlvnoWDvTDUAny6yYs0--t3q1QDhSaCRJw4SZClGApQ5632u4RpBR8-hNi3_P-vjL0HB8eT9ZgZyb2Om-FhZ7dp2omMNZR2H, hasNodeManager=true, hasSchedulerManager=true, hasCommandManager=true} - c.a.a.n.manager.NodeReporter.registerNode(141)
DEBUG 2026-08-06 03:03:44.077 [root:console] Unregistering node 'localhost-console1' from cluster 'cluster1' - c.a.a.n.manager.NodeReporter.unregisterNode(212)
INFO  2026-08-06 03:03:44.104 [root:console] Cleaning up orphaned group metadata: console (Cluster: cluster1) - c.a.a.n.manager.NodeRegistry.cleanupOrphanedGroups(324)
INFO  2026-08-06 03:03:44.126 [root:console] Closing Redis connection pool for node: localhost-console1 - c.a.a.node.manager.NodeManager.destroy(343)
INFO  2026-08-06 03:03:44.142 [root:console] NodeManager destroyed successfully for node: localhost-console1 - c.a.a.node.manager.NodeManager.destroy(350)
DEBUG 2026-08-06 03:03:44.142 [root:console] Destroyed DefaultBeanRegistry@676ff3b0 - c.a.c.c.AbstractComponent.destroy(99)
DEBUG 2026-08-06 03:03:44.142 [root:console] Destroyed TemplateRuleRegistry@78bad03b - c.a.c.c.AbstractComponent.destroy(99)
DEBUG 2026-08-06 03:03:44.142 [root:console] Destroyed DefaultTemplateRenderer@26101efc - c.a.c.c.AbstractComponent.destroy(99)
DEBUG 2026-08-06 03:03:44.143 [root:console] Destroyed TransletRuleRegistry@70a24f9 - c.a.c.c.AbstractComponent.destroy(99)
DEBUG 2026-08-06 03:03:44.143 [root:console] Destroyed ScheduleRuleRegistry@20890a1a - c.a.c.c.AbstractComponent.destroy(99)
DEBUG 2026-08-06 03:03:44.143 [root:console] Destroyed AspectRuleRegistry@29b8df5 - c.a.c.c.AbstractComponent.destroy(99)
DEBUG 2026-08-06 03:03:44.144 [root:console] Destroyed TypeConverterRegistry@74ad8d05 - c.a.c.c.AbstractComponent.destroy(99)
DEBUG 2026-08-06 03:03:44.144 [root:console] Destroyed DefaultActivityContext@4e2109fe - c.a.c.c.AbstractComponent.destroy(99)
INFO  2026-08-06 03:03:44.144 [root:console] Stopped DefaultWebService@61e45f87 - c.a.c.s.AbstractServiceLifeCycle.stop(168)
DEBUG 2026-08-06 03:03:44.144 [root] com.aspectran.core.component.session.HouseKeeper@3256fa3c(daemon) is STOPPING - c.a.u.l.AbstractLifeCycle.setStopping(203)
DEBUG 2026-08-06 03:03:44.145 [root] com.aspectran.core.component.session.HouseKeeper@3256fa3c {scavengingInterval=0} used by DefaultSessionManager@5011b6dc(daemon) is STOPPED - c.a.u.l.AbstractLifeCycle.setStopped(213)
DEBUG 2026-08-06 03:03:44.145 [root] Destroyed DefaultSessionCache@77aacda5(daemon) - c.a.c.c.AbstractComponent.destroy(99)
DEBUG 2026-08-06 03:03:44.145 [root] Destroyed DefaultSessionManager@5011b6dc(daemon) - c.a.c.c.AbstractComponent.destroy(99)
INFO  2026-08-06 03:03:44.146 [root] Stopping DefaultDaemonService@2e7189a0(root) - c.a.c.s.AbstractServiceLifeCycle.stop(164)
INFO  2026-08-06 03:03:44.146 [DefaultDaemonService@2e7189a0(root)-polling] Polling thread for File Commander finished - c.a.d.s.AbstractDaemonService.lambda$startPollingThread$0(262)
INFO  2026-08-06 03:03:44.146 [root] Stopped DefaultDaemonService@2e7189a0(root) - c.a.c.s.AbstractServiceLifeCycle.stop(168)
INFO  2026-08-06 03:03:44.147 [root] Stopping DefaultShellService@1b11171f(root) - c.a.c.s.AbstractServiceLifeCycle.stop(164)
DEBUG 2026-08-06 03:03:44.147 [root] Destroying all cached resources... - c.a.c.s.DefaultCoreService.destroyActivityContext(176)
DEBUG 2026-08-06 03:03:44.147 [root] Destroying singletons in com.aspectran.core.component.bean.DefaultBeanRegistry@4f3bbf68 - c.a.c.c.b.AbstractBeanRegistry.destroySingletons(464)
DEBUG 2026-08-06 03:03:44.147 [root] Destroy singleton scoped beans from SingletonScope@ec15453 - c.a.c.c.b.scope.AbstractScope.destroy(112)
DEBUG 2026-08-06 03:03:44.148 [root] com.aspectran.undertow.server.DefaultTowServer@289710d9 is STOPPING - c.a.u.l.AbstractLifeCycle.setStopping(203)
INFO  2026-08-06 03:03:44.149 [root] WebActivityServlet 'webActivityServlet' has been destroyed. - c.a.w.s.WebActivityServlet.destroy(141)
DEBUG 2026-08-06 03:03:44.150 [root] com.aspectran.core.component.session.HouseKeeper@f5c79a6(cn0) is STOPPING - c.a.u.l.AbstractLifeCycle.setStopping(203)
DEBUG 2026-08-06 03:03:44.150 [root] com.aspectran.core.component.session.HouseKeeper@f5c79a6 {scavengingInterval=180000} used by DefaultSessionManager@ec2bf82(cn0) is STOPPED - c.a.u.l.AbstractLifeCycle.setStopped(213)
DEBUG 2026-08-06 03:03:44.152 [root] Destroyed FileSessionStore@6cc0bcf6 - c.a.c.c.AbstractComponent.destroy(99)
DEBUG 2026-08-06 03:03:44.152 [root] Destroyed DefaultSessionCache@cc62a3b(cn0) - c.a.c.c.AbstractComponent.destroy(99)
DEBUG 2026-08-06 03:03:44.152 [root] Destroyed DefaultSessionManager@ec2bf82(cn0) - c.a.c.c.AbstractComponent.destroy(99)
INFO  2026-08-06 03:03:44.153 [root] WebActivityServlet 'webActivityServlet' has been destroyed. - c.a.w.s.WebActivityServlet.destroy(141)
DEBUG 2026-08-06 03:03:44.153 [root] com.aspectran.core.component.session.HouseKeeper@455351c4(rn0) is STOPPING - c.a.u.l.AbstractLifeCycle.setStopping(203)
DEBUG 2026-08-06 03:03:44.154 [root] com.aspectran.core.component.session.HouseKeeper@455351c4 {scavengingInterval=90000} used by DefaultSessionManager@60cf80e7(rn0) is STOPPED - c.a.u.l.AbstractLifeCycle.setStopped(213)
DEBUG 2026-08-06 03:03:44.154 [root] Destroyed FileSessionStore@2f2bf0e2 - c.a.c.c.AbstractComponent.destroy(99)
DEBUG 2026-08-06 03:03:44.154 [root] Destroyed DefaultSessionCache@3bd7f8dc(rn0) - c.a.c.c.AbstractComponent.destroy(99)
DEBUG 2026-08-06 03:03:44.155 [root] Destroyed DefaultSessionManager@60cf80e7(rn0) - c.a.c.c.AbstractComponent.destroy(99)
INFO  2026-08-06 03:03:44.156 [root] stopping server: Undertow - 2.3.26.Final - io.undertow.stop(259)
INFO  2026-08-06 03:03:44.160 [root] Undertow 2.3.26.Final stopped - c.a.u.server.DefaultTowServer.doStop(79)
DEBUG 2026-08-06 03:03:44.161 [root] com.aspectran.undertow.server.DefaultTowServer@289710d9 is STOPPED - c.a.u.l.AbstractLifeCycle.setStopped(213)
DEBUG 2026-08-06 03:03:44.161 [root] Destroyed DefaultBeanRegistry@4f3bbf68 - c.a.c.c.AbstractComponent.destroy(99)
DEBUG 2026-08-06 03:03:44.161 [root] Destroyed TemplateRuleRegistry@69c6161d - c.a.c.c.AbstractComponent.destroy(99)
DEBUG 2026-08-06 03:03:44.162 [root] Destroyed DefaultTemplateRenderer@3aefae67 - c.a.c.c.AbstractComponent.destroy(99)
DEBUG 2026-08-06 03:03:44.162 [root] Destroyed TransletRuleRegistry@c68a5f8 - c.a.c.c.AbstractComponent.destroy(99)
DEBUG 2026-08-06 03:03:44.162 [root] Destroyed ScheduleRuleRegistry@1450078a - c.a.c.c.AbstractComponent.destroy(99)
DEBUG 2026-08-06 03:03:44.163 [root] Destroyed AspectRuleRegistry@4642b71d - c.a.c.c.AbstractComponent.destroy(99)
DEBUG 2026-08-06 03:03:44.163 [root] Destroyed TypeConverterRegistry@7164ca4c - c.a.c.c.AbstractComponent.destroy(99)
DEBUG 2026-08-06 03:03:44.163 [root] Destroyed DefaultActivityContext@4d6f197e - c.a.c.c.AbstractComponent.destroy(99)
INFO  2026-08-06 03:03:44.163 [root] Stopped DefaultShellService@1b11171f - c.a.c.s.AbstractServiceLifeCycle.stop(168)
DEBUG 2026-08-06 03:03:44.164 [shutdown] Releasing lock on /home/aspectran/projects/public/aspectow-demo-console/app/.lock - c.aspectran.utils.FileLocker.release(142)
DEBUG 2026-08-06 03:03:44.165 [shutdown] Removed shutdown-hook: Thread[#28,shutdown,5,main] - c.aspectran.utils.ShutdownHook.run(68)
DEBUG 2026-08-06 03:03:49.525 [main] Acquiring lock on /home/aspectran/projects/public/aspectow-demo-console/app/.lock - c.aspectran.utils.FileLocker.lock(93)
DEBUG 2026-08-06 03:03:49.598 [main] Successfully wrote PID 16562 to /home/aspectran/projects/public/aspectow-demo-console/app/.lock - c.aspectran.utils.FileLocker.lock(121)
DEBUG 2026-08-06 03:03:49.600 [main] Registering shutdown-hook: Thread[#28,shutdown,5,main] - c.aspectran.utils.ShutdownHook.registerHook(112)
DEBUG 2026-08-06 03:03:49.602 [main] Adding shutdown-hook task: Stop DefaultShellService@27f981c6 - c.aspectran.utils.ShutdownHook.addTask(76)
INFO  2026-08-06 03:03:49.603 [root] Starting DefaultShellService@27f981c6 - c.a.c.s.AbstractServiceLifeCycle.start(117)
INFO  2026-08-06 03:03:49.604 [root] Building ActivityContext with context rules [/config/app-description.xml, /config/aspectran-rules.xml, /config/server/server.xml] - c.a.c.c.b.HybridActivityContextBuilder.doBuild(120)
DEBUG 2026-08-06 03:03:49.605 [root] Running in an IDE environment, so the resource locations [/home/aspectran/projects/public/aspectow-demo-console/app/lib/ext] will be ignored to avoid class loading conflicts - c.a.c.c.b.AbstractActivityContextBuilder.createSiblingClassLoader(387)
DEBUG 2026-08-06 03:03:49.607 [root] Sweeping /home/aspectran/projects/public/aspectow-demo-console/app/work/* for old resource files - c.a.c.c.r.LocalResourceManager.sweepWorkResourceFiles(236)
INFO  2026-08-06 03:03:49.613 [root] Default profiles [dev] - c.a.c.c.e.EnvironmentProfiles.setDefaultProfiles(154)
INFO  2026-08-06 03:03:49.614 [root] Activating profiles [dev] - c.a.c.c.e.EnvironmentProfiles.setActiveProfiles(205)
DEBUG 2026-08-06 03:03:49.713 [root] Appending rules {file=/config/server/undertow/tow-server.xml, format=xml} - c.a.c.c.r.a.HybridRuleAppendHandler.handle(109)
DEBUG 2026-08-06 03:03:49.740 [root] Appending rules {file=/config/server/undertow/tow-context-root.xml, format=xml} - c.a.c.c.r.a.HybridRuleAppendHandler.handle(109)
DEBUG 2026-08-06 03:03:49.758 [root] Appending rules {file=/config/server/undertow/tow-context-console.xml, format=xml} - c.a.c.c.r.a.HybridRuleAppendHandler.handle(109)
DEBUG 2026-08-06 03:03:49.764 [root] Appending rules {resource=com/aspectran/aspectow/console/config/rules/context/tow-context-console.xml} - c.a.c.c.r.a.HybridRuleAppendHandler.handle(109)
DEBUG 2026-08-06 03:03:49.775 [root] Appending rules {file=/config/server/undertow/tow-support.xml, format=xml} - c.a.c.c.r.a.HybridRuleAppendHandler.handle(109)
DEBUG 2026-08-06 03:03:49.789 [root] Parsing for ID-based bean rules: 14 - c.a.c.c.b.AnnotatedConfigParser.parse(176)
DEBUG 2026-08-06 03:03:49.830 [root] Parsing for type-based bean rules: 22 - c.a.c.c.b.AnnotatedConfigParser.parse(192)
INFO  2026-08-06 03:03:49.846 [root] ActivityContext build completed in 241 ms - c.a.c.c.b.HybridActivityContextBuilder.doBuild(203)
DEBUG 2026-08-06 03:03:49.851 [root] Initialized TypeConverterRegistry@479460a6 - c.a.c.c.AbstractComponent.initialize(80)
DEBUG 2026-08-06 03:03:49.852 [root] Initializing singletons in com.aspectran.core.component.bean.DefaultBeanRegistry@7164ca4c - c.a.c.c.b.AbstractBeanRegistry.instantiateSingletons(427)
DEBUG 2026-08-06 03:03:49.897 [root] com.aspectran.undertow.server.DefaultTowServer@3da30852 is STARTING - c.a.u.l.AbstractLifeCycle.setStarting(183)
INFO  2026-08-06 03:03:50.017 [root] XNIO version 3.8.16.Final - org.xnio.<clinit>(95)
INFO  2026-08-06 03:03:50.025 [root] XNIO NIO Implementation Version 3.8.16.Final - org.xnio.nio.<clinit>(58)
DEBUG 2026-08-06 03:03:50.171 [root] Initializing DefaultSessionManager@24f360b2 {workerName=rn0, maxActiveSessions=9999, maxIdleSeconds=489, evictionIdleSeconds=258, maxIdleSecondsForNew=60, evictionIdleSecondsForNew=30, scavengingIntervalSeconds=90, clusterEnabled=false} - c.a.c.c.s.DefaultSessionManager.doInitialize(175)
DEBUG 2026-08-06 03:03:50.172 [root] DefaultSessionManager@24f360b2(rn0) default maxIdleSecs=489 - c.a.c.c.s.AbstractSessionManager.setDefaultMaxIdleSecs(176)
DEBUG 2026-08-06 03:03:50.177 [root] Initialized FileSessionStore@3bd7f8dc - c.a.c.c.AbstractComponent.initialize(80)
DEBUG 2026-08-06 03:03:50.178 [root] Initialized DefaultSessionCache@6cea706c(rn0) - c.a.c.c.AbstractComponent.initialize(80)
DEBUG 2026-08-06 03:03:50.179 [root] com.aspectran.core.component.session.HouseKeeper@19b30c92(rn0) is STARTING - c.a.u.l.AbstractLifeCycle.setStarting(183)
DEBUG 2026-08-06 03:03:50.182 [root] com.aspectran.core.component.session.HouseKeeper@19b30c92(rn0) is STARTED - c.a.u.l.AbstractLifeCycle.setStarted(193)
DEBUG 2026-08-06 03:03:50.183 [root] Initialized DefaultSessionManager@24f360b2(rn0) - c.a.c.c.AbstractComponent.initialize(80)
DEBUG 2026-08-06 03:03:50.188 [root] Register session listener com.aspectran.undertow.server.session.TowSessionListener@61edc883 in DefaultSessionManager@24f360b2(rn0) - c.a.c.c.s.AbstractSessionManager.addSessionListener(500)
DEBUG 2026-08-06 03:03:50.189 [root] Register session listener com.aspectran.undertow.server.session.TowSessionListener@182f1e9a in DefaultSessionManager@24f360b2(rn0) - c.a.c.c.s.AbstractSessionManager.addSessionListener(500)
DEBUG 2026-08-06 03:03:50.224 [root] Initializing DefaultSessionManager@1edb61b1 {workerName=cn0, maxActiveSessions=999, maxIdleSeconds=600, evictionIdleSeconds=300, scavengingIntervalSeconds=180, clusterEnabled=false} - c.a.c.c.s.DefaultSessionManager.doInitialize(175)
DEBUG 2026-08-06 03:03:50.225 [root] DefaultSessionManager@1edb61b1(cn0) default maxIdleSecs=600 - c.a.c.c.s.AbstractSessionManager.setDefaultMaxIdleSecs(176)
DEBUG 2026-08-06 03:03:50.226 [root] Initialized FileSessionStore@cc62a3b - c.a.c.c.AbstractComponent.initialize(80)
DEBUG 2026-08-06 03:03:50.227 [root] Restored 1 sessions from FileSessionStore@cc62a3b - c.a.c.c.s.DefaultSessionCache.doInitialize(130)
DEBUG 2026-08-06 03:03:50.228 [root] Initialized DefaultSessionCache@ec2bf82(cn0) - c.a.c.c.AbstractComponent.initialize(80)
DEBUG 2026-08-06 03:03:50.228 [root] com.aspectran.core.component.session.HouseKeeper@32f61a31(cn0) is STARTING - c.a.u.l.AbstractLifeCycle.setStarting(183)
DEBUG 2026-08-06 03:03:50.230 [root] com.aspectran.core.component.session.HouseKeeper@32f61a31(cn0) is STARTED - c.a.u.l.AbstractLifeCycle.setStarted(193)
DEBUG 2026-08-06 03:03:50.230 [root] Initialized DefaultSessionManager@1edb61b1(cn0) - c.a.c.c.AbstractComponent.initialize(80)
DEBUG 2026-08-06 03:03:50.231 [root] Register session listener com.aspectran.undertow.server.session.TowSessionListener@5305c37d in DefaultSessionManager@1edb61b1(cn0) - c.a.c.c.s.AbstractSessionManager.addSessionListener(500)
DEBUG 2026-08-06 03:03:50.231 [root] Register session listener com.aspectran.undertow.server.session.TowSessionListener@3dddbe65 in DefaultSessionManager@1edb61b1(cn0) - c.a.c.c.s.AbstractSessionManager.addSessionListener(500)
INFO  2026-08-06 03:03:50.247 [root] WebActivityServlet 'webActivityServlet' has been initialized. - c.a.w.s.WebActivityServlet.init(101)
INFO  2026-08-06 03:03:50.252 [root] TowResourceHandler includePatterns=[/console/assets/js/**, /console/assets/css/**, /console/assets/appmon/css/**, /console/assets/appmon/js/**] - c.a.u.s.h.r.TowResourceHandler.autoDetect(142)
INFO  2026-08-06 03:03:50.266 [root] WebActivityServlet 'webActivityServlet' has been initialized. - c.a.w.s.WebActivityServlet.init(101)
INFO  2026-08-06 03:03:50.268 [root] TowResourceHandler includePatterns=[/favicon.ico, /WEB-INF/**] - c.a.u.s.h.r.TowResourceHandler.autoDetect(142)
INFO  2026-08-06 03:03:50.307 [root] starting server: Undertow - 2.3.26.Final - io.undertow.start(120)
INFO  2026-08-06 03:03:50.353 [root] Undertow 2.3.26.Final started - c.a.u.server.DefaultTowServer.doStart(54)
DEBUG 2026-08-06 03:03:50.354 [root] com.aspectran.undertow.server.DefaultTowServer@3da30852 is STARTED - c.a.u.l.AbstractLifeCycle.setStarted(193)
DEBUG 2026-08-06 03:03:50.354 [root] Initialized DefaultBeanRegistry@7164ca4c - c.a.c.c.AbstractComponent.initialize(80)
DEBUG 2026-08-06 03:03:50.355 [root] Initialized AspectRuleRegistry@5ec77191 - c.a.c.c.AbstractComponent.initialize(80)
DEBUG 2026-08-06 03:03:50.355 [root] Initialized ScheduleRuleRegistry@4642b71d - c.a.c.c.AbstractComponent.initialize(80)
DEBUG 2026-08-06 03:03:50.356 [root] Initialized TransletRuleRegistry@1450078a - c.a.c.c.AbstractComponent.initialize(80)
DEBUG 2026-08-06 03:03:50.356 [root] Initialized TemplateRuleRegistry@c68a5f8 - c.a.c.c.AbstractComponent.initialize(80)
DEBUG 2026-08-06 03:03:50.357 [root] Initialized DefaultTemplateRenderer@69c6161d - c.a.c.c.AbstractComponent.initialize(80)
DEBUG 2026-08-06 03:03:50.358 [root] Unable to locate MessageSource with name 'messageSource': using default [com.aspectran.core.support.i18n.message.DelegatingMessageSource@6bff19ff] - c.a.c.c.DefaultActivityContext.resolveMessageSource(347)
DEBUG 2026-08-06 03:03:50.359 [root] Initialized DefaultActivityContext@5eccd3b9 - c.a.c.c.AbstractComponent.initialize(80)
INFO  2026-08-06 03:03:50.360 [root] Started DefaultShellService@27f981c6(root) - c.a.c.s.AbstractServiceLifeCycle.start(121)
INFO  2026-08-06 03:03:50.360 [root] Starting DefaultWebService@7ed9ae94(root) - c.a.c.s.AbstractServiceLifeCycle.start(117)
INFO  2026-08-06 03:03:50.362 [root] Started DefaultWebService@7ed9ae94(root) - c.a.c.s.AbstractServiceLifeCycle.start(121)
INFO  2026-08-06 03:03:50.364 [root:console] Starting DefaultWebService@591fd34d - c.a.c.s.AbstractServiceLifeCycle.start(117)
INFO  2026-08-06 03:03:50.364 [root:console] Building ActivityContext with context rules [classpath:com/aspectran/aspectow/console/config/rules/root.xml, /config/console/console-rules.xml] - c.a.c.c.b.HybridActivityContextBuilder.doBuild(120)
INFO  2026-08-06 03:03:50.365 [root:console] Base profiles [mariadb, demo, console.ui] - c.a.c.c.e.EnvironmentProfiles.setBaseProfiles(100)
INFO  2026-08-06 03:03:50.365 [root:console] Ignored base profiles [h2] - c.a.c.c.b.AbstractActivityContextBuilder.createEnvironmentProfiles(424)
INFO  2026-08-06 03:03:50.366 [root:console] Default profiles [dev] - c.a.c.c.e.EnvironmentProfiles.setDefaultProfiles(154)
INFO  2026-08-06 03:03:50.367 [root:console] Activating profiles [dev] - c.a.c.c.e.EnvironmentProfiles.setActiveProfiles(205)
INFO  2026-08-06 03:03:50.367 [root:console] Auto Components Scanning {basePackages=[com.aspectran.aspectow.appmon.engine, com.aspectran.aspectow.console.appmon, com.aspectran.aspectow.console.auth, com.aspectran.aspectow.console.cluster, com.aspectran.aspectow.console.commands, com.aspectran.aspectow.console.common, com.aspectran.aspectow.console.framework, com.aspectran.aspectow.console.home, com.aspectran.aspectow.console.scheduler, com.aspectran.aspectow.console.user, com.aspectran.aspectow.console.vault]} - c.a.c.c.bean.BeanRuleRegistry.scanConfigurableBeans(312)
DEBUG 2026-08-06 03:03:50.371 [root:console] Scanning components from /home/aspectran/projects/public/aspectow/appmon/target/classes/com/aspectran/aspectow/appmon/engine/ - c.aspectran.utils.ClassScanner.scan(128)
DEBUG 2026-08-06 03:03:50.434 [root:console] Scanning components from /home/aspectran/projects/public/aspectow/console/target/classes/com/aspectran/aspectow/console/appmon/ - c.aspectran.utils.ClassScanner.scan(128)
DEBUG 2026-08-06 03:03:50.436 [root:console] Scanning components from /home/aspectran/projects/public/aspectow/console/target/classes/com/aspectran/aspectow/console/auth/ - c.aspectran.utils.ClassScanner.scan(128)
DEBUG 2026-08-06 03:03:50.440 [root:console] Scanning components from /home/aspectran/projects/public/aspectow/console/target/classes/com/aspectran/aspectow/console/cluster/ - c.aspectran.utils.ClassScanner.scan(128)
DEBUG 2026-08-06 03:03:50.446 [root:console] Scanning components from /home/aspectran/projects/public/aspectow/console/target/classes/com/aspectran/aspectow/console/commands/ - c.aspectran.utils.ClassScanner.scan(128)
DEBUG 2026-08-06 03:03:50.452 [root:console] Scanning components from /home/aspectran/projects/public/aspectow/console/target/classes/com/aspectran/aspectow/console/common/ - c.aspectran.utils.ClassScanner.scan(128)
DEBUG 2026-08-06 03:03:50.462 [root:console] Scanning components from /home/aspectran/projects/public/aspectow/console/target/classes/com/aspectran/aspectow/console/framework/ - c.aspectran.utils.ClassScanner.scan(128)
DEBUG 2026-08-06 03:03:50.467 [root:console] Scanning components from /home/aspectran/projects/public/aspectow/console/target/classes/com/aspectran/aspectow/console/home/ - c.aspectran.utils.ClassScanner.scan(128)
DEBUG 2026-08-06 03:03:50.469 [root:console] Scanning components from /home/aspectran/projects/public/aspectow/console/target/classes/com/aspectran/aspectow/console/scheduler/ - c.aspectran.utils.ClassScanner.scan(128)
DEBUG 2026-08-06 03:03:50.473 [root:console] Scanning components from /home/aspectran/projects/public/aspectow/console/target/classes/com/aspectran/aspectow/console/user/ - c.aspectran.utils.ClassScanner.scan(128)
DEBUG 2026-08-06 03:03:50.476 [root:console] Scanning components from /home/aspectran/projects/public/aspectow/console/target/classes/com/aspectran/aspectow/console/vault/ - c.aspectran.utils.ClassScanner.scan(128)
DEBUG 2026-08-06 03:03:50.482 [root:console] Appending rules {resource=com/aspectran/aspectow/appmon/config/rules/scheduler.xml} - c.a.c.c.r.a.HybridRuleAppendHandler.handle(109)
DEBUG 2026-08-06 03:03:50.489 [root:console] Appending rules {resource=com/aspectran/aspectow/console/config/rules/db.xml} - c.a.c.c.r.a.HybridRuleAppendHandler.handle(109)
DEBUG 2026-08-06 03:03:50.501 [root:console] Appending rules {resource=com/aspectran/aspectow/console/config/rules/web.xml, profile=[console.ui, console.custom-ui]} - c.a.c.c.r.a.HybridRuleAppendHandler.handle(109)
DEBUG 2026-08-06 03:03:50.523 [root:console] Appending rules {resource=com/aspectran/aspectow/console/framework/asel-test-rules.xml, profile=[console.ui, console.custom-ui]} - c.a.c.c.r.a.HybridRuleAppendHandler.handle(109)
DEBUG 2026-08-06 03:03:50.530 [root:console] Appending rules {file=/config/console/node-rules.xml, format=xml} - c.a.c.c.r.a.HybridRuleAppendHandler.handle(109)
DEBUG 2026-08-06 03:03:50.540 [root:console] Appending rules {file=/config/console/appmon-rules.xml, format=xml} - c.a.c.c.r.a.HybridRuleAppendHandler.handle(109)
DEBUG 2026-08-06 03:03:50.544 [root:console] Parsing bean rules for annotated configurations: 45 - c.a.c.c.b.AnnotatedConfigParser.parse(158)
DEBUG 2026-08-06 03:03:50.634 [root:console] Parsing for ID-based bean rules: 29 - c.a.c.c.b.AnnotatedConfigParser.parse(176)
DEBUG 2026-08-06 03:03:50.643 [root:console] Parsing for type-based bean rules: 52 - c.a.c.c.b.AnnotatedConfigParser.parse(192)
INFO  2026-08-06 03:03:50.670 [root:console] ActivityContext build completed in 305 ms - c.a.c.c.b.HybridActivityContextBuilder.doBuild(203)
DEBUG 2026-08-06 03:03:50.671 [root:console] Initialized TypeConverterRegistry@3d43fe - c.a.c.c.AbstractComponent.initialize(80)
DEBUG 2026-08-06 03:03:50.671 [root:console] Initializing singletons in com.aspectran.core.component.bean.DefaultBeanRegistry@74ad8d05 - c.a.c.c.b.AbstractBeanRegistry.instantiateSingletons(427)
INFO  2026-08-06 03:03:50.705 [root:console] Using default implementation for ThreadExecutor - o.q.impl.StdSchedulerFactory.instantiate(1222)
INFO  2026-08-06 03:03:50.708 [root:console] Job execution threads will use class loader of thread: root:console - o.q.simpl.SimpleThreadPool.initialize(269)
INFO  2026-08-06 03:03:50.716 [root:console] Initialized Scheduler Signaller of type: class org.quartz.core.SchedulerSignalerImpl - o.q.core.SchedulerSignalerImpl.<init>(62)
INFO  2026-08-06 03:03:50.717 [root:console] Quartz Scheduler v2.5.2 created. - o.quartz.core.QuartzScheduler.<init>(224)
INFO  2026-08-06 03:03:50.719 [root:console] RAMJobStore initialized. - org.quartz.simpl.RAMJobStore.initialize(152)
INFO  2026-08-06 03:03:50.720 [root:console] Scheduler meta-data: Quartz Scheduler (v2.5.2) 'AppmonScheduler' with instanceId 'NON_CLUSTERED'
  Scheduler class: 'org.quartz.core.QuartzScheduler' - running locally.
  NOT STARTED.
  Currently in standby mode.
  Number of jobs executed: 0
  Using thread pool 'org.quartz.simpl.SimpleThreadPool' - with 1 threads.
  Using job-store 'org.quartz.simpl.RAMJobStore' - which does not support persistence. and is not clustered.
 - o.quartz.core.QuartzScheduler.initialize(289)
INFO  2026-08-06 03:03:50.721 [root:console] Quartz scheduler 'AppmonScheduler' initialized from an externally provided properties instance. - o.q.impl.StdSchedulerFactory.instantiate(1376)
INFO  2026-08-06 03:03:50.721 [root:console] Quartz scheduler version: 2.5.2 - o.q.impl.StdSchedulerFactory.instantiate(1378)
DEBUG 2026-08-06 03:03:50.724 [root:console] IGNORED - Invalid properties resource; java.io.IOException: Could not find resource com/aspectran/aspectow/console/config/db/aspectow-console.db-mariadb.properties - c.a.u.PropertiesLoaderSupport.loadProperties(152)
DEBUG 2026-08-06 03:03:50.725 [root:console] IGNORED - Invalid properties resource; java.io.IOException: Could not find resource com/aspectran/aspectow/console/config/db/aspectow-console.db-mariadb.system.properties - c.a.u.PropertiesLoaderSupport.loadProperties(152)
DEBUG 2026-08-06 03:03:51.405 [root:console] Unable to locate MessageSource with name 'messageSource': using default [com.aspectran.core.support.i18n.message.DelegatingMessageSource@267cde2e] - c.a.c.c.DefaultActivityContext.resolveMessageSource(347)
INFO  2026-08-06 03:03:51.506 [root:console] Current Node: localhost-console1 (Host: juhoN21) - c.a.a.n.m.NodeManagerBuilder.build(169)
INFO  2026-08-06 03:03:52.285 [root:console] Registered group info to Redis: aspectow:cluster:groups:cluster1 (Group: console) - c.a.a.n.m.NodeManagerBuilder.build(210)
INFO  2026-08-06 03:03:52.295 [root:console] Registered RedisScheduledJobLockProvider for cluster-wide job locking - c.a.a.n.m.NodeManagerBuilder.build(247)
INFO  2026-08-06 03:03:52.295 [root:console] Initializing NodeReporter for cluster: cluster1, node: localhost-console1 - c.a.a.n.manager.NodeReporter.start(70)
DEBUG 2026-08-06 03:03:52.299 [root:console] Registering node 'localhost-console1' in Redis hash 'aspectow:cluster:nodes:cluster1': {id=localhost-console1, group=console, host=juhoN21, port=8082, status=live, endpoint={path=/nodes}, token=LHXGRUR6ACetizbRGdKjHr36s9p5jpfrJZGcbVYgonyoMjBCtoFKd8uMxlMUMGEsmihayzj2sUk4wW7q_UHVunRzafKMQTf5, hasNodeManager=true, hasSchedulerManager=true, hasCommandManager=true} - c.a.a.n.manager.NodeReporter.registerNode(141)
INFO  2026-08-06 03:03:52.534 [root:console] NodeMessageSubscriber initialized and subscribed to pattern: aspectow:cluster:*:*:cluster1:localhost-console1:* - c.a.a.n.m.NodeMessageSubscriber.start(140)
INFO  2026-08-06 03:03:52.583 [root:console] ClusterEventSubscriber initialized and subscribed to channel: aspectow:cluster:event:cluster1 - c.a.a.n.m.ClusterEventSubscriber.start(121)
INFO  2026-08-06 03:03:52.584 [root:console] Initializing RemoteNodeManager for node: localhost-console1 - c.a.a.n.m.n.RemoteNodeManager.initialize(63)
INFO  2026-08-06 03:03:52.586 [root:console] Initializing RemoteSchedulerManager for node: localhost-console1 - c.a.a.n.m.s.RemoteSchedulerManager.initialize(113)
INFO  2026-08-06 03:03:52.587 [root:console] Initializing RemoteCommandManager for node: localhost-console1 - c.a.a.n.m.c.RemoteCommandManager.initialize(74)
DEBUG 2026-08-06 03:03:52.617 [root:console] Registered AspectRule {id=consoleTxAspect, order=0, joinpoint={target=activity, pointcut={type=wildcard, patterns=[{type=wildcard, pattern=@class:com.aspectran.aspectow.console.common.db.tx.ConsoleSqlSession}]}}, advices=[{type=before, action={instance=com.aspectran.mybatis.SqlSessionAdviceRegister$$Lambda/0x000000008f618ef0@14590fe2}}, {type=after, action={instance=com.aspectran.mybatis.SqlSessionAdviceRegister$$Lambda/0x000000008f619150@5922cff3}}, {type=finally, action={instance=com.aspectran.mybatis.SqlSessionAdviceRegister$$Lambda/0x000000008f619610@2299d903}}]} - c.a.m.SqlSessionAdviceRegister.register(294)
INFO  2026-08-06 03:03:52.635 [root:console] Registered app info to Redis: aspectow:cluster:apps:cluster1:console (Apps: []) - c.a.a.a.e.m.AppMonManagerBuilder.build(167)
DEBUG 2026-08-06 03:03:52.646 [root:console] Registered AspectRule {id=consoleBatchTxAspect, order=0, joinpoint={target=activity, pointcut={type=wildcard, patterns=[{type=wildcard, pattern=@class:com.aspectran.aspectow.console.common.db.tx.ConsoleBatchSqlSession}]}}, advices=[{type=before, action={instance=com.aspectran.mybatis.SqlSessionAdviceRegister$$Lambda/0x000000008f618ef0@2fb48970}}, {type=after, action={instance=com.aspectran.mybatis.SqlSessionAdviceRegister$$Lambda/0x000000008f619150@4e8d9bb6}}, {type=finally, action={instance=com.aspectran.mybatis.SqlSessionAdviceRegister$$Lambda/0x000000008f619610@3de56885}}]} - c.a.m.SqlSessionAdviceRegister.register(294)
DEBUG 2026-08-06 03:03:52.653 [root:console] Registered AspectRule {id=consoleReuseTxAspect, order=0, joinpoint={target=activity, pointcut={type=wildcard, patterns=[{type=wildcard, pattern=@class:com.aspectran.aspectow.console.common.db.tx.ConsoleReuseSqlSession}]}}, advices=[{type=before, action={instance=com.aspectran.mybatis.SqlSessionAdviceRegister$$Lambda/0x000000008f618ef0@2d07aacc}}, {type=after, action={instance=com.aspectran.mybatis.SqlSessionAdviceRegister$$Lambda/0x000000008f619150@ff5d4f1}}, {type=finally, action={instance=com.aspectran.mybatis.SqlSessionAdviceRegister$$Lambda/0x000000008f619610@194224ca}}]} - c.a.m.SqlSessionAdviceRegister.register(294)
DEBUG 2026-08-06 03:03:52.658 [root:console] Initialized PollingSessionManager@17f8db6 - c.a.c.c.AbstractComponent.initialize(80)
INFO  2026-08-06 03:03:52.668 [root:console] CounterPersistSchedule is dynamically set to run every 5 minutes - c.a.a.a.e.s.CounterPersistSchedule.initialize(115)
DEBUG 2026-08-06 03:03:52.673 [root:console] Initialized DefaultBeanRegistry@74ad8d05 - c.a.c.c.AbstractComponent.initialize(80)
DEBUG 2026-08-06 03:03:52.673 [root:console] Initialized AspectRuleRegistry@362a6aa5 - c.a.c.c.AbstractComponent.initialize(80)
DEBUG 2026-08-06 03:03:52.674 [root:console] Initialized ScheduleRuleRegistry@53b7bf01 - c.a.c.c.AbstractComponent.initialize(80)
DEBUG 2026-08-06 03:03:52.674 [root:console] Initialized TransletRuleRegistry@139089a4 - c.a.c.c.AbstractComponent.initialize(80)
DEBUG 2026-08-06 03:03:52.674 [root:console] Initialized TemplateRuleRegistry@6a6e9289 - c.a.c.c.AbstractComponent.initialize(80)
DEBUG 2026-08-06 03:03:52.675 [root:console] Initialized DefaultTemplateRenderer@ff4b223 - c.a.c.c.AbstractComponent.initialize(80)
DEBUG 2026-08-06 03:03:52.675 [root:console] Initialized DefaultActivityContext@61554b6b - c.a.c.c.AbstractComponent.initialize(80)
INFO  2026-08-06 03:03:52.680 [root:console] Started DefaultWebService@591fd34d(console) - c.a.c.s.AbstractServiceLifeCycle.start(121)
INFO  2026-08-06 03:03:52.681 [root:console] Starting DefaultSchedulerService@3e04abc5 - c.a.c.s.AbstractServiceLifeCycle.start(117)
INFO  2026-08-06 03:03:52.691 [root:console] Starting scheduler 'AppmonScheduler' - c.a.c.s.s.AbstractSchedulerService.doStart(192)
INFO  2026-08-06 03:03:52.694 [root:console] Started DefaultSchedulerService@3e04abc5 - c.a.c.s.AbstractServiceLifeCycle.start(121)
DEBUG 2026-08-06 03:03:52.696 [root:console] Registering @ServerEndpoint: class com.aspectran.aspectow.appmon.engine.relay.websocket.WebsocketMessageRelayer - c.a.w.w.j.ServerEndpointExporter.registerEndpoint(122)
INFO  2026-08-06 03:03:52.698 [root:console] UT026003: Adding annotated server endpoint class com.aspectran.aspectow.appmon.engine.relay.websocket.WebsocketMessageRelayer for path /nodes/{nodeId}/appmon/websocket/{token} - io.undertow.websockets.jsr.addEndpointInternal(647)
DEBUG 2026-08-06 03:03:52.704 [root:console] Registering @ServerEndpoint: class com.aspectran.aspectow.console.cluster.bridge.websocket.WebsocketNodeBridge - c.a.w.w.j.ServerEndpointExporter.registerEndpoint(122)
INFO  2026-08-06 03:03:52.705 [root:console] UT026003: Adding annotated server endpoint class com.aspectran.aspectow.console.cluster.bridge.websocket.WebsocketNodeBridge for path /nodes/{nodeId}/websocket/{token} - io.undertow.websockets.jsr.addEndpointInternal(647)
DEBUG 2026-08-06 03:03:52.706 [root:console] Registering @ServerEndpoint: class com.aspectran.aspectow.console.commands.bridge.websocket.WebsocketCommandBridge - c.a.w.w.j.ServerEndpointExporter.registerEndpoint(122)
INFO  2026-08-06 03:03:52.707 [root:console] UT026003: Adding annotated server endpoint class com.aspectran.aspectow.console.commands.bridge.websocket.WebsocketCommandBridge for path /nodes/{nodeId}/commands/websocket/{token} - io.undertow.websockets.jsr.addEndpointInternal(647)
DEBUG 2026-08-06 03:03:52.707 [root:console] Registering @ServerEndpoint: class com.aspectran.aspectow.console.scheduler.bridge.websocket.WebsocketSchedulerBridge - c.a.w.w.j.ServerEndpointExporter.registerEndpoint(122)
INFO  2026-08-06 03:03:52.708 [root:console] UT026003: Adding annotated server endpoint class com.aspectran.aspectow.console.scheduler.bridge.websocket.WebsocketSchedulerBridge for path /nodes/{nodeId}/scheduler/websocket/{token} - io.undertow.websockets.jsr.addEndpointInternal(647)
DEBUG 2026-08-06 03:03:52.709 [root] Initializing DefaultSessionManager@2ec5cc14 {workerName=shell, maxActiveSessions=1, maxIdleSeconds=1800, scavengingIntervalSeconds=600, fileStore={storeDir=/work/_sessions/shell, nonPersistentAttributes=[]}, enabled=true} - c.a.c.c.s.DefaultSessionManager.doInitialize(175)
DEBUG 2026-08-06 03:03:52.710 [root] DefaultSessionManager@2ec5cc14(shell) default maxIdleSecs=1800 - c.a.c.c.s.AbstractSessionManager.setDefaultMaxIdleSecs(176)
DEBUG 2026-08-06 03:03:52.711 [root] Initialized FileSessionStore@269308cc - c.a.c.c.AbstractComponent.initialize(80)
DEBUG 2026-08-06 03:03:52.711 [root] Initialized DefaultSessionCache@40a8a26f(shell) - c.a.c.c.AbstractComponent.initialize(80)
DEBUG 2026-08-06 03:03:52.712 [root] com.aspectran.core.component.session.HouseKeeper@126675fd(shell) is STARTING - c.a.u.l.AbstractLifeCycle.setStarting(183)
DEBUG 2026-08-06 03:03:52.712 [root] com.aspectran.core.component.session.HouseKeeper@126675fd(shell) is STARTED - c.a.u.l.AbstractLifeCycle.setStarted(193)
DEBUG 2026-08-06 03:03:52.713 [root] Initialized DefaultSessionManager@2ec5cc14(shell) - c.a.c.c.AbstractComponent.initialize(80)
DEBUG 2026-08-06 03:03:52.714 [root] Advice {type=before, action={echo={attributes=[data]}}} - c.a.c.activity.AdviceActivity.executeAdvice(351)
DEBUG 2026-08-06 03:03:52.719 [root] Destroy request scoped beans from RequestScope@33f349ae - c.a.c.c.b.scope.AbstractScope.destroy(112)
INFO  2026-08-06 03:03:54.695 [Thread-0] Scheduler AppmonScheduler_$_NON_CLUSTERED started. - o.quartz.core.QuartzScheduler.start(541)
DEBUG 2026-08-06 03:19:17.174 [shutdown] Running all shutdown-hook tasks: 1 - c.aspectran.utils.ShutdownHook.runTasks(147)
DEBUG 2026-08-06 03:19:17.196 [shutdown] Running task [1/1]: Stop DefaultShellService@27f981c6(root) - c.aspectran.utils.ShutdownHook.runTasks(156)
DEBUG 2026-08-06 03:19:17.197 [root] com.aspectran.core.component.session.HouseKeeper@126675fd(shell) is STOPPING - c.a.u.l.AbstractLifeCycle.setStopping(203)
DEBUG 2026-08-06 03:19:17.197 [root] com.aspectran.core.component.session.HouseKeeper@126675fd {scavengingInterval=600000} used by DefaultSessionManager@2ec5cc14(shell) is STOPPED - c.a.u.l.AbstractLifeCycle.setStopped(213)
DEBUG 2026-08-06 03:19:17.198 [root] Destroyed FileSessionStore@269308cc - c.a.c.c.AbstractComponent.destroy(99)
DEBUG 2026-08-06 03:19:17.198 [root] Destroyed DefaultSessionCache@40a8a26f(shell) - c.a.c.c.AbstractComponent.destroy(99)
DEBUG 2026-08-06 03:19:17.198 [root] Destroyed DefaultSessionManager@2ec5cc14(shell) - c.a.c.c.AbstractComponent.destroy(99)
INFO  2026-08-06 03:19:17.200 [root] Stopping DefaultWebService@7ed9ae94(root) - c.a.c.s.AbstractServiceLifeCycle.stop(164)
INFO  2026-08-06 03:19:17.200 [root] Stopped DefaultWebService@7ed9ae94(root) - c.a.c.s.AbstractServiceLifeCycle.stop(168)
INFO  2026-08-06 03:19:17.204 [root:console] Stopping DefaultSchedulerService@3e04abc5 - c.a.c.s.AbstractServiceLifeCycle.stop(164)
INFO  2026-08-06 03:19:17.204 [root:console] Shutting down the scheduler 'AppmonScheduler' with waitForJobsToComplete=true - c.a.c.s.s.AbstractSchedulerService.doStop(218)
INFO  2026-08-06 03:19:17.204 [root:console] Scheduler AppmonScheduler_$_NON_CLUSTERED shutting down. - o.quartz.core.QuartzScheduler.shutdown(656)
INFO  2026-08-06 03:19:17.205 [root:console] Scheduler AppmonScheduler_$_NON_CLUSTERED paused. - o.quartz.core.QuartzScheduler.standby(576)
INFO  2026-08-06 03:19:17.638 [root:console] Scheduler AppmonScheduler_$_NON_CLUSTERED shutdown complete. - o.quartz.core.QuartzScheduler.shutdown(728)
INFO  2026-08-06 03:19:17.639 [root:console] Stopped DefaultSchedulerService@3e04abc5 - c.a.c.s.AbstractServiceLifeCycle.stop(168)
INFO  2026-08-06 03:19:17.639 [root:console] Stopping DefaultWebService@591fd34d(console) - c.a.c.s.AbstractServiceLifeCycle.stop(164)
DEBUG 2026-08-06 03:19:17.640 [root:console] Destroying all cached resources... - c.a.c.s.DefaultCoreService.destroyActivityContext(176)
DEBUG 2026-08-06 03:19:17.641 [root:console] Destroying singletons in com.aspectran.core.component.bean.DefaultBeanRegistry@74ad8d05 - c.a.c.c.b.AbstractBeanRegistry.destroySingletons(464)
DEBUG 2026-08-06 03:19:17.641 [root:console] Destroy singleton scoped beans from SingletonScope@7cb485d - c.a.c.c.b.scope.AbstractScope.destroy(112)
DEBUG 2026-08-06 03:19:17.643 [root:console] Destroyed PollingSessionManager@17f8db6 - c.a.c.c.AbstractComponent.destroy(99)
INFO  2026-08-06 03:19:17.643 [root:console] Stopping NodeReporter for node: localhost-console1 - c.a.a.n.manager.NodeReporter.stop(95)
DEBUG 2026-08-06 03:19:17.645 [root:console] Registering node 'localhost-console1' in Redis hash 'aspectow:cluster:nodes:cluster1': {id=localhost-console1, group=console, host=juhoN21, port=8082, status=stopping, endpoint={path=/nodes}, token=N0ktc7jFbzuw2JSkjv0ibawozJ8IHGx6Oc0ZDRuUYt2mGg-JNfyayG9EF3HmFnZJLTt8tHqIU3c9JcdqVyBsEw05lR3-ga94, hasNodeManager=true, hasSchedulerManager=true, hasCommandManager=true} - c.a.a.n.manager.NodeReporter.registerNode(141)
DEBUG 2026-08-06 03:19:17.660 [root:console] Unregistering node 'localhost-console1' from cluster 'cluster1' - c.a.a.n.manager.NodeReporter.unregisterNode(212)
INFO  2026-08-06 03:19:17.691 [root:console] Cleaning up orphaned group metadata: console (Cluster: cluster1) - c.a.a.n.manager.NodeRegistry.cleanupOrphanedGroups(324)
INFO  2026-08-06 03:19:17.714 [root:console] Closing Redis connection pool for node: localhost-console1 - c.a.a.node.manager.NodeManager.destroy(343)
INFO  2026-08-06 03:19:17.737 [root:console] NodeManager destroyed successfully for node: localhost-console1 - c.a.a.node.manager.NodeManager.destroy(350)
DEBUG 2026-08-06 03:19:17.738 [root:console] Destroyed DefaultBeanRegistry@74ad8d05 - c.a.c.c.AbstractComponent.destroy(99)
DEBUG 2026-08-06 03:19:17.738 [root:console] Destroyed TemplateRuleRegistry@6a6e9289 - c.a.c.c.AbstractComponent.destroy(99)
DEBUG 2026-08-06 03:19:17.738 [root:console] Destroyed DefaultTemplateRenderer@ff4b223 - c.a.c.c.AbstractComponent.destroy(99)
DEBUG 2026-08-06 03:19:17.739 [root:console] Destroyed TransletRuleRegistry@139089a4 - c.a.c.c.AbstractComponent.destroy(99)
DEBUG 2026-08-06 03:19:17.739 [root:console] Destroyed ScheduleRuleRegistry@53b7bf01 - c.a.c.c.AbstractComponent.destroy(99)
DEBUG 2026-08-06 03:19:17.740 [root:console] Destroyed AspectRuleRegistry@362a6aa5 - c.a.c.c.AbstractComponent.destroy(99)
DEBUG 2026-08-06 03:19:17.740 [root:console] Destroyed TypeConverterRegistry@3d43fe - c.a.c.c.AbstractComponent.destroy(99)
DEBUG 2026-08-06 03:19:17.740 [root:console] Destroyed DefaultActivityContext@61554b6b - c.a.c.c.AbstractComponent.destroy(99)
INFO  2026-08-06 03:19:17.740 [root:console] Stopped DefaultWebService@591fd34d - c.a.c.s.AbstractServiceLifeCycle.stop(168)
INFO  2026-08-06 03:19:17.741 [root] Stopping DefaultShellService@27f981c6(root) - c.a.c.s.AbstractServiceLifeCycle.stop(164)
DEBUG 2026-08-06 03:19:17.741 [root] Destroying all cached resources... - c.a.c.s.DefaultCoreService.destroyActivityContext(176)
DEBUG 2026-08-06 03:19:17.741 [root] Destroying singletons in com.aspectran.core.component.bean.DefaultBeanRegistry@7164ca4c - c.a.c.c.b.AbstractBeanRegistry.destroySingletons(464)
DEBUG 2026-08-06 03:19:17.741 [root] Destroy singleton scoped beans from SingletonScope@3fbdec52 - c.a.c.c.b.scope.AbstractScope.destroy(112)
DEBUG 2026-08-06 03:19:17.742 [root] com.aspectran.undertow.server.DefaultTowServer@3da30852 is STOPPING - c.a.u.l.AbstractLifeCycle.setStopping(203)
DEBUG 2026-08-06 03:19:24.615 [main] Acquiring lock on /home/aspectran/projects/public/aspectow-demo-console/app/.lock - c.aspectran.utils.FileLocker.lock(93)
DEBUG 2026-08-06 03:19:24.681 [main] Successfully wrote PID 17645 to /home/aspectran/projects/public/aspectow-demo-console/app/.lock - c.aspectran.utils.FileLocker.lock(121)
DEBUG 2026-08-06 03:19:24.685 [main] Registering shutdown-hook: Thread[#28,shutdown,5,main] - c.aspectran.utils.ShutdownHook.registerHook(112)
DEBUG 2026-08-06 03:19:24.687 [main] Adding shutdown-hook task: Stop DefaultShellService@27f981c6 - c.aspectran.utils.ShutdownHook.addTask(76)
INFO  2026-08-06 03:19:24.689 [root] Starting DefaultShellService@27f981c6 - c.a.c.s.AbstractServiceLifeCycle.start(117)
INFO  2026-08-06 03:19:24.689 [root] Building ActivityContext with context rules [/config/app-description.xml, /config/aspectran-rules.xml, /config/server/server.xml] - c.a.c.c.b.HybridActivityContextBuilder.doBuild(120)
DEBUG 2026-08-06 03:19:24.690 [root] Running in an IDE environment, so the resource locations [/home/aspectran/projects/public/aspectow-demo-console/app/lib/ext] will be ignored to avoid class loading conflicts - c.a.c.c.b.AbstractActivityContextBuilder.createSiblingClassLoader(387)
DEBUG 2026-08-06 03:19:24.692 [root] Sweeping /home/aspectran/projects/public/aspectow-demo-console/app/work/* for old resource files - c.a.c.c.r.LocalResourceManager.sweepWorkResourceFiles(236)
INFO  2026-08-06 03:19:24.699 [root] Default profiles [dev] - c.a.c.c.e.EnvironmentProfiles.setDefaultProfiles(154)
INFO  2026-08-06 03:19:24.699 [root] Activating profiles [dev] - c.a.c.c.e.EnvironmentProfiles.setActiveProfiles(205)
DEBUG 2026-08-06 03:19:24.851 [root] Appending rules {file=/config/server/undertow/tow-server.xml, format=xml} - c.a.c.c.r.a.HybridRuleAppendHandler.handle(109)
DEBUG 2026-08-06 03:19:24.882 [root] Appending rules {file=/config/server/undertow/tow-context-root.xml, format=xml} - c.a.c.c.r.a.HybridRuleAppendHandler.handle(109)
DEBUG 2026-08-06 03:19:24.902 [root] Appending rules {file=/config/server/undertow/tow-context-console.xml, format=xml} - c.a.c.c.r.a.HybridRuleAppendHandler.handle(109)
DEBUG 2026-08-06 03:19:24.908 [root] Appending rules {resource=com/aspectran/aspectow/console/config/rules/context/tow-context-console.xml} - c.a.c.c.r.a.HybridRuleAppendHandler.handle(109)
DEBUG 2026-08-06 03:19:24.916 [root] Appending rules {file=/config/server/undertow/tow-support.xml, format=xml} - c.a.c.c.r.a.HybridRuleAppendHandler.handle(109)
DEBUG 2026-08-06 03:19:24.934 [root] Parsing for ID-based bean rules: 14 - c.a.c.c.b.AnnotatedConfigParser.parse(176)
DEBUG 2026-08-06 03:19:24.980 [root] Parsing for type-based bean rules: 22 - c.a.c.c.b.AnnotatedConfigParser.parse(192)
INFO  2026-08-06 03:19:25.004 [root] ActivityContext build completed in 314 ms - c.a.c.c.b.HybridActivityContextBuilder.doBuild(203)
DEBUG 2026-08-06 03:19:25.011 [root] Initialized TypeConverterRegistry@479460a6 - c.a.c.c.AbstractComponent.initialize(80)
DEBUG 2026-08-06 03:19:25.012 [root] Initializing singletons in com.aspectran.core.component.bean.DefaultBeanRegistry@7164ca4c - c.a.c.c.b.AbstractBeanRegistry.instantiateSingletons(427)
DEBUG 2026-08-06 03:19:25.059 [root] com.aspectran.undertow.server.DefaultTowServer@3da30852 is STARTING - c.a.u.l.AbstractLifeCycle.setStarting(183)
INFO  2026-08-06 03:19:25.184 [root] XNIO version 3.8.16.Final - org.xnio.<clinit>(95)
INFO  2026-08-06 03:19:25.194 [root] XNIO NIO Implementation Version 3.8.16.Final - org.xnio.nio.<clinit>(58)
DEBUG 2026-08-06 03:19:25.332 [root] Initializing DefaultSessionManager@24f360b2 {workerName=rn0, maxActiveSessions=9999, maxIdleSeconds=489, evictionIdleSeconds=258, maxIdleSecondsForNew=60, evictionIdleSecondsForNew=30, scavengingIntervalSeconds=90, clusterEnabled=false} - c.a.c.c.s.DefaultSessionManager.doInitialize(175)
DEBUG 2026-08-06 03:19:25.332 [root] DefaultSessionManager@24f360b2(rn0) default maxIdleSecs=489 - c.a.c.c.s.AbstractSessionManager.setDefaultMaxIdleSecs(176)
DEBUG 2026-08-06 03:19:25.340 [root] Initialized FileSessionStore@3bd7f8dc - c.a.c.c.AbstractComponent.initialize(80)
DEBUG 2026-08-06 03:19:25.340 [root] Initialized DefaultSessionCache@6cea706c(rn0) - c.a.c.c.AbstractComponent.initialize(80)
DEBUG 2026-08-06 03:19:25.342 [root] com.aspectran.core.component.session.HouseKeeper@19b30c92(rn0) is STARTING - c.a.u.l.AbstractLifeCycle.setStarting(183)
DEBUG 2026-08-06 03:19:25.345 [root] com.aspectran.core.component.session.HouseKeeper@19b30c92(rn0) is STARTED - c.a.u.l.AbstractLifeCycle.setStarted(193)
DEBUG 2026-08-06 03:19:25.346 [root] Initialized DefaultSessionManager@24f360b2(rn0) - c.a.c.c.AbstractComponent.initialize(80)
DEBUG 2026-08-06 03:19:25.351 [root] Register session listener com.aspectran.undertow.server.session.TowSessionListener@61edc883 in DefaultSessionManager@24f360b2(rn0) - c.a.c.c.s.AbstractSessionManager.addSessionListener(500)
DEBUG 2026-08-06 03:19:25.352 [root] Register session listener com.aspectran.undertow.server.session.TowSessionListener@182f1e9a in DefaultSessionManager@24f360b2(rn0) - c.a.c.c.s.AbstractSessionManager.addSessionListener(500)
DEBUG 2026-08-06 03:19:25.401 [root] Initializing DefaultSessionManager@1edb61b1 {workerName=cn0, maxActiveSessions=999, maxIdleSeconds=600, evictionIdleSeconds=300, scavengingIntervalSeconds=180, clusterEnabled=false} - c.a.c.c.s.DefaultSessionManager.doInitialize(175)
DEBUG 2026-08-06 03:19:25.401 [root] DefaultSessionManager@1edb61b1(cn0) default maxIdleSecs=600 - c.a.c.c.s.AbstractSessionManager.setDefaultMaxIdleSecs(176)
DEBUG 2026-08-06 03:19:25.402 [root] Initialized FileSessionStore@cc62a3b - c.a.c.c.AbstractComponent.initialize(80)
DEBUG 2026-08-06 03:19:25.402 [root] Restored 1 sessions from FileSessionStore@cc62a3b - c.a.c.c.s.DefaultSessionCache.doInitialize(130)
DEBUG 2026-08-06 03:19:25.403 [root] Initialized DefaultSessionCache@ec2bf82(cn0) - c.a.c.c.AbstractComponent.initialize(80)
DEBUG 2026-08-06 03:19:25.403 [root] com.aspectran.core.component.session.HouseKeeper@32f61a31(cn0) is STARTING - c.a.u.l.AbstractLifeCycle.setStarting(183)
DEBUG 2026-08-06 03:19:25.404 [root] com.aspectran.core.component.session.HouseKeeper@32f61a31(cn0) is STARTED - c.a.u.l.AbstractLifeCycle.setStarted(193)
DEBUG 2026-08-06 03:19:25.405 [root] Initialized DefaultSessionManager@1edb61b1(cn0) - c.a.c.c.AbstractComponent.initialize(80)
DEBUG 2026-08-06 03:19:25.405 [root] Register session listener com.aspectran.undertow.server.session.TowSessionListener@5305c37d in DefaultSessionManager@1edb61b1(cn0) - c.a.c.c.s.AbstractSessionManager.addSessionListener(500)
DEBUG 2026-08-06 03:19:25.405 [root] Register session listener com.aspectran.undertow.server.session.TowSessionListener@3dddbe65 in DefaultSessionManager@1edb61b1(cn0) - c.a.c.c.s.AbstractSessionManager.addSessionListener(500)
INFO  2026-08-06 03:19:25.416 [root] WebActivityServlet 'webActivityServlet' has been initialized. - c.a.w.s.WebActivityServlet.init(101)
INFO  2026-08-06 03:19:25.423 [root] TowResourceHandler includePatterns=[/console/assets/js/**, /console/assets/css/**, /console/assets/appmon/css/**, /console/assets/appmon/js/**] - c.a.u.s.h.r.TowResourceHandler.autoDetect(142)
INFO  2026-08-06 03:19:25.438 [root] WebActivityServlet 'webActivityServlet' has been initialized. - c.a.w.s.WebActivityServlet.init(101)
INFO  2026-08-06 03:19:25.439 [root] TowResourceHandler includePatterns=[/favicon.ico, /WEB-INF/**] - c.a.u.s.h.r.TowResourceHandler.autoDetect(142)
INFO  2026-08-06 03:19:25.476 [root] starting server: Undertow - 2.3.26.Final - io.undertow.start(120)
INFO  2026-08-06 03:19:25.519 [root] Undertow 2.3.26.Final started - c.a.u.server.DefaultTowServer.doStart(54)
DEBUG 2026-08-06 03:19:25.520 [root] com.aspectran.undertow.server.DefaultTowServer@3da30852 is STARTED - c.a.u.l.AbstractLifeCycle.setStarted(193)
DEBUG 2026-08-06 03:19:25.521 [root] Initialized DefaultBeanRegistry@7164ca4c - c.a.c.c.AbstractComponent.initialize(80)
DEBUG 2026-08-06 03:19:25.521 [root] Initialized AspectRuleRegistry@5ec77191 - c.a.c.c.AbstractComponent.initialize(80)
DEBUG 2026-08-06 03:19:25.522 [root] Initialized ScheduleRuleRegistry@4642b71d - c.a.c.c.AbstractComponent.initialize(80)
DEBUG 2026-08-06 03:19:25.522 [root] Initialized TransletRuleRegistry@1450078a - c.a.c.c.AbstractComponent.initialize(80)
DEBUG 2026-08-06 03:19:25.522 [root] Initialized TemplateRuleRegistry@c68a5f8 - c.a.c.c.AbstractComponent.initialize(80)
DEBUG 2026-08-06 03:19:25.522 [root] Initialized DefaultTemplateRenderer@69c6161d - c.a.c.c.AbstractComponent.initialize(80)
DEBUG 2026-08-06 03:19:25.525 [root] Unable to locate MessageSource with name 'messageSource': using default [com.aspectran.core.support.i18n.message.DelegatingMessageSource@6bff19ff] - c.a.c.c.DefaultActivityContext.resolveMessageSource(347)
DEBUG 2026-08-06 03:19:25.525 [root] Initialized DefaultActivityContext@5eccd3b9 - c.a.c.c.AbstractComponent.initialize(80)
INFO  2026-08-06 03:19:25.527 [root] Started DefaultShellService@27f981c6(root) - c.a.c.s.AbstractServiceLifeCycle.start(121)
INFO  2026-08-06 03:19:25.528 [root] Starting DefaultWebService@7ed9ae94(root) - c.a.c.s.AbstractServiceLifeCycle.start(117)
INFO  2026-08-06 03:19:25.529 [root] Started DefaultWebService@7ed9ae94(root) - c.a.c.s.AbstractServiceLifeCycle.start(121)
INFO  2026-08-06 03:19:25.531 [root:console] Starting DefaultWebService@591fd34d - c.a.c.s.AbstractServiceLifeCycle.start(117)
INFO  2026-08-06 03:19:25.531 [root:console] Building ActivityContext with context rules [classpath:com/aspectran/aspectow/console/config/rules/root.xml, /config/console/console-rules.xml] - c.a.c.c.b.HybridActivityContextBuilder.doBuild(120)
INFO  2026-08-06 03:19:25.532 [root:console] Base profiles [mariadb, demo, console.ui] - c.a.c.c.e.EnvironmentProfiles.setBaseProfiles(100)
INFO  2026-08-06 03:19:25.532 [root:console] Ignored base profiles [h2] - c.a.c.c.b.AbstractActivityContextBuilder.createEnvironmentProfiles(424)
INFO  2026-08-06 03:19:25.533 [root:console] Default profiles [dev] - c.a.c.c.e.EnvironmentProfiles.setDefaultProfiles(154)
INFO  2026-08-06 03:19:25.533 [root:console] Activating profiles [dev] - c.a.c.c.e.EnvironmentProfiles.setActiveProfiles(205)
INFO  2026-08-06 03:19:25.534 [root:console] Auto Components Scanning {basePackages=[com.aspectran.aspectow.appmon.engine, com.aspectran.aspectow.console.appmon, com.aspectran.aspectow.console.auth, com.aspectran.aspectow.console.cluster, com.aspectran.aspectow.console.commands, com.aspectran.aspectow.console.common, com.aspectran.aspectow.console.framework, com.aspectran.aspectow.console.home, com.aspectran.aspectow.console.scheduler, com.aspectran.aspectow.console.user, com.aspectran.aspectow.console.vault]} - c.a.c.c.bean.BeanRuleRegistry.scanConfigurableBeans(312)
DEBUG 2026-08-06 03:19:25.538 [root:console] Scanning components from /home/aspectran/projects/public/aspectow/appmon/target/classes/com/aspectran/aspectow/appmon/engine/ - c.aspectran.utils.ClassScanner.scan(128)
DEBUG 2026-08-06 03:19:25.633 [root:console] Scanning components from /home/aspectran/projects/public/aspectow/console/target/classes/com/aspectran/aspectow/console/appmon/ - c.aspectran.utils.ClassScanner.scan(128)
DEBUG 2026-08-06 03:19:25.634 [root:console] Scanning components from /home/aspectran/projects/public/aspectow/console/target/classes/com/aspectran/aspectow/console/auth/ - c.aspectran.utils.ClassScanner.scan(128)
DEBUG 2026-08-06 03:19:25.639 [root:console] Scanning components from /home/aspectran/projects/public/aspectow/console/target/classes/com/aspectran/aspectow/console/cluster/ - c.aspectran.utils.ClassScanner.scan(128)
DEBUG 2026-08-06 03:19:25.648 [root:console] Scanning components from /home/aspectran/projects/public/aspectow/console/target/classes/com/aspectran/aspectow/console/commands/ - c.aspectran.utils.ClassScanner.scan(128)
DEBUG 2026-08-06 03:19:25.656 [root:console] Scanning components from /home/aspectran/projects/public/aspectow/console/target/classes/com/aspectran/aspectow/console/common/ - c.aspectran.utils.ClassScanner.scan(128)
DEBUG 2026-08-06 03:19:25.669 [root:console] Scanning components from /home/aspectran/projects/public/aspectow/console/target/classes/com/aspectran/aspectow/console/framework/ - c.aspectran.utils.ClassScanner.scan(128)
DEBUG 2026-08-06 03:19:25.673 [root:console] Scanning components from /home/aspectran/projects/public/aspectow/console/target/classes/com/aspectran/aspectow/console/home/ - c.aspectran.utils.ClassScanner.scan(128)
DEBUG 2026-08-06 03:19:25.675 [root:console] Scanning components from /home/aspectran/projects/public/aspectow/console/target/classes/com/aspectran/aspectow/console/scheduler/ - c.aspectran.utils.ClassScanner.scan(128)
DEBUG 2026-08-06 03:19:25.681 [root:console] Scanning components from /home/aspectran/projects/public/aspectow/console/target/classes/com/aspectran/aspectow/console/user/ - c.aspectran.utils.ClassScanner.scan(128)
DEBUG 2026-08-06 03:19:25.683 [root:console] Scanning components from /home/aspectran/projects/public/aspectow/console/target/classes/com/aspectran/aspectow/console/vault/ - c.aspectran.utils.ClassScanner.scan(128)
DEBUG 2026-08-06 03:19:25.689 [root:console] Appending rules {resource=com/aspectran/aspectow/appmon/config/rules/scheduler.xml} - c.a.c.c.r.a.HybridRuleAppendHandler.handle(109)
DEBUG 2026-08-06 03:19:25.695 [root:console] Appending rules {resource=com/aspectran/aspectow/console/config/rules/db.xml} - c.a.c.c.r.a.HybridRuleAppendHandler.handle(109)
DEBUG 2026-08-06 03:19:25.706 [root:console] Appending rules {resource=com/aspectran/aspectow/console/config/rules/web.xml, profile=[console.ui, console.custom-ui]} - c.a.c.c.r.a.HybridRuleAppendHandler.handle(109)
DEBUG 2026-08-06 03:19:25.730 [root:console] Appending rules {resource=com/aspectran/aspectow/console/framework/asel-test-rules.xml, profile=[console.ui, console.custom-ui]} - c.a.c.c.r.a.HybridRuleAppendHandler.handle(109)
DEBUG 2026-08-06 03:19:25.735 [root:console] Appending rules {file=/config/console/node-rules.xml, format=xml} - c.a.c.c.r.a.HybridRuleAppendHandler.handle(109)
DEBUG 2026-08-06 03:19:25.746 [root:console] Appending rules {file=/config/console/appmon-rules.xml, format=xml} - c.a.c.c.r.a.HybridRuleAppendHandler.handle(109)
DEBUG 2026-08-06 03:19:25.750 [root:console] Parsing bean rules for annotated configurations: 45 - c.a.c.c.b.AnnotatedConfigParser.parse(158)
DEBUG 2026-08-06 03:19:25.858 [root:console] Parsing for ID-based bean rules: 29 - c.a.c.c.b.AnnotatedConfigParser.parse(176)
DEBUG 2026-08-06 03:19:25.875 [root:console] Parsing for type-based bean rules: 52 - c.a.c.c.b.AnnotatedConfigParser.parse(192)
INFO  2026-08-06 03:19:25.904 [root:console] ActivityContext build completed in 373 ms - c.a.c.c.b.HybridActivityContextBuilder.doBuild(203)
DEBUG 2026-08-06 03:19:25.904 [root:console] Initialized TypeConverterRegistry@3d43fe - c.a.c.c.AbstractComponent.initialize(80)
DEBUG 2026-08-06 03:19:25.904 [root:console] Initializing singletons in com.aspectran.core.component.bean.DefaultBeanRegistry@74ad8d05 - c.a.c.c.b.AbstractBeanRegistry.instantiateSingletons(427)
INFO  2026-08-06 03:19:25.929 [root:console] Using default implementation for ThreadExecutor - o.q.impl.StdSchedulerFactory.instantiate(1222)
INFO  2026-08-06 03:19:25.934 [root:console] Job execution threads will use class loader of thread: root:console - o.q.simpl.SimpleThreadPool.initialize(269)
INFO  2026-08-06 03:19:25.941 [root:console] Initialized Scheduler Signaller of type: class org.quartz.core.SchedulerSignalerImpl - o.q.core.SchedulerSignalerImpl.<init>(62)
INFO  2026-08-06 03:19:25.941 [root:console] Quartz Scheduler v2.5.2 created. - o.quartz.core.QuartzScheduler.<init>(224)
INFO  2026-08-06 03:19:25.942 [root:console] RAMJobStore initialized. - org.quartz.simpl.RAMJobStore.initialize(152)
INFO  2026-08-06 03:19:25.942 [root:console] Scheduler meta-data: Quartz Scheduler (v2.5.2) 'AppmonScheduler' with instanceId 'NON_CLUSTERED'
  Scheduler class: 'org.quartz.core.QuartzScheduler' - running locally.
  NOT STARTED.
  Currently in standby mode.
  Number of jobs executed: 0
  Using thread pool 'org.quartz.simpl.SimpleThreadPool' - with 1 threads.
  Using job-store 'org.quartz.simpl.RAMJobStore' - which does not support persistence. and is not clustered.
 - o.quartz.core.QuartzScheduler.initialize(289)
INFO  2026-08-06 03:19:25.943 [root:console] Quartz scheduler 'AppmonScheduler' initialized from an externally provided properties instance. - o.q.impl.StdSchedulerFactory.instantiate(1376)
INFO  2026-08-06 03:19:25.943 [root:console] Quartz scheduler version: 2.5.2 - o.q.impl.StdSchedulerFactory.instantiate(1378)
DEBUG 2026-08-06 03:19:25.944 [root:console] IGNORED - Invalid properties resource; java.io.IOException: Could not find resource com/aspectran/aspectow/console/config/db/aspectow-console.db-mariadb.properties - c.a.u.PropertiesLoaderSupport.loadProperties(152)
DEBUG 2026-08-06 03:19:25.945 [root:console] IGNORED - Invalid properties resource; java.io.IOException: Could not find resource com/aspectran/aspectow/console/config/db/aspectow-console.db-mariadb.system.properties - c.a.u.PropertiesLoaderSupport.loadProperties(152)
DEBUG 2026-08-06 03:19:26.589 [root:console] Unable to locate MessageSource with name 'messageSource': using default [com.aspectran.core.support.i18n.message.DelegatingMessageSource@7316523a] - c.a.c.c.DefaultActivityContext.resolveMessageSource(347)
INFO  2026-08-06 03:19:26.686 [root:console] Current Node: localhost-console1 (Host: juhoN21) - c.a.a.n.m.NodeManagerBuilder.build(169)
INFO  2026-08-06 03:19:27.402 [root:console] Registered group info to Redis: aspectow:cluster:groups:cluster1 (Group: console) - c.a.a.n.m.NodeManagerBuilder.build(210)
INFO  2026-08-06 03:19:27.420 [root:console] Registered RedisScheduledJobLockProvider for cluster-wide job locking - c.a.a.n.m.NodeManagerBuilder.build(247)
INFO  2026-08-06 03:19:27.421 [root:console] Initializing NodeReporter for cluster: cluster1, node: localhost-console1 - c.a.a.n.manager.NodeReporter.start(70)
DEBUG 2026-08-06 03:19:27.436 [root:console] Registering node 'localhost-console1' in Redis hash 'aspectow:cluster:nodes:cluster1': {id=localhost-console1, group=console, host=juhoN21, port=8082, status=live, endpoint={path=/nodes}, token=1_NH-GR7g7Tn4RLaRNqqIQV55IEshqaq13XC62aXsUkWznOib5ptlZOtrhxzMA0m5URsRkZiyjGg47FPM-hWs07Mo_saf3nb, hasNodeManager=true, hasSchedulerManager=true, hasCommandManager=true} - c.a.a.n.manager.NodeReporter.registerNode(141)
INFO  2026-08-06 03:19:27.635 [root:console] NodeMessageSubscriber initialized and subscribed to pattern: aspectow:cluster:*:*:cluster1:localhost-console1:* - c.a.a.n.m.NodeMessageSubscriber.start(140)
INFO  2026-08-06 03:19:27.682 [root:console] ClusterEventSubscriber initialized and subscribed to channel: aspectow:cluster:event:cluster1 - c.a.a.n.m.ClusterEventSubscriber.start(121)
INFO  2026-08-06 03:19:27.686 [root:console] Initializing RemoteNodeManager for node: localhost-console1 - c.a.a.n.m.n.RemoteNodeManager.initialize(63)
INFO  2026-08-06 03:19:27.688 [root:console] Initializing RemoteSchedulerManager for node: localhost-console1 - c.a.a.n.m.s.RemoteSchedulerManager.initialize(113)
INFO  2026-08-06 03:19:27.689 [root:console] Initializing RemoteCommandManager for node: localhost-console1 - c.a.a.n.m.c.RemoteCommandManager.initialize(74)
DEBUG 2026-08-06 03:19:27.747 [root:console] Registered AspectRule {id=consoleTxAspect, order=0, joinpoint={target=activity, pointcut={type=wildcard, patterns=[{type=wildcard, pattern=@class:com.aspectran.aspectow.console.common.db.tx.ConsoleSqlSession}]}}, advices=[{type=before, action={instance=com.aspectran.mybatis.SqlSessionAdviceRegister$$Lambda/0x000000001e6226b0@146f3d22}}, {type=after, action={instance=com.aspectran.mybatis.SqlSessionAdviceRegister$$Lambda/0x000000001e622910@66b6873f}}, {type=finally, action={instance=com.aspectran.mybatis.SqlSessionAdviceRegister$$Lambda/0x000000001e622dd0@52285a5f}}]} - c.a.m.SqlSessionAdviceRegister.register(294)
INFO  2026-08-06 03:19:27.768 [root:console] Registered app info to Redis: aspectow:cluster:apps:cluster1:console (Apps: []) - c.a.a.a.e.m.AppMonManagerBuilder.build(167)
DEBUG 2026-08-06 03:19:27.775 [root:console] Registered AspectRule {id=consoleBatchTxAspect, order=0, joinpoint={target=activity, pointcut={type=wildcard, patterns=[{type=wildcard, pattern=@class:com.aspectran.aspectow.console.common.db.tx.ConsoleBatchSqlSession}]}}, advices=[{type=before, action={instance=com.aspectran.mybatis.SqlSessionAdviceRegister$$Lambda/0x000000001e6226b0@16ccd2bc}}, {type=after, action={instance=com.aspectran.mybatis.SqlSessionAdviceRegister$$Lambda/0x000000001e622910@12f8682a}}, {type=finally, action={instance=com.aspectran.mybatis.SqlSessionAdviceRegister$$Lambda/0x000000001e622dd0@6f7a20da}}]} - c.a.m.SqlSessionAdviceRegister.register(294)
DEBUG 2026-08-06 03:19:27.781 [root:console] Registered AspectRule {id=consoleReuseTxAspect, order=0, joinpoint={target=activity, pointcut={type=wildcard, patterns=[{type=wildcard, pattern=@class:com.aspectran.aspectow.console.common.db.tx.ConsoleReuseSqlSession}]}}, advices=[{type=before, action={instance=com.aspectran.mybatis.SqlSessionAdviceRegister$$Lambda/0x000000001e6226b0@77ba583}}, {type=after, action={instance=com.aspectran.mybatis.SqlSessionAdviceRegister$$Lambda/0x000000001e622910@5613247e}}, {type=finally, action={instance=com.aspectran.mybatis.SqlSessionAdviceRegister$$Lambda/0x000000001e622dd0@6851b296}}]} - c.a.m.SqlSessionAdviceRegister.register(294)
DEBUG 2026-08-06 03:19:27.788 [root:console] Initialized PollingSessionManager@2673487b - c.a.c.c.AbstractComponent.initialize(80)
INFO  2026-08-06 03:19:27.801 [root:console] CounterPersistSchedule is dynamically set to run every 5 minutes - c.a.a.a.e.s.CounterPersistSchedule.initialize(115)
DEBUG 2026-08-06 03:19:27.806 [root:console] Initialized DefaultBeanRegistry@74ad8d05 - c.a.c.c.AbstractComponent.initialize(80)
DEBUG 2026-08-06 03:19:27.806 [root:console] Initialized AspectRuleRegistry@1857fe6c - c.a.c.c.AbstractComponent.initialize(80)
DEBUG 2026-08-06 03:19:27.806 [root:console] Initialized ScheduleRuleRegistry@44976b08 - c.a.c.c.AbstractComponent.initialize(80)
DEBUG 2026-08-06 03:19:27.807 [root:console] Initialized TransletRuleRegistry@29b8df5 - c.a.c.c.AbstractComponent.initialize(80)
DEBUG 2026-08-06 03:19:27.807 [root:console] Initialized TemplateRuleRegistry@20890a1a - c.a.c.c.AbstractComponent.initialize(80)
DEBUG 2026-08-06 03:19:27.808 [root:console] Initialized DefaultTemplateRenderer@70a24f9 - c.a.c.c.AbstractComponent.initialize(80)
DEBUG 2026-08-06 03:19:27.808 [root:console] Initialized DefaultActivityContext@78bad03b - c.a.c.c.AbstractComponent.initialize(80)
INFO  2026-08-06 03:19:27.814 [root:console] Started DefaultWebService@591fd34d(console) - c.a.c.s.AbstractServiceLifeCycle.start(121)
INFO  2026-08-06 03:19:27.814 [root:console] Starting DefaultSchedulerService@ff4b223 - c.a.c.s.AbstractServiceLifeCycle.start(117)
INFO  2026-08-06 03:19:27.822 [root:console] Starting scheduler 'AppmonScheduler' - c.a.c.s.s.AbstractSchedulerService.doStart(192)
INFO  2026-08-06 03:19:27.823 [root:console] Started DefaultSchedulerService@ff4b223 - c.a.c.s.AbstractServiceLifeCycle.start(121)
DEBUG 2026-08-06 03:19:27.824 [root:console] Registering @ServerEndpoint: class com.aspectran.aspectow.appmon.engine.relay.websocket.WebsocketMessageRelayer - c.a.w.w.j.ServerEndpointExporter.registerEndpoint(122)
INFO  2026-08-06 03:19:27.826 [root:console] UT026003: Adding annotated server endpoint class com.aspectran.aspectow.appmon.engine.relay.websocket.WebsocketMessageRelayer for path /nodes/{nodeId}/appmon/websocket/{token} - io.undertow.websockets.jsr.addEndpointInternal(647)
DEBUG 2026-08-06 03:19:27.830 [root:console] Registering @ServerEndpoint: class com.aspectran.aspectow.console.cluster.bridge.websocket.WebsocketNodeBridge - c.a.w.w.j.ServerEndpointExporter.registerEndpoint(122)
INFO  2026-08-06 03:19:27.830 [root:console] UT026003: Adding annotated server endpoint class com.aspectran.aspectow.console.cluster.bridge.websocket.WebsocketNodeBridge for path /nodes/{nodeId}/websocket/{token} - io.undertow.websockets.jsr.addEndpointInternal(647)
DEBUG 2026-08-06 03:19:27.831 [root:console] Registering @ServerEndpoint: class com.aspectran.aspectow.console.commands.bridge.websocket.WebsocketCommandBridge - c.a.w.w.j.ServerEndpointExporter.registerEndpoint(122)
INFO  2026-08-06 03:19:27.831 [root:console] UT026003: Adding annotated server endpoint class com.aspectran.aspectow.console.commands.bridge.websocket.WebsocketCommandBridge for path /nodes/{nodeId}/commands/websocket/{token} - io.undertow.websockets.jsr.addEndpointInternal(647)
DEBUG 2026-08-06 03:19:27.831 [root:console] Registering @ServerEndpoint: class com.aspectran.aspectow.console.scheduler.bridge.websocket.WebsocketSchedulerBridge - c.a.w.w.j.ServerEndpointExporter.registerEndpoint(122)
INFO  2026-08-06 03:19:27.832 [root:console] UT026003: Adding annotated server endpoint class com.aspectran.aspectow.console.scheduler.bridge.websocket.WebsocketSchedulerBridge for path /nodes/{nodeId}/scheduler/websocket/{token} - io.undertow.websockets.jsr.addEndpointInternal(647)
DEBUG 2026-08-06 03:19:27.833 [root] Initializing DefaultSessionManager@686b1e2d {workerName=shell, maxActiveSessions=1, maxIdleSeconds=1800, scavengingIntervalSeconds=600, fileStore={storeDir=/work/_sessions/shell, nonPersistentAttributes=[]}, enabled=true} - c.a.c.c.s.DefaultSessionManager.doInitialize(175)
DEBUG 2026-08-06 03:19:27.833 [root] DefaultSessionManager@686b1e2d(shell) default maxIdleSecs=1800 - c.a.c.c.s.AbstractSessionManager.setDefaultMaxIdleSecs(176)
DEBUG 2026-08-06 03:19:27.834 [root] Initialized FileSessionStore@646e6d07 - c.a.c.c.AbstractComponent.initialize(80)
DEBUG 2026-08-06 03:19:27.834 [root] Initialized DefaultSessionCache@6e7e0259(shell) - c.a.c.c.AbstractComponent.initialize(80)
DEBUG 2026-08-06 03:19:27.835 [root] com.aspectran.core.component.session.HouseKeeper@7b598d05(shell) is STARTING - c.a.u.l.AbstractLifeCycle.setStarting(183)
DEBUG 2026-08-06 03:19:27.835 [root] com.aspectran.core.component.session.HouseKeeper@7b598d05(shell) is STARTED - c.a.u.l.AbstractLifeCycle.setStarted(193)
DEBUG 2026-08-06 03:19:27.836 [root] Initialized DefaultSessionManager@686b1e2d(shell) - c.a.c.c.AbstractComponent.initialize(80)
DEBUG 2026-08-06 03:19:27.838 [root] Advice {type=before, action={echo={attributes=[data]}}} - c.a.c.activity.AdviceActivity.executeAdvice(351)
DEBUG 2026-08-06 03:19:27.844 [root] Destroy request scoped beans from RequestScope@17d816b3 - c.a.c.c.b.scope.AbstractScope.destroy(112)
INFO  2026-08-06 03:19:29.824 [Thread-0] Scheduler AppmonScheduler_$_NON_CLUSTERED started. - o.quartz.core.QuartzScheduler.start(541)
DEBUG 2026-08-06 03:20:14.445 [shutdown] Running all shutdown-hook tasks: 1 - c.aspectran.utils.ShutdownHook.runTasks(147)
DEBUG 2026-08-06 03:20:14.446 [shutdown] Running task [1/1]: Stop DefaultShellService@27f981c6(root) - c.aspectran.utils.ShutdownHook.runTasks(156)
DEBUG 2026-08-06 03:20:14.447 [root] com.aspectran.core.component.session.HouseKeeper@7b598d05(shell) is STOPPING - c.a.u.l.AbstractLifeCycle.setStopping(203)
DEBUG 2026-08-06 03:20:14.448 [root] com.aspectran.core.component.session.HouseKeeper@7b598d05 {scavengingInterval=600000} used by DefaultSessionManager@686b1e2d(shell) is STOPPED - c.a.u.l.AbstractLifeCycle.setStopped(213)
DEBUG 2026-08-06 03:20:14.449 [root] Destroyed FileSessionStore@646e6d07 - c.a.c.c.AbstractComponent.destroy(99)
DEBUG 2026-08-06 03:20:14.449 [root] Destroyed DefaultSessionCache@6e7e0259(shell) - c.a.c.c.AbstractComponent.destroy(99)
DEBUG 2026-08-06 03:20:14.449 [root] Destroyed DefaultSessionManager@686b1e2d(shell) - c.a.c.c.AbstractComponent.destroy(99)
INFO  2026-08-06 03:20:14.451 [root] Stopping DefaultWebService@7ed9ae94(root) - c.a.c.s.AbstractServiceLifeCycle.stop(164)
INFO  2026-08-06 03:20:14.451 [root] Stopped DefaultWebService@7ed9ae94(root) - c.a.c.s.AbstractServiceLifeCycle.stop(168)
INFO  2026-08-06 03:20:14.453 [root:console] Stopping DefaultSchedulerService@ff4b223 - c.a.c.s.AbstractServiceLifeCycle.stop(164)
INFO  2026-08-06 03:20:14.453 [root:console] Shutting down the scheduler 'AppmonScheduler' with waitForJobsToComplete=true - c.a.c.s.s.AbstractSchedulerService.doStop(218)
INFO  2026-08-06 03:20:14.454 [root:console] Scheduler AppmonScheduler_$_NON_CLUSTERED shutting down. - o.quartz.core.QuartzScheduler.shutdown(656)
INFO  2026-08-06 03:20:14.454 [root:console] Scheduler AppmonScheduler_$_NON_CLUSTERED paused. - o.quartz.core.QuartzScheduler.standby(576)
INFO  2026-08-06 03:20:14.548 [root:console] Scheduler AppmonScheduler_$_NON_CLUSTERED shutdown complete. - o.quartz.core.QuartzScheduler.shutdown(728)
INFO  2026-08-06 03:20:14.549 [root:console] Stopped DefaultSchedulerService@ff4b223 - c.a.c.s.AbstractServiceLifeCycle.stop(168)
INFO  2026-08-06 03:20:14.550 [root:console] Stopping DefaultWebService@591fd34d(console) - c.a.c.s.AbstractServiceLifeCycle.stop(164)
DEBUG 2026-08-06 03:20:14.550 [root:console] Destroying all cached resources... - c.a.c.s.DefaultCoreService.destroyActivityContext(176)
DEBUG 2026-08-06 03:20:14.551 [root:console] Destroying singletons in com.aspectran.core.component.bean.DefaultBeanRegistry@74ad8d05 - c.a.c.c.b.AbstractBeanRegistry.destroySingletons(464)
DEBUG 2026-08-06 03:20:14.552 [root:console] Destroy singleton scoped beans from SingletonScope@4e4d1720 - c.a.c.c.b.scope.AbstractScope.destroy(112)
DEBUG 2026-08-06 03:20:14.553 [root:console] Destroyed PollingSessionManager@2673487b - c.a.c.c.AbstractComponent.destroy(99)
INFO  2026-08-06 03:20:14.554 [root:console] Stopping NodeReporter for node: localhost-console1 - c.a.a.n.manager.NodeReporter.stop(95)
DEBUG 2026-08-06 03:20:14.556 [root:console] Registering node 'localhost-console1' in Redis hash 'aspectow:cluster:nodes:cluster1': {id=localhost-console1, group=console, host=juhoN21, port=8082, status=stopping, endpoint={path=/nodes}, token=wCRQH_lCXFh8fgVr9lmzLOydsm8oTV_GTK0O4DoHiYlbJJhp9O5aNjZtpFGRDNYtwf1yTpMfsU5dmrbF1SSyTk8xTbtpTjJC, hasNodeManager=true, hasSchedulerManager=true, hasCommandManager=true} - c.a.a.n.manager.NodeReporter.registerNode(141)
DEBUG 2026-08-06 03:20:14.573 [root:console] Unregistering node 'localhost-console1' from cluster 'cluster1' - c.a.a.n.manager.NodeReporter.unregisterNode(212)
INFO  2026-08-06 03:20:14.604 [root:console] Cleaning up orphaned group metadata: console (Cluster: cluster1) - c.a.a.n.manager.NodeRegistry.cleanupOrphanedGroups(324)
INFO  2026-08-06 03:20:14.629 [root:console] Closing Redis connection pool for node: localhost-console1 - c.a.a.node.manager.NodeManager.destroy(343)
INFO  2026-08-06 03:20:14.641 [root:console] NodeManager destroyed successfully for node: localhost-console1 - c.a.a.node.manager.NodeManager.destroy(350)
DEBUG 2026-08-06 03:20:14.641 [root:console] Destroyed DefaultBeanRegistry@74ad8d05 - c.a.c.c.AbstractComponent.destroy(99)
DEBUG 2026-08-06 03:20:14.641 [root:console] Destroyed TemplateRuleRegistry@20890a1a - c.a.c.c.AbstractComponent.destroy(99)
DEBUG 2026-08-06 03:20:14.642 [root:console] Destroyed DefaultTemplateRenderer@70a24f9 - c.a.c.c.AbstractComponent.destroy(99)
DEBUG 2026-08-06 03:20:14.642 [root:console] Destroyed TransletRuleRegistry@29b8df5 - c.a.c.c.AbstractComponent.destroy(99)
DEBUG 2026-08-06 03:20:14.643 [root:console] Destroyed ScheduleRuleRegistry@44976b08 - c.a.c.c.AbstractComponent.destroy(99)
DEBUG 2026-08-06 03:20:14.643 [root:console] Destroyed AspectRuleRegistry@1857fe6c - c.a.c.c.AbstractComponent.destroy(99)
DEBUG 2026-08-06 03:20:14.644 [root:console] Destroyed TypeConverterRegistry@3d43fe - c.a.c.c.AbstractComponent.destroy(99)
DEBUG 2026-08-06 03:20:14.644 [root:console] Destroyed DefaultActivityContext@78bad03b - c.a.c.c.AbstractComponent.destroy(99)
INFO  2026-08-06 03:20:14.645 [root:console] Stopped DefaultWebService@591fd34d - c.a.c.s.AbstractServiceLifeCycle.stop(168)
INFO  2026-08-06 03:20:14.645 [root] Stopping DefaultShellService@27f981c6(root) - c.a.c.s.AbstractServiceLifeCycle.stop(164)
DEBUG 2026-08-06 03:20:14.646 [root] Destroying all cached resources... - c.a.c.s.DefaultCoreService.destroyActivityContext(176)
DEBUG 2026-08-06 03:20:14.646 [root] Destroying singletons in com.aspectran.core.component.bean.DefaultBeanRegistry@7164ca4c - c.a.c.c.b.AbstractBeanRegistry.destroySingletons(464)
DEBUG 2026-08-06 03:20:14.647 [root] Destroy singleton scoped beans from SingletonScope@249da127 - c.a.c.c.b.scope.AbstractScope.destroy(112)
DEBUG 2026-08-06 03:20:14.647 [root] com.aspectran.undertow.server.DefaultTowServer@3da30852 is STOPPING - c.a.u.l.AbstractLifeCycle.setStopping(203)
DEBUG 2026-08-06 03:20:20.961 [main] Acquiring lock on /home/aspectran/projects/public/aspectow-demo-console/app/.lock - c.aspectran.utils.FileLocker.lock(93)
DEBUG 2026-08-06 03:20:21.087 [main] Successfully wrote PID 18160 to /home/aspectran/projects/public/aspectow-demo-console/app/.lock - c.aspectran.utils.FileLocker.lock(121)
DEBUG 2026-08-06 03:20:21.092 [main] Registering shutdown-hook: Thread[#31,shutdown,5,main] - c.aspectran.utils.ShutdownHook.registerHook(112)
DEBUG 2026-08-06 03:20:21.096 [main] Adding shutdown-hook task: Stop DefaultShellService@1a6d8329 - c.aspectran.utils.ShutdownHook.addTask(76)
INFO  2026-08-06 03:20:21.098 [root] Starting DefaultShellService@1a6d8329 - c.a.c.s.AbstractServiceLifeCycle.start(117)
INFO  2026-08-06 03:20:21.100 [root] Building ActivityContext with context rules [/config/app-description.xml, /config/aspectran-rules.xml, /config/server/server.xml] - c.a.c.c.b.HybridActivityContextBuilder.doBuild(120)
DEBUG 2026-08-06 03:20:21.101 [root] Running in an IDE environment, so the resource locations [/home/aspectran/projects/public/aspectow-demo-console/app/lib/ext] will be ignored to avoid class loading conflicts - c.a.c.c.b.AbstractActivityContextBuilder.createSiblingClassLoader(387)
DEBUG 2026-08-06 03:20:21.106 [root] Sweeping /home/aspectran/projects/public/aspectow-demo-console/app/work/* for old resource files - c.a.c.c.r.LocalResourceManager.sweepWorkResourceFiles(236)
INFO  2026-08-06 03:20:21.117 [root] Default profiles [dev] - c.a.c.c.e.EnvironmentProfiles.setDefaultProfiles(154)
INFO  2026-08-06 03:20:21.118 [root] Activating profiles [dev] - c.a.c.c.e.EnvironmentProfiles.setActiveProfiles(205)
DEBUG 2026-08-06 03:20:21.298 [root] Appending rules {file=/config/server/undertow/tow-server.xml, format=xml} - c.a.c.c.r.a.HybridRuleAppendHandler.handle(109)
DEBUG 2026-08-06 03:20:21.326 [root] Appending rules {file=/config/server/undertow/tow-context-root.xml, format=xml} - c.a.c.c.r.a.HybridRuleAppendHandler.handle(109)
DEBUG 2026-08-06 03:20:21.342 [root] Appending rules {file=/config/server/undertow/tow-context-console.xml, format=xml} - c.a.c.c.r.a.HybridRuleAppendHandler.handle(109)
DEBUG 2026-08-06 03:20:21.346 [root] Appending rules {resource=com/aspectran/aspectow/console/config/rules/context/tow-context-console.xml} - c.a.c.c.r.a.HybridRuleAppendHandler.handle(109)
DEBUG 2026-08-06 03:20:21.355 [root] Appending rules {file=/config/server/undertow/tow-support.xml, format=xml} - c.a.c.c.r.a.HybridRuleAppendHandler.handle(109)
DEBUG 2026-08-06 03:20:21.393 [root] Parsing for ID-based bean rules: 14 - c.a.c.c.b.AnnotatedConfigParser.parse(176)
DEBUG 2026-08-06 03:20:21.444 [root] Parsing for type-based bean rules: 22 - c.a.c.c.b.AnnotatedConfigParser.parse(192)
INFO  2026-08-06 03:20:21.463 [root] ActivityContext build completed in 362 ms - c.a.c.c.b.HybridActivityContextBuilder.doBuild(203)
DEBUG 2026-08-06 03:20:21.469 [root] Initialized TypeConverterRegistry@130e116b - c.a.c.c.AbstractComponent.initialize(80)
DEBUG 2026-08-06 03:20:21.470 [root] Initializing singletons in com.aspectran.core.component.bean.DefaultBeanRegistry@e383572 - c.a.c.c.b.AbstractBeanRegistry.instantiateSingletons(427)
DEBUG 2026-08-06 03:20:21.534 [root] com.aspectran.undertow.server.DefaultTowServer@41d426b5 is STARTING - c.a.u.l.AbstractLifeCycle.setStarting(183)
DEBUG 2026-08-06 03:20:21.714 [root] Initializing DefaultSessionManager@75e01201 {workerName=cn0, maxActiveSessions=999, maxIdleSeconds=600, evictionIdleSeconds=300, scavengingIntervalSeconds=180, clusterEnabled=false} - c.a.c.c.s.DefaultSessionManager.doInitialize(175)
DEBUG 2026-08-06 03:20:21.715 [root] DefaultSessionManager@75e01201(cn0) default maxIdleSecs=600 - c.a.c.c.s.AbstractSessionManager.setDefaultMaxIdleSecs(176)
DEBUG 2026-08-06 03:20:21.721 [root] Initialized FileSessionStore@22d6f11 - c.a.c.c.AbstractComponent.initialize(80)
DEBUG 2026-08-06 03:20:21.722 [root] Restored 1 sessions from FileSessionStore@22d6f11 - c.a.c.c.s.DefaultSessionCache.doInitialize(130)
DEBUG 2026-08-06 03:20:21.723 [root] Initialized DefaultSessionCache@15eebbff(cn0) - c.a.c.c.AbstractComponent.initialize(80)
DEBUG 2026-08-06 03:20:21.726 [root] com.aspectran.core.component.session.HouseKeeper@305f7627(cn0) is STARTING - c.a.u.l.AbstractLifeCycle.setStarting(183)
DEBUG 2026-08-06 03:20:21.731 [root] com.aspectran.core.component.session.HouseKeeper@305f7627(cn0) is STARTED - c.a.u.l.AbstractLifeCycle.setStarted(193)
DEBUG 2026-08-06 03:20:21.733 [root] Initialized DefaultSessionManager@75e01201(cn0) - c.a.c.c.AbstractComponent.initialize(80)
DEBUG 2026-08-06 03:20:21.741 [root] Register session listener com.aspectran.undertow.server.session.TowSessionListener@426b6a74 in DefaultSessionManager@75e01201(cn0) - c.a.c.c.s.AbstractSessionManager.addSessionListener(500)
DEBUG 2026-08-06 03:20:21.743 [root] Register session listener com.aspectran.undertow.server.session.TowSessionListener@83298d7 in DefaultSessionManager@75e01201(cn0) - c.a.c.c.s.AbstractSessionManager.addSessionListener(500)
INFO  2026-08-06 03:20:21.826 [root] XNIO version 3.8.16.Final - org.xnio.<clinit>(95)
INFO  2026-08-06 03:20:21.840 [root] XNIO NIO Implementation Version 3.8.16.Final - org.xnio.nio.<clinit>(58)
DEBUG 2026-08-06 03:20:22.063 [root] Initializing DefaultSessionManager@68ed96ca {workerName=rn0, maxActiveSessions=9999, maxIdleSeconds=489, evictionIdleSeconds=258, maxIdleSecondsForNew=60, evictionIdleSecondsForNew=30, scavengingIntervalSeconds=90, clusterEnabled=false} - c.a.c.c.s.DefaultSessionManager.doInitialize(175)
DEBUG 2026-08-06 03:20:22.064 [root] DefaultSessionManager@68ed96ca(rn0) default maxIdleSecs=489 - c.a.c.c.s.AbstractSessionManager.setDefaultMaxIdleSecs(176)
DEBUG 2026-08-06 03:20:22.065 [root] Initialized FileSessionStore@3228d990 - c.a.c.c.AbstractComponent.initialize(80)
DEBUG 2026-08-06 03:20:22.066 [root] Initialized DefaultSessionCache@6d1310f6(rn0) - c.a.c.c.AbstractComponent.initialize(80)
DEBUG 2026-08-06 03:20:22.066 [root] com.aspectran.core.component.session.HouseKeeper@255990cc(rn0) is STARTING - c.a.u.l.AbstractLifeCycle.setStarting(183)
DEBUG 2026-08-06 03:20:22.068 [root] com.aspectran.core.component.session.HouseKeeper@255990cc(rn0) is STARTED - c.a.u.l.AbstractLifeCycle.setStarted(193)
DEBUG 2026-08-06 03:20:22.068 [root] Initialized DefaultSessionManager@68ed96ca(rn0) - c.a.c.c.AbstractComponent.initialize(80)
DEBUG 2026-08-06 03:20:22.069 [root] Register session listener com.aspectran.undertow.server.session.TowSessionListener@29d2d081 in DefaultSessionManager@68ed96ca(rn0) - c.a.c.c.s.AbstractSessionManager.addSessionListener(500)
DEBUG 2026-08-06 03:20:22.070 [root] Register session listener com.aspectran.undertow.server.session.TowSessionListener@58783f6c in DefaultSessionManager@68ed96ca(rn0) - c.a.c.c.s.AbstractSessionManager.addSessionListener(500)
INFO  2026-08-06 03:20:22.084 [root] WebActivityServlet 'webActivityServlet' has been initialized. - c.a.w.s.WebActivityServlet.init(101)
INFO  2026-08-06 03:20:22.091 [root] TowResourceHandler includePatterns=[/console/assets/js/**, /console/assets/css/**, /console/assets/appmon/css/**, /console/assets/appmon/js/**] - c.a.u.s.h.r.TowResourceHandler.autoDetect(142)
INFO  2026-08-06 03:20:22.119 [root] WebActivityServlet 'webActivityServlet' has been initialized. - c.a.w.s.WebActivityServlet.init(101)
INFO  2026-08-06 03:20:22.121 [root] TowResourceHandler includePatterns=[/favicon.ico, /WEB-INF/**] - c.a.u.s.h.r.TowResourceHandler.autoDetect(142)
INFO  2026-08-06 03:20:22.205 [root] starting server: Undertow - 2.3.26.Final - io.undertow.start(120)
INFO  2026-08-06 03:20:22.301 [root] Undertow 2.3.26.Final started - c.a.u.server.DefaultTowServer.doStart(54)
DEBUG 2026-08-06 03:20:22.302 [root] com.aspectran.undertow.server.DefaultTowServer@41d426b5 is STARTED - c.a.u.l.AbstractLifeCycle.setStarted(193)
DEBUG 2026-08-06 03:20:22.303 [root] Initialized DefaultBeanRegistry@e383572 - c.a.c.c.AbstractComponent.initialize(80)
DEBUG 2026-08-06 03:20:22.304 [root] Initialized AspectRuleRegistry@70325d20 - c.a.c.c.AbstractComponent.initialize(80)
DEBUG 2026-08-06 03:20:22.304 [root] Initialized ScheduleRuleRegistry@7c2327fa - c.a.c.c.AbstractComponent.initialize(80)
DEBUG 2026-08-06 03:20:22.305 [root] Initialized TransletRuleRegistry@4d847d32 - c.a.c.c.AbstractComponent.initialize(80)
DEBUG 2026-08-06 03:20:22.305 [root] Initialized TemplateRuleRegistry@5f462e3b - c.a.c.c.AbstractComponent.initialize(80)
DEBUG 2026-08-06 03:20:22.306 [root] Initialized DefaultTemplateRenderer@3d7fa3ae - c.a.c.c.AbstractComponent.initialize(80)
DEBUG 2026-08-06 03:20:22.313 [root] Unable to locate MessageSource with name 'messageSource': using default [com.aspectran.core.support.i18n.message.DelegatingMessageSource@6ad11a56] - c.a.c.c.DefaultActivityContext.resolveMessageSource(347)
DEBUG 2026-08-06 03:20:22.314 [root] Initialized DefaultActivityContext@1ee29c84 - c.a.c.c.AbstractComponent.initialize(80)
INFO  2026-08-06 03:20:22.317 [root] Started DefaultShellService@1a6d8329(root) - c.a.c.s.AbstractServiceLifeCycle.start(121)
INFO  2026-08-06 03:20:22.317 [root:console] Starting DefaultWebService@18fdb6cf - c.a.c.s.AbstractServiceLifeCycle.start(117)
INFO  2026-08-06 03:20:22.318 [root:console] Building ActivityContext with context rules [classpath:com/aspectran/aspectow/console/config/rules/root.xml, /config/console/console-rules.xml] - c.a.c.c.b.HybridActivityContextBuilder.doBuild(120)
INFO  2026-08-06 03:20:22.320 [root:console] Base profiles [mariadb, demo, console.ui] - c.a.c.c.e.EnvironmentProfiles.setBaseProfiles(100)
INFO  2026-08-06 03:20:22.320 [root:console] Ignored base profiles [h2] - c.a.c.c.b.AbstractActivityContextBuilder.createEnvironmentProfiles(424)
INFO  2026-08-06 03:20:22.321 [root:console] Default profiles [dev] - c.a.c.c.e.EnvironmentProfiles.setDefaultProfiles(154)
INFO  2026-08-06 03:20:22.322 [root:console] Activating profiles [dev] - c.a.c.c.e.EnvironmentProfiles.setActiveProfiles(205)
INFO  2026-08-06 03:20:22.322 [root:console] Auto Components Scanning {basePackages=[com.aspectran.aspectow.appmon.engine, com.aspectran.aspectow.console.appmon, com.aspectran.aspectow.console.auth, com.aspectran.aspectow.console.cluster, com.aspectran.aspectow.console.commands, com.aspectran.aspectow.console.common, com.aspectran.aspectow.console.framework, com.aspectran.aspectow.console.home, com.aspectran.aspectow.console.scheduler, com.aspectran.aspectow.console.user, com.aspectran.aspectow.console.vault]} - c.a.c.c.bean.BeanRuleRegistry.scanConfigurableBeans(312)
DEBUG 2026-08-06 03:20:22.328 [root:console] Scanning components from /home/aspectran/projects/public/aspectow/appmon/target/classes/com/aspectran/aspectow/appmon/engine/ - c.aspectran.utils.ClassScanner.scan(128)
DEBUG 2026-08-06 03:20:22.407 [root:console] Scanning components from /home/aspectran/projects/public/aspectow/console/target/classes/com/aspectran/aspectow/console/appmon/ - c.aspectran.utils.ClassScanner.scan(128)
DEBUG 2026-08-06 03:20:22.409 [root:console] Scanning components from /home/aspectran/projects/public/aspectow/console/target/classes/com/aspectran/aspectow/console/auth/ - c.aspectran.utils.ClassScanner.scan(128)
DEBUG 2026-08-06 03:20:22.413 [root:console] Scanning components from /home/aspectran/projects/public/aspectow/console/target/classes/com/aspectran/aspectow/console/cluster/ - c.aspectran.utils.ClassScanner.scan(128)
DEBUG 2026-08-06 03:20:22.419 [root:console] Scanning components from /home/aspectran/projects/public/aspectow/console/target/classes/com/aspectran/aspectow/console/commands/ - c.aspectran.utils.ClassScanner.scan(128)
DEBUG 2026-08-06 03:20:22.426 [root:console] Scanning components from /home/aspectran/projects/public/aspectow/console/target/classes/com/aspectran/aspectow/console/common/ - c.aspectran.utils.ClassScanner.scan(128)
DEBUG 2026-08-06 03:20:22.436 [root:console] Scanning components from /home/aspectran/projects/public/aspectow/console/target/classes/com/aspectran/aspectow/console/framework/ - c.aspectran.utils.ClassScanner.scan(128)
DEBUG 2026-08-06 03:20:22.441 [root:console] Scanning components from /home/aspectran/projects/public/aspectow/console/target/classes/com/aspectran/aspectow/console/home/ - c.aspectran.utils.ClassScanner.scan(128)
DEBUG 2026-08-06 03:20:22.442 [root:console] Scanning components from /home/aspectran/projects/public/aspectow/console/target/classes/com/aspectran/aspectow/console/scheduler/ - c.aspectran.utils.ClassScanner.scan(128)
DEBUG 2026-08-06 03:20:22.447 [root:console] Scanning components from /home/aspectran/projects/public/aspectow/console/target/classes/com/aspectran/aspectow/console/user/ - c.aspectran.utils.ClassScanner.scan(128)
DEBUG 2026-08-06 03:20:22.448 [root:console] Scanning components from /home/aspectran/projects/public/aspectow/console/target/classes/com/aspectran/aspectow/console/vault/ - c.aspectran.utils.ClassScanner.scan(128)
DEBUG 2026-08-06 03:20:22.453 [root:console] Appending rules {resource=com/aspectran/aspectow/appmon/config/rules/scheduler.xml} - c.a.c.c.r.a.HybridRuleAppendHandler.handle(109)
DEBUG 2026-08-06 03:20:22.458 [root:console] Appending rules {resource=com/aspectran/aspectow/console/config/rules/db.xml} - c.a.c.c.r.a.HybridRuleAppendHandler.handle(109)
DEBUG 2026-08-06 03:20:22.467 [root:console] Appending rules {resource=com/aspectran/aspectow/console/config/rules/web.xml, profile=[console.ui, console.custom-ui]} - c.a.c.c.r.a.HybridRuleAppendHandler.handle(109)
DEBUG 2026-08-06 03:20:22.490 [root:console] Appending rules {resource=com/aspectran/aspectow/console/framework/asel-test-rules.xml, profile=[console.ui, console.custom-ui]} - c.a.c.c.r.a.HybridRuleAppendHandler.handle(109)
DEBUG 2026-08-06 03:20:22.498 [root:console] Appending rules {file=/config/console/node-rules.xml, format=xml} - c.a.c.c.r.a.HybridRuleAppendHandler.handle(109)
DEBUG 2026-08-06 03:20:22.507 [root:console] Appending rules {file=/config/console/appmon-rules.xml, format=xml} - c.a.c.c.r.a.HybridRuleAppendHandler.handle(109)
DEBUG 2026-08-06 03:20:22.511 [root:console] Parsing bean rules for annotated configurations: 45 - c.a.c.c.b.AnnotatedConfigParser.parse(158)
DEBUG 2026-08-06 03:20:22.673 [root:console] Parsing for ID-based bean rules: 29 - c.a.c.c.b.AnnotatedConfigParser.parse(176)
DEBUG 2026-08-06 03:20:22.687 [root:console] Parsing for type-based bean rules: 52 - c.a.c.c.b.AnnotatedConfigParser.parse(192)
INFO  2026-08-06 03:20:22.715 [root:console] ActivityContext build completed in 396 ms - c.a.c.c.b.HybridActivityContextBuilder.doBuild(203)
DEBUG 2026-08-06 03:20:22.716 [root:console] Initialized TypeConverterRegistry@7baf6acf - c.a.c.c.AbstractComponent.initialize(80)
DEBUG 2026-08-06 03:20:22.716 [root:console] Initializing singletons in com.aspectran.core.component.bean.DefaultBeanRegistry@1e6dad8 - c.a.c.c.b.AbstractBeanRegistry.instantiateSingletons(427)
INFO  2026-08-06 03:20:22.753 [root:console] Using default implementation for ThreadExecutor - o.q.impl.StdSchedulerFactory.instantiate(1222)
INFO  2026-08-06 03:20:22.756 [root:console] Job execution threads will use class loader of thread: root:console - o.q.simpl.SimpleThreadPool.initialize(269)
INFO  2026-08-06 03:20:22.766 [root:console] Initialized Scheduler Signaller of type: class org.quartz.core.SchedulerSignalerImpl - o.q.core.SchedulerSignalerImpl.<init>(62)
INFO  2026-08-06 03:20:22.767 [root:console] Quartz Scheduler v2.5.2 created. - o.quartz.core.QuartzScheduler.<init>(224)
INFO  2026-08-06 03:20:22.768 [root:console] RAMJobStore initialized. - org.quartz.simpl.RAMJobStore.initialize(152)
INFO  2026-08-06 03:20:22.768 [root:console] Scheduler meta-data: Quartz Scheduler (v2.5.2) 'AppmonScheduler' with instanceId 'NON_CLUSTERED'
  Scheduler class: 'org.quartz.core.QuartzScheduler' - running locally.
  NOT STARTED.
  Currently in standby mode.
  Number of jobs executed: 0
  Using thread pool 'org.quartz.simpl.SimpleThreadPool' - with 1 threads.
  Using job-store 'org.quartz.simpl.RAMJobStore' - which does not support persistence. and is not clustered.
 - o.quartz.core.QuartzScheduler.initialize(289)
INFO  2026-08-06 03:20:22.769 [root:console] Quartz scheduler 'AppmonScheduler' initialized from an externally provided properties instance. - o.q.impl.StdSchedulerFactory.instantiate(1376)
INFO  2026-08-06 03:20:22.770 [root:console] Quartz scheduler version: 2.5.2 - o.q.impl.StdSchedulerFactory.instantiate(1378)
DEBUG 2026-08-06 03:20:22.771 [root:console] IGNORED - Invalid properties resource; java.io.IOException: Could not find resource com/aspectran/aspectow/console/config/db/aspectow-console.db-mariadb.properties - c.a.u.PropertiesLoaderSupport.loadProperties(152)
DEBUG 2026-08-06 03:20:22.772 [root:console] IGNORED - Invalid properties resource; java.io.IOException: Could not find resource com/aspectran/aspectow/console/config/db/aspectow-console.db-mariadb.system.properties - c.a.u.PropertiesLoaderSupport.loadProperties(152)
DEBUG 2026-08-06 03:20:23.789 [root:console] Unable to locate MessageSource with name 'messageSource': using default [com.aspectran.core.support.i18n.message.DelegatingMessageSource@479111ba] - c.a.c.c.DefaultActivityContext.resolveMessageSource(347)
INFO  2026-08-06 03:20:23.921 [root:console] Current Node: localhost-console1 (Host: juhoN21) - c.a.a.n.m.NodeManagerBuilder.build(169)
INFO  2026-08-06 03:20:24.884 [root:console] Registered group info to Redis: aspectow:cluster:groups:cluster1 (Group: console) - c.a.a.n.m.NodeManagerBuilder.build(210)
INFO  2026-08-06 03:20:24.896 [root:console] Registered RedisScheduledJobLockProvider for cluster-wide job locking - c.a.a.n.m.NodeManagerBuilder.build(247)
INFO  2026-08-06 03:20:24.897 [root:console] Initializing NodeReporter for cluster: cluster1, node: localhost-console1 - c.a.a.n.manager.NodeReporter.start(70)
DEBUG 2026-08-06 03:20:24.902 [root:console] Registering node 'localhost-console1' in Redis hash 'aspectow:cluster:nodes:cluster1': {id=localhost-console1, group=console, host=juhoN21, port=8082, status=live, endpoint={path=/nodes}, token=8fj03cm9wxZNEkUVHIPLUhpvYFk18uFREE-KFVhKUbQu1wYv6TWI-a16SSDVb2BfLDFd25YmyO_ZcUBymeXb8HREaYOE-flL, hasNodeManager=true, hasSchedulerManager=true, hasCommandManager=true} - c.a.a.n.manager.NodeReporter.registerNode(141)
INFO  2026-08-06 03:20:25.104 [root:console] NodeMessageSubscriber initialized and subscribed to pattern: aspectow:cluster:*:*:cluster1:localhost-console1:* - c.a.a.n.m.NodeMessageSubscriber.start(140)
INFO  2026-08-06 03:20:25.152 [root:console] ClusterEventSubscriber initialized and subscribed to channel: aspectow:cluster:event:cluster1 - c.a.a.n.m.ClusterEventSubscriber.start(121)
INFO  2026-08-06 03:20:25.154 [root:console] Initializing RemoteNodeManager for node: localhost-console1 - c.a.a.n.m.n.RemoteNodeManager.initialize(63)
INFO  2026-08-06 03:20:25.156 [root:console] Initializing RemoteSchedulerManager for node: localhost-console1 - c.a.a.n.m.s.RemoteSchedulerManager.initialize(113)
INFO  2026-08-06 03:20:25.158 [root:console] Initializing RemoteCommandManager for node: localhost-console1 - c.a.a.n.m.c.RemoteCommandManager.initialize(74)
INFO  2026-08-06 03:20:25.180 [root:console] Registered app info to Redis: aspectow:cluster:apps:cluster1:console (Apps: []) - c.a.a.a.e.m.AppMonManagerBuilder.build(167)
DEBUG 2026-08-06 03:20:25.223 [root:console] Registered AspectRule {id=consoleTxAspect, order=0, joinpoint={target=activity, pointcut={type=wildcard, patterns=[{type=wildcard, pattern=@class:com.aspectran.aspectow.console.common.db.tx.ConsoleSqlSession}]}}, advices=[{type=before, action={instance=com.aspectran.mybatis.SqlSessionAdviceRegister$$Lambda/0x00000000196326b0@61e14b53}}, {type=after, action={instance=com.aspectran.mybatis.SqlSessionAdviceRegister$$Lambda/0x0000000019632910@31b6b0c7}}, {type=finally, action={instance=com.aspectran.mybatis.SqlSessionAdviceRegister$$Lambda/0x0000000019632dd0@6253e59a}}]} - c.a.m.SqlSessionAdviceRegister.register(294)
DEBUG 2026-08-06 03:20:25.231 [root:console] Registered AspectRule {id=consoleBatchTxAspect, order=0, joinpoint={target=activity, pointcut={type=wildcard, patterns=[{type=wildcard, pattern=@class:com.aspectran.aspectow.console.common.db.tx.ConsoleBatchSqlSession}]}}, advices=[{type=before, action={instance=com.aspectran.mybatis.SqlSessionAdviceRegister$$Lambda/0x00000000196326b0@47f0f414}}, {type=after, action={instance=com.aspectran.mybatis.SqlSessionAdviceRegister$$Lambda/0x0000000019632910@7e1d8d41}}, {type=finally, action={instance=com.aspectran.mybatis.SqlSessionAdviceRegister$$Lambda/0x0000000019632dd0@4809c771}}]} - c.a.m.SqlSessionAdviceRegister.register(294)
DEBUG 2026-08-06 03:20:25.238 [root:console] Registered AspectRule {id=consoleReuseTxAspect, order=0, joinpoint={target=activity, pointcut={type=wildcard, patterns=[{type=wildcard, pattern=@class:com.aspectran.aspectow.console.common.db.tx.ConsoleReuseSqlSession}]}}, advices=[{type=before, action={instance=com.aspectran.mybatis.SqlSessionAdviceRegister$$Lambda/0x00000000196326b0@359e27d2}}, {type=after, action={instance=com.aspectran.mybatis.SqlSessionAdviceRegister$$Lambda/0x0000000019632910@277bc3a5}}, {type=finally, action={instance=com.aspectran.mybatis.SqlSessionAdviceRegister$$Lambda/0x0000000019632dd0@214fba74}}]} - c.a.m.SqlSessionAdviceRegister.register(294)
DEBUG 2026-08-06 03:20:25.244 [root:console] Initialized PollingSessionManager@36cfe107 - c.a.c.c.AbstractComponent.initialize(80)
INFO  2026-08-06 03:20:25.280 [root:console] CounterPersistSchedule is dynamically set to run every 5 minutes - c.a.a.a.e.s.CounterPersistSchedule.initialize(115)
DEBUG 2026-08-06 03:20:25.284 [root:console] Initialized DefaultBeanRegistry@1e6dad8 - c.a.c.c.AbstractComponent.initialize(80)
DEBUG 2026-08-06 03:20:25.284 [root:console] Initialized AspectRuleRegistry@63e70bf9 - c.a.c.c.AbstractComponent.initialize(80)
DEBUG 2026-08-06 03:20:25.285 [root:console] Initialized ScheduleRuleRegistry@402a69f - c.a.c.c.AbstractComponent.initialize(80)
DEBUG 2026-08-06 03:20:25.285 [root:console] Initialized TransletRuleRegistry@419f0ea - c.a.c.c.AbstractComponent.initialize(80)
DEBUG 2026-08-06 03:20:25.285 [root:console] Initialized TemplateRuleRegistry@2d47b06 - c.a.c.c.AbstractComponent.initialize(80)
DEBUG 2026-08-06 03:20:25.285 [root:console] Initialized DefaultTemplateRenderer@59371066 - c.a.c.c.AbstractComponent.initialize(80)
DEBUG 2026-08-06 03:20:25.286 [root:console] Initialized DefaultActivityContext@48106381 - c.a.c.c.AbstractComponent.initialize(80)
INFO  2026-08-06 03:20:25.289 [root:console] Started DefaultWebService@18fdb6cf(console) - c.a.c.s.AbstractServiceLifeCycle.start(121)
INFO  2026-08-06 03:20:25.290 [root:console] Starting DefaultSchedulerService@1073c664 - c.a.c.s.AbstractServiceLifeCycle.start(117)
INFO  2026-08-06 03:20:25.300 [root:console] Starting scheduler 'AppmonScheduler' - c.a.c.s.s.AbstractSchedulerService.doStart(192)
INFO  2026-08-06 03:20:25.303 [root:console] Started DefaultSchedulerService@1073c664 - c.a.c.s.AbstractServiceLifeCycle.start(121)
DEBUG 2026-08-06 03:20:25.306 [root:console] Registering @ServerEndpoint: class com.aspectran.aspectow.appmon.engine.relay.websocket.WebsocketMessageRelayer - c.a.w.w.j.ServerEndpointExporter.registerEndpoint(122)
INFO  2026-08-06 03:20:25.308 [root:console] UT026003: Adding annotated server endpoint class com.aspectran.aspectow.appmon.engine.relay.websocket.WebsocketMessageRelayer for path /nodes/{nodeId}/appmon/websocket/{token} - io.undertow.websockets.jsr.addEndpointInternal(647)
DEBUG 2026-08-06 03:20:25.314 [root:console] Registering @ServerEndpoint: class com.aspectran.aspectow.console.cluster.bridge.websocket.WebsocketNodeBridge - c.a.w.w.j.ServerEndpointExporter.registerEndpoint(122)
INFO  2026-08-06 03:20:25.315 [root:console] UT026003: Adding annotated server endpoint class com.aspectran.aspectow.console.cluster.bridge.websocket.WebsocketNodeBridge for path /nodes/{nodeId}/websocket/{token} - io.undertow.websockets.jsr.addEndpointInternal(647)
DEBUG 2026-08-06 03:20:25.315 [root:console] Registering @ServerEndpoint: class com.aspectran.aspectow.console.commands.bridge.websocket.WebsocketCommandBridge - c.a.w.w.j.ServerEndpointExporter.registerEndpoint(122)
INFO  2026-08-06 03:20:25.316 [root:console] UT026003: Adding annotated server endpoint class com.aspectran.aspectow.console.commands.bridge.websocket.WebsocketCommandBridge for path /nodes/{nodeId}/commands/websocket/{token} - io.undertow.websockets.jsr.addEndpointInternal(647)
DEBUG 2026-08-06 03:20:25.316 [root:console] Registering @ServerEndpoint: class com.aspectran.aspectow.console.scheduler.bridge.websocket.WebsocketSchedulerBridge - c.a.w.w.j.ServerEndpointExporter.registerEndpoint(122)
INFO  2026-08-06 03:20:25.317 [root:console] UT026003: Adding annotated server endpoint class com.aspectran.aspectow.console.scheduler.bridge.websocket.WebsocketSchedulerBridge for path /nodes/{nodeId}/scheduler/websocket/{token} - io.undertow.websockets.jsr.addEndpointInternal(647)
INFO  2026-08-06 03:20:25.318 [root] Starting DefaultWebService@55c03e4(root) - c.a.c.s.AbstractServiceLifeCycle.start(117)
INFO  2026-08-06 03:20:25.318 [root] Started DefaultWebService@55c03e4(root) - c.a.c.s.AbstractServiceLifeCycle.start(121)
DEBUG 2026-08-06 03:20:25.319 [root] Initializing DefaultSessionManager@14df5253 {workerName=shell, maxActiveSessions=1, maxIdleSeconds=1800, scavengingIntervalSeconds=600, fileStore={storeDir=/work/_sessions/shell, nonPersistentAttributes=[]}, enabled=true} - c.a.c.c.s.DefaultSessionManager.doInitialize(175)
DEBUG 2026-08-06 03:20:25.320 [root] DefaultSessionManager@14df5253(shell) default maxIdleSecs=1800 - c.a.c.c.s.AbstractSessionManager.setDefaultMaxIdleSecs(176)
DEBUG 2026-08-06 03:20:25.321 [root] Initialized FileSessionStore@7a0f06ad - c.a.c.c.AbstractComponent.initialize(80)
DEBUG 2026-08-06 03:20:25.321 [root] Initialized DefaultSessionCache@605eb072(shell) - c.a.c.c.AbstractComponent.initialize(80)
DEBUG 2026-08-06 03:20:25.322 [root] com.aspectran.core.component.session.HouseKeeper@64420e34(shell) is STARTING - c.a.u.l.AbstractLifeCycle.setStarting(183)
DEBUG 2026-08-06 03:20:25.323 [root] com.aspectran.core.component.session.HouseKeeper@64420e34(shell) is STARTED - c.a.u.l.AbstractLifeCycle.setStarted(193)
DEBUG 2026-08-06 03:20:25.323 [root] Initialized DefaultSessionManager@14df5253(shell) - c.a.c.c.AbstractComponent.initialize(80)
DEBUG 2026-08-06 03:20:25.325 [root] Advice {type=before, action={echo={attributes=[data]}}} - c.a.c.activity.AdviceActivity.executeAdvice(351)
DEBUG 2026-08-06 03:20:25.330 [root] Destroy request scoped beans from RequestScope@702f4124 - c.a.c.c.b.scope.AbstractScope.destroy(112)
INFO  2026-08-06 03:20:27.304 [Thread-0] Scheduler AppmonScheduler_$_NON_CLUSTERED started. - o.quartz.core.QuartzScheduler.start(541)
DEBUG 2026-08-06 03:23:49.765 [shutdown] Running all shutdown-hook tasks: 1 - c.aspectran.utils.ShutdownHook.runTasks(147)
DEBUG 2026-08-06 03:23:49.766 [shutdown] Running task [1/1]: Stop DefaultShellService@1a6d8329(root) - c.aspectran.utils.ShutdownHook.runTasks(156)
DEBUG 2026-08-06 03:23:49.767 [root] com.aspectran.core.component.session.HouseKeeper@64420e34(shell) is STOPPING - c.a.u.l.AbstractLifeCycle.setStopping(203)
DEBUG 2026-08-06 03:23:49.767 [root] com.aspectran.core.component.session.HouseKeeper@64420e34 {scavengingInterval=600000} used by DefaultSessionManager@14df5253(shell) is STOPPED - c.a.u.l.AbstractLifeCycle.setStopped(213)
DEBUG 2026-08-06 03:23:49.768 [root] Destroyed FileSessionStore@7a0f06ad - c.a.c.c.AbstractComponent.destroy(99)
DEBUG 2026-08-06 03:23:49.769 [root] Destroyed DefaultSessionCache@605eb072(shell) - c.a.c.c.AbstractComponent.destroy(99)
DEBUG 2026-08-06 03:23:49.769 [root] Destroyed DefaultSessionManager@14df5253(shell) - c.a.c.c.AbstractComponent.destroy(99)
INFO  2026-08-06 03:23:49.772 [root:console] Stopping DefaultSchedulerService@1073c664 - c.a.c.s.AbstractServiceLifeCycle.stop(164)
INFO  2026-08-06 03:23:49.773 [root:console] Shutting down the scheduler 'AppmonScheduler' with waitForJobsToComplete=true - c.a.c.s.s.AbstractSchedulerService.doStop(218)
INFO  2026-08-06 03:23:49.773 [root:console] Scheduler AppmonScheduler_$_NON_CLUSTERED shutting down. - o.quartz.core.QuartzScheduler.shutdown(656)
INFO  2026-08-06 03:23:49.774 [root:console] Scheduler AppmonScheduler_$_NON_CLUSTERED paused. - o.quartz.core.QuartzScheduler.standby(576)
INFO  2026-08-06 03:23:49.862 [root:console] Scheduler AppmonScheduler_$_NON_CLUSTERED shutdown complete. - o.quartz.core.QuartzScheduler.shutdown(728)
INFO  2026-08-06 03:23:49.863 [root:console] Stopped DefaultSchedulerService@1073c664 - c.a.c.s.AbstractServiceLifeCycle.stop(168)
INFO  2026-08-06 03:23:49.863 [root:console] Stopping DefaultWebService@18fdb6cf(console) - c.a.c.s.AbstractServiceLifeCycle.stop(164)
DEBUG 2026-08-06 03:23:49.863 [root:console] Destroying all cached resources... - c.a.c.s.DefaultCoreService.destroyActivityContext(176)
DEBUG 2026-08-06 03:23:49.864 [root:console] Destroying singletons in com.aspectran.core.component.bean.DefaultBeanRegistry@1e6dad8 - c.a.c.c.b.AbstractBeanRegistry.destroySingletons(464)
DEBUG 2026-08-06 03:23:49.864 [root:console] Destroy singleton scoped beans from SingletonScope@18c89d5a - c.a.c.c.b.scope.AbstractScope.destroy(112)
DEBUG 2026-08-06 03:23:49.866 [root:console] Destroyed PollingSessionManager@36cfe107 - c.a.c.c.AbstractComponent.destroy(99)
INFO  2026-08-06 03:23:49.866 [root:console] Stopping NodeReporter for node: localhost-console1 - c.a.a.n.manager.NodeReporter.stop(95)
DEBUG 2026-08-06 03:23:49.868 [root:console] Registering node 'localhost-console1' in Redis hash 'aspectow:cluster:nodes:cluster1': {id=localhost-console1, group=console, host=juhoN21, port=8082, status=stopping, endpoint={path=/nodes}, token=Rq13jHwgz2vVSj1dMyZ9ZYMRBYeV6zSpzSF36N0MlHb7X5-wN0SY0i4byBvgc25TG68_pzM7vMJtIopUyN4QSO_TjuHscifD, hasNodeManager=true, hasSchedulerManager=true, hasCommandManager=true} - c.a.a.n.manager.NodeReporter.registerNode(141)
DEBUG 2026-08-06 03:23:49.892 [root:console] Unregistering node 'localhost-console1' from cluster 'cluster1' - c.a.a.n.manager.NodeReporter.unregisterNode(212)
INFO  2026-08-06 03:23:49.927 [root:console] Cleaning up orphaned group metadata: console (Cluster: cluster1) - c.a.a.n.manager.NodeRegistry.cleanupOrphanedGroups(324)
INFO  2026-08-06 03:23:49.950 [root:console] Closing Redis connection pool for node: localhost-console1 - c.a.a.node.manager.NodeManager.destroy(343)
INFO  2026-08-06 03:23:49.964 [root:console] NodeManager destroyed successfully for node: localhost-console1 - c.a.a.node.manager.NodeManager.destroy(350)
DEBUG 2026-08-06 03:23:49.965 [root:console] Destroyed DefaultBeanRegistry@1e6dad8 - c.a.c.c.AbstractComponent.destroy(99)
DEBUG 2026-08-06 03:23:49.965 [root:console] Destroyed TemplateRuleRegistry@2d47b06 - c.a.c.c.AbstractComponent.destroy(99)
DEBUG 2026-08-06 03:23:49.965 [root:console] Destroyed DefaultTemplateRenderer@59371066 - c.a.c.c.AbstractComponent.destroy(99)
DEBUG 2026-08-06 03:23:49.966 [root:console] Destroyed TransletRuleRegistry@419f0ea - c.a.c.c.AbstractComponent.destroy(99)
DEBUG 2026-08-06 03:23:49.967 [root:console] Destroyed ScheduleRuleRegistry@402a69f - c.a.c.c.AbstractComponent.destroy(99)
DEBUG 2026-08-06 03:23:49.967 [root:console] Destroyed AspectRuleRegistry@63e70bf9 - c.a.c.c.AbstractComponent.destroy(99)
DEBUG 2026-08-06 03:23:49.967 [root:console] Destroyed TypeConverterRegistry@7baf6acf - c.a.c.c.AbstractComponent.destroy(99)
DEBUG 2026-08-06 03:23:49.968 [root:console] Destroyed DefaultActivityContext@48106381 - c.a.c.c.AbstractComponent.destroy(99)
INFO  2026-08-06 03:23:49.968 [root:console] Stopped DefaultWebService@18fdb6cf - c.a.c.s.AbstractServiceLifeCycle.stop(168)
INFO  2026-08-06 03:23:49.969 [root] Stopping DefaultWebService@55c03e4(root) - c.a.c.s.AbstractServiceLifeCycle.stop(164)
INFO  2026-08-06 03:23:49.969 [root] Stopped DefaultWebService@55c03e4(root) - c.a.c.s.AbstractServiceLifeCycle.stop(168)
INFO  2026-08-06 03:23:49.970 [root] Stopping DefaultShellService@1a6d8329(root) - c.a.c.s.AbstractServiceLifeCycle.stop(164)
DEBUG 2026-08-06 03:23:49.970 [root] Destroying all cached resources... - c.a.c.s.DefaultCoreService.destroyActivityContext(176)
DEBUG 2026-08-06 03:23:49.970 [root] Destroying singletons in com.aspectran.core.component.bean.DefaultBeanRegistry@e383572 - c.a.c.c.b.AbstractBeanRegistry.destroySingletons(464)
DEBUG 2026-08-06 03:23:49.970 [root] Destroy singleton scoped beans from SingletonScope@42115033 - c.a.c.c.b.scope.AbstractScope.destroy(112)
DEBUG 2026-08-06 03:23:49.971 [root] com.aspectran.undertow.server.DefaultTowServer@41d426b5 is STOPPING - c.a.u.l.AbstractLifeCycle.setStopping(203)
DEBUG 2026-08-06 03:23:57.315 [main] Acquiring lock on /home/aspectran/projects/public/aspectow-demo-console/app/.lock - c.aspectran.utils.FileLocker.lock(93)
DEBUG 2026-08-06 03:23:57.460 [main] Successfully wrote PID 18804 to /home/aspectran/projects/public/aspectow-demo-console/app/.lock - c.aspectran.utils.FileLocker.lock(121)
DEBUG 2026-08-06 03:23:57.462 [main] Registering shutdown-hook: Thread[#31,shutdown,5,main] - c.aspectran.utils.ShutdownHook.registerHook(112)
DEBUG 2026-08-06 03:23:57.465 [main] Adding shutdown-hook task: Stop DefaultShellService@1a6d8329 - c.aspectran.utils.ShutdownHook.addTask(76)
INFO  2026-08-06 03:23:57.467 [root] Starting DefaultShellService@1a6d8329 - c.a.c.s.AbstractServiceLifeCycle.start(117)
INFO  2026-08-06 03:23:57.468 [root] Building ActivityContext with context rules [/config/app-description.xml, /config/aspectran-rules.xml, /config/server/server.xml] - c.a.c.c.b.HybridActivityContextBuilder.doBuild(120)
DEBUG 2026-08-06 03:23:57.469 [root] Running in an IDE environment, so the resource locations [/home/aspectran/projects/public/aspectow-demo-console/app/lib/ext] will be ignored to avoid class loading conflicts - c.a.c.c.b.AbstractActivityContextBuilder.createSiblingClassLoader(387)
DEBUG 2026-08-06 03:23:57.472 [root] Sweeping /home/aspectran/projects/public/aspectow-demo-console/app/work/* for old resource files - c.a.c.c.r.LocalResourceManager.sweepWorkResourceFiles(236)
INFO  2026-08-06 03:23:57.482 [root] Default profiles [dev] - c.a.c.c.e.EnvironmentProfiles.setDefaultProfiles(154)
INFO  2026-08-06 03:23:57.483 [root] Activating profiles [dev] - c.a.c.c.e.EnvironmentProfiles.setActiveProfiles(205)
DEBUG 2026-08-06 03:23:57.664 [root] Appending rules {file=/config/server/undertow/tow-server.xml, format=xml} - c.a.c.c.r.a.HybridRuleAppendHandler.handle(109)
DEBUG 2026-08-06 03:23:57.698 [root] Appending rules {file=/config/server/undertow/tow-context-root.xml, format=xml} - c.a.c.c.r.a.HybridRuleAppendHandler.handle(109)
DEBUG 2026-08-06 03:23:57.716 [root] Appending rules {file=/config/server/undertow/tow-context-console.xml, format=xml} - c.a.c.c.r.a.HybridRuleAppendHandler.handle(109)
DEBUG 2026-08-06 03:23:57.722 [root] Appending rules {resource=com/aspectran/aspectow/console/config/rules/context/tow-context-console.xml} - c.a.c.c.r.a.HybridRuleAppendHandler.handle(109)
DEBUG 2026-08-06 03:23:57.731 [root] Appending rules {file=/config/server/undertow/tow-support.xml, format=xml} - c.a.c.c.r.a.HybridRuleAppendHandler.handle(109)
DEBUG 2026-08-06 03:23:57.775 [root] Parsing for ID-based bean rules: 14 - c.a.c.c.b.AnnotatedConfigParser.parse(176)
DEBUG 2026-08-06 03:23:57.830 [root] Parsing for type-based bean rules: 22 - c.a.c.c.b.AnnotatedConfigParser.parse(192)
INFO  2026-08-06 03:23:57.848 [root] ActivityContext build completed in 379 ms - c.a.c.c.b.HybridActivityContextBuilder.doBuild(203)
DEBUG 2026-08-06 03:23:57.856 [root] Initialized TypeConverterRegistry@130e116b - c.a.c.c.AbstractComponent.initialize(80)
DEBUG 2026-08-06 03:23:57.857 [root] Initializing singletons in com.aspectran.core.component.bean.DefaultBeanRegistry@e383572 - c.a.c.c.b.AbstractBeanRegistry.instantiateSingletons(427)
DEBUG 2026-08-06 03:23:57.945 [root] com.aspectran.undertow.server.DefaultTowServer@41d426b5 is STARTING - c.a.u.l.AbstractLifeCycle.setStarting(183)
DEBUG 2026-08-06 03:23:58.118 [root] Initializing DefaultSessionManager@75e01201 {workerName=cn0, maxActiveSessions=999, maxIdleSeconds=600, evictionIdleSeconds=300, scavengingIntervalSeconds=180, clusterEnabled=false} - c.a.c.c.s.DefaultSessionManager.doInitialize(175)
DEBUG 2026-08-06 03:23:58.119 [root] DefaultSessionManager@75e01201(cn0) default maxIdleSecs=600 - c.a.c.c.s.AbstractSessionManager.setDefaultMaxIdleSecs(176)
DEBUG 2026-08-06 03:23:58.127 [root] Initialized FileSessionStore@22d6f11 - c.a.c.c.AbstractComponent.initialize(80)
DEBUG 2026-08-06 03:23:58.128 [root] Restored 1 sessions from FileSessionStore@22d6f11 - c.a.c.c.s.DefaultSessionCache.doInitialize(130)
DEBUG 2026-08-06 03:23:58.128 [root] Initialized DefaultSessionCache@15eebbff(cn0) - c.a.c.c.AbstractComponent.initialize(80)
DEBUG 2026-08-06 03:23:58.131 [root] com.aspectran.core.component.session.HouseKeeper@305f7627(cn0) is STARTING - c.a.u.l.AbstractLifeCycle.setStarting(183)
DEBUG 2026-08-06 03:23:58.135 [root] com.aspectran.core.component.session.HouseKeeper@305f7627(cn0) is STARTED - c.a.u.l.AbstractLifeCycle.setStarted(193)
DEBUG 2026-08-06 03:23:58.136 [root] Initialized DefaultSessionManager@75e01201(cn0) - c.a.c.c.AbstractComponent.initialize(80)
DEBUG 2026-08-06 03:23:58.148 [root] Register session listener com.aspectran.undertow.server.session.TowSessionListener@426b6a74 in DefaultSessionManager@75e01201(cn0) - c.a.c.c.s.AbstractSessionManager.addSessionListener(500)
DEBUG 2026-08-06 03:23:58.149 [root] Register session listener com.aspectran.undertow.server.session.TowSessionListener@83298d7 in DefaultSessionManager@75e01201(cn0) - c.a.c.c.s.AbstractSessionManager.addSessionListener(500)
INFO  2026-08-06 03:23:58.246 [root] XNIO version 3.8.16.Final - org.xnio.<clinit>(95)
INFO  2026-08-06 03:23:58.259 [root] XNIO NIO Implementation Version 3.8.16.Final - org.xnio.nio.<clinit>(58)
DEBUG 2026-08-06 03:23:58.477 [root] Initializing DefaultSessionManager@68ed96ca {workerName=rn0, maxActiveSessions=9999, maxIdleSeconds=489, evictionIdleSeconds=258, maxIdleSecondsForNew=60, evictionIdleSecondsForNew=30, scavengingIntervalSeconds=90, clusterEnabled=false} - c.a.c.c.s.DefaultSessionManager.doInitialize(175)
DEBUG 2026-08-06 03:23:58.478 [root] DefaultSessionManager@68ed96ca(rn0) default maxIdleSecs=489 - c.a.c.c.s.AbstractSessionManager.setDefaultMaxIdleSecs(176)
DEBUG 2026-08-06 03:23:58.480 [root] Initialized FileSessionStore@3228d990 - c.a.c.c.AbstractComponent.initialize(80)
DEBUG 2026-08-06 03:23:58.481 [root] Initialized DefaultSessionCache@6d1310f6(rn0) - c.a.c.c.AbstractComponent.initialize(80)
DEBUG 2026-08-06 03:23:58.483 [root] com.aspectran.core.component.session.HouseKeeper@255990cc(rn0) is STARTING - c.a.u.l.AbstractLifeCycle.setStarting(183)
DEBUG 2026-08-06 03:23:58.484 [root] com.aspectran.core.component.session.HouseKeeper@255990cc(rn0) is STARTED - c.a.u.l.AbstractLifeCycle.setStarted(193)
DEBUG 2026-08-06 03:23:58.485 [root] Initialized DefaultSessionManager@68ed96ca(rn0) - c.a.c.c.AbstractComponent.initialize(80)
DEBUG 2026-08-06 03:23:58.486 [root] Register session listener com.aspectran.undertow.server.session.TowSessionListener@29d2d081 in DefaultSessionManager@68ed96ca(rn0) - c.a.c.c.s.AbstractSessionManager.addSessionListener(500)
DEBUG 2026-08-06 03:23:58.487 [root] Register session listener com.aspectran.undertow.server.session.TowSessionListener@58783f6c in DefaultSessionManager@68ed96ca(rn0) - c.a.c.c.s.AbstractSessionManager.addSessionListener(500)
INFO  2026-08-06 03:23:58.500 [root] WebActivityServlet 'webActivityServlet' has been initialized. - c.a.w.s.WebActivityServlet.init(101)
INFO  2026-08-06 03:23:58.510 [root] TowResourceHandler includePatterns=[/console/assets/js/**, /console/assets/css/**, /console/assets/appmon/css/**, /console/assets/appmon/js/**] - c.a.u.s.h.r.TowResourceHandler.autoDetect(142)
INFO  2026-08-06 03:23:58.537 [root] WebActivityServlet 'webActivityServlet' has been initialized. - c.a.w.s.WebActivityServlet.init(101)
INFO  2026-08-06 03:23:58.539 [root] TowResourceHandler includePatterns=[/favicon.ico, /WEB-INF/**] - c.a.u.s.h.r.TowResourceHandler.autoDetect(142)
INFO  2026-08-06 03:23:58.610 [root] starting server: Undertow - 2.3.26.Final - io.undertow.start(120)
INFO  2026-08-06 03:23:58.705 [root] Undertow 2.3.26.Final started - c.a.u.server.DefaultTowServer.doStart(54)
DEBUG 2026-08-06 03:23:58.706 [root] com.aspectran.undertow.server.DefaultTowServer@41d426b5 is STARTED - c.a.u.l.AbstractLifeCycle.setStarted(193)
DEBUG 2026-08-06 03:23:58.708 [root] Initialized DefaultBeanRegistry@e383572 - c.a.c.c.AbstractComponent.initialize(80)
DEBUG 2026-08-06 03:23:58.709 [root] Initialized AspectRuleRegistry@70325d20 - c.a.c.c.AbstractComponent.initialize(80)
DEBUG 2026-08-06 03:23:58.709 [root] Initialized ScheduleRuleRegistry@7c2327fa - c.a.c.c.AbstractComponent.initialize(80)
DEBUG 2026-08-06 03:23:58.710 [root] Initialized TransletRuleRegistry@4d847d32 - c.a.c.c.AbstractComponent.initialize(80)
DEBUG 2026-08-06 03:23:58.711 [root] Initialized TemplateRuleRegistry@5f462e3b - c.a.c.c.AbstractComponent.initialize(80)
DEBUG 2026-08-06 03:23:58.711 [root] Initialized DefaultTemplateRenderer@3d7fa3ae - c.a.c.c.AbstractComponent.initialize(80)
DEBUG 2026-08-06 03:23:58.715 [root] Unable to locate MessageSource with name 'messageSource': using default [com.aspectran.core.support.i18n.message.DelegatingMessageSource@6ad11a56] - c.a.c.c.DefaultActivityContext.resolveMessageSource(347)
DEBUG 2026-08-06 03:23:58.716 [root] Initialized DefaultActivityContext@1ee29c84 - c.a.c.c.AbstractComponent.initialize(80)
INFO  2026-08-06 03:23:58.719 [root] Started DefaultShellService@1a6d8329(root) - c.a.c.s.AbstractServiceLifeCycle.start(121)
INFO  2026-08-06 03:23:58.720 [root:console] Starting DefaultWebService@18fdb6cf - c.a.c.s.AbstractServiceLifeCycle.start(117)
INFO  2026-08-06 03:23:58.721 [root:console] Building ActivityContext with context rules [classpath:com/aspectran/aspectow/console/config/rules/root.xml, /config/console/console-rules.xml] - c.a.c.c.b.HybridActivityContextBuilder.doBuild(120)
INFO  2026-08-06 03:23:58.722 [root:console] Base profiles [mariadb, demo, console.ui] - c.a.c.c.e.EnvironmentProfiles.setBaseProfiles(100)
INFO  2026-08-06 03:23:58.723 [root:console] Ignored base profiles [h2] - c.a.c.c.b.AbstractActivityContextBuilder.createEnvironmentProfiles(424)
INFO  2026-08-06 03:23:58.725 [root:console] Default profiles [dev] - c.a.c.c.e.EnvironmentProfiles.setDefaultProfiles(154)
INFO  2026-08-06 03:23:58.725 [root:console] Activating profiles [dev] - c.a.c.c.e.EnvironmentProfiles.setActiveProfiles(205)
INFO  2026-08-06 03:23:58.726 [root:console] Auto Components Scanning {basePackages=[com.aspectran.aspectow.appmon.engine, com.aspectran.aspectow.console.appmon, com.aspectran.aspectow.console.auth, com.aspectran.aspectow.console.cluster, com.aspectran.aspectow.console.commands, com.aspectran.aspectow.console.common, com.aspectran.aspectow.console.framework, com.aspectran.aspectow.console.home, com.aspectran.aspectow.console.scheduler, com.aspectran.aspectow.console.user, com.aspectran.aspectow.console.vault]} - c.a.c.c.bean.BeanRuleRegistry.scanConfigurableBeans(312)
DEBUG 2026-08-06 03:23:58.731 [root:console] Scanning components from /home/aspectran/projects/public/aspectow/appmon/target/classes/com/aspectran/aspectow/appmon/engine/ - c.aspectran.utils.ClassScanner.scan(128)
DEBUG 2026-08-06 03:23:58.827 [root:console] Scanning components from /home/aspectran/projects/public/aspectow/console/target/classes/com/aspectran/aspectow/console/appmon/ - c.aspectran.utils.ClassScanner.scan(128)
DEBUG 2026-08-06 03:23:58.829 [root:console] Scanning components from /home/aspectran/projects/public/aspectow/console/target/classes/com/aspectran/aspectow/console/auth/ - c.aspectran.utils.ClassScanner.scan(128)
DEBUG 2026-08-06 03:23:58.835 [root:console] Scanning components from /home/aspectran/projects/public/aspectow/console/target/classes/com/aspectran/aspectow/console/cluster/ - c.aspectran.utils.ClassScanner.scan(128)
DEBUG 2026-08-06 03:23:58.845 [root:console] Scanning components from /home/aspectran/projects/public/aspectow/console/target/classes/com/aspectran/aspectow/console/commands/ - c.aspectran.utils.ClassScanner.scan(128)
DEBUG 2026-08-06 03:23:58.854 [root:console] Scanning components from /home/aspectran/projects/public/aspectow/console/target/classes/com/aspectran/aspectow/console/common/ - c.aspectran.utils.ClassScanner.scan(128)
DEBUG 2026-08-06 03:23:58.872 [root:console] Scanning components from /home/aspectran/projects/public/aspectow/console/target/classes/com/aspectran/aspectow/console/framework/ - c.aspectran.utils.ClassScanner.scan(128)
DEBUG 2026-08-06 03:23:58.880 [root:console] Scanning components from /home/aspectran/projects/public/aspectow/console/target/classes/com/aspectran/aspectow/console/home/ - c.aspectran.utils.ClassScanner.scan(128)
DEBUG 2026-08-06 03:23:58.883 [root:console] Scanning components from /home/aspectran/projects/public/aspectow/console/target/classes/com/aspectran/aspectow/console/scheduler/ - c.aspectran.utils.ClassScanner.scan(128)
DEBUG 2026-08-06 03:23:58.892 [root:console] Scanning components from /home/aspectran/projects/public/aspectow/console/target/classes/com/aspectran/aspectow/console/user/ - c.aspectran.utils.ClassScanner.scan(128)
DEBUG 2026-08-06 03:23:58.895 [root:console] Scanning components from /home/aspectran/projects/public/aspectow/console/target/classes/com/aspectran/aspectow/console/vault/ - c.aspectran.utils.ClassScanner.scan(128)
DEBUG 2026-08-06 03:23:58.904 [root:console] Appending rules {resource=com/aspectran/aspectow/appmon/config/rules/scheduler.xml} - c.a.c.c.r.a.HybridRuleAppendHandler.handle(109)
DEBUG 2026-08-06 03:23:58.911 [root:console] Appending rules {resource=com/aspectran/aspectow/console/config/rules/db.xml} - c.a.c.c.r.a.HybridRuleAppendHandler.handle(109)
DEBUG 2026-08-06 03:23:58.924 [root:console] Appending rules {resource=com/aspectran/aspectow/console/config/rules/web.xml, profile=[console.ui, console.custom-ui]} - c.a.c.c.r.a.HybridRuleAppendHandler.handle(109)
DEBUG 2026-08-06 03:23:58.954 [root:console] Appending rules {resource=com/aspectran/aspectow/console/framework/asel-test-rules.xml, profile=[console.ui, console.custom-ui]} - c.a.c.c.r.a.HybridRuleAppendHandler.handle(109)
DEBUG 2026-08-06 03:23:58.960 [root:console] Appending rules {file=/config/console/node-rules.xml, format=xml} - c.a.c.c.r.a.HybridRuleAppendHandler.handle(109)
DEBUG 2026-08-06 03:23:58.973 [root:console] Appending rules {file=/config/console/appmon-rules.xml, format=xml} - c.a.c.c.r.a.HybridRuleAppendHandler.handle(109)
DEBUG 2026-08-06 03:23:58.977 [root:console] Parsing bean rules for annotated configurations: 45 - c.a.c.c.b.AnnotatedConfigParser.parse(158)
DEBUG 2026-08-06 03:23:59.103 [root:console] Parsing for ID-based bean rules: 29 - c.a.c.c.b.AnnotatedConfigParser.parse(176)
DEBUG 2026-08-06 03:23:59.116 [root:console] Parsing for type-based bean rules: 52 - c.a.c.c.b.AnnotatedConfigParser.parse(192)
INFO  2026-08-06 03:23:59.141 [root:console] ActivityContext build completed in 420 ms - c.a.c.c.b.HybridActivityContextBuilder.doBuild(203)
DEBUG 2026-08-06 03:23:59.142 [root:console] Initialized TypeConverterRegistry@7baf6acf - c.a.c.c.AbstractComponent.initialize(80)
DEBUG 2026-08-06 03:23:59.142 [root:console] Initializing singletons in com.aspectran.core.component.bean.DefaultBeanRegistry@1e6dad8 - c.a.c.c.b.AbstractBeanRegistry.instantiateSingletons(427)
INFO  2026-08-06 03:23:59.177 [root:console] Using default implementation for ThreadExecutor - o.q.impl.StdSchedulerFactory.instantiate(1222)
INFO  2026-08-06 03:23:59.180 [root:console] Job execution threads will use class loader of thread: root:console - o.q.simpl.SimpleThreadPool.initialize(269)
INFO  2026-08-06 03:23:59.188 [root:console] Initialized Scheduler Signaller of type: class org.quartz.core.SchedulerSignalerImpl - o.q.core.SchedulerSignalerImpl.<init>(62)
INFO  2026-08-06 03:23:59.189 [root:console] Quartz Scheduler v2.5.2 created. - o.quartz.core.QuartzScheduler.<init>(224)
INFO  2026-08-06 03:23:59.190 [root:console] RAMJobStore initialized. - org.quartz.simpl.RAMJobStore.initialize(152)
INFO  2026-08-06 03:23:59.190 [root:console] Scheduler meta-data: Quartz Scheduler (v2.5.2) 'AppmonScheduler' with instanceId 'NON_CLUSTERED'
  Scheduler class: 'org.quartz.core.QuartzScheduler' - running locally.
  NOT STARTED.
  Currently in standby mode.
  Number of jobs executed: 0
  Using thread pool 'org.quartz.simpl.SimpleThreadPool' - with 1 threads.
  Using job-store 'org.quartz.simpl.RAMJobStore' - which does not support persistence. and is not clustered.
 - o.quartz.core.QuartzScheduler.initialize(289)
INFO  2026-08-06 03:23:59.191 [root:console] Quartz scheduler 'AppmonScheduler' initialized from an externally provided properties instance. - o.q.impl.StdSchedulerFactory.instantiate(1376)
INFO  2026-08-06 03:23:59.191 [root:console] Quartz scheduler version: 2.5.2 - o.q.impl.StdSchedulerFactory.instantiate(1378)
DEBUG 2026-08-06 03:23:59.198 [root:console] IGNORED - Invalid properties resource; java.io.IOException: Could not find resource com/aspectran/aspectow/console/config/db/aspectow-console.db-mariadb.properties - c.a.u.PropertiesLoaderSupport.loadProperties(152)
DEBUG 2026-08-06 03:23:59.199 [root:console] IGNORED - Invalid properties resource; java.io.IOException: Could not find resource com/aspectran/aspectow/console/config/db/aspectow-console.db-mariadb.system.properties - c.a.u.PropertiesLoaderSupport.loadProperties(152)
DEBUG 2026-08-06 03:24:00.096 [root:console] Unable to locate MessageSource with name 'messageSource': using default [com.aspectran.core.support.i18n.message.DelegatingMessageSource@1e977098] - c.a.c.c.DefaultActivityContext.resolveMessageSource(347)
INFO  2026-08-06 03:24:00.232 [root:console] Current Node: localhost-console1 (Host: juhoN21) - c.a.a.n.m.NodeManagerBuilder.build(169)
INFO  2026-08-06 03:24:01.210 [root:console] Registered group info to Redis: aspectow:cluster:groups:cluster1 (Group: console) - c.a.a.n.m.NodeManagerBuilder.build(210)
INFO  2026-08-06 03:24:01.221 [root:console] Registered RedisScheduledJobLockProvider for cluster-wide job locking - c.a.a.n.m.NodeManagerBuilder.build(247)
INFO  2026-08-06 03:24:01.222 [root:console] Initializing NodeReporter for cluster: cluster1, node: localhost-console1 - c.a.a.n.manager.NodeReporter.start(70)
DEBUG 2026-08-06 03:24:01.226 [root:console] Registering node 'localhost-console1' in Redis hash 'aspectow:cluster:nodes:cluster1': {id=localhost-console1, group=console, host=juhoN21, port=8082, status=live, endpoint={path=/nodes}, token=OxZ8U3Ml3vADXvjrWQNm3InDepaFZFYdGL8E7HuCj6eS6SVRorpVPypT5bu3tv_CEElVwQsF5Cj6LQ1REMDLsuJBwOCP9NVR, hasNodeManager=true, hasSchedulerManager=true, hasCommandManager=true} - c.a.a.n.manager.NodeReporter.registerNode(141)
INFO  2026-08-06 03:24:01.425 [root:console] NodeMessageSubscriber initialized and subscribed to pattern: aspectow:cluster:*:*:cluster1:localhost-console1:* - c.a.a.n.m.NodeMessageSubscriber.start(140)
INFO  2026-08-06 03:24:01.478 [root:console] ClusterEventSubscriber initialized and subscribed to channel: aspectow:cluster:event:cluster1 - c.a.a.n.m.ClusterEventSubscriber.start(121)
INFO  2026-08-06 03:24:01.479 [root:console] Initializing RemoteNodeManager for node: localhost-console1 - c.a.a.n.m.n.RemoteNodeManager.initialize(63)
INFO  2026-08-06 03:24:01.482 [root:console] Initializing RemoteSchedulerManager for node: localhost-console1 - c.a.a.n.m.s.RemoteSchedulerManager.initialize(113)
INFO  2026-08-06 03:24:01.485 [root:console] Initializing RemoteCommandManager for node: localhost-console1 - c.a.a.n.m.c.RemoteCommandManager.initialize(74)
INFO  2026-08-06 03:24:01.511 [root:console] Registered app info to Redis: aspectow:cluster:apps:cluster1:console (Apps: []) - c.a.a.a.e.m.AppMonManagerBuilder.build(167)
DEBUG 2026-08-06 03:24:01.549 [root:console] Registered AspectRule {id=consoleTxAspect, order=0, joinpoint={target=activity, pointcut={type=wildcard, patterns=[{type=wildcard, pattern=@class:com.aspectran.aspectow.console.common.db.tx.ConsoleSqlSession}]}}, advices=[{type=before, action={instance=com.aspectran.mybatis.SqlSessionAdviceRegister$$Lambda/0x000000007862a460@28ce75ec}}, {type=after, action={instance=com.aspectran.mybatis.SqlSessionAdviceRegister$$Lambda/0x000000007862a6c0@778113f2}}, {type=finally, action={instance=com.aspectran.mybatis.SqlSessionAdviceRegister$$Lambda/0x000000007862ab80@9dc782d}}]} - c.a.m.SqlSessionAdviceRegister.register(294)
DEBUG 2026-08-06 03:24:01.561 [root:console] Registered AspectRule {id=consoleBatchTxAspect, order=0, joinpoint={target=activity, pointcut={type=wildcard, patterns=[{type=wildcard, pattern=@class:com.aspectran.aspectow.console.common.db.tx.ConsoleBatchSqlSession}]}}, advices=[{type=before, action={instance=com.aspectran.mybatis.SqlSessionAdviceRegister$$Lambda/0x000000007862a460@21abda60}}, {type=after, action={instance=com.aspectran.mybatis.SqlSessionAdviceRegister$$Lambda/0x000000007862a6c0@dd20ebc}}, {type=finally, action={instance=com.aspectran.mybatis.SqlSessionAdviceRegister$$Lambda/0x000000007862ab80@6c70b7c3}}]} - c.a.m.SqlSessionAdviceRegister.register(294)
DEBUG 2026-08-06 03:24:01.570 [root:console] Registered AspectRule {id=consoleReuseTxAspect, order=0, joinpoint={target=activity, pointcut={type=wildcard, patterns=[{type=wildcard, pattern=@class:com.aspectran.aspectow.console.common.db.tx.ConsoleReuseSqlSession}]}}, advices=[{type=before, action={instance=com.aspectran.mybatis.SqlSessionAdviceRegister$$Lambda/0x000000007862a460@69a73867}}, {type=after, action={instance=com.aspectran.mybatis.SqlSessionAdviceRegister$$Lambda/0x000000007862a6c0@749d7c01}}, {type=finally, action={instance=com.aspectran.mybatis.SqlSessionAdviceRegister$$Lambda/0x000000007862ab80@1d3a03fe}}]} - c.a.m.SqlSessionAdviceRegister.register(294)
DEBUG 2026-08-06 03:24:01.575 [root:console] Initialized PollingSessionManager@252c6cdb - c.a.c.c.AbstractComponent.initialize(80)
INFO  2026-08-06 03:24:01.609 [root:console] CounterPersistSchedule is dynamically set to run every 5 minutes - c.a.a.a.e.s.CounterPersistSchedule.initialize(115)
DEBUG 2026-08-06 03:24:01.615 [root:console] Initialized DefaultBeanRegistry@1e6dad8 - c.a.c.c.AbstractComponent.initialize(80)
DEBUG 2026-08-06 03:24:01.615 [root:console] Initialized AspectRuleRegistry@13dc6649 - c.a.c.c.AbstractComponent.initialize(80)
DEBUG 2026-08-06 03:24:01.615 [root:console] Initialized ScheduleRuleRegistry@1851c7d2 - c.a.c.c.AbstractComponent.initialize(80)
DEBUG 2026-08-06 03:24:01.616 [root:console] Initialized TransletRuleRegistry@250a946 - c.a.c.c.AbstractComponent.initialize(80)
DEBUG 2026-08-06 03:24:01.616 [root:console] Initialized TemplateRuleRegistry@5fe5c68b - c.a.c.c.AbstractComponent.initialize(80)
DEBUG 2026-08-06 03:24:01.616 [root:console] Initialized DefaultTemplateRenderer@2ffb0d10 - c.a.c.c.AbstractComponent.initialize(80)
DEBUG 2026-08-06 03:24:01.617 [root:console] Initialized DefaultActivityContext@3982206a - c.a.c.c.AbstractComponent.initialize(80)
INFO  2026-08-06 03:24:01.620 [root:console] Started DefaultWebService@18fdb6cf(console) - c.a.c.s.AbstractServiceLifeCycle.start(121)
INFO  2026-08-06 03:24:01.620 [root:console] Starting DefaultSchedulerService@87aec6a - c.a.c.s.AbstractServiceLifeCycle.start(117)
INFO  2026-08-06 03:24:01.631 [root:console] Starting scheduler 'AppmonScheduler' - c.a.c.s.s.AbstractSchedulerService.doStart(192)
INFO  2026-08-06 03:24:01.633 [root:console] Started DefaultSchedulerService@87aec6a - c.a.c.s.AbstractServiceLifeCycle.start(121)
DEBUG 2026-08-06 03:24:01.635 [root:console] Registering @ServerEndpoint: class com.aspectran.aspectow.appmon.engine.relay.websocket.WebsocketMessageRelayer - c.a.w.w.j.ServerEndpointExporter.registerEndpoint(122)
INFO  2026-08-06 03:24:01.637 [root:console] UT026003: Adding annotated server endpoint class com.aspectran.aspectow.appmon.engine.relay.websocket.WebsocketMessageRelayer for path /nodes/{nodeId}/appmon/websocket/{token} - io.undertow.websockets.jsr.addEndpointInternal(647)
DEBUG 2026-08-06 03:24:01.648 [root:console] Registering @ServerEndpoint: class com.aspectran.aspectow.console.cluster.bridge.websocket.WebsocketNodeBridge - c.a.w.w.j.ServerEndpointExporter.registerEndpoint(122)
INFO  2026-08-06 03:24:01.648 [root:console] UT026003: Adding annotated server endpoint class com.aspectran.aspectow.console.cluster.bridge.websocket.WebsocketNodeBridge for path /nodes/{nodeId}/websocket/{token} - io.undertow.websockets.jsr.addEndpointInternal(647)
DEBUG 2026-08-06 03:24:01.649 [root:console] Registering @ServerEndpoint: class com.aspectran.aspectow.console.commands.bridge.websocket.WebsocketCommandBridge - c.a.w.w.j.ServerEndpointExporter.registerEndpoint(122)
INFO  2026-08-06 03:24:01.649 [root:console] UT026003: Adding annotated server endpoint class com.aspectran.aspectow.console.commands.bridge.websocket.WebsocketCommandBridge for path /nodes/{nodeId}/commands/websocket/{token} - io.undertow.websockets.jsr.addEndpointInternal(647)
DEBUG 2026-08-06 03:24:01.650 [root:console] Registering @ServerEndpoint: class com.aspectran.aspectow.console.scheduler.bridge.websocket.WebsocketSchedulerBridge - c.a.w.w.j.ServerEndpointExporter.registerEndpoint(122)
INFO  2026-08-06 03:24:01.650 [root:console] UT026003: Adding annotated server endpoint class com.aspectran.aspectow.console.scheduler.bridge.websocket.WebsocketSchedulerBridge for path /nodes/{nodeId}/scheduler/websocket/{token} - io.undertow.websockets.jsr.addEndpointInternal(647)
INFO  2026-08-06 03:24:01.651 [root] Starting DefaultWebService@727453a3(root) - c.a.c.s.AbstractServiceLifeCycle.start(117)
INFO  2026-08-06 03:24:01.651 [root] Started DefaultWebService@727453a3(root) - c.a.c.s.AbstractServiceLifeCycle.start(121)
DEBUG 2026-08-06 03:24:01.652 [root] Initializing DefaultSessionManager@67dc6b48 {workerName=shell, maxActiveSessions=1, maxIdleSeconds=1800, scavengingIntervalSeconds=600, fileStore={storeDir=/work/_sessions/shell, nonPersistentAttributes=[]}, enabled=true} - c.a.c.c.s.DefaultSessionManager.doInitialize(175)
DEBUG 2026-08-06 03:24:01.652 [root] DefaultSessionManager@67dc6b48(shell) default maxIdleSecs=1800 - c.a.c.c.s.AbstractSessionManager.setDefaultMaxIdleSecs(176)
DEBUG 2026-08-06 03:24:01.653 [root] Initialized FileSessionStore@4571cebe - c.a.c.c.AbstractComponent.initialize(80)
DEBUG 2026-08-06 03:24:01.653 [root] Initialized DefaultSessionCache@57f2e67(shell) - c.a.c.c.AbstractComponent.initialize(80)
DEBUG 2026-08-06 03:24:01.653 [root] com.aspectran.core.component.session.HouseKeeper@6d3ad37a(shell) is STARTING - c.a.u.l.AbstractLifeCycle.setStarting(183)
DEBUG 2026-08-06 03:24:01.654 [root] com.aspectran.core.component.session.HouseKeeper@6d3ad37a(shell) is STARTED - c.a.u.l.AbstractLifeCycle.setStarted(193)
DEBUG 2026-08-06 03:24:01.654 [root] Initialized DefaultSessionManager@67dc6b48(shell) - c.a.c.c.AbstractComponent.initialize(80)
DEBUG 2026-08-06 03:24:01.657 [root] Advice {type=before, action={echo={attributes=[data]}}} - c.a.c.activity.AdviceActivity.executeAdvice(351)
DEBUG 2026-08-06 03:24:01.662 [root] Destroy request scoped beans from RequestScope@324e8baa - c.a.c.c.b.scope.AbstractScope.destroy(112)
INFO  2026-08-06 03:24:03.634 [Thread-0] Scheduler AppmonScheduler_$_NON_CLUSTERED started. - o.quartz.core.QuartzScheduler.start(541)
DEBUG 2026-08-06 03:25:35.409 [cmd-sysinfo#86735371] Executing local daemon command: command: sysinfo
arguments: {
  item: {
    value: mem
  }
}
 - c.a.a.n.m.c.RemoteCommandManager.lambda$executeLocally$0(212)
INFO  2026-08-06 03:25:35.413 [cmd-sysinfo#86735371] No active DaemonService found; starting a new one based on root service [DefaultShellService@1a6d8329(root)] - c.a.a.n.m.c.LocalCommandService.setupDaemonService(66)
INFO  2026-08-06 03:25:35.435 [cmd-sysinfo#86735371] Starting DefaultDaemonService@17b26bd5(root) - c.a.c.s.AbstractServiceLifeCycle.start(117)
INFO  2026-08-06 03:25:35.438 [cmd-sysinfo#86735371] Started DefaultDaemonService@17b26bd5(root) - c.a.c.s.AbstractServiceLifeCycle.start(121)
INFO  2026-08-06 03:25:35.438 [DefaultDaemonService@17b26bd5(root)-polling] Polling thread for File Commander started - c.a.d.s.AbstractDaemonService.lambda$startPollingThread$0(251)
DEBUG 2026-08-06 03:25:35.439 [cmd-sysinfo#86735371] Initializing DefaultSessionManager@34336e6a {workerName=daemon, enabled=true} - c.a.c.c.s.DefaultSessionManager.doInitialize(175)
DEBUG 2026-08-06 03:25:35.440 [cmd-sysinfo#86735371] Initialized DefaultSessionCache@19884c3d(daemon) - c.a.c.c.AbstractComponent.initialize(80)
DEBUG 2026-08-06 03:25:35.441 [cmd-sysinfo#86735371] com.aspectran.core.component.session.HouseKeeper@58d3b2dc(daemon) is STARTING - c.a.u.l.AbstractLifeCycle.setStarting(183)
INFO  2026-08-06 03:25:35.441 [cmd-sysinfo#86735371] DefaultSessionManager@34336e6a(daemon) scavenging disabled - c.a.c.c.session.HouseKeeper.setScavengingInterval(92)
DEBUG 2026-08-06 03:25:35.442 [cmd-sysinfo#86735371] com.aspectran.core.component.session.HouseKeeper@58d3b2dc(daemon) is STARTED - c.a.u.l.AbstractLifeCycle.setStarted(193)
DEBUG 2026-08-06 03:25:35.442 [cmd-sysinfo#86735371] Initialized DefaultSessionManager@34336e6a(daemon) - c.a.c.c.AbstractComponent.initialize(80)
DEBUG 2026-08-06 03:47:45.383 [shutdown] Running all shutdown-hook tasks: 1 - c.aspectran.utils.ShutdownHook.runTasks(147)
DEBUG 2026-08-06 03:47:45.384 [shutdown] Running task [1/1]: Stop DefaultShellService@1a6d8329(root) - c.aspectran.utils.ShutdownHook.runTasks(156)
DEBUG 2026-08-06 03:47:45.384 [root] com.aspectran.core.component.session.HouseKeeper@6d3ad37a(shell) is STOPPING - c.a.u.l.AbstractLifeCycle.setStopping(203)
DEBUG 2026-08-06 03:47:45.384 [root] com.aspectran.core.component.session.HouseKeeper@6d3ad37a {scavengingInterval=600000} used by DefaultSessionManager@67dc6b48(shell) is STOPPED - c.a.u.l.AbstractLifeCycle.setStopped(213)
DEBUG 2026-08-06 03:47:45.385 [root] Destroyed FileSessionStore@4571cebe - c.a.c.c.AbstractComponent.destroy(99)
DEBUG 2026-08-06 03:47:45.385 [root] Destroyed DefaultSessionCache@57f2e67(shell) - c.a.c.c.AbstractComponent.destroy(99)
DEBUG 2026-08-06 03:47:45.385 [root] Destroyed DefaultSessionManager@67dc6b48(shell) - c.a.c.c.AbstractComponent.destroy(99)
INFO  2026-08-06 03:47:45.389 [root:console] Stopping DefaultSchedulerService@87aec6a - c.a.c.s.AbstractServiceLifeCycle.stop(164)
INFO  2026-08-06 03:47:45.389 [root:console] Shutting down the scheduler 'AppmonScheduler' with waitForJobsToComplete=true - c.a.c.s.s.AbstractSchedulerService.doStop(218)
INFO  2026-08-06 03:47:45.390 [root:console] Scheduler AppmonScheduler_$_NON_CLUSTERED shutting down. - o.quartz.core.QuartzScheduler.shutdown(656)
INFO  2026-08-06 03:47:45.390 [root:console] Scheduler AppmonScheduler_$_NON_CLUSTERED paused. - o.quartz.core.QuartzScheduler.standby(576)
INFO  2026-08-06 03:47:45.858 [root:console] Scheduler AppmonScheduler_$_NON_CLUSTERED shutdown complete. - o.quartz.core.QuartzScheduler.shutdown(728)
INFO  2026-08-06 03:47:45.858 [root:console] Stopped DefaultSchedulerService@87aec6a - c.a.c.s.AbstractServiceLifeCycle.stop(168)
INFO  2026-08-06 03:47:45.858 [root:console] Stopping DefaultWebService@18fdb6cf(console) - c.a.c.s.AbstractServiceLifeCycle.stop(164)
DEBUG 2026-08-06 03:47:45.859 [root:console] Destroying all cached resources... - c.a.c.s.DefaultCoreService.destroyActivityContext(176)
DEBUG 2026-08-06 03:47:45.859 [root:console] Destroying singletons in com.aspectran.core.component.bean.DefaultBeanRegistry@1e6dad8 - c.a.c.c.b.AbstractBeanRegistry.destroySingletons(464)
DEBUG 2026-08-06 03:47:45.859 [root:console] Destroy singleton scoped beans from SingletonScope@713d3140 - c.a.c.c.b.scope.AbstractScope.destroy(112)
DEBUG 2026-08-06 03:47:45.860 [root:console] Destroyed PollingSessionManager@252c6cdb - c.a.c.c.AbstractComponent.destroy(99)
INFO  2026-08-06 03:47:45.861 [root:console] Stopping NodeReporter for node: localhost-console1 - c.a.a.n.manager.NodeReporter.stop(95)
DEBUG 2026-08-06 03:47:45.862 [root:console] Registering node 'localhost-console1' in Redis hash 'aspectow:cluster:nodes:cluster1': {id=localhost-console1, group=console, host=juhoN21, port=8082, status=stopping, endpoint={path=/nodes}, token=iISxSg3EraQbYOd9Fw-N8Dr3LJVfnLFWuyfQcgG2M8Sr9VjBdnDAYiBCrsueXUXP9ZhQztBKJBWS2pUk9H2YJWHn_1boI5ct, hasNodeManager=true, hasSchedulerManager=true, hasCommandManager=true} - c.a.a.n.manager.NodeReporter.registerNode(141)
ERROR 2026-08-06 03:47:45.978 [pool-3-thread-1] Failed to send pulse for node 'localhost-console1' to Redis registry - c.a.a.n.manager.NodeReporter.sendPulse(196)
io.lettuce.core.RedisCommandInterruptedException: Command interrupted
	at io.lettuce.core.protocol.AsyncCommand.await(AsyncCommand.java:91)
	at io.lettuce.core.internal.Futures.awaitOrCancel(Futures.java:231)
	at io.lettuce.core.FutureSyncInvocationHandler.handleInvocation(FutureSyncInvocationHandler.java:79)
	at io.lettuce.core.internal.AbstractInvocationHandler.invoke(AbstractInvocationHandler.java:86)
	at jdk.proxy2/jdk.proxy2.$Proxy43.hset(Unknown Source)
	at java.base/jdk.internal.reflect.DirectMethodHandleAccessor.invoke(DirectMethodHandleAccessor.java:104)
	at java.base/java.lang.reflect.Method.invoke(Method.java:565)
	at io.lettuce.core.support.ConnectionWrapping$DelegateCloseToConnectionInvocationHandler.handleInvocation(ConnectionWrapping.java:200)
	at io.lettuce.core.internal.AbstractInvocationHandler.invoke(AbstractInvocationHandler.java:86)
	at jdk.proxy2/jdk.proxy2.$Proxy43.hset(Unknown Source)
	at com.aspectran.aspectow.node.manager.NodeReporter.sendPulse(NodeReporter.java:194)
	at java.base/java.util.concurrent.Executors$RunnableAdapter.call(Executors.java:545)
	at java.base/java.util.concurrent.FutureTask.runAndReset(FutureTask.java:369)
	at java.base/java.util.concurrent.ScheduledThreadPoolExecutor$ScheduledFutureTask.run(ScheduledThreadPoolExecutor.java:310)
	at java.base/java.util.concurrent.ThreadPoolExecutor.runWorker(ThreadPoolExecutor.java:1090)
	at java.base/java.util.concurrent.ThreadPoolExecutor$Worker.run(ThreadPoolExecutor.java:614)
	at java.base/java.lang.Thread.run(Thread.java:1474)
Caused by: java.lang.InterruptedException
	at java.base/java.util.concurrent.CompletableFuture.reportGet(CompletableFuture.java:430)
	at java.base/java.util.concurrent.CompletableFuture.get(CompletableFuture.java:2117)
	at io.lettuce.core.protocol.AsyncCommand.await(AsyncCommand.java:87)
	... 16 common frames omitted
DEBUG 2026-08-06 03:47:46.039 [root:console] Unregistering node 'localhost-console1' from cluster 'cluster1' - c.a.a.n.manager.NodeReporter.unregisterNode(212)
INFO  2026-08-06 03:47:46.436 [root:console] Closing Redis connection pool for node: localhost-console1 - c.a.a.node.manager.NodeManager.destroy(343)
INFO  2026-08-06 03:47:46.456 [root:console] NodeManager destroyed successfully for node: localhost-console1 - c.a.a.node.manager.NodeManager.destroy(350)
DEBUG 2026-08-06 03:47:46.456 [root:console] Destroyed DefaultBeanRegistry@1e6dad8 - c.a.c.c.AbstractComponent.destroy(99)
DEBUG 2026-08-06 03:47:46.457 [root:console] Destroyed TemplateRuleRegistry@5fe5c68b - c.a.c.c.AbstractComponent.destroy(99)
DEBUG 2026-08-06 03:47:46.457 [root:console] Destroyed DefaultTemplateRenderer@2ffb0d10 - c.a.c.c.AbstractComponent.destroy(99)
DEBUG 2026-08-06 03:47:46.457 [root:console] Destroyed TransletRuleRegistry@250a946 - c.a.c.c.AbstractComponent.destroy(99)
DEBUG 2026-08-06 03:47:46.457 [root:console] Destroyed ScheduleRuleRegistry@1851c7d2 - c.a.c.c.AbstractComponent.destroy(99)
DEBUG 2026-08-06 03:47:46.457 [root:console] Destroyed AspectRuleRegistry@13dc6649 - c.a.c.c.AbstractComponent.destroy(99)
DEBUG 2026-08-06 03:47:46.458 [root:console] Destroyed TypeConverterRegistry@7baf6acf - c.a.c.c.AbstractComponent.destroy(99)
DEBUG 2026-08-06 03:47:46.458 [root:console] Destroyed DefaultActivityContext@3982206a - c.a.c.c.AbstractComponent.destroy(99)
INFO  2026-08-06 03:47:46.458 [root:console] Stopped DefaultWebService@18fdb6cf - c.a.c.s.AbstractServiceLifeCycle.stop(168)
INFO  2026-08-06 03:47:46.458 [root] Stopping DefaultWebService@727453a3(root) - c.a.c.s.AbstractServiceLifeCycle.stop(164)
INFO  2026-08-06 03:47:46.459 [root] Stopped DefaultWebService@727453a3(root) - c.a.c.s.AbstractServiceLifeCycle.stop(168)
DEBUG 2026-08-06 03:47:46.459 [root] com.aspectran.core.component.session.HouseKeeper@58d3b2dc(daemon) is STOPPING - c.a.u.l.AbstractLifeCycle.setStopping(203)
DEBUG 2026-08-06 03:47:46.459 [root] com.aspectran.core.component.session.HouseKeeper@58d3b2dc {scavengingInterval=0} used by DefaultSessionManager@34336e6a(daemon) is STOPPED - c.a.u.l.AbstractLifeCycle.setStopped(213)
DEBUG 2026-08-06 03:47:46.459 [root] Destroyed DefaultSessionCache@19884c3d(daemon) - c.a.c.c.AbstractComponent.destroy(99)
DEBUG 2026-08-06 03:47:46.460 [root] Destroyed DefaultSessionManager@34336e6a(daemon) - c.a.c.c.AbstractComponent.destroy(99)
INFO  2026-08-06 03:47:46.460 [root] Stopping DefaultDaemonService@17b26bd5(root) - c.a.c.s.AbstractServiceLifeCycle.stop(164)
INFO  2026-08-06 03:47:46.460 [DefaultDaemonService@17b26bd5(root)-polling] Polling thread for File Commander finished - c.a.d.s.AbstractDaemonService.lambda$startPollingThread$0(262)
INFO  2026-08-06 03:47:46.460 [root] Stopped DefaultDaemonService@17b26bd5(root) - c.a.c.s.AbstractServiceLifeCycle.stop(168)
INFO  2026-08-06 03:47:46.461 [root] Stopping DefaultShellService@1a6d8329(root) - c.a.c.s.AbstractServiceLifeCycle.stop(164)
DEBUG 2026-08-06 03:47:46.461 [root] Destroying all cached resources... - c.a.c.s.DefaultCoreService.destroyActivityContext(176)
DEBUG 2026-08-06 03:47:46.461 [root] Destroying singletons in com.aspectran.core.component.bean.DefaultBeanRegistry@e383572 - c.a.c.c.b.AbstractBeanRegistry.destroySingletons(464)
DEBUG 2026-08-06 03:47:46.461 [root] Destroy singleton scoped beans from SingletonScope@505104b9 - c.a.c.c.b.scope.AbstractScope.destroy(112)
DEBUG 2026-08-06 03:47:46.461 [root] com.aspectran.undertow.server.DefaultTowServer@41d426b5 is STOPPING - c.a.u.l.AbstractLifeCycle.setStopping(203)
DEBUG 2026-08-06 03:47:57.188 [main] Acquiring lock on /home/aspectran/projects/public/aspectow-demo-console/app/.lock - c.aspectran.utils.FileLocker.lock(93)
DEBUG 2026-08-06 03:47:57.951 [main] Successfully wrote PID 20186 to /home/aspectran/projects/public/aspectow-demo-console/app/.lock - c.aspectran.utils.FileLocker.lock(121)
DEBUG 2026-08-06 03:47:57.957 [main] Registering shutdown-hook: Thread[#31,shutdown,5,main] - c.aspectran.utils.ShutdownHook.registerHook(112)
DEBUG 2026-08-06 03:47:58.028 [main] Adding shutdown-hook task: Stop DefaultShellService@368247b9 - c.aspectran.utils.ShutdownHook.addTask(76)
INFO  2026-08-06 03:47:58.031 [root] Starting DefaultShellService@368247b9 - c.a.c.s.AbstractServiceLifeCycle.start(117)
INFO  2026-08-06 03:47:58.033 [root] Building ActivityContext with context rules [/config/app-description.xml, /config/aspectran-rules.xml, /config/server/server.xml] - c.a.c.c.b.HybridActivityContextBuilder.doBuild(120)
DEBUG 2026-08-06 03:47:58.040 [root] Running in an IDE environment, so the resource locations [/home/aspectran/projects/public/aspectow-demo-console/app/lib/ext] will be ignored to avoid class loading conflicts - c.a.c.c.b.AbstractActivityContextBuilder.createSiblingClassLoader(387)
DEBUG 2026-08-06 03:47:58.047 [root] Sweeping /home/aspectran/projects/public/aspectow-demo-console/app/work/* for old resource files - c.a.c.c.r.LocalResourceManager.sweepWorkResourceFiles(236)
INFO  2026-08-06 03:47:58.106 [root] Default profiles [dev] - c.a.c.c.e.EnvironmentProfiles.setDefaultProfiles(154)
INFO  2026-08-06 03:47:58.108 [root] Activating profiles [dev] - c.a.c.c.e.EnvironmentProfiles.setActiveProfiles(205)
DEBUG 2026-08-06 03:47:58.472 [root] Appending rules {file=/config/server/undertow/tow-server.xml, format=xml} - c.a.c.c.r.a.HybridRuleAppendHandler.handle(109)
DEBUG 2026-08-06 03:47:58.518 [root] Appending rules {file=/config/server/undertow/tow-context-root.xml, format=xml} - c.a.c.c.r.a.HybridRuleAppendHandler.handle(109)
DEBUG 2026-08-06 03:47:58.548 [root] Appending rules {file=/config/server/undertow/tow-context-console.xml, format=xml} - c.a.c.c.r.a.HybridRuleAppendHandler.handle(109)
DEBUG 2026-08-06 03:47:58.556 [root] Appending rules {resource=com/aspectran/aspectow/console/config/rules/context/tow-context-console.xml} - c.a.c.c.r.a.HybridRuleAppendHandler.handle(109)
DEBUG 2026-08-06 03:47:58.569 [root] Appending rules {file=/config/server/undertow/tow-support.xml, format=xml} - c.a.c.c.r.a.HybridRuleAppendHandler.handle(109)
DEBUG 2026-08-06 03:47:58.618 [root] Parsing for ID-based bean rules: 14 - c.a.c.c.b.AnnotatedConfigParser.parse(176)
DEBUG 2026-08-06 03:47:58.706 [root] Parsing for type-based bean rules: 22 - c.a.c.c.b.AnnotatedConfigParser.parse(192)
INFO  2026-08-06 03:47:58.741 [root] ActivityContext build completed in 707 ms - c.a.c.c.b.HybridActivityContextBuilder.doBuild(203)
DEBUG 2026-08-06 03:47:58.761 [root] Initialized TypeConverterRegistry@10a9d961 - c.a.c.c.AbstractComponent.initialize(80)
DEBUG 2026-08-06 03:47:58.762 [root] Initializing singletons in com.aspectran.core.component.bean.DefaultBeanRegistry@130e116b - c.a.c.c.b.AbstractBeanRegistry.instantiateSingletons(427)
DEBUG 2026-08-06 03:47:58.867 [root] com.aspectran.undertow.server.DefaultTowServer@331acdad is STARTING - c.a.u.l.AbstractLifeCycle.setStarting(183)
INFO  2026-08-06 03:47:59.103 [root] XNIO version 3.8.16.Final - org.xnio.<clinit>(95)
INFO  2026-08-06 03:47:59.123 [root] XNIO NIO Implementation Version 3.8.16.Final - org.xnio.nio.<clinit>(58)
DEBUG 2026-08-06 03:47:59.402 [root] Initializing DefaultSessionManager@560cbf1a {workerName=rn0, maxActiveSessions=9999, maxIdleSeconds=489, evictionIdleSeconds=258, maxIdleSecondsForNew=60, evictionIdleSecondsForNew=30, scavengingIntervalSeconds=90, clusterEnabled=false} - c.a.c.c.s.DefaultSessionManager.doInitialize(175)
DEBUG 2026-08-06 03:47:59.403 [root] DefaultSessionManager@560cbf1a(rn0) default maxIdleSecs=489 - c.a.c.c.s.AbstractSessionManager.setDefaultMaxIdleSecs(176)
DEBUG 2026-08-06 03:47:59.413 [root] Initialized FileSessionStore@4152d38d - c.a.c.c.AbstractComponent.initialize(80)
DEBUG 2026-08-06 03:47:59.414 [root] Initialized DefaultSessionCache@7555b920(rn0) - c.a.c.c.AbstractComponent.initialize(80)
DEBUG 2026-08-06 03:47:59.417 [root] com.aspectran.core.component.session.HouseKeeper@3574e198(rn0) is STARTING - c.a.u.l.AbstractLifeCycle.setStarting(183)
DEBUG 2026-08-06 03:47:59.423 [root] com.aspectran.core.component.session.HouseKeeper@3574e198(rn0) is STARTED - c.a.u.l.AbstractLifeCycle.setStarted(193)
DEBUG 2026-08-06 03:47:59.426 [root] Initialized DefaultSessionManager@560cbf1a(rn0) - c.a.c.c.AbstractComponent.initialize(80)
DEBUG 2026-08-06 03:47:59.439 [root] Register session listener com.aspectran.undertow.server.session.TowSessionListener@3546d80f in DefaultSessionManager@560cbf1a(rn0) - c.a.c.c.s.AbstractSessionManager.addSessionListener(500)
DEBUG 2026-08-06 03:47:59.439 [root] Register session listener com.aspectran.undertow.server.session.TowSessionListener@3670f00 in DefaultSessionManager@560cbf1a(rn0) - c.a.c.c.s.AbstractSessionManager.addSessionListener(500)
DEBUG 2026-08-06 03:47:59.516 [root] Initializing DefaultSessionManager@733037 {workerName=cn0, maxActiveSessions=999, maxIdleSeconds=600, evictionIdleSeconds=300, scavengingIntervalSeconds=180, clusterEnabled=false} - c.a.c.c.s.DefaultSessionManager.doInitialize(175)
DEBUG 2026-08-06 03:47:59.517 [root] DefaultSessionManager@733037(cn0) default maxIdleSecs=600 - c.a.c.c.s.AbstractSessionManager.setDefaultMaxIdleSecs(176)
DEBUG 2026-08-06 03:47:59.518 [root] Initialized FileSessionStore@320e400 - c.a.c.c.AbstractComponent.initialize(80)
DEBUG 2026-08-06 03:47:59.518 [root] Restored 1 sessions from FileSessionStore@320e400 - c.a.c.c.s.DefaultSessionCache.doInitialize(130)
DEBUG 2026-08-06 03:47:59.519 [root] Initialized DefaultSessionCache@7728643a(cn0) - c.a.c.c.AbstractComponent.initialize(80)
DEBUG 2026-08-06 03:47:59.519 [root] com.aspectran.core.component.session.HouseKeeper@28c0b664(cn0) is STARTING - c.a.u.l.AbstractLifeCycle.setStarting(183)
DEBUG 2026-08-06 03:47:59.520 [root] com.aspectran.core.component.session.HouseKeeper@28c0b664(cn0) is STARTED - c.a.u.l.AbstractLifeCycle.setStarted(193)
DEBUG 2026-08-06 03:47:59.521 [root] Initialized DefaultSessionManager@733037(cn0) - c.a.c.c.AbstractComponent.initialize(80)
DEBUG 2026-08-06 03:47:59.522 [root] Register session listener com.aspectran.undertow.server.session.TowSessionListener@6ebd78d1 in DefaultSessionManager@733037(cn0) - c.a.c.c.s.AbstractSessionManager.addSessionListener(500)
DEBUG 2026-08-06 03:47:59.523 [root] Register session listener com.aspectran.undertow.server.session.TowSessionListener@4d157787 in DefaultSessionManager@733037(cn0) - c.a.c.c.s.AbstractSessionManager.addSessionListener(500)
INFO  2026-08-06 03:47:59.541 [root] WebActivityServlet 'webActivityServlet' has been initialized. - c.a.w.s.WebActivityServlet.init(101)
INFO  2026-08-06 03:47:59.549 [root] TowResourceHandler includePatterns=[/console/assets/js/**, /console/assets/css/**, /console/assets/appmon/css/**, /console/assets/appmon/js/**] - c.a.u.s.h.r.TowResourceHandler.autoDetect(142)
INFO  2026-08-06 03:47:59.577 [root] WebActivityServlet 'webActivityServlet' has been initialized. - c.a.w.s.WebActivityServlet.init(101)
INFO  2026-08-06 03:47:59.578 [root] TowResourceHandler includePatterns=[/favicon.ico, /WEB-INF/**] - c.a.u.s.h.r.TowResourceHandler.autoDetect(142)
INFO  2026-08-06 03:47:59.646 [root] starting server: Undertow - 2.3.26.Final - io.undertow.start(120)
INFO  2026-08-06 03:47:59.773 [root] Undertow 2.3.26.Final started - c.a.u.server.DefaultTowServer.doStart(54)
DEBUG 2026-08-06 03:47:59.774 [root] com.aspectran.undertow.server.DefaultTowServer@331acdad is STARTED - c.a.u.l.AbstractLifeCycle.setStarted(193)
DEBUG 2026-08-06 03:47:59.775 [root] Initialized DefaultBeanRegistry@130e116b - c.a.c.c.AbstractComponent.initialize(80)
DEBUG 2026-08-06 03:47:59.776 [root] Initialized AspectRuleRegistry@1a411233 - c.a.c.c.AbstractComponent.initialize(80)
DEBUG 2026-08-06 03:47:59.777 [root] Initialized ScheduleRuleRegistry@70325d20 - c.a.c.c.AbstractComponent.initialize(80)
DEBUG 2026-08-06 03:47:59.777 [root] Initialized TransletRuleRegistry@7c2327fa - c.a.c.c.AbstractComponent.initialize(80)
DEBUG 2026-08-06 03:47:59.778 [root] Initialized TemplateRuleRegistry@4d847d32 - c.a.c.c.AbstractComponent.initialize(80)
DEBUG 2026-08-06 03:47:59.778 [root] Initialized DefaultTemplateRenderer@5f462e3b - c.a.c.c.AbstractComponent.initialize(80)
DEBUG 2026-08-06 03:47:59.787 [root] Unable to locate MessageSource with name 'messageSource': using default [com.aspectran.core.support.i18n.message.DelegatingMessageSource@726a6b94] - c.a.c.c.DefaultActivityContext.resolveMessageSource(347)
DEBUG 2026-08-06 03:47:59.789 [root] Initialized DefaultActivityContext@3ff57625 - c.a.c.c.AbstractComponent.initialize(80)
INFO  2026-08-06 03:47:59.793 [root] Started DefaultShellService@368247b9(root) - c.a.c.s.AbstractServiceLifeCycle.start(121)
INFO  2026-08-06 03:47:59.794 [root] Starting DefaultWebService@6f012914(root) - c.a.c.s.AbstractServiceLifeCycle.start(117)
INFO  2026-08-06 03:47:59.796 [root] Started DefaultWebService@6f012914(root) - c.a.c.s.AbstractServiceLifeCycle.start(121)
INFO  2026-08-06 03:47:59.799 [root:console] Starting DefaultWebService@4463d9d3 - c.a.c.s.AbstractServiceLifeCycle.start(117)
INFO  2026-08-06 03:47:59.800 [root:console] Building ActivityContext with context rules [classpath:com/aspectran/aspectow/console/config/rules/root.xml, /config/console/console-rules.xml] - c.a.c.c.b.HybridActivityContextBuilder.doBuild(120)
INFO  2026-08-06 03:47:59.801 [root:console] Base profiles [mariadb, demo, console.ui] - c.a.c.c.e.EnvironmentProfiles.setBaseProfiles(100)
INFO  2026-08-06 03:47:59.801 [root:console] Ignored base profiles [h2] - c.a.c.c.b.AbstractActivityContextBuilder.createEnvironmentProfiles(424)
INFO  2026-08-06 03:47:59.802 [root:console] Default profiles [dev] - c.a.c.c.e.EnvironmentProfiles.setDefaultProfiles(154)
INFO  2026-08-06 03:47:59.803 [root:console] Activating profiles [dev] - c.a.c.c.e.EnvironmentProfiles.setActiveProfiles(205)
INFO  2026-08-06 03:47:59.805 [root:console] Auto Components Scanning {basePackages=[com.aspectran.aspectow.appmon.engine, com.aspectran.aspectow.console.appmon, com.aspectran.aspectow.console.auth, com.aspectran.aspectow.console.cluster, com.aspectran.aspectow.console.commands, com.aspectran.aspectow.console.common, com.aspectran.aspectow.console.framework, com.aspectran.aspectow.console.home, com.aspectran.aspectow.console.scheduler, com.aspectran.aspectow.console.user, com.aspectran.aspectow.console.vault]} - c.a.c.c.bean.BeanRuleRegistry.scanConfigurableBeans(312)
DEBUG 2026-08-06 03:47:59.812 [root:console] Scanning components from /home/aspectran/projects/public/aspectow/appmon/target/classes/com/aspectran/aspectow/appmon/engine/ - c.aspectran.utils.ClassScanner.scan(128)
DEBUG 2026-08-06 03:47:59.940 [root:console] Scanning components from /home/aspectran/projects/public/aspectow/console/target/classes/com/aspectran/aspectow/console/appmon/ - c.aspectran.utils.ClassScanner.scan(128)
DEBUG 2026-08-06 03:47:59.942 [root:console] Scanning components from /home/aspectran/projects/public/aspectow/console/target/classes/com/aspectran/aspectow/console/auth/ - c.aspectran.utils.ClassScanner.scan(128)
DEBUG 2026-08-06 03:47:59.949 [root:console] Scanning components from /home/aspectran/projects/public/aspectow/console/target/classes/com/aspectran/aspectow/console/cluster/ - c.aspectran.utils.ClassScanner.scan(128)
DEBUG 2026-08-06 03:47:59.961 [root:console] Scanning components from /home/aspectran/projects/public/aspectow/console/target/classes/com/aspectran/aspectow/console/commands/ - c.aspectran.utils.ClassScanner.scan(128)
DEBUG 2026-08-06 03:47:59.970 [root:console] Scanning components from /home/aspectran/projects/public/aspectow/console/target/classes/com/aspectran/aspectow/console/common/ - c.aspectran.utils.ClassScanner.scan(128)
DEBUG 2026-08-06 03:47:59.992 [root:console] Scanning components from /home/aspectran/projects/public/aspectow/console/target/classes/com/aspectran/aspectow/console/framework/ - c.aspectran.utils.ClassScanner.scan(128)
DEBUG 2026-08-06 03:47:59.999 [root:console] Scanning components from /home/aspectran/projects/public/aspectow/console/target/classes/com/aspectran/aspectow/console/home/ - c.aspectran.utils.ClassScanner.scan(128)
DEBUG 2026-08-06 03:48:00.002 [root:console] Scanning components from /home/aspectran/projects/public/aspectow/console/target/classes/com/aspectran/aspectow/console/scheduler/ - c.aspectran.utils.ClassScanner.scan(128)
DEBUG 2026-08-06 03:48:00.014 [root:console] Scanning components from /home/aspectran/projects/public/aspectow/console/target/classes/com/aspectran/aspectow/console/user/ - c.aspectran.utils.ClassScanner.scan(128)
DEBUG 2026-08-06 03:48:00.016 [root:console] Scanning components from /home/aspectran/projects/public/aspectow/console/target/classes/com/aspectran/aspectow/console/vault/ - c.aspectran.utils.ClassScanner.scan(128)
DEBUG 2026-08-06 03:48:00.023 [root:console] Appending rules {resource=com/aspectran/aspectow/appmon/config/rules/scheduler.xml} - c.a.c.c.r.a.HybridRuleAppendHandler.handle(109)
DEBUG 2026-08-06 03:48:00.029 [root:console] Appending rules {resource=com/aspectran/aspectow/console/config/rules/db.xml} - c.a.c.c.r.a.HybridRuleAppendHandler.handle(109)
DEBUG 2026-08-06 03:48:00.044 [root:console] Appending rules {resource=com/aspectran/aspectow/console/config/rules/web.xml, profile=[console.ui, console.custom-ui]} - c.a.c.c.r.a.HybridRuleAppendHandler.handle(109)
DEBUG 2026-08-06 03:48:00.080 [root:console] Appending rules {resource=com/aspectran/aspectow/console/framework/asel-test-rules.xml, profile=[console.ui, console.custom-ui]} - c.a.c.c.r.a.HybridRuleAppendHandler.handle(109)
DEBUG 2026-08-06 03:48:00.088 [root:console] Appending rules {file=/config/console/node-rules.xml, format=xml} - c.a.c.c.r.a.HybridRuleAppendHandler.handle(109)
DEBUG 2026-08-06 03:48:00.103 [root:console] Appending rules {file=/config/console/appmon-rules.xml, format=xml} - c.a.c.c.r.a.HybridRuleAppendHandler.handle(109)
DEBUG 2026-08-06 03:48:00.107 [root:console] Parsing bean rules for annotated configurations: 45 - c.a.c.c.b.AnnotatedConfigParser.parse(158)
DEBUG 2026-08-06 03:48:00.288 [root:console] Parsing for ID-based bean rules: 29 - c.a.c.c.b.AnnotatedConfigParser.parse(176)
DEBUG 2026-08-06 03:48:00.305 [root:console] Parsing for type-based bean rules: 52 - c.a.c.c.b.AnnotatedConfigParser.parse(192)
INFO  2026-08-06 03:48:00.338 [root:console] ActivityContext build completed in 538 ms - c.a.c.c.b.HybridActivityContextBuilder.doBuild(203)
DEBUG 2026-08-06 03:48:00.339 [root:console] Initialized TypeConverterRegistry@540dbda9 - c.a.c.c.AbstractComponent.initialize(80)
DEBUG 2026-08-06 03:48:00.340 [root:console] Initializing singletons in com.aspectran.core.component.bean.DefaultBeanRegistry@22bb5646 - c.a.c.c.b.AbstractBeanRegistry.instantiateSingletons(427)
INFO  2026-08-06 03:48:00.395 [root:console] Using default implementation for ThreadExecutor - o.q.impl.StdSchedulerFactory.instantiate(1222)
INFO  2026-08-06 03:48:00.400 [root:console] Job execution threads will use class loader of thread: root:console - o.q.simpl.SimpleThreadPool.initialize(269)
INFO  2026-08-06 03:48:00.409 [root:console] Initialized Scheduler Signaller of type: class org.quartz.core.SchedulerSignalerImpl - o.q.core.SchedulerSignalerImpl.<init>(62)
INFO  2026-08-06 03:48:00.410 [root:console] Quartz Scheduler v2.5.2 created. - o.quartz.core.QuartzScheduler.<init>(224)
INFO  2026-08-06 03:48:00.411 [root:console] RAMJobStore initialized. - org.quartz.simpl.RAMJobStore.initialize(152)
INFO  2026-08-06 03:48:00.412 [root:console] Scheduler meta-data: Quartz Scheduler (v2.5.2) 'AppmonScheduler' with instanceId 'NON_CLUSTERED'
  Scheduler class: 'org.quartz.core.QuartzScheduler' - running locally.
  NOT STARTED.
  Currently in standby mode.
  Number of jobs executed: 0
  Using thread pool 'org.quartz.simpl.SimpleThreadPool' - with 1 threads.
  Using job-store 'org.quartz.simpl.RAMJobStore' - which does not support persistence. and is not clustered.
 - o.quartz.core.QuartzScheduler.initialize(289)
INFO  2026-08-06 03:48:00.413 [root:console] Quartz scheduler 'AppmonScheduler' initialized from an externally provided properties instance. - o.q.impl.StdSchedulerFactory.instantiate(1376)
INFO  2026-08-06 03:48:00.413 [root:console] Quartz scheduler version: 2.5.2 - o.q.impl.StdSchedulerFactory.instantiate(1378)
DEBUG 2026-08-06 03:48:00.415 [root:console] IGNORED - Invalid properties resource; java.io.IOException: Could not find resource com/aspectran/aspectow/console/config/db/aspectow-console.db-mariadb.properties - c.a.u.PropertiesLoaderSupport.loadProperties(152)
DEBUG 2026-08-06 03:48:00.416 [root:console] IGNORED - Invalid properties resource; java.io.IOException: Could not find resource com/aspectran/aspectow/console/config/db/aspectow-console.db-mariadb.system.properties - c.a.u.PropertiesLoaderSupport.loadProperties(152)
DEBUG 2026-08-06 03:48:01.457 [root:console] Unable to locate MessageSource with name 'messageSource': using default [com.aspectran.core.support.i18n.message.DelegatingMessageSource@479111ba] - c.a.c.c.DefaultActivityContext.resolveMessageSource(347)
INFO  2026-08-06 03:48:01.634 [root:console] Current Node: localhost-console1 (Host: juhoN21) - c.a.a.n.m.NodeManagerBuilder.build(169)
INFO  2026-08-06 03:48:02.668 [root:console] Registered group info to Redis: aspectow:cluster:groups:cluster1 (Group: console) - c.a.a.n.m.NodeManagerBuilder.build(210)
INFO  2026-08-06 03:48:02.677 [root:console] Registered RedisScheduledJobLockProvider for cluster-wide job locking - c.a.a.n.m.NodeManagerBuilder.build(247)
INFO  2026-08-06 03:48:02.678 [root:console] Initializing NodeReporter for cluster: cluster1, node: localhost-console1 - c.a.a.n.manager.NodeReporter.start(70)
DEBUG 2026-08-06 03:48:02.683 [root:console] Registering node 'localhost-console1' in Redis hash 'aspectow:cluster:nodes:cluster1': {id=localhost-console1, group=console, host=juhoN21, port=8082, status=live, endpoint={path=/nodes}, token=Y60LtVd73wrIUEXCW7YUNHzhDbTfwrWoimPoqQLv4wu1AbKGSXY24cwIIS-CK--MAFdrRHmRzI5DjkxxwnWWMh_f9qcHehaD, hasNodeManager=true, hasSchedulerManager=true, hasCommandManager=true} - c.a.a.n.manager.NodeReporter.registerNode(141)
INFO  2026-08-06 03:48:02.884 [root:console] NodeMessageSubscriber initialized and subscribed to pattern: aspectow:cluster:*:*:cluster1:localhost-console1:* - c.a.a.n.m.NodeMessageSubscriber.start(140)
INFO  2026-08-06 03:48:02.936 [root:console] ClusterEventSubscriber initialized and subscribed to channel: aspectow:cluster:event:cluster1 - c.a.a.n.m.ClusterEventSubscriber.start(121)
INFO  2026-08-06 03:48:02.938 [root:console] Initializing RemoteNodeManager for node: localhost-console1 - c.a.a.n.m.n.RemoteNodeManager.initialize(63)
INFO  2026-08-06 03:48:02.940 [root:console] Initializing RemoteSchedulerManager for node: localhost-console1 - c.a.a.n.m.s.RemoteSchedulerManager.initialize(113)
INFO  2026-08-06 03:48:02.943 [root:console] Initializing RemoteCommandManager for node: localhost-console1 - c.a.a.n.m.c.RemoteCommandManager.initialize(74)
INFO  2026-08-06 03:48:02.964 [root:console] Registered app info to Redis: aspectow:cluster:apps:cluster1:console (Apps: []) - c.a.a.a.e.m.AppMonManagerBuilder.build(167)
DEBUG 2026-08-06 03:48:03.014 [root:console] Registered AspectRule {id=consoleTxAspect, order=0, joinpoint={target=activity, pointcut={type=wildcard, patterns=[{type=wildcard, pattern=@class:com.aspectran.aspectow.console.common.db.tx.ConsoleSqlSession}]}}, advices=[{type=before, action={instance=com.aspectran.mybatis.SqlSessionAdviceRegister$$Lambda/0x00000000a06126b0@6253e59a}}, {type=after, action={instance=com.aspectran.mybatis.SqlSessionAdviceRegister$$Lambda/0x00000000a0612910@7d1cb59f}}, {type=finally, action={instance=com.aspectran.mybatis.SqlSessionAdviceRegister$$Lambda/0x00000000a0612dd0@16ccd2bc}}]} - c.a.m.SqlSessionAdviceRegister.register(294)
DEBUG 2026-08-06 03:48:03.030 [root:console] Registered AspectRule {id=consoleBatchTxAspect, order=0, joinpoint={target=activity, pointcut={type=wildcard, patterns=[{type=wildcard, pattern=@class:com.aspectran.aspectow.console.common.db.tx.ConsoleBatchSqlSession}]}}, advices=[{type=before, action={instance=com.aspectran.mybatis.SqlSessionAdviceRegister$$Lambda/0x00000000a06126b0@4809c771}}, {type=after, action={instance=com.aspectran.mybatis.SqlSessionAdviceRegister$$Lambda/0x00000000a0612910@750e2d33}}, {type=finally, action={instance=com.aspectran.mybatis.SqlSessionAdviceRegister$$Lambda/0x00000000a0612dd0@359e27d2}}]} - c.a.m.SqlSessionAdviceRegister.register(294)
DEBUG 2026-08-06 03:48:03.040 [root:console] Registered AspectRule {id=consoleReuseTxAspect, order=0, joinpoint={target=activity, pointcut={type=wildcard, patterns=[{type=wildcard, pattern=@class:com.aspectran.aspectow.console.common.db.tx.ConsoleReuseSqlSession}]}}, advices=[{type=before, action={instance=com.aspectran.mybatis.SqlSessionAdviceRegister$$Lambda/0x00000000a06126b0@214fba74}}, {type=after, action={instance=com.aspectran.mybatis.SqlSessionAdviceRegister$$Lambda/0x00000000a0612910@252c6cdb}}, {type=finally, action={instance=com.aspectran.mybatis.SqlSessionAdviceRegister$$Lambda/0x00000000a0612dd0@61c87f1b}}]} - c.a.m.SqlSessionAdviceRegister.register(294)
DEBUG 2026-08-06 03:48:03.051 [root:console] Initialized PollingSessionManager@56266bda - c.a.c.c.AbstractComponent.initialize(80)
INFO  2026-08-06 03:48:03.089 [root:console] CounterPersistSchedule is dynamically set to run every 5 minutes - c.a.a.a.e.s.CounterPersistSchedule.initialize(115)
DEBUG 2026-08-06 03:48:03.098 [root:console] Initialized DefaultBeanRegistry@22bb5646 - c.a.c.c.AbstractComponent.initialize(80)
DEBUG 2026-08-06 03:48:03.099 [root:console] Initialized AspectRuleRegistry@2d47b06 - c.a.c.c.AbstractComponent.initialize(80)
DEBUG 2026-08-06 03:48:03.099 [root:console] Initialized ScheduleRuleRegistry@59371066 - c.a.c.c.AbstractComponent.initialize(80)
DEBUG 2026-08-06 03:48:03.100 [root:console] Initialized TransletRuleRegistry@48106381 - c.a.c.c.AbstractComponent.initialize(80)
DEBUG 2026-08-06 03:48:03.100 [root:console] Initialized TemplateRuleRegistry@3c544c9 - c.a.c.c.AbstractComponent.initialize(80)
DEBUG 2026-08-06 03:48:03.100 [root:console] Initialized DefaultTemplateRenderer@22e813fc - c.a.c.c.AbstractComponent.initialize(80)
DEBUG 2026-08-06 03:48:03.101 [root:console] Initialized DefaultActivityContext@433d93e7 - c.a.c.c.AbstractComponent.initialize(80)
INFO  2026-08-06 03:48:03.108 [root:console] Started DefaultWebService@4463d9d3(console) - c.a.c.s.AbstractServiceLifeCycle.start(121)
INFO  2026-08-06 03:48:03.108 [root:console] Starting DefaultSchedulerService@517a46f3 - c.a.c.s.AbstractServiceLifeCycle.start(117)
INFO  2026-08-06 03:48:03.124 [root:console] Starting scheduler 'AppmonScheduler' - c.a.c.s.s.AbstractSchedulerService.doStart(192)
INFO  2026-08-06 03:48:03.128 [root:console] Started DefaultSchedulerService@517a46f3 - c.a.c.s.AbstractServiceLifeCycle.start(121)
DEBUG 2026-08-06 03:48:03.129 [root:console] Registering @ServerEndpoint: class com.aspectran.aspectow.appmon.engine.relay.websocket.WebsocketMessageRelayer - c.a.w.w.j.ServerEndpointExporter.registerEndpoint(122)
INFO  2026-08-06 03:48:03.132 [root:console] UT026003: Adding annotated server endpoint class com.aspectran.aspectow.appmon.engine.relay.websocket.WebsocketMessageRelayer for path /nodes/{nodeId}/appmon/websocket/{token} - io.undertow.websockets.jsr.addEndpointInternal(647)
DEBUG 2026-08-06 03:48:03.142 [root:console] Registering @ServerEndpoint: class com.aspectran.aspectow.console.cluster.bridge.websocket.WebsocketNodeBridge - c.a.w.w.j.ServerEndpointExporter.registerEndpoint(122)
INFO  2026-08-06 03:48:03.143 [root:console] UT026003: Adding annotated server endpoint class com.aspectran.aspectow.console.cluster.bridge.websocket.WebsocketNodeBridge for path /nodes/{nodeId}/websocket/{token} - io.undertow.websockets.jsr.addEndpointInternal(647)
DEBUG 2026-08-06 03:48:03.144 [root:console] Registering @ServerEndpoint: class com.aspectran.aspectow.console.commands.bridge.websocket.WebsocketCommandBridge - c.a.w.w.j.ServerEndpointExporter.registerEndpoint(122)
INFO  2026-08-06 03:48:03.144 [root:console] UT026003: Adding annotated server endpoint class com.aspectran.aspectow.console.commands.bridge.websocket.WebsocketCommandBridge for path /nodes/{nodeId}/commands/websocket/{token} - io.undertow.websockets.jsr.addEndpointInternal(647)
DEBUG 2026-08-06 03:48:03.145 [root:console] Registering @ServerEndpoint: class com.aspectran.aspectow.console.scheduler.bridge.websocket.WebsocketSchedulerBridge - c.a.w.w.j.ServerEndpointExporter.registerEndpoint(122)
INFO  2026-08-06 03:48:03.145 [root:console] UT026003: Adding annotated server endpoint class com.aspectran.aspectow.console.scheduler.bridge.websocket.WebsocketSchedulerBridge for path /nodes/{nodeId}/scheduler/websocket/{token} - io.undertow.websockets.jsr.addEndpointInternal(647)
DEBUG 2026-08-06 03:48:03.146 [root] Initializing DefaultSessionManager@704c3bdf {workerName=shell, maxActiveSessions=1, maxIdleSeconds=1800, scavengingIntervalSeconds=600, fileStore={storeDir=/work/_sessions/shell, nonPersistentAttributes=[]}, enabled=true} - c.a.c.c.s.DefaultSessionManager.doInitialize(175)
DEBUG 2026-08-06 03:48:03.147 [root] DefaultSessionManager@704c3bdf(shell) default maxIdleSecs=1800 - c.a.c.c.s.AbstractSessionManager.setDefaultMaxIdleSecs(176)
DEBUG 2026-08-06 03:48:03.148 [root] Initialized FileSessionStore@c82d925 - c.a.c.c.AbstractComponent.initialize(80)
DEBUG 2026-08-06 03:48:03.149 [root] Initialized DefaultSessionCache@37986daf(shell) - c.a.c.c.AbstractComponent.initialize(80)
DEBUG 2026-08-06 03:48:03.149 [root] com.aspectran.core.component.session.HouseKeeper@605eb072(shell) is STARTING - c.a.u.l.AbstractLifeCycle.setStarting(183)
DEBUG 2026-08-06 03:48:03.150 [root] com.aspectran.core.component.session.HouseKeeper@605eb072(shell) is STARTED - c.a.u.l.AbstractLifeCycle.setStarted(193)
DEBUG 2026-08-06 03:48:03.150 [root] Initialized DefaultSessionManager@704c3bdf(shell) - c.a.c.c.AbstractComponent.initialize(80)
DEBUG 2026-08-06 03:48:03.153 [root] Advice {type=before, action={echo={attributes=[data]}}} - c.a.c.activity.AdviceActivity.executeAdvice(351)
DEBUG 2026-08-06 03:48:03.161 [root] Destroy request scoped beans from RequestScope@1805ec96 - c.a.c.c.b.scope.AbstractScope.destroy(112)
INFO  2026-08-06 03:48:05.129 [Thread-0] Scheduler AppmonScheduler_$_NON_CLUSTERED started. - o.quartz.core.QuartzScheduler.start(541)
